异常缺陷名称,异常缺陷现象,风险或潜在后果,干预行动,原因分析,消缺行动,相关知识
启动1DEG201GF 时显示“冷却水断流”，1DEG201GF 无法启动,夜班执行《FQ1-LHP-C-0081LHP 启动前设备切换》时，启动 1DEG201GF 时显示“冷却水断流”，导致1DEG201GF 无法启动,导致1DEG201GF 无法启动，产生I02: DEG1,,,,仪控处理反馈：1 ）检修措施及步骤：①将1DEG203SP 退出投运状态；②对1DEG203SP 进行校验，发现定值负偏，并对仪表进行调整，调整后校验合格；③恢复仪表到初始状态，并投运仪表；④投运后1DEG203SP 显示正常；5 启动1DEG201GF ，对1DEG203SP 进行验证，1DEG203SP 功能正常。2 ）故障原因分析：对仪表进行校验，发现定值往负偏，怀疑是RRI 设冷水流量有点偏低，导致1RRI205VN 打开后1DEG201CS 前后差压不满足要求
4DEG003P0振动高导致不可用,启动4DEG003P0 时，驱动端振动高达10mm /s ，超出限值,导致4DEG003P0不可用，影响4DEG301GF 的可用性。产生I02: DEG1,已采取的行动措施，1 ）停运4DEG003P0 ，切换到4DEG002P0 运行；2 ）联系机械检查处理,泵轴螺纹段、驱动端轴承锁紧螺母有磨损，导致轴承内圈发生位移，引起振动高,机械处理反馈：1 ）检修措施和处理结果：前期完成泵驱动端轴承更换、前支腿调整，维修后试验最大振动值3 . 8mm /s ，轴承温度正常，无异音。后通过再次解体检查，检修过程中发现叶轮动不平衡量较大同时发现轴承有磨损，完成更换及装配，维修后试验合格，振动最大值为1 . 4mm /s ；2 ） 设备可用性评价：泵运行正常，设备可用；3 ）故障原因分析：泵轴螺纹段、驱动端轴承锁紧螺母有磨损，导致轴承内圈发生位移，引起振动高,
3DEG 冷冻机切换过程中导致3RRI225VN 关闭,执行 FQ3-DEG-C-001 将 DEG 冷冻机由 3DEG101GF 切换到 3DEG301GF 单台运行时，切换过程中专工反馈当前机组热负荷较低，若按操作票先启动冷冻机组3DEG301GF 再停运冷冻机组3DEG101GF ，将会由于冷冻水出口温度低导致冷冻机导致冷冻机组停运。故建议先停运3DEG101GF ，再启动3DEG301GF 。14 ：30 分主控停运3DEG101GF 后点击3DEG102KG-STOP ，3RRI105VN 关闭，3RRI021MD 流量瞬间由 2174m /h 降至 1700m3 /h 。导致3RRI151MD/153MD/155MD 流量升高。3RRI151MD 流量增至35m /h 导致3RRI225VN 自动关闭,导致主泵高压冷却器短时丧失冷却水：若未能及时开启。存在导致轴封注入水温度高引起主泵跳闸的风险,,3DEG101GF停运时，引起3RRI105VN关闭，设冷水流量下降，主泵高压冷 却器设冷水入口压力上升，使得通过的流量增大超过35m/h，导致 3RRI225VN自动关闭,运行处理反馈：1操纵员将3RRI225VNT打手动开启，冷冻机切换后恢复 3RRI225VN重新打回自动；2）升版DEG冷冻机切换操作票，增加该风险分 析和注意事项,冬季因RRI部分用户负荷小（例如RRI155VN开度比夏季小等），会导致 机组主泵高压冷却器设冷侧水流量比夏季大，更容易接近冷却器设冷水隔 离阀动作定值；若RRI系统存在引起设冷水流量波动的操作（如DEG冷冻 机切换操作、DEG意外跳闸、试验导致RRI泵启动等），都可能导致主泵 高压冷却器设冷侧流量大于35m/h，进而导致RRI225VN/226VN/227VN关闭
4DEG201GF 供油压差低,2018 年4 月30 日夜班4 号主控出现4DEG002KA201GF 冷水机组综合故障报警，就地查看201GF 供油压差低（125kPa)，复位后报警消失；2018 年4 月30 日中班主控触发三次4DEG201GF 供油压差低，就地检查压差约134kPa；2018 年5 月1 日夜班，4 号主控重新报4DEG002KA201GF 冷水机,存在跳冷冻机的风险。而此时4DEG301GF存在隔离。若4DEG101GF再出现故障不可用，将导致EVC/ EVR缺少冷源，产生非预期的I0，引起机组后撤的风险出现,"已采取的行动措施，主控oncall 机械人员处理此缺陷，经分析并关小冷冻机组供油泵出口再循环调节阀4DEG202VH 开度，提升供油压差（调节后到172kPa），经复位后报警消失；4DEG201GF 调节前后对比见图1和图2，调整前供油压差为120kPa，调整后供油压差为172kPa。8785/8181:24参数显示之冻进温冷冻出温冷却进温冷却出温3.4014624.3629.2058.6供油温度冷凝压力蒸发压力供油压力48.10669ka324ka477a 冷媒压差供油压美主机负荷345ka20pa60.1%1.2图1 调整前4DEG201GF 参数显示
18/85/8103:22参数显示导叶手动控制冷冻进出温冷冻出温冷初进温13.000.3024.21供油温度关痘压力307052.1a48.901008冷煤压美导叶开度主机负荷120a3931a16.1%69.4%图2调整后4DEG201GF参数显示","产生供油压差低报警原因:1)4DEG201GF的油压调节阀4DEG202VI初始设定的开度较大,使得供油压力偏小,之前未触发供油压差低报警是因为,4DEG201GF导叶开度较大蒸发压力较低。油压差实际值比低报警值稍大:2)当时4DEG201/101GF同时运行时,4DEG201GF导叶因异常缺陷被放在手动且导叶开度较小。随着环境温度上升,冷却水温度上升,DEG冷冻机负荷越来越大,冷冻水温度也存在上升,使得4DEG201GF当时蒸发压力较高(达324kPa),引起供油压差下降,使得报警触发","机械处理反馈。1)工作过程:缓慢调节4DEG201GF油的压差截止阀4DEG202VI,使供油压差至170kPa,并进行观察1h,供油压差始终在170kPa上下、10kPa范围内正常波动;2)故障原因分析:①由于导叶手动开度过小,出水温度高,蒸发压力高,导致供油压差低;②原供油压力偏低",到油箱，循环管线上设有一个调节阀（4DEG201GF对应为4DEG202VH），一旦油压超过系统预先设定的压力，它将自动将供油的一部分回收到油箱，保证供油压力稳定；3)供油压差调节方法：①D调节油泵出口油压改变供油压差：如供油压差低，则可以关小调节阀减少回收油量，达到提升供油压力而增大供油压差的目的。反之则开大调节阀开度；②调节油箱压力改变供油压差：因制冷剂混入，因此油箱压力受蒸发压力的影响，关小导叶开度增加蒸发压力，将导致供油压差变小。反之开大导叶开度将使供油压差变大。另可以通过调节设冷水阀门开度，改变冷媒介质温度，进而影响蒸发器压力，来改变调节供油压差。例如：2018年4月22日主控KIC闪发4DEG201GF冷水机组综合报警，现场检查为A01供油压差低报警出现，通过手动调节调节设冷水阀4RRI962VN门开大5%开度。报警未再出现此次4DEG201GF供油压差低报警，现场检查4RRI962VN已处于全开状态，无调节的裕量，故通过调整4DEG202VH来调节油压；4)相关经验：DDEG冷冻机组出现供油压差异常报警，联系机械专业人员检查油压调节阀开度，对比正常运行冷冻机组适当调整油压调节阀开度。也可以核查冷冻机设冷侧阀门RRI961VN/962VN/963VN的开度，比对正常冷冻机相应阀门的开度，适当的调整阀门开度，恢复供油压差正常：②DEG冷冻机组正常情况需将导叶放自动，若放手动需要均衡两台冷冻机组负荷，使两台冷冻机组导叶均不至于开过大或者过小。如果两台冷冻机组自动运行过程中出现一台机组因冷冻出温低进入暂停模式（最终将导致跳机），则冷冻机组负荷小可考虑的单台冷冻机组运行，以保证导叶开度适中蒸发压力正常。导叶放手动时调整开度，保证冷冻出温接近整定值（10℃）：避免两台运行冷冻机组的冷冻出温相差过大
3DEG101/201/301GF连续停运,中班21：40，3DEG201GF停运：当班值于22:01，启动3DEG101GF22：19，启动3DEG201GF：22：35，3DEG201GF再次停运：当班值于22:49，现场启动3DEG301GF：启动后22：55，3DEG301GF停运；22：58，3DEG101GF再次停运：23：03，现场重新启动3DEG101GF,导致DEG冷冻机停运，影响DEG系统的可靠性,已采取的行动措施：组织专业分析和处理故障,1)3DEG301GF停运原因为该冷冻机组的冷媒蒸发压力过低触发停机信号，造成3DEG301GF蒸发压力低跳闸的原因为，冷冻出温过低，冷冻机组负荷过小；2）当冷冻机组的冷冻出温冷冻出温&lt;暂停温度（8℃）且导叶开度&lt;20%时，系统会进入暂停状态,"综上所述当冷冻机组的冷冻出温冷冻出温<暂停温度（8℃）且导叶开度 <20 ％时，系统会进入暂停状态，该状态非故障状态，故不会出现报警。而当冷冻出温＞恢复温度（15℃）时，系统自动启动，但现场受制于 3DEG105/205VN 在冷冻机停运90s 后关闭（系统暂停对于DCS 与主机停运信号一致，逻辑中并未涉及单独状态表征系统暂停）。故在冷冻出温＞恢复温度（15℃）时，就地PLC 系统内启动逻辑触发，在判断启动条件时因3DEG105/205VN 关闭，触发冷却断水和RRI 阀联锁报警。2 ）缺陷评价：此缺陷非设备故障导致。而是由于近期天气转冷。冷冻机组负荷过低。在导叶开度较小时（＜20 % ) ，冷冻出温即可达到需求温度（10 ℃）甚至更小至暂停温度（8 ℃）。3 ）缺陷处理进展：维修与运行人员沟通，需运行、维修双方共同加强检查。保证冷冻机组工作在较为适宜的状态（冷冻出温不宜过低）；冷冻机组设冷水供给阀（3DEG105/205/305VN ）内部逻辑存在不合理之处，在冷冻机组暂停后90s 后关闭（冷冻机组暂停后再次启动至少需要等待900s 即15min ) 4 ）制约因素和后续计划：①D 咨询厂家对于冷冻机组暂停运行的设计初裹，由设备管理处评估此设计是否为必要设计：②针对3DEG105/205/305VN 内部逻辑设计不合理之处发起设计澄清，得到设计回复后对阀门逻辑进行优化5 ）处理措施：经运行、维修、设备管理一起就DEG 跳闸问题进行了讨论。明确了以下事项，请知悉：3DEG 冷冻水出口温度低于8 ℃进入停机模式：是设备正常功能，但是停机后无法自动重新启动，需手动启动，属于设计问题，通过触发技改流程解决：②当前技改未实现前，需加强就地巡检，确保就地显示屏上冷却水出温不低于 8 ℃，温度低时及时调节导叶开度，尽量避免DEG 进入停机模式：③运行生效DEG 进入停机后重新启动的操作票，以便发现休眠停机后，执行典操：
当前季节气温较低，运行保持一台DEG 冷冻机组运行即可两台同时运行容易导致温度过低进入停机模式。6 ）运行控制优化（冬季）：每班巡检3 次DEG 系统就地冷冻水出口温度，发现温度低于9 ℃时反馈主控调节导叶开度，保证就地冷冻水出口温度在10 ℃左右。背景：DEG 冷冻水出口温度低于8 ℃会进入停机模式，停机后无法自动启动，需加强关注，尽量避免进入停机模式",1 ）当单台冷冻机组的冷冻出温＜8 ℃（主控显示的3DEG002MT 温度约比单台冷冻出温高2 ℃（此为经验值））且导叶开度＜20 ％时，对应冷冻机组会进入休眠模式，该状态非故障状态，故就地屏幕上不会立即出现报警： 2)3DEG105/205/305VN 冷却水阀门在对应冷冻机体眠后延迟90s 关闭，当单台冷冻出温＞15 ℃时触发冷却断水保护；3 ）冷冻机组若发生休眠，由于自保护功能需15 min 后才能重启
3DEG 冷冻机冷却水断水保护触发导致跳闸,,DEG冷却的核岛相关通风系统的厂房温度上升且湿度升高,已采取的行动措施：1 ）现场检查冷冻机设冷侧在线未见异常：2 ）启动核岛设备冷却水系统B 列的另一台泵，启动后3DEG203SP 实测压差从约14 kPa 上升至约27kPa ，断水报警已经消除3DEG201GF 恢复可用,核岛设备冷却水系统（RRI )B 列只有一台设冷泵带公共列和投运的RRA 热交换器，导致DEG 的RRI 流量不够，该流量通过压差表3DEG203/303SP 触发断水跳机,运行处理反馈，考虑到余排系统RRA 已投运。核岛设备冷却水系统B 列只有一台泵运行，可能导致DEG 的RRI 流量不够。于是启动核岛设备冷却水系统B 列的另一台泵，启动后3DEG203SP 实测压差从约14kPa 上升至约27kPa ，断水报警已经消除，3DEG201GF 恢复可用,余排投运后，带公共用户的RRI 列一般需要启动两台RRI 泵，以确保各用户有足够的冷却水流量
停运1DEG101GF 后主控触发1DEG001KA(101GF 冷冻机组综合故障）报警,执行F01-LHP-C-008需要停运1DEG101GF。当班值根据典操对1DEG101GF执行停运操作，当现场停运1DEG101GF后，主控出现报警：1DEG001KA（101GF冷水机组综合故障），现场反馈1DEG101GF就地控制屏上无任何故障报警显示,导致报警1DEG001KA（101GF冷冻机组综合故障）触发,已采取的行动措施：1 ）要求现场检查1DEG101GF 控制屏内是否有异常报警：2 ）同时要求电气现场在1DEG101GF 上游电源开关处检查有无异常报警；3 ）得到现场反馈均无异常后，要求现场检查1DEG105VN 关限位是否触发，并拍摄现场照片：4 ）结合现场照片以及逻辑分析，怀疑1DEG105VN 关限位未正常触发，导致触发报警，oncall 仪控检查处理；5 ）仪控检查发现1DEG105VN 关限位松动，已进行处理,1DEG105VN 关限位开关松动,仪控处理反馈1 ）原因分析：1DEG105VN 关限位松动；2 ）处理过程：现场确认设备后召开工前会，开工前通知主控：②对关限位开关通道检查，确认1DEG105VN 关限位松动③对关限位开关重新进行安装紧固，消除报警,1DEG001KA（101GF 冷水机组综合故障）触发逻辑：在关闭命令（1DEG102KG 在“OFF”）发出后，1)1DEG105VN1DEG105VN 非全关：或1DEG101C0 非正常停机（如1DEG101C0 供给电源丧失），延迟2 min 钟触发报警；2 ）冷水机组上的保护装置跳闸触发1DEG101C0 故障
3DEG201GF 异常停运导致主泵高压冷却器设冷水阀门因流量高自动关闭,17:01 时主控突然闪发3RRI031KA （3RCP001P0 高压冷却器冷却水流量高）和触发3RRI051KA(3RCP001P0 高压冷却器流量低报警），堆操当即查看RCP 系统画面，发现3RRI225VN 自动关闭。机操立即查看RRI 系统画面，发现3RRI 总流量和公共用户流量分别约1800m /h 和1600m /h ，较之前巡检降低约400m /h 。通过检查公共用户，发现3DEG201GF 已跳闸。在异常出现13min 后，现场将3DEG301GF 启动恢复冷冻水供应。期间3DEG 下游用户3EVC 最高温度上涨到了59.9℃，3DEG 下游其他用户系统温度保持平稳,导致1 号主泵高压冷却器设冷水侧电动隔离阀自动关闭，若不及时开启，将会导致主泵轴封水得不到冷却，主泵因轴封注入水温度高跳闸，轴封存在因温度高损坏的风险,已采取的行动措施：1)立即将3RRI225VN手 动打开；2)立即安排现场人员紧急启动 3DEG301GF恢复核岛冷冻水供应；3）主控密 切监视DEG用户的温度，特别是3EVC的温度 变化情况；4)DEG恢复正常后，主控重新将 主泵高压冷却器设冷隔离阀3RRI225VN恢复 自动,1)3DEG201GF跳闸导致3DEG205VN自动关 闭，使得核岛设备冷却水系统RRI的公共用 户中其他用户设冷水流量上升，主泵高压冷 却器流量上升达到35m/h自动关闭 3RRI225VN；2)3DEG201GF跳闸原因初步怀疑 为蒸发压力低所致,,冬季春季等环境气温低的季节，因RRI 部分用户负荷小（例如RRI155VN 开度比夏季小等），会导致机组主泵高压冷却器设冷侧水流量比夏季大，更容易接近冷却器设冷水隔离阀动作定值。若RRI 系统存在引起设冷水流量波动的操作（如DEG 冷冻机切换操作、DEG 意外跳闸、试验导致RRI 泵启动等），都可能导致主泵高压冷却器设冷侧流量大于35m /h ，进而导致RRI225VN/226VN/227VN 关闭
2DEG305VN阀门现场开启后，冷冻机控制屏上显示冷却水断水,夜班执行F02-DEG-C-001DEG冷冻机组手动切换操作票，将2DEG101GF切至2DEG301GF运行。启动2DEG301GF时，冷冻机控制屏上显示冷却水断水报警，导致2DEG301GF无法启动,冷冻机控制屏上显示冷却水断水报警，导致2DEG301GF无法自动不可用，产生随机I02：DEG1,已采取的行动措施：1）暂停冷冻机切换操作，维持正常运行的冷冻机运行；2）安排现场检查2DEG301GF冷却水（设冷侧）在线，未见异常；3）oncall仪控检查处理,冷却水流量差压开关2DEG303SP仪表本体内的顶针位移，导致仪表定值漂移,义控处理反馈：1)检修措施及步骤：①通过查询图纸和现场控制面板上，判断故障原因为2DEG303SP产生;②对2DEG303SP进行检查，发现仪表本体内的顶针产生了偏移，手动恢复顶针的位置，并固定；③对2DEG303SP进行校验，经过调整后，仪表校验合格；④请运行人员启动2DEG301GF，2DEG303SP显示正常；2）故障原因分析：2DEG303SP仪表本体内的顶针位移，导致仪表定值漂移,DEG冷冻机上装的水量差压控制器只起断水保护开关作用，不能测量和控制水流量。DEG冷冻机组冷冻水侧断水保护整定值为35kPa；DEG冷冻机组冷却水侧断水保护整定值为27kPa
2DEG101GF 闪发综合故障报警,主控触发3 次2DEG101GF 综合故障报警。现场检查为蒸发压力低报警,导致2DEG101GF 综合故障报警闪发，存在冷冻机跳闸的风险,已采取的行动措施：1 ）安排现场检查确认为冷冻机蒸发压力低报警，现场蒸发压力约253kPa ，要求现场加强监视蒸发压力，若存在下降趋势及时反馈；2 ）oncall 机械检查处理,冷冻机冷媒不足,,
1DEG001P0启动后，1DEG105VN已开启，但是1DEG101GF显示冷却水断水无法启动,执行 FQ1-DEG-C-001 DEG 冷冻机组手动切换操作票，计划将 1DEG301GF 切至 1DEG101GF，1DEG001PO 启动后，1DEG105VN 已开启，由于 1DEG101GF 冷却断水显示断。无法启动 1DEG101GF,导致 1DEG101GF 不可用，产生随机性质的第二组 IO：DEG1,已采取的行动措施：1）安排现场检查确认 1DEG101GF 冷却水侧（设冷水侧）阀门在线，未见异常：2)oncal1 仪控检查处理,1DEG103SP 定值漂移,仪控处理反馈：1）检修措施及步骤：①现场核实缺陷为 1DEG103SP 故障触发冷却水断水；②对 1DEG103SP 进行检查校验，发现仪表定值漂移；③对仪表定值进行调整校验，仪表校验合格；④恢复仪表至初始状态，1DEG103SP 在 1DEG101GF 控制面板上显示正常；5 请运行人员启动 1DEG101GF，运行正常，工作结束；2）故障原因分析：1DEG103SP 定值漂移,DEG 冷冻机上装的水量差压控制器只起断水保护开关作用，不能测量和控制水流量；DEG 冷冻机组冷冻水侧断水保护整定值为 35kPa；DEG 冷冻机组冷却水侧断水保护整定值为 27kPa
2DEG203SP 误触发导致 2DEG201GF 无法启动,4DEG301GF在RRI设冷水流通情况下触发冷却水断水保护。仪控开紧急票更换4DEG303SP后，冷却水断水保护消失，IO已消除。但是在无设冷水流通的情况下，冷却水断水保护信号无法触发,"导致2DEG201GF无法启动产生随机的I02: DEG1
可能导致冷冻机组在失去设冷水情况下无法正确触发保护停机。进而导致冷冻机组损坏",已采取的行动措施，1)现场检查确认4DEG305VN关闭情况下，冷却水断水信号无法触发；2)oncall仪控检查处理,仪表定值存在漂移，仪表定值调整需在730kPa静压基础上进行调整，大气压力情况下调整定值会存在漂移,"2DEG203SP定值漂移,系统压力低导致2DEG203SP不能消报
仪义控处理反馈:1)检修措施及步骤:①D对2DEG203SP进检行校验,发现2DEG203SP顶针偏移,复位后重新校验,经调整后校验合格;②对2DEG203SP进行通道检查,通道正常;③投表后发现就地面板上仍然显示冷却水断,与主控沟通后启动2DEG201GF,启动过程中检查2DEG205VN限位与主控显示一致;④测量启动2DEG201GF时系统压力,2DEG203SP正压侧为100~110kPa,负压侧为78~88kPa,怀疑系统压力低于2DEG203SP恢复值(2DEG203SP定值为低报30kPa,恢复值为34kPa),无法消除报警导致就地面板上一直显示冷却水断;主控加大冷却水流量后,报警消除,就地面板显示冷却水通。2DEG201GF正常启动。2)故障原因分析:2DEG203SP定值漂移,系统压力低导致2DEG203SP不能消报
仪控处理反馈：1 ）工作过程：D 检查4DEG305VN 已关闭，4RRI943VN 打开状态，4RRI963VN 开度为4 格；②检查控制屏上冷却水断流信号当前状态：通：③关闭4DEG303SP 仪表阀，拆除仪表接线，将4DEG303SP 仪表拆除；④对4DEG303SP 进行校验，定值存在漂移，重新调整后恢复仪表状态：安装2 块精密压力表测量关阀状态下管道压力，正压侧： 0.7359MPa，负压侧：0.7358MPa;③经分析仪表存在730kPa 静压，仪表调整需要在静压基础上进行调整，重新调整后恢复仪表状态：①拆除精密压力表，回装4DEG303SP ，打开仪表阀投用仪表确认断流信号状态：断水；8 联系运行开启及关闭4DEG305VN ，通水及断水信号触发正常。2 ）故障原因分析：仪表定值存在漂移，仪表定值调整需在730kPa 静压基础上进行调整，大气压力情况下调整定值会存在漂移",DEG 冷冻机上装的水量差压控制器只起断水保护开关作用，不能测量和控制制水流量：DEG 冷冻机组冷冻水侧断水保护整定值为35kPaDEG 冷冻机组冷却水侧断水保护整定值为27kPa
3DEG002M0电机存在异音,现场巡检发现3DEG002M0有异音,可能导致电机损坏,已采取的行动措施：1 ）安排现场对电机轴承进行点温监测，出现异常升高时及时反馈；2 ）做好泵切换停运的准备；3 ）oncall 维修电气检查处理,电机轴承缺油,仪控处理反馈：1 ）检查处理过程：① 用点温仪测量电机轴承温度已稳定，驱端：46.2 ℃，非驱端有风扇罩无需测量；② 将加油嘴油帽拧开并进行清洁；③ 对电机驱端和非驱端第一次分别加（LGAW2 ）油脂8 枪和8 枪：④20min 后用点温仪测量，驱端：47.0 ℃；5 对电机驱端和非驱端第二次分别加（LGAW2 ）油脂8 枪和8 枪：③20min 后用点温仪测量，驱端： 48.1 ℃；① 对电机驱端和非驱端第三次分别加（LGAW2 ）油脂5 枪和3 枪：20min 后用点温仪测量，驱端：49.8 ℃，温度已稳定；③用听音棒监,根据DEG 泵的EOMM 手册对电机的要求：电动机运行时，轴承温度应不高于95℃。电机运行时有杂音，不正常的故障原因和处理方法分别如下： ①轴承磨损，有故障：检修或更换新轴承：②定、转子铁芯松动：检查振动原因，重新压紧铁芯进行处理；③电压太高或不平衡：测量电源电压，检香电压太高或不平衡的原因，并进行处理；④轴承缺少润滑脂：清洗轴承，添加润滑脂，使其充满轴承室容积的1/2~2/3；5风扇碰风罩或风道阻塞：修理风扇和风罩，使其尺寸正确，清理风道；③气隙不均匀，定子转子相擦：调整气隙，提高装配质量
主控出现3DEG201GF 综合故障报警，就地核实为导叶开度断线报警,主控出现3DEG201GF 综合故障报警，就地核实为导叶开度断线报警,产生3DEG201GF 综合故障报警，导致导叶无法自动控制,已采取的行动措施，安排现场将导叶开度打手动，导叶开度置为28%；建议后续行动：运行现场加强对冷冻出温的监视，必要时手动调节导叶开度,3DEG201GF 控制柜内电缆接线松动,仪控处理反馈：1）检查处理过程：①验证隔离边界，确认设备位号与工作包一致，与运行沟通说明工作内容与风险；②检查3DEG201GF 控制柜内导叶开度信号电缆的接线情况并进行绝缘检查；③对控制柜内电缆接线进行紧固，手动多次开关导叶，断线报警无闪发情况；④工作结束，清理现场；2）故障原因分析：3DEG201GF 控制柜内电缆接线松动,冷冻机组的压缩机进口导叶调节机构的作用制冷量控制是用装在压缩机进口处导叶的开度大小来控制压缩机吸入制冷剂蒸气的流量，从而控制制冷机的制冷量。该可调导叶根据需要保持冷水出水温度恒定，由微机控制系统通过采集的温度变化信号输出指令，控制电动执行器的机械旋转方向，通过连杆和齿轮来实现导叶的开、闭动作，亦可手动操作，最终实现对制冷量的调节
3DEG101GF 反复出现3DEG001KA(101GF 冷水机组综合故障），就地核实为导叶开度断线故障报警，导叶自动跳至手动并关闭,夜班出现 3DEG 系统综合报警（导叶开度断线），现场人员核实系统参数在正常范围以后复位了报警：早班 07：38 再次触发 3DEC001KA（101GF 冷水机组综合故障），就地核实为导叶开度断线故障。复位后报警消失，该报警会导致导叶自动切至手动控制，目前已将导叶恢复至自动。oncall 维修电气检查反馈，需要对导叶进行检查，工作过程中可能导致导叶误关。需准备方案按计划处理。中班 22 时 30 分再次触发 101GF 综合故障报警，导叶转为手动全关，经现操检查发现存在导叶断线故障报警，报警复位后已经消报，导叶恢复正常,导致导叶会自动跳至手动并关闭,,执行机构电位器零位和满位漂移,电气处理反馈1）工作过程：①验证隔离边界，确认设备位置，召开工前会；②对3DEG101MZ导叶执行机构进行清洁，确认外观良好；③打开3DEG101MZ控制接线盒及电机接线端子盒，进行验电，确认无电；④对电动执行机构3DEG101MZ控制回路进行检查，无异常，紧固端子接线，插件牢固可靠，接线与图纸一致；③用万用表测量3DEG101MZ导叶执行机构电机直阻，阻值为：419.36 2，用500V兆欧表测量电机相一地绝缘阻值，阻值为：&gt;550 MΩ（标准&gt;0.5MΩ），结果合格；③将信号发生器串接入反馈回路中，确认接线正确，无松动；②将控制开关合闸，确认导叶执行机构在全关位置，导叶开度为“0%”关反馈电流为4.152mA，将关反馈电流调至3.936 mA，导叶开度为“0%”：将执行机构打到全开位置，导叶开度为“98.6%”开反馈电流为19.873mA，将开反馈电流调至20.027 mA，导叶开度为“100.3%”：8 反复开关阀3 次，无报警出现；③恢复电动执行机构接线罩，将设备恢复初始状态，工作结束：2）故障原因分析：执行机构电位器零位和满位漂移,冷冻机组的压缩机进口导叶调节机构的作用，制冷量控制是用装在压缩机进口处导叶的开度大小来控制压缩机吸入制冷剂蒸气的流量，从而控制制冷机的制冷量。该可调导叶根据需保持冷水出水温度恒定，由微机控制系统通过采集的温度变化信号输出指令，控制电动执行器的机械旋转方向，通过连杆和齿轮来实现导叶的开、闭动作，亦可手动操作，最终实现对制冷量的调节
主控频繁触发报警4DEG004KA(301GF 冷水机组综合故障），现场检香为A37 导叶开度断线报警,15日19:56主控出现4DEG004KA301GF冷水机组综合故障现场检查为A37导叶开度断线报警，导叶处于手动位置，复位后报警消失，通过手动控制导叶未再出现报警，现已将导叶恢复自动；16日早班闪发报警2次，现场复位后报警消失,导致冷冻机导叶切换到手动控制,1）已采取的行动措施：①安排现场检查发现存在导叶开度断线报警；②现场复位报警后，恢复导叶自动控制；③联系维修电气检查，电气反馈处理该问题工作方案会产生DEG1的I0，鉴于当班期间I0数量控制要求且当前报警复位，后续按计划安排处理；2）建议后续行动：运行现场加强对冷冻出温的监视，必要时将导叶切手动调节开度,申动执行机构开反馈电流波动,"电气处理反馈：1）工作过程：①领取工作许可证，确认设备位号：
②确认4LHB116JA 处于断开／上锁状态、4LHB116JE 处于闭合／上锁状态、 4LLD521JA 处于闭合状态：③断开4DEG301AR 进线电源开关，.用万用表验证无电，对柜内接线进行检查，紧固，确认牢固；④确认4DEG301GF 导叶执行机构4DEG301MZ 初始状态在全关位置，打开4DEG301MZ 接线罩，用万用表验证无电，并对接线进行紧固；5 用信号发生器串联到4DEG301AR 柜4DEG301MZ 的开度反馈回路中，并做好拆接线记录：③闭合4DEG301AR 控制电源，导叶阀在全关的状态电流值为4.49mA ，观察半小时后电流无突变，用信号发生器验证导叶断线报警电流值为3 . 17mA 以下，当电流值为3 . 19mA 以上时，导叶断线报警消失；②与业主班组进一步讨论，确认需要更换导叶执行机构：8 对新备件进行检查，确认与现场执行机构型号一致：③断开4DEG301AR 电源进线开关，拆除4DEG301MZ 接线，做好拆接线记录，并分相包扎：10 联系机械人员配合拆除导叶连杆，并做好标记：D 确认备件电动执行机构在全关位置：开度指示为0 在SHUT 方向，将备件执",冷冻机组的压缩机进口导叶调节机构的作用制冷量控制是用装在压缩机进口处导叶的开度大小来控制压缩机吸入制冷剂蒸气的流量。从而控制制冷机的制冷量。该可调导叶根据需保持冷水出水温度恒定，由微机控制系统通过采集的温度变化信号输出指令，控制电动执行器的机械旋转方向，通过连杆和齿轮来实现导叶的开、闭动作，亦可手动操作，最终实现对制冷量的调节
3DEG301GF出现导叶开度断线报警,早班3DEG301GF出现导叶开度断线报警,出现导叶开度断线报警，导叶切到手动控制,已采取的行动措施：1)安排现场检查确认报警，复位故障报警，恢复导叶自动控制；2)提WR按计划处理,3DEG301MZ执行机构故障,"电气处理反馈：1)检修过程(工单00371353-01)：①确认冷水机组3DEG301GF设备处于停运状态；②对冷水机组控制箱3DEG001AR内部端子接线进行紧固；③对电动阀3DEG322V0接线进行检查，确认接线正确，接触良好无松动；
4 送上控制电源使用信号发生器对3DEG301MZ 阀门输出信号进行测量，阀门处于全关位置，电流显示42 . 39mA（理论值全关显示4mA ，全开显示20mA ) ;③调节3DEG301MZ 阀门电位器，输出电流无变化；6 用信号发生器模拟4~20mA 信号，3DEG301AR 显示屏阀门开度指示正常：7 经过分析确认阀门执行机构损坏：8 经与业主沟通，确认建（02 ）工单更换3DEG301MZ 执行机构：③工作结束，清理现场。2 ）检修过程（工单00371353-02）：D 确认冷水机组3DEG301GF 设备处于停运状态，3LHB116JA、3LLD521JA 处于断开位置：②确认检修设备所在位置并做好安全防护措施：③打开3DEG301MZ 接线盒，验证无电，拆除外部电缆，并做好拆接线记录，发现线号101MZ -80 线芯未用线鼻子压接，并使用合格线鼻子压接好：④拆下电动执行机构，使用合格备件进行更换，按照拆接线记录恢复接线，确认3DEG301MZ 内部无异物，恢复接线盒；5 联系运行人员进行启机验证3DEG301GF 工作正常，无报警；③工作结束，清理现场，将设备恢复至初",冷冻机组的压缩机进口导叶调节机构的作用：制冷量控制是用装在压缩机进口处导叶的开度大小来控制压缩机吸入制冷剂蒸气的流量，从而控制制冷机的制冷量。该可调导叶根据需保持冷水出水温度恒定，由微机控制系统通过采集的温度变化信号输出指令，控制电动执行器的机械旋转方向，通过连杆和齿轮来实现导叶的开、闭动作，亦可手动操作，最终实现对制冷量的调节
3DEG201GF 跳闸后，重新启动3DEG201GF 过程中，出现供油油温高和供油压差低报警跳闸,"9:40 时3DEG201GF 跳闸，现场查看报警为RRI 阀门联锁跳闸。后接主控令，启动3DEG201GF ，在启动过程中，出现供油油温高和供油压差低报警跳闸。oncall 机械和仪控到现场后，待油温下降到正常温度时，再次启动，供油油温快速升高，手动停运冷冻机组，机械继续处理。现3DEG101GF 运行，导叶开度：21 . 5 %，冷冻水出温15 . 0 ℃
1DEG101GF启动后主控KIC上电流指示1DEG101MI_1为XXX但OM框中有示数","导致冷冻机组无法重启
导致无法通过1DEG101MI1监测1DEG101GF 运行电流","已采取的行动措施：1 ）现场检查确认故障报警：2 ）切换到3DEG101GF 运行；3 ）oncall 机械和仪控检查处理
已采取的行动措施：安排现场加强监视1DEG101GF 的各项运行参数",DCS 一、二层数据不一致,"机械处理反馈，1）检修过程：①领取工作许可证，与运行交流工作信息； ②现场确认设备标牌正确；③关闭3DEG216/218VQ；④拆卸3DEG201FI盖板，清洗冷媒滤芯；滤芯堵塞较严重；③更换新滤芯，回装盖板，螺栓锁紧力矩10N·m；②清理现场，结束工作；③临时摘牌起机验证，冷水机组运行正常，润滑油温度46.7℃；2）故障原因分析：润滑油冷却回路制冷剂滤网堵塞，润滑油无法正常冷却
机械处理反馈：1 ）检修步骤：①现场验证工作边界，确认设备位置与设备标牌：②输人工作站密码，登陆工作站；③登陆软件工程师权限，进入ICC；④找到洋红色的模块，进行DELETE&UNDELETE 操作：5 退出ICC ，恢复工作站初始权限：2 ）故障原因分析：一、二层数据不一致","油温的调整：制冷机运行中用油温调节阀（3DEG127VQ/227VQ/327VQ）将供油温度调节在35 ~55 ℃范围内。油温调节阀（3DEG127VQ/227VQ/327V0 ） 的开度在现场调试时根据机组运行的工况已整定好，在机组运行的过程中，随工况的变化，供油温度一般会出现波动，若在允许的35 ~55 ℃范围内，现场一般不再作调整：若供油温度超出正常范围则有必要进行调节。供油温度过高，到57 ℃时报警，62 ℃冷冻机停止运行。油温调节阀 （3DEG127V0 /227V0 /327V0 ）是调节供给油冷却器的冷媒液的量来调节油温，用手动调节时，关小油温调节阀，冷却效果将急剧降低，油温将上升；若开大油温调节阀（3DEG127VQ/227VQ/327VQ )，油温将降低。制冷机停机期间，保持油箱中油温在50 ~55 ℃之间。电加热器在制冷机运行中自动切断加热，而当制冷机停机后又自动进入加热状态。机组初次安装投运时或机组长期断电停机后应提前12h 使油加热器投入工作（机组通电后油加热器就自动投入工作），将油温保持在45 ~55 ℃之间。启动前最好先启动油泵运行2 ~3min ，使油箱内油温分布均匀
1 /2DEG 冷冻机驱动电机额定电流为58A (3 /4DEG 驱动电机额定电流为51.4A )，电机电流与导叶间的控制联锁关系如下：1 ）主电动机达到满转速后约30s ，进口导叶自动打开，并按所需冷冻水出水温度自动调节制冷量。刚开机时由于冷冻水进口温度比较高。机组内制冷剂吸人流量大。负荷大。若进口导叶尚未开到100 ％开度，主电动机就已达到额定电流时，导叶开的动作将会自动停止：若在此状态下负荷再增大至额定电流的105 ％时，将会实现强制关闭导叶的动作，以防止主电动机超负荷；2 ）当主电动机的电流降至额定值的95 ％以下时，导叶再恢复自动开大动作，直至达到所需冷冻水出水温度及制冷量；3 ）当用手动“开”导叶时，主电机负荷限制仍然在起作用，主电动机一旦达到额定电流，这时若还在继续手动操作“开”，导叶也不会再继续打开，这时应停止“开”操作，应等主电动机的电流降至额定值的95 ％以下以后，再继续做“开”操作"
4DEG101GF 维修后试验供油温度高,启动4DEG101GF 的过程中，约1 min 后，因供油温度高跳闸。中班启动4DEG101GF 后再次出现油温高报警，油温升至60 ℃，根据机械工作负责人要求就地手动停机，机械就地尝试手动启动冷媒泵无反应,导致4DEG101GF 不可用，产生I02: DEG1,已采取的行动措施：1)oncall 机械和仪控检查处理：2 ）经仪控冷媒泵控制回路短接后，成功启动冷媒泵和4DEG101GF ;3 ）经观察两天4DEG101GF 运行未见异常，拆除冷媒泵控制回路短接，重新启动4DEG101GF 验证，冷冻机运行正常未见异常,1)4DEG101GF 维修后试验起机阶段，冷水机组主机启动时油箱内油位偏高，冷水机组启动负荷过大（约83 %)，轴承温升快；2 ）冬季冷却水温度低，起机阶段冷凝压力低于最低要求470kPa ，其与蒸发器之间压差（冷媒压差）小，润滑油冷却器冷却用冷媒量不足无法稳定油温；3 ）该冷水机组冷媒泵4DEG102P0 未参与起机阶段润滑油辅助冷却,②冬季冷却水温度低，起机阶段冷凝压力低于最低要求470kPa ，其与蒸发器之间压差（冷媒压差）小，润滑油冷却器冷却用冷媒量不足无法稳定油温；③该冷水机组冷媒泵4DEG102P0 未参与起机阶段润滑油辅助冷却；2 ）处理措施：①排出油箱内适量润滑油；②起机阶段强制启动冷媒泵辅助冷却润滑油，对润滑油供油压差调节阀及油温调节阀进行适度调整；3 ）处理结果：进行3 次起机验证（其中两次未启动冷媒泵），机组可顺利启动，运行正常,油温的调整：制冷机运行中用油温调节阀（4DEG127VQ/227VQ/327VQ）将供油温度调节在35 ~55 ℃范围内。油温调节阀（4DEG127VQ/227VQ/327VQ ） 的开度在现场调试时根据机组运行的工况已整定好，在机组运行的过程中，随工况的变化。供油温度一般会出现波动，若在允许的35 ~55 ℃范围内，现场一般不再作调整：若供油温度超出正常范围则有必要进行调节。供油温度过高，到57 ℃时报警，62 ℃冷冻机停止运行。油温调节阀 （4DEG127VQ/227VQ/327VQ ）是调节供给油冷却器的冷媒液的量来调节油温，用手动调节时，关小油温调节阀，冷却效果将急剧降低，油温将上升：若开大油温调节阀（4DEG127VQ/227VQ/327VQ )，油温将降低。制冷机停机期间，保持油箱中油温在50 ~55 ℃之间。电加热器在制冷机运行中自动切断加热，而当制冷机停机后又自动进入加热状态。机组初次安装投运时或机组长期断电停机后应提前12 h 使油加热器投入工作（机组通电后油加热器就自动投入工作），将油温保持在45 ~55 ℃之间。启动前最好先启动油泵运行2 ~3min ，使油箱内油温分布均匀
3DEG201GF因供油温度高保护跳闸，无法启动,中班启动3DEG201GF时，启动后就地出现供油温度高报警导致3DEG201GF跳闸，现场油温最高约81℃,降低冷冻水机组可靠性，产生DEG1的第二组IO：DEG1,已采取的行动措施：1)安排现场检查冷冻机故障跳闸原因为供油温度高报警导致3DEG201GF跳闸，油温最高达到81℃；2)安排现场检查3DEG201RF油冷却器在线是否存在异常（检查3DEG203VH/204VH在线），未见异常；3)oncal1维修机械检查处理；4)检查供油压差是否存在异常，供油压差稍偏低，机械调整3DEG202VH后，供油压差恢复正常后，但仍然会出现供油温度高跳机,3DEG201GF导叶0位与导叶执行器不一致，冷水机组主机启动时导叶未完全闭合，机组启动负荷过大（约79%），轴承温升快,机械处理反馈：1)已采取措施：①仪控检查机组冷媒泵并确认工作正常；②电气专业检查导叶执行机构驱动马达并对其重新校对；③对润滑油供油压差调节阀及油温调节阀进行适度调整后，启动3DEG201GF成功2)原因分析：①D直接原因：3DEG201GF起机阶段供油温度升至62℃，冷水机组保护停机；②根本原因：3DEG201GF导叶0位与导叶执行器不一致，冷水机组主机启动时导叶未完全闭合，机组启动负荷过大（约79%），轴承温升快；③促成原因：供油压差及油温调节阀调节不当，未在供油温度上升初始阶段及时调整油压及油温调节阀,制冷机运行中用油温调节阀（3DEG127VQ/227VQ/327VQ）将供油温度调节在35~55℃范围内。油温调节阀（3DEG127VQ/227VQ/327VQ0）的开度在现场调试时根据机组运行的工况已整定好，在机组运行的过程中，随工况的变化，供油温度一般会出现波动，若在允许的35~55℃范围内，现场一般不再作调整：若供油温度超出正常范围则有必要进行调节。供油温度过高，到57℃时报警，62℃冷冻机停止运行。油温调节阀（3DEG127VQ/227VQ/327VQ）是调节供给油冷却器的冷媒液的量来调节油温，用手动调节时，关小油温调节阀，冷却效果将降低，油温将上升：若开大油温调节阀（3DEG127VQ/227VQ/327VQ），油温将降低。制冷机停机期间，保持油箱中油温在50~55℃之间。电加热器在制冷机运行中自动切断加热，而当制冷机停机后又自动进入加热状态。机组初次安装投运时或机组长期断电停机后应提前12h使油加热器投入工作（机组通电后油加热器就自动投入工作），将油温保持在45~55℃之间。启动前最好先启动油泵运行2~3min，使油箱内油温分布均匀
执行定期试验F02-DVH-T-004时按下2JDT523T0后，2DVN260VAF未按预期关闭,执行定期试验F02-DVH-T-004期间，按下2JDT523T0后，2DVN-260VAF未按预期关闭,1）当相应房间发生火灾时，2DVN260VAF无法正常关闭，会导致火势蔓延；2）导致OSR定期试验不合格,已采取的行动措施：1）现场检查2DVN260VAF阀门执行机构未见明显异常；2）联系仪控对电磁阀进行检查,传动装置高温熔断锁片断裂，挤压传动连杆导致故障触发,仪控处理反馈，1)检修过程：①现场确认设备位置，开工前通知主控，就地检查确认电磁阀外观完好，防火阀无明显卡涩，对2DVN260VAF通道及功能进行强制验证，确认通道正常，但电磁阀通电后未能正常关闭2DVN260VAF防火阀，对电磁阀进行检查，发现线路老化，更换电磁阀；②对2DVN260VAF传动装置检查过程中，发现就地高温熔断片断裂，导致阀板复位后，手动关闭阀门的机构卡住，反馈业主，领取高温熔断片备件；③对高温熔断片进行更换，强制2DVN260VAF动作正常，解除强制，恢复设备初始状态；④运行人员重新执行FQ2-DVH-T-004试验，结果合格；2）故障原因分析：传动装置高温熔断锁片断裂，挤压传动连杆导致,2JDT523T0 :按下将联锁关闭阀门2DVN263VAF 、 2DVN260VAF2DVN456VAF2DVN271VAF2DVH006VAF2DVH010VAF2DVH014VAF
执行F01-DVH-T-004 过程时，按下1JDT524T0 后，1DVH011VAF 显示为故障红色，未正常关闭,执行FQ1-DVH-T-004 过程时，按下1JDT524T0 后，KIC 中 1DVH011VAF 显示为故障红色，现场检香阀门未正常关闭,1 ）防火阀无法自动关闭，导致定期试验不合格；2 ）当火灾出现时， 防火阀无法自动关闭，将可能引起火灾蔓延,已采取的行动措施：1 ）安排现场检查确认阀门的实际妆容，发现阀门未正常关闭；2 )oncall 电气检查处理,,"电气处理反馈：1）工作过程：①到现场验证隔离边界、召开工前会； ②现场联系机械人员拆除1DVH027VAN、1DVH028VAN重力卸压阀；
③打开电磁阀盒盖，测量电磁阀线圈阻值1DVH011VAF:61.5Q2、 1DVH015VAF:62.5Q，对地绝缘均＞55 MΩ；④调整电磁阀推杆位置联系运行人员给关命令，电磁阀推杆吸人距离过短，防火阀未正常关闭；③确认电磁铁吸力不足，领取同型号备件并更换；③联系运行人员做实验验证，确认防火阀能正常关闭，缺陷消除；②确认工作现场已清理，召开工后会，归还工作许可证，填写完工报告；2 ）故障原因分析：电磁铁吸力不足",KIC 上的1SFZ524KG 置于CLOSE 或是9JDT016CR 上的1JDT524T0 按下时，防火阀1DVH007/011/015VAF 和1DVN454/163/171VAF 将自动关闭
巡盘发现2DVH010VAF 未知原因关闭,巡盘发现2DVH010VAF未知原因关闭,导致2RCV002P0房间应急通风部分丧失，产生第一组事件I01:DVH1,已采取的行动措施：1)安排现场检查确认2DVH010VAF现场阀门处于关闭状态；2）主控确认无火警联锁关闭阀门的信号触发情况；3）oncall电气检查处理,长期使用后，防火阀2DVH010VAF温感器熔断片焊接强度下降，熔断片断裂，使叶片挂钩脱开，导致防火阀关闭,电气处理反馈：1 ）工作过程：①联系脚手架人员搭设脚手架；②联系机械人员拆除重力卸压阀2DVH025VAN；③测量电磁阀线圈直阻为62 . 9Q2 ，对地绝缘为50MQ；④防火阀2DVH010VAF本体挂钩组件正常、无变形，温感器上熔断片断裂；领取熔断片备件并更换；③打开防火阀，用橡胶锤较大幅度敲击防火阀周边，防火阀保持开启状态，未关闭；②联系运行人员现场验收，确认缺陷已消除；③联系机械人员恢复重力卸压阀2DVH025VAN；工作完成，清理工作现场，归还工作许可证，填写完工报告；2 故障原因分析：长期使用后，防火阀2DVH010VAF温感器熔断片焊接强度下降，熔断片断裂，使叶片挂钩脱开，导致防火阀关闭,KIC 上的1SFZ523KG 置于CLOSE 或是9JDT016CR 上的1JDT523T0 按下时，防火阀1DVH006/010/014VAF1DVN160/163/171/454VAF 将自动关闭
执行SFZ试验过程中，两次按下2.JDT527TO，2DVI012VAF均无法关闭,执行预大修试验（Q）FQ2-SFZ-T-008：防火挡板关闭能力及关闭指示灯试验规程，试验过程中两次按下2.JDT527TO，2DVI012VAF均无法关闭,导致防火阀2DVI012VAF在火警触发时无法正常关闭，将存在导致火势蔓延的风险。处理2DVI012VAF时需要停运2DVI001ZV、002ZV、003ZV、004ZV四台风机，导致2RRI设备间丧失通风，将产生第二组IO：DVI1,已采取的行动措施，1）运行现场检查2DVI012VAF外观未见明显异常：2）oncall电气检查处理；3）配合工作负责人停运2DVI系统风机，并按技术规范要求安排现场加强关注2RRI设备间温度；4）缺陷消除后，解除隔离，重新执行FQ2-SFZ-T-008和恢复2DVI系统运行,2DVI012VAF风阀长期处于开启状态。执行机构内部弹簧失效导致无法自动关闭,电气处理反馈：1)检查内容：检查发现2DVI012VAF风阀结构损坏；2)处理措施：对2DVI012VAF风阀进行更换3）处理结果：更换后手动操作风阀，风阀能够正常关闭。运行人员执行例行试验，验证2DVI012VAF风阀能够正常电动开关；4）故障原因分析：2DVI012VAF风阀长期处于开启状态，执行机构内部弹簧失效导致无法自动关闭,2.JDT527T0 按下将联锁关闭阀门 2DVI012VAF、2DVI017VAF2DVI019VAF
2DVK202MV(2DVK002ZV轴承非驱动端振动）频繁闪发振动高报警,主控频繁闪发2DVK102KA(2DVK002ZV振动和温度综合报警），就地核实为2DVK202MV 振动高。联系机械检查确认风机振动真实高,导致2DVK002ZV 风机轴承振动高，轴承存在磨损的风险,已采取的行动措施。1 ）安排现场检查核实，确认为2DVK202MV 振动高，要求现场加强监视风机轴承温度上涨情况，有异常及时反馈；2 ）立即将2DVK002/004ZV 切换至2DVK001/003ZV 运行；3 ）oncall 机械检查处理,基础垫铁发生了位移,机械处理反馈：1 ）检查内容：在线调整基础垫铁：2 ）处理结果：运行4h 无闪发振动高报警，最高振动2 . 8mm /s ，满足运行要求；3 ）故障原因分析：基础垫铁发生了位移,2DVK202MV 振动值大于5 . 5mm /s 时产生高报，大于6 . 3mm /s 时产生高高报，均触发2DVK102KA(2DVK002ZV 振动和温度综合报警）
3DVK001SZ湿度高报警一直触发，检查发现3DVK005RS 未自动启动,主控KIC 中碘吸附器湿度高报警灯3DVK001SZ 一直触发但3DVK005RS 未自动启动,可能导致碘吸附器湿度高而失效,已采的行动措施，1 ）安排现场检查3DVK005RS 上游的供电开关为推入送电状态：2 ）安排现场使用3DVK001CC 复位，3DVK005RS 仍未启动,1)3LKL261JA 抽屉柜内元器件故障：2)3DVK005RS 为上升沿信号触发启动，重新触发上升沿信号之后，3DVK005RS 正常启动,电气处理反馈：1 ）检修过程：D 对3LKL261JA ＃抽屉柜内部接线及元器件进行检查时发现3DVKC0251-2 号芯线脱落；②对3DVKC0251-2 号芯线进行端接，插入试验盒，按下合闸按钮，合闸指示灯亮：按下分闸按钮，分闸指示灯亮；③请运行人员验收，分闸合闸都正常；43DVK001CC 复位后加热器仍未启动经仪控检查核实3DVK005RS 为上升沿信号触发启动，重新触发上升沿信号之后，3DVK005RS 正常启动；2 ）故障原因分析： ①3LKL261JA 抽屉柜内元器件故障：②3DVK005RS 为上升沿信号触发启动，重新触发上升沿信号之后，3DVK005RS 正常启动,电加热器温度DVK005ST 不高（<50℃)&碘吸附器管线内温度DVK001ST 不高（<80℃)，则电加热器DVK005RS 将自动启动
9DVN614MV频繁闪发报警,主控闪发2DVN103KA(2DVN003ZV温度和振动综合故障报警），现场查看为9DVN614MV(003ZV非驱动端振动值）瞬间振动达到6mm/s 以上，几秒后回落到正常值,报警频繁闪发，影响2DVN003ZV温度和振动的监视,已采取的行动措施：1 ）安排现场检查确认2DVN003ZV监控柜上的温度和振动变化趋势，确认轴承温度正常，并加强监视；2 ）oncall 仪控检查处理；3 ）做好切换到备用列风机的准备,电缆线长时间电动导致航空插头尾部松动、航空插头焊点断开引起报警闪发,仪控处理反馈1 ）检修措施及步骤：①现场确认9DVN614MV 振动探头设备位置：②拆下探头，检查航空插头，航空插头尾部松动，旋开发现探头焊点处有两根线（红白）断开：③拆下航空插头以及对应一截电缆，带回实验室进行修复，完成后回装，确认温度显示正常，为21 . 3 ℃； ④2DVN003ZV 启动后，观察9DVN614MV 对应值在面板显示正常，无异常报警：2 ）故障原因分析：电缆线长时间电动导致航空插头尾部松动、航空插头焊点断开，引起报警闪发,2DVN003MO 或2DVN003ZV 振动值超标（高报2DVN612、 613.614MV≥5.5mm/s)，2DVN003MO 或2DVN003ZV 振动值超标（高高报2DVN612、613、614MV≥6.3mm/s）时，将触发2DVN103KA(2DVN003ZV 温度和振动综合故障报警）
8DVN457VAF 意外关闭导致主控出现上充泵房温度高报警,主控出现上充泵房温度高报警，主控出现报警后通知现场检查上充泵房的通风情况，现场检查发现上充泵房风量与平时相比明显减小，经进一步在线检查，发现8DVN457VAF 手柄和执行机构的连接螺栓松脱，导致该风阀实际为关闭，但由于电机触点仍在开启位置，主控仍然显示该阀门为开启,上充泵房房间温度升高，若应急通风机未正常启动，将可能引起上充泵的轴承振动、轴承温度和油温升高，影响上充泵安全运行，不利于机组的安全,已采取的行动措施：1 ）立即安排现场确认上充泵房通风情况，确认上充泵运行参数未见异常；2 ）确保启动3DVH 风机为上充泵房提供通风：3 ）联系维修将该螺栓重新紧固连接，而后开启8DVN457VAF . F 充泵房温度逐渐回落,1 ）直接原因：手柄和执行机构的连接螺栓脱扣导致风阀意外关闭；2 ）根本原因：手柄和执行机构的连接螺栓不够可靠,电气处理反馈：正常时内部电机带动执行机构，通过连接螺栓驱动手柄使风阀动作。但由于连接螺栓脱扣，手柄和执行机构分离，使得电机仍停留在开限位，而阀门实际处于关闭状态,上充泵房温度上升到46 ℃时，对应系列的DVH 风机将自动启动
4DVN011ZV 故障跳闸,23 :01 主控出现4LLA009KA（LLC 总故障报警），经核查为4LLC2101JA 故障报警灯亮，风机停运。复位后报警消失后再次出现,影响NB223 房间暖风的供应的可靠性，需关注8NB223 房间温度和 4DVN012AE 运行情况，技术规范要求硼酸补充回路（REA 硼酸回路）温度必须大于22 ℃,已采取的行动措施，1 ）安排现场将4LLC2101JA (4DVN011ZV 供电开关） 和4LLC2111JA(4DVN011RS 供电开关）拉出；2 ）安排现场关注8NB223 房间温度和4DVN012AE 运行情况,1 ）双封轴承油量减少导致轴承卡涩；2 ）风叶断裂，导致电机被卡住,"电气处理反馈：1 ）检修过程：①打开4DVN011ZV 接线盒，确认无异物，进行验电，确认无电；②将4DVN011ZV 拆除，并做好拆接线记录，经检查确认风机叶轮断裂损坏；③对电机进行解体，同时空载试验，确认无异常： ④联系焊工对风机风扇叶轮进行修复，同时对风机风扇叶轮做PT 检测及RT 检测分析，检测结果合格；
5 按照拆接线记录对 4DVN0112V 进行回装，确认接线正确无松动；③更换工作许可证，对 4DVN0112V 进行送电试验，风机运行正常；②测得风机电流 A 相：1.70A，B 相：1.79A，C 相：1.71A，测量电机振动为：1.4 mm/s，结果合格；8 工作完成后，归还工作许可证：2)故障原因分析：①双封轴承油量减少导致轴承卡涩；②风叶断裂，导致电机被卡住",NB223 房间有 4DVN011AE 和 4DVN012AE 两台暖风机组，两台暖风机组的控制定值均为 23℃
9DVN0022V 现场停运，主控 KIC 显示运行状态,9DVN0022V 现场实际为停运状态。主控 KIC 显示运行状态,,已采取的行动措施：1)安排现场在KSN上和就地风机控制柜以及就地听 音确认9DVN002ZV为停运状态；2)安排现场检查9DVN002ZV供电开关状 态，尝试拉出开关重新送电；3）oncall电气检查处理,检查发现9DVN002ZV上游电源抽屉9LKI1161JA 内接触器辅助触点脱落， 导致风机状态反馈不正常,,9DVN002ZV 为核辅助厂房通风系统（DVN ）正常送风机
2LKJ2181JA 故障导致2DVN008ZV 主控KIC 中显示为洋红色,2LKJ2181JA 故障导致2DVN008ZV 主控KIC 中显示为洋红色,2DVN008ZV 不可用，产生双机组第二组IO,,2LKJ2181JA 抽屋内003SM 微动开关卡涩导致触点无法断开,电气处理反馈：1 ）工作过程：①办理紧急维修工作指令单：②现场召开工前会，讨论风险分析：③与主控沟通后将2LKJ2181JA 抽屉抽出：④检查发现抽屉内003SM 微动开关卡涩导致触点无法断开；5 现场对003SM 紧固螺栓进行调整，调整后003SM 触点动作正常；③由运行人员将2LKJ2181JA 送电，主控启动下游风机后KIC 上洋红色报警消除；②清理现场，填写完工报告。2 ）故障原因分析：2LKJ2181JA 抽屉内003SM 微动开关卡涩导致触点无法断开,
1DVS002ZV 启动后，KIC 上显示洋红色,1DVS002ZV 启动后，KIC 上显示洋红色,影响主控KIC 监视1DVS002ZV 的运行状态,已采取的行动措施：1 ）安排现场检查1DVS002ZV 供电开关是否存在异常： 2 ）联系仪控检查处理，仪控检查反馈风机开关限位都存在，怀疑电气开关限位问题转由电气处理,微动开关异常，导致风机开关限位都存在,电气处理反馈：1 ）工作过程：①开工前验明无电；②现场检查发现微动开关001SM 与003SM 之间的联动片缺失；③核对备件对001SM 和003SM 整体更换；④更换完毕，联系运行进行在线验证：③1DVS002ZV 启停正常，报警消除；2 ）故障原因分析：微动开关异常，导致风机开关限位都存在,DVS001/002ZV 为安全注入和安全壳喷淋泵通风系统送风机，为低压安注泵和安喷泵电机房间提供通风
3DVS004ZV主控KIC中显示洋红色,主控KIC巡盘发现L3DVS004ZV在KIC中显示洋红色,影响主控KIC监视3DVS004ZVE的运行状态,已采取的行动措施：1）安排现场检查3DVS004ZV开关状态，未见明显异常：2)oncall 仪控检查，仪控反馈是由于电气柜上的信号未反馈到DCS，转电气专业处理,3LKL271JA排查TP信号未送至DCS，导致3DVS004ZV主控显示洋红色，经确认为3LKL271JA二次插线松动所致,电气处理反馈：1）缺陷描述：3LKL271JA排查TP信号未送至DCS原因，导致3DVS004ZV主控显示洋红色；2）检修过程：①与主控沟通了解情况后开紧急工作票；②验证设备位号和隔离边界；③检查3LKL271JA各部件、开关接线有无松动；④发现3LKL271JA二次插线松动，并紧固；⑤与当班值长沟通确认主控显示洋红色已消失；⑥工作结束清理现场，归还工作许可证；3）故障原因分析：3LKL271JA二次插线松动,DVS003/004ZV为安全注入和安全壳喷淋泵通风系统排风机，为低压安注泵和安喷泵电机房间提供通风
2EAS003PO（EAS化学添加剂混合泵）在KIC上无法手动启动,执行（Q）FQ2-EAS-T-004：氢氧化钠混合泵003PO性能试验规程时，连续两次都无法在KIC中手动启动2EAS003PO，查询趋势发现其自动启动均正常，第三次手动启动成功,影响2EAS003PO运行可靠性,已采取的行动措施：1）现场确认2EAS003PO供电正常；2）联系仪控分析处理，再次尝试启动成功,当手动启动2EAS003PO时，因2EAS003PO的运行反馈RP信号与计时器配合上存在问题。泵运行反馈RP信号为1时，计时块偶发不会及时清零的问题（根据分析，一般会在2s之后成功清零），此时产生2EAS003PO的停命令，导致2EAS003PO启动后又停运,仪控处理反馈：1）工作过程：①在工程师站下装脚本，修改2EAS003PO_L6内部逻辑；②临时修改2EAS003PO启停延时时间，手动启停该泵，验证该泵能正常手动、自动启停；③恢复2EAS003PO启停延时时间，工作完成：2）故障原因分析：当手动启动2EAS003PO时，因2EAS003PO的运行反馈RP信号与计时器配合上存在问题。泵运行反馈RP信号为1时，计时块偶发不会及时清零的问题（根据分析，一般会在2s之后成功清零），此时产生2EAS003PO的停命令，导致2EAS003PO启动后又停运,EAS003PO每8h启动一次，运行20min对EAS001BA内部碱液进行搅混
2EAS013VB（地坑至EAS001P0隔离阀）阀门故障无法开启,执行（Q）FQ2-RPA-T-035：通过RPA378KC进行安全壳喷淋再循环信号试验规程时，2EAS013VB接收到开启信号后实际并未开启，超时后主控显示大红色故障,2EAS013VB故障无法开启，影响EAS系统A列的可用性，导致产生随机I01：EAS1,已采取的行动措施1)安排现场确认2EAS013VB实际未开启，检查阀门供电开关：2)暂停试验，oncall电气和仪控人员检查处理,2EAS013VB上游开关2LLC3121JA内三极负荷开关001JS内齿轮断裂，主回路无法接通，导致电动阀收到开阀信号后无法打开,"电气处理反馈：1)故障描述：电动阀2EAS013VB接收到开启信号后实际并未开启，超时后主控显示大红色故障：2）原因分析：2EAS013VB上游开关2LLC3121JA内三极负荷开关001JS内齿轮断裂，主回路无法接通，导致电动阀收到开阀信号后无法打开：3）处理过程：①仪控人员配合发出强制开阀命令，电气盘柜侧可以接收到信号，通道正常；②测量电动执行机构电机绝缘、直阻均正常；③将开关2LLC3121JA置于试验位，用试验盒开阀，可以听到接触器吸合声音，判断抽屉控制回路正常；
4 检香 2LLC3121JA 抽屉，发现三极负荷开关001JS 内齿轮断裂，领取备件更换；联系运行人员试验，电动阀开阀后主控显示洋红色，联系仪控人员检查处理后故障消除，开关阀均正常",通过RPA378KC 进行安全壳喷淋再循环信号试验规程，将RPA378KC 置于试验位置时，EAS013VB 将自动开启，EAS001VB 将自动关闭
执行F04-RPA-T-030试验，流量表4EAS007MD 波动较大闪发低报 4EAS412KA（A 系列喷淋水流量低低）,中班（Q)FQ4-RPA-T-030：用RPA621KC 进行安全壳喷淋信号（1 ）逻辑试验规程，试验过程中启动了4EAS001PO 泵，流量表4EAS007MD 波动较大， 经常闪发低报4EAS412KA（A 系列喷淋水流量低低），1min5 次左右，平均值340m /h ，就地仪表350m /h 左右，远远大于低报定值293m /h ，仪表两次充水排气后还是波动,导致无法准确监视读取4EAS001PO 运行的流量，影响定期试验的结果判定,已采取的行动措施：1)现场检查现场EAS管道未见明显振动，4EAS007MD在线未见异常；2）安排现场核实就地流量表4EAS005LD读数情况：3主控检查4EAS001PO泵电流未见明显波动；4)联系仪控检查处理4EAS007MD,由于仪表正负压的平衡罐有气体，平衡罐的气体压缩和膨胀，弓引起进入平衡罐的水的流量波动，液体通过三通阀进入流量表的流量产生影响，4EAS007MD流量测量产生波动,,平衡罐的作用是事故工况的时候防止仪表管线里面的水被抽走，正常情况下平衡罐是不应该有气的，若管线里面有气，因仪表平衡罐比仪表及流量管线要高，所以在管道里面的气会聚集在这个平衡罐里，所以泵启动时会造成流量表波动。由于关闭平衡罐的平衡阀可能导致事故工况时仪表管线里面的水被抽走，以及分析到由于平衡罐里面有气体才导致每次试验时2EAS007MD流量表波动，试验前可考虑对平衡罐充水排气
碱罐3EAS001BA 液位计3EAS001LN 存在逐渐降低趋势，现场无明显碱泄漏情况,夜班巡检3EAS001BA 液位4 . 11m ，此前05 月15 日早班巡检为4 . 20m ， 05 月16 日早班4 . 15m ，05 月16 日中班4 . 11m ，存在逐渐降低趋势，已降到液位4 . 09m ，现场排查未发现明显漏点,导致3EAS001LN 液位显示失真，无法准确反映3EAS001BA 罐内的碱液量,已采取的行动措施1 ）安排现场对3EAS001BA 碱液回路查漏，未见异常泄漏情况：2 ）联系维修仪控检查处理，反馈运工做好补充碱液的准备,3EAS001LN 为表压仪表，仪表顶部存在一个通气孔（如图1 所示，绝压表不存在此孔），当通气孔堵塞时会对压力表测量精度产生影响。针对此次问题，经专业检查确认根本原因为仪表顶部的通气孔未打开，从而造成此次3EAS001LN 压力逐渐降低,仪控处理反馈：1 ）处理进展：经现场就地检查，仪表顶部的通气孔堵 塞，通气后仪表指针显示恢复正常：；2 ）设备可用性评价：仪表状态正常可用：3 ）处理措施：拆除3EAS001LN 通气孔橡胶塞，观察仪表读数恢复正常并稳定：4 故障原因分析：3EAS001LN 为表压仪表表，仪表顶部存在一个通气孔（如图1 所示，绝压表不存在此孔），当通气孔堵塞时会对,EAS001LN 广只显示EAS001BA 液位。不参与逻辑控制和报警
2ETY035KA（碘吸附器电加热器温度高）无法消除,执行2ETY 排放的过程中，2ETY035KA（碘吸附器电加热器温度高）出现后电加热器跳闸，但该报警始终存在,导致2ETY035KA（碘吸附器电加热器温度高）报警一直触发,已采取的行动措施，1 ）查看和执行报警卡；2)oncall 仪控检查处理仪表故障,,仪控处理反馈：1）检修措施及步骤：D 现场检查2ETY001ST 高报触发。 发现开关上的微动开关无法复位，而导致2ETY035KA 高报一直触发；②核实备件校验合格后对2ETY001ST 进行更换；③通知运行人员进行验证报警消除；2）故障原因分析：检查2ETY001ST 高报触发，发现开关上的微动开关无法复位，而导致2ETY035KA 高报一直触发,2ETY001ST≥70℃时。触发碘吸附器电加热器温度高
3ETY007VA 无法正常开启,执行F03-ETY-C-001（通过A 列进行ETY 排放，降低安全壳压力）时3ETY007VA 手轮不受力：阀门无法全开,影响3ETY007VA 开关的可靠性，影响通过A 列进行ETY 排放降低安全壳压力工作的开展,已采取的行动措施：1 ）现场尝试将手轮执行机构往里推人后，手轮可以重新受力，阀门能正常全开；2 ）oncall 机械检香处理,3ETY007VA 手轮挡圈脱落：导致阀门手轮脱开。影响阀门开启功能,机械处理反馈：1 ）处理进展：机械专业已对手轮进行临时紧固并验证阀门可正常操作。目前已完成同类阀门的排查，均未发现类似现象。完成垫块增加临时措施，确保阀门可用性；2 ）原因分析：明确根本原因为手轮挡,ETY007VA（A列）或ETY008VA（B列），这两个阀门比较特殊，若该阀门开限位已经触发，现场再继续操作该阀门，会导致阀门关闭
4ETY043VA 气动执行机构下隔膜法兰螺栓力矩偏小漏气，导致4SAR001MD （反应堆厂房压缩空气流量计）流量异常上涨,巡盘发现4SAR001MD 流量从3 月10 日23 点22 分开始突然上涨至28 . 50 N·m/h，期间最高至31 . 70 N·m/h 在28 . 5~31 . 70 N·m/h 区间波动,1 ）当4SAR001MD 大于45N·m/h 时，将进入事故规程《F04-OP02AC- ISAR2 :安全壳内的压缩空气系统故障》；2 )4SAR001MD 真实增加将导致4RX 壳内压力上涨速率增加，可能将威胁4 号机组安全壳的严密性,1 ）已采取的行动措施：①查看安全壳压力表4ETY503MP 及 4ETY101MP~104MP 压力上涨趋势，暂未发现明显拐点，可能因时间较短未明显引起安全壳压力上涨，需要保持持续关注；②排查近期相关操作，暂未发现可能引起4SAR001MD 流量上涨的操作；3 安排运行人员对 4SAR001MD 下游至4RX 厂房壳外部分进行排查，暂未发现明显压空泄漏异常：④当班值根据《FQ4-SAR-C-0014SAR 进岛查漏典型操作票》，通过 KIC 画面检查各壳内气动阀暂未发现异常，将保持持续监视：oncall 维修仪控同事，对4SAR001MD 仪表校表；③oncall 维修机械同事、维修仪控同事，准备检漏液，人员就位后再次进行壳外部分外漏检查；②oncall 保健物理同事，做好进岛查漏准备；8 熟悉事故规程《F04-OP02-AC- ISAR2 安全壳内的压缩空气系统故障》；2 ）建议后续行动：①主控室密,1 ）经进入核岛进行SAR 查漏，漏点定位到4ETY043VA 阀门气缸存在大量漏气；2)4ETY043VA 气动执行机构下隔膜法兰螺栓力矩偏小,机械处理反馈：1）处理进展：4ETY043VA 下膜片法兰螺栓全部紧固至 30N: M.开关动作验证4ETY043VA（动作时间满足监督要求）。阀门开启后，用检漏液检查，阀门没有泄漏，4SAR001MD 流量恢复到正常值范围内（约7~10N·m/h);2）故障原因分析：4ETY043VA 气动执行机构下隔膜法兰螺栓力矩偏小,1 ）进入4 号机核岛厂房开展4ETY043VA 处理工作时，进出反应堆厂房人员气闸门，需要使用特殊规定：2）开关动作验证4ETY043VA 时，将影响4KRT008/009MA 的可用性，需提前联系辐射防护配合停运，4KRT009MA 不可用时需记录相应的10，工作结束后恢复4KRT008/009MA 运行
4ETY001ZV 在KIC 中显示为保护停运，无启动允许,15:59 分主控出现4KC0054KA 安全列A 列机柜故障报警，联系仪控检查反馈机柜失电继电器发出的报警，实际没有失电，怀疑接线存在松动而产生的报警。主控巡盘时发现4ETY001ZV 无启动允许KIC 中显示为保护停运（黄色），与正常停运状态的4ETY002ZV 显示不一致，点击4ETY001ZV 对话框，无启动允许信号,4ETY001ZV 无启动允许信号，将导致风机无法在主控启动，将降低安全设备的可用性。经咨询维修专业以及向安工确认，该风机无法在主控启动，但可以在配电盘上通过试验盒启动，其安全功能可以保证，故不需记录ETY1 的第一组IO,已采取的行动措施：1 ）查看4ETY001ZV 逻辑图，分析异常原因；2 ）联系仪控人员分析异常原因,1)4KC0054KA 报警产生的原因：现场检查4KCS119AR 机柜TB3 端子排上的1P （-）点位触片与线鼻子接触不良，检查紧固性正常，但摇动线缆会偶发机柜报警；2)4KCS119AR 检测48V 直流供电的报警回路存在异常，导致机柜48V 电压失去的报警触发，实际上机柜双路48V 供电正常。因4KCS119AR 发出失电信号，进而闭锁4ETY001ZV 的启动,仪控处理反馈，1 ）处理结果：4KC0054KA 安全列A 列机柜故障报警处理完毕，报警消失，4ETY001ZV 恢复了启动允许信号；2 ）故障原因： 4KCS119AR 中监测48V 直流供电的报警回路存在异常，导致机柜48V 电压失去的报警触发，而实际机柜双路48V 供电均正常：现场检查4KCS119AR 机柜TB3 端子排上的1P （-）点位触片与线鼻子接触不良，检查紧固性正常，但摇动线缆会偶发机柜报警；3 ）处理措施：对4KCS119AR 机柜TB3 端子排上的1P （-）点位接线重新调整、紧固，摇动线缆试验未再次出现报警,KCS119AR 和KCP415AR 失电信号将闭锁ETY001ZV 启动
3号主控出现3KRT011KA8（036MA触发监测通道故障报警），就地无法复位,4:42分3号主控出现3KRT011KA8（036MA触发监测通道故障）报警，并闪发3KRT047KA（036MA扫描式风管气体β活度2级报警）,经辐射防护人员现场核实3KRT036MA故障不可用（双机组IO），产生KRT9的第二组IO,已采取的行动措施：1)查看和执行报警卡；2)联系辐射防护检查确认3KRT036MA故障情况；3）反馈4号机组主控，3KRT036MA不可用产生双机组IO2：KRT9；4)要求辐射防护检查确认4KRT036MA运行正常；5）oncall维修仪检查处理,3KRT036MA继电器板的光电耦合器故障。导致启动取样泵运行的信号消失，取样泵停运，取样回路中压力异常，导致LPDU显示工作故障、气路故障,"仪控处理反馈：1）处理进展：3KRT036MA取样泵运行正常，设备运行正常。2）缺陷描述：主控显示3KRT036MA故障、二级报警，就地设备无法复位。3）原因分析：3KRT036MA继电器板故障，导致取样泵停运，触发设备工作故障报警、气路故障报警。3KRT036MA继电器板的光电耦合器故障，导致启动取样泵运行的信号消失，取样泵停运，取样回路中压力异常，导致LPDU显示工作故障、气路故障。4）处理措施：①检查取样泵控制信号，发现无启动取样泵信号送至电气箱；②检查取样泵控制信号回路。LPDU未发出启泵信号，确定为LPDU控制信号异常：
③检查LPDU 内继电器板电路，电路板线路正常，判断为光电耦合器故障，导致启泵信号中断；④更换LPDU 内继电器板的光电耦合器芯片。更换完成后重启LPDU ，取样泵启动。取样泵及设备各部分正常运行，设备恢复至正常运行状态；5 观察设备正常运行3h 后，与主控沟通，归还工作票，IO 消除",1)KRT036MA 用于DVN、DVK、DVW 系统通风管道空气β比活度的监测；2) KRT036MA 测量对象来自多个房间（3KRT036MA 有8 个取样支路， 4KRT036MA 有7 个取样支路），以3KRT036MA 为例，8 个取样支路对应8 个房间，依靠各支路的电磁阀循环打开来扫描不同的房间，同一时间只有一个支路在工作中。假设当前工作在A 支路，那么只有A 支路的电磁阀是打开的，其他支路电磁阀关闭，工作5min 后，A 支路电磁阀关闭，B 支路电磁阀打开，再过5min ，B 支路关闭，C 支路打开..依次类推
4KRT011KA8(036MA监测通道故障报警,21:54 主控KIC 中出现4KRT011KA8(036MA 1 监测通道故障报警）， 安排辐射防护就地检查反馈4KRT036CR 上显示“气路故障”报警,4KRT036MA 故障不可用（双机组IO )，产生第二组IO : KRT9,,,"取样泵4KRT036P0 石墨叶轮断裂导致。电机空转，导致监测通道故障
电气处理反馈：1 ）处理进展：4KRT036P0 和4KRT036MA 已重新启动，就地检查运行正常。2 ）工作过程：①联系辐射防护人员将泵上游电源断开： ②打开4KRT036P0 接线盒进行验电并进行检查。绕组直流电阻为30 . 4Ω，绕组对地绝缘阻值为275M2 ，电容10μuF 电气特性正常，手盘电机风扇无法盘动；③打开4KRT036P0 泵体端盖，发现3 片石墨刮板破碎，碎片间隙已将泵体间隙填满，对碎片取出并清理泵腔，更换新的石墨刮板和滤芯； ④联系辐射防护现场启机验证后，设备运转正常：③工作结束，归还工作许可证；3 ）故障原因分析：取样泵4KRT036P0 石墨叶轮断裂",1)KRT036MA 用于DVN、DVK、DVW 系统通风管道空气β比活度的监测；2 ） KRT036MA 测量对象来自多个房间（3KRT036MA 有8 个取样支路， 4KRT036MA 有7 个取样支路），以3KRT036MA 为例，8 个取样支路对应8 个房间，依靠各支路的电磁阀循环打开来扫描不同的房间，同一时间只有一个支路在工作中。假设当前工作在A 支路，那么只有A 支路的电磁阀是打开的，其他支路电磁阀关闭，工作5min 后，A 支路电磁阀关闭，B 支路电磁阀打开，再过5min ，B 支路关闭，C 支路打开依次类推
主控 KIC 出现 4KRT011KA8 (036MA 监测通道故障报警),"17:27分主控出现 4KRT011KA8 (036MA 监测通道故障报警), 经辐射防护现场核实, 就地控制柜上出现“电磁阀故障报警”, 后现场进行复位。在复位过程中, 主控出现 4KRT047KA036MA-扫描式风管气体β活度2级报警, 辐射防护现场反馈为复位过程中控制柜上出现“传输故障”, 导致与DCS通讯中断, 复位后, 两个报警均消失","4KRT036MA故障不可用(双机组IO), 产生KRT9的第二组IO","已采取的行动措施: 1) 查看和执行报警卡; 2) 联系辐射防护检查确认 4KRT036MA故障情况; 3) 反馈3号机组主控, 4KRT036MA不可用产生双机组IO2: KRT9; 4) 要求辐射防护检查确认3KRT036MA运行正常, 并加强监视",4KRT036MA检测通道的第六道电磁阀故障损坏,"仪控处理反馈1) 处理过程: ①D在4KRT036CR上将通道至于禁止位置; ②打开4KRT036AR依次检查每一道电磁阀接线, 确认稳固; ③检查第六道电磁阀, 发现损坏并更换备件; ④在4KRT036CR上将设备复位, 确认设备恢复正常运行状态; 2) 故障原因分析: 4KRT036MA检测通道的第六道电磁阀故障损坏",1) KRT036MA 用于 DVN、DVK、DVW 系统通风管道空气 β 比活度的监测；2) KRT036MA 测量对象来自多个房间（3KRT036MA 有 8 个取样支路，4KRT036MA 有 7 个取样支路），以 3KRT036MA 为例，8 个取样支路对应 8 个房间，依靠各支路的电磁阀循环打开来扫描不同的房间，同一时间只有一个支路在工作中。假设当前工作在 A 支路，那么只有 A 支路的电磁阀是打开的，其他支路电磁阀关闭，工作 5 min 后，A 支路电磁阀关闭，B 支路电磁阀打开，再过 5min，B 支路关闭，C 支路打开。·依次类推
3 号主控触发3KRT011KA8(036MA 监测通道故障报警）,"18:38,3 号主控触发3KRT011KA8(036MA 监测通道故障报警）",3KRT036MA 故障不可用，产生双机组I02:KRT9,已采取的行动措施：1 ）查看和执行报警卡；2 ）安排辐射防护就地检查确认3KRT036MA：报警情况：3 ）安排现场检查3KRT036MA 上游供电未见异常； 4 ）反馈4 号机组主控，3KRT036MA 故障不可用，产生双机组I02:KRT9， 并请加强关注4KRT036MA 的运行情况5 ）oncall 仪控检查处理,3KRT036P0 内石墨刮片碎裂，导致 3KRT036P0 停运，3KRT036MA 取样流量低（气路故障），进而触发 3KRT036MA 故障报警,仪控处理反馈：1）缺陷描述：3 号机组突发 3KRT036MA 故障报警：2）原因分析：3KRT036P0 内石墨刮片碎裂，导致 3KRT036P0 停运，3KRT036MA 取样流量低（气路故障），进而触发 3KRT036MA 故障报警：3）处理措施：维修仪控、电气人员通力配合对电机进行检查，发现电机冷却风叶轮上的石墨片碎裂，然后对电机进行清理，更换合格的石墨刮片及滤芯，回装电机，启动 3KRT036P0，投运 3KRT036MA，分别调节 8 个取样管路的流量至 2.5m/h。确认其恢复正常后及时还票；4）后续行动：主动与电气人员协商，确定定期更换 3/4KRT036P0 石墨刮片 PM 工作的周期，全面提升 KRT 设备可靠性，确保机组安全稳定运行：5）影响评估：功率运行模式下，3KRT036MA 或 4KRT036MA 故障将触发 KRT9（双机组 I02），其运行可靠性是机组安全稳定运行的重要保证,1) KRT036MA 用于 DNN、DVK、DVW 系统通风管道空气 β 比活度的监测；2）KRT036MA 测量对象来自多个房间（3KRT036MA 有 8 个取样支路，4KRT036MA 有 7 个取样支路），以 3KRT036MA 为例，8 个取样支路对应 8 个房间，依靠各支路的电磁阀循环打开来扫描不同的房间，同一时间只有一个支路在工作中。假设当前工作在 A 支路，那么只有 A 支路的电磁阀是打开的，其他支路电磁阀关闭。工作 5 min 后，A 支路电磁阀关闭，B 支路电磁阀打开，再过 5min，B 支路关闭，C 支路打开。依次类推
主控出现1KRT036MA 监测通道故障、二级报警,自2017年9月25日，1KRT036MA出现监测通道故障、二级报警，一段时间后自动消失。后续多次出现该故障情况：1)9月25日08:47，主控出现1KRT011KA8/047KA，辐射防护人员现场检查1KRT036MA通道传输故障；29月30日夜班，再次出现1KRT047KA/001KA8报警；3）10月19日夜班，主控出现1KRT011KA8（036MA监测通道故障报警），1KRT047KA（扫描式风管气体贝塔活度2级报警）。辐射防护现场检查发现显示1KRT036MA传输通道故障报警。中班20:29主控再次出现1KRT011KA8，036MA监测通道故障报警：1KRT047KA，扫描式风管气体贝塔活度2级报警，联系辐射防护检查就地读数显示正常，传输故障灯亮，20：49报警消除；4)10月29日夜班和中班再次多次闪发出现1KRT047KA/001KA8报警,导致1KRT036MA不可用，产生双机组第二组IO：KRT9,已采取的行动措施。1)查看和执行报警卡；2）安排辐射防护就地检查，确认存在1KRT036MA传输通道故障报警；3）安排现场检查1KRT036MA上游供电未见异常；4)反馈2号机组主控，1KRT036MA故障不可用产生双机组IO2：KRT9;5）oncall仪控检查处理,1KRT036MA与DCS 通讯不稳定，出现数据包丢包情况，如多次通讯都出现丢包情况则会造成通讯失效。触发质量位报警,仪控处理反馈：1 ）处理措施：①为解决1KRT0036MA持续闪发或触发监测通道故障、二级报警的故障，特制定《FO1-KRT-TD-1170441KRT036MA通讯参数修改工作方案》，通过修改1KRT103BC下游设备的通讯参数（包括1KRT007MA|010MA1 015MA 1 016MA1 020MA 036MA)：提高FBM230卡件与就地设备之间的通讯频率，从而在通讯中断后能够尽快恢复通讯；②而后为了改善1KRT036MA与DCS 通讯的质量，根据现场测试以及各部门讨论研究，结合现场实际情况，编制了《FQ1-KRT-TGCMDD-00041KRT036MA通讯方式变更详细设计方案》，技改1KRT036MA通讯方式，采用1KRT036MA与DCS 直接通讯的方式（原需经1KRT103BC）。2 ）原因分析：经现场处理经,1) KRT036MA用于DVN、DVK、DVW系统通风管道空气β比活度的监测； 2) KRT036MA测量对象来自多个房间（3KRT036MA有8个取样支路，4KRT036MA有7个取样支路），以3KRT036MA为例，8个取样支路对应8个房间，依靠各支路的电磁阀循环打开来扫描不同的房间，同一时间只有一个支路在工作中。假设当前工作在A支路那么只有A支路的电磁阀是打开的，其他支路电磁阀关闭，工作5 min后，A支路电磁阀关闭，B支路电磁阀打开，再过5min，B支路关闭，C支路打开..依次类推
1KRT011KA1“036MA监测通道故障报警”（气路堵塞）,1 号主控14:29 分出现1KRT011KA1036MA监测通道故障报警”辐射防护值班人员现场检查1KRT036MA，发现其电磁阀故障,导致1KRT036MA不可用，产生双机组第二组IO：KRT9,已采取的行动措施：1 ）查看和执行报警卡；2 ）安排辐射防护就地检查， 确认1KRT036MA存在电磁阀故障；3 ）安排现场检查1KRT036MA上游供电末,取样管路的第三道气路中滤纸被吸至管路口，将气路堵塞,仪控处理反馈：1）检修措施及步骤：1现场检查1KRT036MAi通道发现有气路故障和第三道电磁阀故障；②检查第三道气路的滤纸，发现滤纸被吸至管路口，将气路堵塞；③更换第三道气路的滤纸；④复位1KRT036MA，观察通道运行1h，通道运行正常2）故障原因分析：取样管路的第三道气路中滤纸被吸至管路口，将气路堵塞,"1) KRT036MA用于DVN、DVK、DVW系统通风管道空气β比活度的监测：
2)KRT036MA 测量对象来自多个房间（3KRT036MA 有8 个取样支路， 4KRT036MA 有7 个取样支路），以3KRT036MA 为例，8 个取样支路对应8 个房间，依靠各支路的电磁阀循环打开来扫描不同的房间，同一时间只有一个支路在工作中。假设当前工作在A 支路，那么只有A 支路的电磁阀是打开的，其他支路电磁阀关闭，工作5 min 后，A 支路电磁阀关闭，B 支路电磁阀打开，再过5min ，B 支路关闭，支路打开．依次类推"
主控触发3KRT011KA83KRT036MA监测通道故障报警,主控 15:36 触发 3KRT011KA83KRT036MA 监测通道故障报警辐射防护人员检查就地存在电磁阀故障和气路故障报警 3KRT036MA 不可用,导致 3KRT036MA 故障不可用，产生 102,已采取的行动措施：1)查看和执行报警卡；2)安排辐射防护就地检查，确认 3KRT036MA 存在电磁阀故障和气路故障报警；3)安排现场检查 3KRT036MA 上游供电未见异常；4)反馈 4 号机组主控，3KRT036MA 故障不可用，请加强关注 4KRT036MA 的运行情况；5) oncall 仪控检查处理,3KRT036CR 就地处理箱内部继电器板（第 1 监测道）控制电路信号输出故障,仪控处理反馈：1)检修措施及步骤：①复位就地处理箱，手动切换监测道，第 1 监测道工作时，出现电磁阀故障报警；②检查第 1 监测道电磁阀，将第 1 道电磁阀更换至备用道（第 9 道），电磁阀动作正常，判定电磁阀正常；③重新紧固端子排上各端子及排线，重启设备，手动切换到第 1 监测道，设备仍旧报电磁阀故障；④检查电磁阀至 3KRT036CR 就地处理箱内部继电器板控制信号和反馈信号接线。接线正常，但是当电磁阀切换至第 1 监测道时，继电器板无电磁阀反馈信号；更换继电器板，上电测试，所有监测道切换正常，第 1 监测道电磁阀故障消除；2)故障原因分析：3KRT036CR 就地处理箱内部继电器板（第 1 监测道）控制电路信号输出故障,2)KRT036MA 测量对象来自多个房间（3KRT036MA 有8 个取样支路， 4KRT036MA 有7 个取样支路），以3KRT036MA 为例，8 个取样支路对应8 个房间，依靠各支路的电磁阀循环打开来扫描不同的房间，同一时间只有一个支路在工作中。假设当前工作在A 支路，那么只有A 支路的电磁阀是打开的．其他支路电磁阀关闭，工作5 min 后，A 支路电磁阀关闭，B 支路电磁阀打开，再过5min ，B 支路关闭，C 支路打开．依次类推
主控触发3KRT011KA8（3KRT036MA1 监测通道故障报警）,18 : 23 分。主控产生3KRT011KA8 报警，经保健物理人员核实3KRT036MA 不可用,3KRT036MA 不可用，产生第二组IO ：KRT5 ，与已存在的3KRT026MA 不可用叠加，产生第二组IO ：KRT12,已采取的行动措施：1)查看和执行报警卡；2)安排辐射防护就地检查确认3KRT036MA报警情况；3)安排现场检查3KRT036MA上游供电未见异常；4)反馈4号机组主控，3KRT036MA故障不可用，产生双机组I02，并请加强关注4KRT036MA的运行情况；5)oncall1仪控检查处理；6)记录I02：KRT5和KRT12,3KRT036MA 监测道1 ~8 道取样管道状态参数错误，导致设备工作故障、气路故障。电磁阀故障，设备无法正常取样，从而导致报警,仪控处理反馈：1 ）检修过程：①重启就地设备，设备故障报警未消除， 1 ~8 道取样管路依次持续发生工作故障、气路故障、电磁阀故障；②将3KRT036MA切换至手动挡，切换每个监测道进行观察，依次显示工作故障、气路故障、电磁阀故障；③检查继电器板，手动切换每个监测道进行观察，各监测道继电器未动作，重新紧固继电器线缆、电磁阀线缆；④用参数检查设备通道状态，发现1 ~8 监测道参数状态代码均为0 （0 为屏蔽状态），重新写入参数，将参数0 改为1 （1 为启用状态），并将设备切换至自动挡，复位设备写入参数；5 观察3KRT036MA 每个监测道运行状态，监测道故障消失，每5min 切换下一个监测道正常测量，设备运行恢复正常；2 ）故障原因分析：3KRT036MA 监测道1 ~8 道取样管道状态参数错误，导致设备工作故障、气路故障，电磁阀故障，设备无法正常取样，从而导致报警,1)KRT036MA 用于DVN 、DVK 、DVW 系统通风管道空气βB 比活度的监测； 2)KRT036MA 测量对象来自多个房间（3KRT036MA 有8 个取样支路， 4KRT036MA 不有7 个取样支路），以3KRT036MA 为例，8 个取样支路对应8 个房间，依靠各支路的电磁阀循环打开来扫描不同的房间，同一时间只有一个支路在工作中。假设当前工作在A 支路，那么只有A 支路的电磁阀是打开的，其他支路电磁阀关闭，工作5min 后，A 支路电磁阀关闭，B 支路电磁阀打开，再过5min ，B 支路关闭，C 支路打开依次类推
4KRT036MA 流量波动,4KRT036MA 流量存在波动,工作时导致4KRT036MA 不可用，因4 号机组处于调试尚未装料阶段，无I02. 对于3 号机产生第二组I0: KRT9,已采取的行动措施：1 ）反馈3 号机组，4KRT036MA 不可用对于3 号机组产生I02: KRT9，并请3 号机组主控和辐射防护加强关注3KRT036MA 运行情况；2 ）要求仪控检查处理,取样管路4 、5 、6 三道流量偏低约1 . 0m /h 左右，调节流量调节阀，流量变化明显，管路未堵塞。1 、2 、3 、7 四道流量在2 . 1~2 . 5m /h 之间，当切换取样管道取样时，因不同道之间流量偏差过大，造成取样泵进气口前端压力变化过大，从而导致取样管路的流量计指针一直波动,仪控处理反馈：1 ）检修措施及步骤：①开工前，通知主控人员记机组 I0；②确认现场设备标牌和位置；③调节4KRT036MA 取样柜内流量调节阀，确认流量恢复正常：④工作结束，确认4KRT036MA 流量波动消除，确认设备恢复正常，通知主控人员消除机组I0;2 ）故障原因分析：取样管路4 、5 、6 三道流量偏低约1 . 0m /h 左右，调节流量调节阀，流量变化明显，管路未堵塞。1 、2 、3 、7 四道流量在2 . 1~2 . 5m /h 之间，当切换取样管道取样时，因不同道之间流量偏差过大，造成取样泵进气口前端压力变化过大，从而导致取样管路的流量计指针一直波动,"1)KRT036MA 用于DVN、DVK、DVW 系统通风管道空气βB 比活度的监测；
2）KRT036MA测量对象来自多个房间（3KRT036MA有8个取样支路，4KRT036MA有7个取样支路），以3KRT036MA为例，8个取样支路对应8个房间，依靠各支路的电磁阀循环打开来扫描不同的房间，同一时间只有一个支路在工作中。假设当前工作在A支路，那么只有A支路的电磁阀是打开的，其他支路电磁阀关闭，工作5 min后，A支路电磁阀关闭，B支路电磁阀打开，再过5min，B支路关闭，C支路打开依次类推"
4KRT036MA. :流量计故障,仪控巡检时发现4KRT036MA流量计故障,工作时导致4KRT036MA不可用，因4号机处于调试尚未装料阶段，无I02，对于3号机产生第二组I0：KRT9,已采取的行动措施：1)反馈3号机组，4KRT036MA不可用于对3号机组产生I02：KRT9，并请3号机组主控和辐射防护加强关注3KRT0036MA运行情况：2）要求仪控检查处理,流量计浮子卡涩,"仪控处理反馈：1)检修措施及步骤：①检查设备就地设备运行状态：②在4KRT036CR上将通道置于禁止状态：
③将通道置于手动状态：④输入命令，停止泵运行：5 拆开流量计进行检查：③对流量计内浮子进行清理，保证浮子活动自如：①恢复流量计：8 恢复通道运行：2 ）故障原因分析：流量计浮子卡涩",1) KRT036MA 用于DVN、DVK、DVW 系统通风管道空气β比活度的监测；2） KRT036MA 测量对象来自多个房间（3KRT036MA 有8 个取样支路， 4KRT036MA 有7 个取样支路），以3KRT036MA 为例，8 个取样支路对应8 个房间，依靠各支路的电磁阀循环打开来扫描不同的房间，同一时间只有一个支路在工作中。假设当前工作在A 支路，那么只有A 支路的电磁阀是打开的，其他支路电磁阀关闭，工作5min 后，A 支路电磁阀关闭，B 支路电磁阀打开，再过5min ，B 支路关闭，C 支路打开依次类推
4KRT036MA 出现三次监测通道故障报警。显示传输通路故障。且无法复位,,4KRT036MA 不可用，3 号机组需要记录102 ：KRT9,已采取的行动措施：1 ）查看和执行报警卡；2 ）安排辐射防护就地检查确认4KRT036MA 报警情况；3 ）安排现场检查4KRT036MA 上游供电未见异常；4 ）反馈3 号机组主控，4KRT036MA 故障不可用，3 号机组产生I02 ： KRT9 ，并请加强关注3KRT036MA 的运行情况；5 ）onca11 仪控检查处理,4KRT036MA 继电器板性能不稳定或电磁阀信号转接板与继电器板之间的接线接触不良,仪控处理反馈1 ）检修措施及步骤：①开工前通知主控操作人员记机组 I0 ：②检查发现4KRT036MA 就地显示处理箱报气路故障，第7 道电磁阀故障；③将设备切换至手动模式，切换至第7 监测道检查发现第7 监测道电磁阀无异常；④对继电器板、电磁阀信号转接板与继电器板之间的排线重新插拔，设备重新上电，设备恢复正常；通知主控消除机组I0 ：2 ）故障原因分析：4KRT036MA 继电器板性能不稳定或电磁阀信号转接板与继电器板之间的接线接触不良,1)KRT036MA 用于DVN 、DVK 、DVW 系统通风管道空气β 比活度的监测；2 ） KRT036MA 测量对象来自多个房间（3KRT036MA 有8 个取样支路， 4KRT036MA 有7 个取样支路），以3KRT036MA 为例，8 个取样支路对应8 个房间，依靠各支路的电磁阀循环打开来扫描不同的房间，同一时间只有一个支路在工作中。假设当前工作在A 支路，那么只有A 支路的电磁阀是打开的，其他支路电磁阀关闭，工作5min 后，A 支路电磁阀关闭，B 支路电磁阀打开，再过5min ，B 支路关闭，C 支路打开依次类推
1 号主控触发1KRT011KA8:1KRT036MA监测通运故障报警,1 号主控触发1KRT011KA8:1KRT036MA监测通运故障报警,IKRT036MA 故障不可用，需要记录双机组I02: KRT9,已采取的行动措施：1 ）查看和执行报警卡；2 ）安排辐射防护就地检查确认1KRT036MA报警情况；3 ）安排现场检查1KRT036MA上游供电未见异常；4 ）反馈2 号机组主控，1KRT036MA故障不可用，产生双机组I02： KRT9，并请加强关注2KRT036MA的运行情况；5 ）oncall 仪控检查处理,取样泵内过滤芯安装位置不对。无法抽取取样气，流量计显示流量为0 ，通道出现气路故障,"仪控处理反馈，1 ）检修措施及步骤：①就地检查LPDU 的故障为“气路故障故障”，取样柜内流量表显示为0 ；②将LPDU 复位，20min 后触发故障报警，“气路故障”灯亮，取样柜内“负压报警”灯亮；③检查取样柜内各阀门状态，无异常，检查取样泵上取样软管连接位置，无问题；
④关闭上游取样管路阀门，打开取样管路上的气溶胶过滤装置，使取样泵直接抽取当前房间气体，流量计读数为0，打开下游排气管路对空阀，阀门排气口感应不到流动气体；判断取样泵故障，联系电气专业工作人员，他们经过检查发现，取样泵内过滤芯安装位置不对，导致取样泵无法抽取气体，流量计读数为0；?调整过滤芯位置重启取样泵，复位LPDU，流量计工作正常，真空度表工作正常：①观察45min，仪表运行正常；2)故障原因分析：取样泵内过滤芯安装位置不对，无法抽取取样气，流量计显示流量为0，通道出现气路故障",1)KRT036MA用于DVN、DVK、DVW系统通风管道空气β比活度的监测；2）KRT036MA测量对象来自多个房间（3KRT036MA有8个取样支路，4KRT036MA有7个取样支路），以3KRT036MA为例，8个取样支路对应8个房间，依靠各支路的电磁阀循环打开来扫描不同的房间，同一时间只有一个支路在工作中。假设当前工作在A支路，那么只有A支路的电磁阀是打开的，其他支路电磁阀关闭，工作5min后，A支路电磁阀关闭，B支路电磁阀打开，再过5min，B支路关闭，C支路打开依次类推
KIC 中出现 1KRT011KA8(036MA 监测通道故障报警),"15:36 主控出现报警: 1KRT011KA8 (036MA 监测通道故障报警), 经辐射 防护人员核实: 1KRT036MA 运行故障, 1KRT036MA 不可用","1KRT036MA 故障不可用, 需要记录双机组 IO2: KRT9","已采取的行动措施: 1) 查看和执行报警卡; 2) 安排辐射防护就地检查确 认 1KRT036MA: 报警情况: 3) 安排现场检查 1KRT036MA 上游供电未见异 常: 4) 反馈 2 号机组主控, 1KRT036MA 故障不可用, 产生双机组 IO2: KRT9, 并请加强关注 2KRT036MA 的运行情况; 5) oncall 仪控检查处理","单道板松动。接触不良。接收不到探头送来的信号, 导致触发故障报警","仪控处理反馈: 1) 检修措施及步骤: D 就地检查 LPDU 的故障为“工作故 障”, 显示“FAIL”: ②将 LPDU 复位, 5min 左右后触发故障报警, 显示 “FAIL”“工作故障”灯亮; ③判断故障原因为 LPDU 没收到探头送出的 信号, 更换探头, 故障未消失, 检查端子排连接探头的信号线, 无故障, 检查单道板, 发现有松动, 紧回后仪表恢复正常; ④观察 24h, 通道正常 运行; 2) 故障原因分析: 单道板松动, 接触不良, 接收不到探头送来的信 号, 导致触发故障报警","1) KRT036MA 用于 DVN、DVK、DVW 系统通风管道空气 βB 比活度的监测; 2) KRT036MA 测量对象来自多个房间 (3KRT036MA 有 8 个取样支路 4KRT036MA 有 7 个取样支路), 以 3KRT036MA 为例, 8 个取样支路对应 8 个房间, 依靠各支路的电磁阀循环打开来扫描不同的房间, 同一时间只有 一个支路在工作中。假设当前工作在 A 支路, 那么只有 A 支路的电磁阀是 打开的其他支路电磁阀关闭, 工作 5 min 后, A 支路电磁阀关闭, B 支路 电磁阀打开, 再过 5min, B 支路关闭, C 支路打开. 依次类推"
3KRT007MA 就地BC 箱主板故障引｜起3KRT036MA 闪发故障报警,3KRT036MA 频繁闪发故障报警和2 级报警，每次闪发约不到1 min 后消失,3KRT036MA 不可用，产生I02: KRT5,已采取的行动措施：1 ）查看和执行报警卡；2 ）安排辐射防护就地检查确认3KRT036MA：报警情况；3 ）安排现场检查3KRT036MA 上游供电未见异常；4 ）记录3KRT036MA 不可用产生KRT5 ，同时要求辐射防护加强关注4KRT036MA 的运行情况：5 ）oncall 仪控检查处理,3KRT007MA 就地BC 箱通讯主板故障导致3KRT103BC 箱通讯异常，从而引起3KRT036MA 闪发故障报警,"仪控处理反馈：1 ）检修措施及步骤：①就地3KRT036MA 通道软件打禁止：②检查3KRT036MA 就地运行状态，状态正常：3 确认3KRT007MA 就地BC 箱通讯主板故障导致3KRT103BC 箱通讯异常，从而引起3KRT036MA 闪发故障报警；④更换3KRT007MA 就地BC 箱通讯主板；
恢复3KRT007 至正常运行状态，解除3KRT036MA 通道软件禁止；③主控同时观察3KRT007MA、3KRT036MA 报警情况．24h 内3KRT007MA、3KRT036MA 未发生报警；?3KRT036MAI 闪发故障报警消除。2 ）故障原因分析： 3KRT007MA 就地BC 箱通讯主板故障导致3KRT103BC 箱通讯异常，从而引I 起3KRT036MA 闪发故障报警",
3KRT036MA 电气箱运行指示灯不亮,3KRT036CR 电气箱运行指示灯不亮，仪控持计划票3PT08122开工处理,工作中停运3KRT036P0 时，3KRT036MA 故障不可用，产生I02:KRT9,已采取的行动措施：记录3KRT036MA7 不可用产生KRT9 ．同时要求辐射防护加强关注4KRT036MA 的运行情况,,仪控处理反馈：1）检修措施及步骤：①用万用表测量3KRT236CR运行灯 两端电压为48V，电压正常；②停运3KRT036P0，将3KRT236CR断电；③ 检查3KRT236CR运行灯，发现内部灯泡钨丝烧断④更换灯泡后重启设备， 运行灯恢复正常：2）故障原因分析：运行指示灯钨丝烧断,1)KRT036MA用于DVN、DVK、DVW系统通风管道空气β比活度的监测； 2)KRT036MA测量对象来自多个房间（3KRT036MA有8个取样支路 4KRT036MA有7个取样支路），以3KRT036MA为例，8个取样支路对应8 个房间，依靠各支路的电磁阀循环打开来扫描不同的房间同一时间只有一 个支路在工作中。假设当前工作在A支路，那么只有A支路的电磁阀是打 开的，其他支路电磁阀关闭，工作5min后，A支路电磁阀关闭，B支路 电磁阀打开，再过5min，B支路关闭C支路打开·依次类推
2KRT032MA（2 号蒸汽发生器泄漏率）异常上升,2KRT032MA（2 号蒸汽发生器泄漏率）从0 . 4L /h 上涨到1 . 6L /h,,已采取的行动措施：1)安排辐射防护人员现场检查确认仪表故障情况； 2)主控建立2KRT032MA趋势进行监视，检查2号蒸发器的放射性监测仪表2KRT002MA和2KRT042MA未见异常上升；3)oncall仪控检查处理； 4)经核实由于探头处主蒸汽管道的保温层被拆除，导致探头环境温度上升所致，立即安排维修服务人员恢复保温层，回装保温层后，2KRT032MA仪表示数回落，恢复正常,2KRT032MA探头处主蒸汽管道的保温层被拆除导致探头工作环境温度突 升，导致2KRT032MA泄漏率升高,"仪控处理反馈，1)故障描述：2KRT032MA（2号蒸汽发生器泄漏率）从0.4L/h上涨到1.6L/h。2)处理过程：D检查2KRT032MA的LPDU工作状态正常，泄漏率为1.6L/h，比正常值0.5L/h高；②检查仪表参数，参考峰，都正常；③前往探测器所在房间，发现探测器附近蒸汽发生器管道保温层有拆除，用红外测温仪测得探测器表面温度最低处在45℃，最高处达到75℃，探测器的正常工作温度在30℃左右，用便携式剂量率表测得探测器附近环境本底为0.1μGy/h，属于正常环境本底范围；④判断因为蒸汽发生器管道保温层的拆除引起探测器温度升高，导致泄漏率上升：5通知主控，带运行人员确认现场，随后主控安排工作人员回装蒸汽发生器保温层：
③工作人员回装蒸汽发生器保温层后，泄漏率降低：观察一段时间，泄漏率稳定在0 . 5 L /h ，工作结束。3 ）故障原因分析：2KRT032MA # 探头处主蒸汽管道的保温层被拆除，导致探头工作环境温度突升，导致2KRT032MA 泄漏率升高。另外2 台SG 对应VVP 管道保温层也有被拆除，但是探头附近的保温层完好，探头环境温度没有突变，因此测量值稳定，没有上涨",用于测量蒸汽发生器中N -16 (KRT032MA/033MA/034MA）和惰性气体活度（KRT042MA/KRT043MA/044MA），以发现SG 一次侧向二次侧的泄漏，这些监测通道同PAMS2 系统连接，并同KRT002.003、004MA 互为余
4KRT011KA1C005MA 监测通道故障报警）频繁闪发,10 日中班4KRT011KA1(005MA 监测通道故障报警）频繁闪发，辐射防护反馈就地流量正常，但是流量失效报警频繁触发。11 日夜班多次闪发4KRT011KA1(005MA 监测通道故障报警），辐射防护人员就地检查确认仪表故障，并oncall 仪控进厂处理,影响4RRI 系统A 列设冷水放射性监测的可靠性,已采取的行动措施1 ）查看和执行报警卡；2 ）安排辐射防护人员现场检查确认仪表故障情况，反馈现场仪表运行正常，未见异常；3 ）主控确认4RRI001BA 液位正常，未见异常上涨情况；4 ）oncall 仪控检查处理： 5 ）记录和执行 I02: KRT11,仪控检查反馈流量计KRT005SD 端子接线松动，紧固处理后，报警不再触发,,"KRT005MA/006MA用来监测核岛设备冷却水系统（RRI）A列/B列中的放射性活度。以及时发现一回路辅助系统各类承压边界的完整性一屏障监测。KRT005MA/006MA通道流量失效报警信号一日出现就不会自行消失，取样水流恢复正常后仪表会自动进入测量状态，但失效信号必需要人员到KRT机柜手动解除。正常运行中（未进行设冷的任何操作）。若出现KRT005、006MA失效报警，需通知辐射防护人员检查仪表的运行情况。核实是否通道失水，尝试解除失效报警信号，若可解除，则一般不是KRT仪表自身的问题，多为水流波动或其他因素导致，可继续运行观察或检查。部分RRI阀门的操作也会引I起KRT流量失效报警。KRT005MA/006MA流量计相关工作注意事项：1)开展KRT005MA流量计及探测器腔室进行冲洗工作时。在清洗结束后，重新投运仪表时，RRI头箱液位将会有少量下降，需要关注设冷头箱液位避免现场去RPE的疏水阀未关严，引起设冷头箱液位持续的下降。
2 ）进行冲洗结束后，提醒工作负责人注意SED 的阀门以关严，避免SED 阀门未关严，导致KRT005MA 长期充满SED 水，无法监测RRI 水的放射性，而产生运行事件。某电厂运行事件：20144 年03 月18 日现场巡视发现D2RRI608VN(D2KRT006MA 的SED 冲洗隔离阀）未完全关到位，约有20 ％左右开度。因D2RRI 系统B 列为停运状态，系统压力低于9SED 系统压力，导致冲洗水通过D2KRT006MA 导致其不可用。通知主控并经主控同意后，按规程将D2RRI608VN 全关到位。汇报值长、安工：期间机组记102"
4KRT013KA8CKRT033MA 1 监测通道故障报警）,11:04，主控KIC 出现4KRT013KA8(KRT033MA 监测通道故障报警），主控立即查看4KRT033MA 和4KRT043MA 趋势未见明显变化，后经辐射防护和仪控检查反馈现场仪表计数率低报警，设备不可用。15 : 12 仪控处理消除4KRT033MA 故障报警，恢复可用,"1 ）报警出现前，机组已存在3 个第二组IO(JDT2, EAS2, JP *1),4KRT033MA 不可用产生IO2: KRT5，因4KRT033MA 和KRT043MA 均位于4KRT033BC 中，仪控和辐射防护确认4KRT043MA 同时也不可用， 4KRT043MA 不可用产生一个IO2: PAMS2。故11 : 04 开始4 号机组累积5 个第二组10 ，根据运行技术规范，要求开始24H 后撤计时。当班值在 4KRT033MA 报警触发后，立即要求现场停止正在执行F08-JPT-T-002 试验并进行雨淋阀的恢复操作，11 : 18 辅变雨淋阀恢复可用，消除JP＊第二组IO，累积IO 数量减为4 个。退出技术规范后撤计时。
2)4KRT033MA（和4KRT043MA）不可用，影响3 号蒸汽发生器中N -16 和惰性气体活度以及SG 一次侧向二次侧的泄漏检测",已采取的行动措施：1 ）查看和执行报警卡，检查3 号蒸汽发生器放射性监测仪表4KRT033MA(4KRT043MA)，以及4KRT003MA;2 ）安排现场检查确,4KRT033MA参考峰漂移导致报警触发,"仪控处理反馈：1）故障描述：主控KIC出现4KRT033MA故障报警；2）原因分析：4KRT033MA参考峰漂移；3）处理过程：①查看MOD文件，发现历史事件中触发故障报警信息为“低计数”；②查看LPU历史趋势，设备计数正常；③对LPU进行电测试；测试结果合格；④将就地设备置于“禁止”状态，重启设备发现LPU触发“参考峰计数超出范围”故障导致设备无法找到参考峰；检查设备的探测器能谱，发现参考峰398ch，超出正常范围(250~300ch)；
③逐步将探测器高压由750V 调整至724V ，参考峰调整为261ch ，达到正常范围，故障报警消除；②故障报警消除后持续观察40min ，参考峰稳定在261ch 左右，无故障报警；8 对设备进行重启，重启后设备正常找到“参考峰”，并稳定在261ch 左右，与主控沟通，I0 消除，持票观察未见异常后归还工作许可证：4 ）后续行动：如4KRT033MA 后续继续发生故障报警，则对探测器进行能量刻度，若刻度结果不满足要求则更换探测器",4KRT033MA 和4KRT043MA 均位于4KRT033BC 中，当4KRT033MA 不可用时，可能同时4KRT043MA 也不可用，在RP 模式4KRT043MA 不可用将产生一个I02:PAMS2
3KRT007MA 出现通道故障报警,07:23 主控触发3KRT011KA3(3KRT007MA 监测通道故障报警）现场查看取样泵3KRT007PO 停运,3KRT007MA!监测通道故障，不可用，产生I02: KRT4,已采取的行动措施：1 ）查看和执行报警卡；2 ）联系辐射防护检查确认故障情况；3 ）记录I02: KRT4;4 ）要求辐射防护监视确认3KRT002MA、 003MA、004MA 通道和KRT032MA033MA、034MA 通道正常可用，并避免安排相关的工作，避免同时不可用时产生第一组I01,探头浸水,,KRT007MA 用于监测CVI 冷凝器抽真空系统排气中的β和放射性活度。由于机组启动时CVI 系统排气中气体湿度较大，灰尘较多，为了保护KRT007MA探测器，需要对取样气体进行干燥处理后再进行测量。原设计中干燥器无法提供足够的干燥能力，由于积水过多或灰尘堵塞冷凝水排水孔导致干燥器故障后，多次导致KRT007MA探测器进水损坏。技改后在取样测量回路前端增加机械式干燥装置（汽水分离器），大大增加了汽水分离装置的稳定性和冷凝水的存储能力，提高设备干燥能力。减少故障率
主控闪发3KRT013KA9(3KRT034MA 通道故障报警,主控多次闪发3KRT034MA 通道故障报警,影响3KRT034MA 的可靠性，处理过程中会闭锁3KRT034MA，导致其不可用，产生I02: KRT5,已采取的行动措施：1 ）查看和执行报警卡；2 ）联系辐射防护检查确认故障情况：3)oncall 仪控检查处理；4 ）要求辐射防护检查确认3KRT044MA 的,3KRT034MA参考峰漂移。导致找不到参考峰，从而触发故障报警,仪控处理反馈：1）处理进展：恢复3KRT034MA通道正常运行；2）原因分析：3KRT034MA参考峰漂移，导致找不到参考峰，从而触发故障报警；3）根本原因：参考峰漂移；4）处理过程：D查看设备MOD文件，闪发故障报警原因均为参考峰分辨率超出范围，参考峰找不到；②查看当前参考峰位252ch，（正常范围：250～300ch），上次能量刻度完成后参考峰位275ch，参考峰位已经漂移23ch；③检查探测接地，绝缘（大于11G2）满足探测器运行要求；④用放射源对探测器重新能量刻度，调整设备参考峰位至286ch；5观察设备正常运行，与主控沟通，归还工作票，I0消除,KRT032MA/033MA/034MA（VVP管线放射性）参考峰的正常范围为250~300ch
主控频繁触发3KRT014KA2（005MA监测通道1级报警）和3KRT039KA报警处理（005MA设备冷却水A列活度2级报警）,06:45分开始主控三次闪发3KRT014KA2（005MA监测通道1级报警）和3KRT039KA报警处理（005MA设备冷却水A列活度2级报警）,3KRT005MA故障不可用，产生IO2：KRT11,已采取的行动措施：1）查看核岛设备冷却水系统（RRI）A 列设冷头箱液位无变化；2）辐射防护现场检查仪表无故障；3）联系仪控进厂检查处理，并联系化学对设冷A 列放射性取样化学取样结果&lt;0.03MBq/t，放射性合格,探测器进水导致探测器故障,仪控处理反馈：1）检修过程：D 测量LPDU 内部±12V 电压正常；②检查LPDU 内部端子和接线无异常；③检查设备接地无异常，探测器连接电缆无异常；④设备断电、打开铝室发现铝室进水，探测器进水：将铝室水排尽，除锈，确保铝室内干燥清洁；③使用备件探测器更换。完成后恢复供电；①设备运行2h 后数据无异常；2）原因分析：现场检查发现就地设备数据波动较大，会超过1、2 级报警值。检查就地处理箱内部电缆端接、电压、接地情况均正常，使用信号发生器模拟输入信号未见输出异常。发现探测器所在铝室有积水，闪发报警原因可能由于探测器进水导致：3 机组影响评估：一路RRI 水的放射性测量通道不可用，产生第二组10,"KRT005MA/006MA 用来监测核岛设备冷却水系统（RRI）A 列/B 列中的放射性活度。以及时发现一回路辅助系统各类承压边界的完整性一屏障监测
KRT005MA/006MA 通道流量失效报警信号一旦出现就不会自行消失，取样水流恢复正常后仪表会自动进入测量状态，但失效信号必需要人员到KRT 机柜手动解除。正常运行中（未进行设冷的任何操作）。若出现KRT005 、006MA 失效报警，需通知辐射防护人员检查仪表的运行情况，核实是否通道失水，尝试解除失效报警信号，若可解除，则一般不是KRT 仪表自身的问题，多为水流波动或其他因素导致，可继续运行观察或检查。部分RRI 阀门的操作也会引起KRT 流量失效报警"
主控 KIC 出现 4KRT011KAB（4KRT008MA 监测通道故障报警,11:03 主控 KIC 出现 4KRT011KAB（4KRT008MA 监测通道故障报警）,1)4KRT008PO 如果损坏需要隔离检修，隔离时需要同时停运 4KRT009MA，将导致 4KRT009MA 不可用，产生 I02：KRT8;2）因 ETY 布样点在 4KRT008MA 所在管路中，4KRT008PO 停运不可用，管路中气体流量低，将导致 ETY 布样时不具有代表性，影响 4ETY 布样工作的开展。报警出现时安全壳内压力已达到 104.3kPa·a，已对 4ETY 提取样申请，待布样。若故障长时间无法消除，将影响 4 号机安全壳内气体有效取样，若安全壳内的相对压力超过 6 kPa 时，将产生 I02：EPP1，相对压力超过 10 kPa 时，将产生 I01：EPP2,已采取的行动措施：1 ）主控查看和执行报警卡，立即查看4KRT008MA 趋势未见明显变化；2 ）安排现场检查确认4KRT008MA 机柜4KRT0018AR 的上游供电正常；3 ）联系辐射防护检查4KRT008MA 故障情况，辐射防护反馈4KRT008MA 取样流量低，就地发现4KRT008MA 取样泵4KRT008PO 有焦糊味；4 ）主控要求辐射防护立即停运取样泵4KRT008PO ;5 ）因4KRT009MA 与4KRT008MA 从同一取样母管引流，主控立即联系辐射防护人员检香4KRT009MA ，确认4KRT009MA 运行正常；6 ）安排辐射防护就地检查4KRT008PO 管路在线未见异常：7 ）主控立即oncall 维修电气与仪控就地检查处理，并要求维修电气同时核实泵备件。建议后续行动：运行关注4 号机组安全壳压力上涨趋势，跟踪4KRT008PO 处理进展，在4KRT008PO 恢 复可用后，及时联系化学流出物人员开展4ETY 布样工作，以便后续通过 4ETY 排放降低安全壳内压力,,电气处理反馈：1）处理进展：恢复4KRT008PO正常运行，恢复4KRT008MA可用；2）处理措施：①测量电机直阻、电机绝缘电阻，合格；②测量电容容量为7.9μF（标称容量为10μF，误差±5%），不合格，对电容进行更换；③重新启动4KRT008PO，异音很大，立即停运；④检查4KRT008PO泵曲轴弯曲变形，对泵进行整体更换后，启动4KRT008PO，测量运行电流为1.5A；泵运行正常，恢复4KRT008MA可用；3）故障原因分析：4KRT008PO泵曲轴弯曲变形,ETY 布样点在4KRT008MAJ 所在管路中，4KRT008PO 停运不可用时，管路中气体流量低，将导致ETY 布样时不具有代表性，影响4ETY 布样的工作开展
8KRT902MA 回路取样流量8KRT902SD 流量低,8SEL003BA 排放过程中8KRT902MA 触发流量低故障8KRT902MA 由于取样流量波动而跳闸,,已采取的行动措施：1)维修反馈仪控检查了8KRT902SD未见异常；2）机械对KRT902PO取样泵的叶轮检查未见异常，对泵进出口管线冲洗排气，暂未发现由明显堵塞情况；3）由于8SEL接收和排放压力大，经和维修仪控、辐射防护讨论，仪控建议（经辐射防护同意）：将8KRT902MA的取样回水由原来的回到8SEL049VEC前（即开启8SEL118VE），改到排放到8SEL001PS中（开8SEL121VE关闭8SEL118VE），这样有利于提升8KRT902SD的流量；4）辐射防护投运8KRT902MA后，辐射防护和维修人员现场观察8SEL003BA排放投运8KRT902MA后8KRT902SD流量从0.25m3/h缓慢降到下限0.16m3/h，流量较回水到8SEL049VE前时波动小。反馈8KRT902PO启动前后对8KRT902SD流量影响不大，怀疑8KRT902PO出力可能存在问题：建议后续行动：维修分析故障根本原因和消除缺陷,8KRT902MA取样管路入口至取样腔室存在异物堵塞。导致流量计流量偏低,"机械处理反馈：1 ）缺陷描述：8KRT902MA（见图1 ）取样流量低，怀疑取样泵出力不足或管线堵塞：2 ）处理措施：1 取样泵的排查：a ．泵进出口管线冲洗排气。i ．开8SEL117VE、关8SEL118VE、开8SEL121VE，启泵及停泵状态下，8SEL121VE 流量正常。证明8SEL117VE 至8SEL121VE 管线之间没有堵塞：ii ．关8SEL117VE、开8SEL118VE、开8SEL121VE。8SEL121VE 流量正常。证明8SEL118VE 没有堵塞8KRT902P088KRT902SD8KRT902MAX 8SEL117VE8SEL049VE 图18KRT902MA取样回路b . 3KRT902PO 取样泵的叶轮检香i ．检查叶轮的表面情况，表面光洁、未发现划痕：i ．检查叶轮的转动情况，未发现卡涩、异音：ii ．检查叶轮的入口及出口，未发现异物堵塞情况C ．经过仪控及辐射防护人员见证，已完成3KRT902PO 取样泵的回装。d ．经启泵验证，取样泵未见异常。
2②管线堵塞情况排查：a.经排查发现取样管路入口管线内发现有较多黄色塑料片异物，并进行清理：b.在冲洗8SEL001BA/002BA/003BA时，发现存在异物，并进行清理；3）改进措施：经比对同行电厂安装差异，已实施技改在8KRT902MA的取样口管线上增加滤网，避免小异物堵塞取样口导致流量低跳泵事件再次发生",8KRT902MA的取样流量小于1L/min或大于15L/min时，将触发8KRT902MA!监测通道故障报警。8KRT902MA监测通道故障厂包括流量异常、带有取样回路的监测通道（8KRT902MA）泵停运、电子线路故障、失电等原因引起1或二级报警时，联锁关闭8SEL049VE
执行8SEL排放操作投运8KRT902MA流量计时，发现取样流量低,辐射防护在投运8KRT902MA时，反馈取样流量偏低，将8KRT902MA退出运行后，发现8KRT902MD指针发生卡涩,导致8KRT902MA不可用，产生I02：KRT5，不能进行8SEL排放,已采取的行动措施：1)暂停8SEL排放，记录8KRT902MA不可产生第二组I0：KRT5；2)安排运行人员现场检查排放在线未见异常，泵运行出口压力正常；3）联系仪控检查处理,流量计浮子内部吸附大量铁屑，造成流量计卡涩,仪控处理反馈：1 ）检修措施及步骤：①由主控操作人员将8KRT902KC 、 8KRT904KC 置于TEST ”状态；②检查8KRT902MA ?流量计并清理：3 对 8KRT902MA 取样管路进行冲洗：④使用SEP 水进行验证，确认启动取样泵区域流量达到0 . 60m3 /h 以上；恢复通道至初始状态；③由运行人员在KIC 上将8KRT902KC 、8KRT904KC 置于“NOR -MAL ”位；2 ）故障原因分析：流量计浮子内部吸附大量铁屑，造成流量计卡涩,8KRT902MA 的取样流量小于1L /min 或大于15 L /min 时，将触发 8KRT902MA 监测通道故障报警。8KRT902MA 监测通道故障［包括流量异常、带有取样回路的监测通道（8KRT902MA ）泵停运、电子线路故障、失电等原因引起1 或二级报警时，联锁关闭8SEL049VE
8SEL 排放时8KRT902MA 因取样流量偏低跳闸,8SEL001BA 排放时。两次触发取样流量偏低导致 8KRT902MA 跳闸,导致 8KRT902MA 不可用，产生 I02：KRT5，不能进行 8SEL 排放,已采取的行动措施，1）暂停 8SEL001BA:排放，联系辐射防护检查 8KRT902MA 在线情况和故障情况；2）安排运行现场检查 8SEL001BA 排放在线情况未见异常，泵运行出口压力正常；3）联系仪控检查处理,取样管路中有杂质堵塞,仪控处理反馈：1)检修措施及步骤：D 将 8KRT902KC、8KRT904KC 置于“TEST”位；2 关闭 8SEL117VE.118VE，打开 8SEL119VE，打开 8SEP9940VT 冲洗管路；③打开 8SEL121VE，关闭 8SEL119VE 冲洗 5min 后关闭 8SEP9940VT、8SEL121VE:④将 8KRT902PO 启动，检查流量：流量正常后，将 8KRT902KC、8KRT904KC 置于“NORMAL”位。2)故障原因分析：取样管路中有杂质堵塞,8KRT902MA 的取样流量小于 1 L/min 或大于 15 L/min 时，将触发 8KRT902MA 监测通道故障报警。8KRT902MA 监测通道故障包括流量异常、带有取样回路的监测通道（8KRT902MA）泵停运、电子线路故障、失电等原因引起 1 或二级报警时，联锁关闭 8SEL049VE
4KRT005MA停运且置闭锁，再供电后自动投运,中班执行的文件包《4D401-64 RRI A列在线与充水排气》中，要求通知辐射防护工作人员投运4KRT005MA（设备冷却水放射性活度监测道），当班值联系辐射防护工作人员投运4KRT005MA，辐射防护工作人员检查反馈现场仪表为投运状态。此前08月10日夜班为实施4KRT001AR再供电工作，执行《FQ4.KRT-C-0244KRT001AR停役典型操作票》执行该典操时，停运闭锁了4KRT005MA，此期间未进行投运4KRT005MA的操作,仪表非预期投运,已采取的行动措施：1）向辐射防护以及仪控人员核实确认仪表非预期投运原因：2）编写相关经验反馈进行学习,当只进行软闭锁的MA 断电后重新送电时，MA 将自动解锁投运。所以当4KRT001AR 再供电实施后恢复供电时，处于软闭锁的4KRT005MA 自动解锁投运,"仪控处理反馈：1 ）问题描述：4KRT005MA 停运且置闭锁，再供电后自动投运2 ）原因分析：KRT 仪表（MA ）的闭锁存在软闭锁和硬闭锁两种D 硬闭锁，KIC 或是SVDU 中将相应MA 的KC 置于TEST 位置、辐射防护就地将MA 的BC 箱内的选择旋钮置于禁止位置都属于硬闭锁，见图1 。BC 箱内的选择旋钮置于禁止位置后，MA 的报警和联锁动作均不会触发。KC 置TEST 位置将闭锁联锁动作，但MA 仍能触发报警发送到主控KIC 。就地BC 箱置闭锁位置：以4KRT004MA 为列，4KRT004MA 的BC 箱4KRT004BC 如下左图所示，选择旋钮如图1 所示，a ：闭锁时将三个旋钮拨向禁止位：b . 解锁时分别拨向失效、警告、高报。图1 就地控制箱上置“禁止”位置②软闭锁一般在KRT 的数字化就地处理箱（LPDU ）上按下SUPV 按钮对MA 进行闭锁，见图2 。
4KRT009MA 未软闭锁前4KRT009MA 软闭锁后4KRT009CR4KRT009CR 闭锁后正灯亮69980313888 . 5 按下SUPV 图2 就地处理箱上置闭锁示意图软闭锁，可以闭锁MA 的报警和联锁动作。但当只进行软闭锁的MA 断电后重新送电时，MA 将自动解锁投运。所以当4KRT001AR 再供电实施后恢复供电时，处于软闭锁的4KRT005MA 自动解锁投运",
主控触发4KRT017MA&4KRT021MA 监测通道故障报警,主控同时触发4KRT011KA6:016MA 监测通道故障报警、4KRT011KA7 : 020MA 监测通道故障报警、4KRT013KAB:4KRT017MA 监测通道故障报警和4KRT013KAC:4KRT021MA 监测通道故障报警,触发报警，影响仪表监测的可靠性。仪控和辐射防护共同确认4KRT017/021MA 为可用状态，二级报警可正常触发,已采取的行动措施，1 ）联系辐射防护就地检查4KRT017/021MA 运行正常； 2 ）联系仪控检查，经检查报警触发的原因为：将B 列4KCS132AR 机柜断电后导致L8DVN002MD 流量信号送KRT 的4DVNKRTAD016_01_BSx 失效导,"仪控执行DCS机柜B列设备清灰和打力矩工作,将B列4KCS-132AR机柜断电后导致8DVN002MD流量信号送KRT的4DVN-KRTAD01601-BSx失效,从而导致主控触发4KRT011KA6:016MA监测通道故障报警、4KRT011KA7:020MA监测通道故障报警、4KRT013KAB:4KRT017MA监测通道故障报警和4KRT013KAC:4KRT021MA监测通道故障报警","仪控处理反馈:1)原因反馈:4KCS132AR机柜断电会导致8DVN002MD流量信号送KRT的4DVN-KRTAD01601BSx失效,从而会导致4号主控触发4KRT011KA6:016MA监测通道故障报警、4KRT011KA7:020MA监测通道故障报警、4KRT013KAB:4KRT017MA!监测通道故障报警和4KRT013KAC:4KRT021MA监测通道故障报警;2)影响分析:4KRT017/021MA实际为可用状态,二级报警可正常触发,不需记录I0","8DVN001MD由3KCS033AR 供电,8DVN002MD 由4KCS023AR 供电,3KCS033AR 和4KCS023AR 均为三路供电,来自LNB（两路）、LNE（一路）;8DVN001MD 的信号:就地流量表先送到3KCS033AR,一路信号送进卡件里进行处理（3DVN001MD),另一路信号经过3KCS035CR 隔离后送至4KCS033AR （4DVN001MD):3KCS131AR 中输出的信号（3DVN001MDBsxBUP）和 3KCS132AR 中输出的信号（3DVN002MD_BSxBUP）是送到3 号BUP 上显示:8DVN002MD 的信号:就地流量表先送到4KCS023AR,一路信号送进卡件里进行处理（4DVN002MD):另一路信号经过4KCS025CR 隔离后送至 3KCS023AR(3DVN002MD):4KCS131AR 中输出的信号（4DVN001MD_BSxBUP）和4KCS132AR 中输出的信号（4DVN002MDBsxBUP）是送到4号BUP 上显示:3KCS107AR 机柜断电会导致8DVN001MD 流量信号送KRT 的3DVNKRTAD01601-ASx 失效,从而会导致3 号主控触发3KRT011KA6:016MA监测通道故障报警、3KRT011KA7:020MA监测通道故障报警、 3KRT013KAB:3KRT017MA监测通道故障报警和3KRT013KAC:3KRT021MA监测通道故障报警,此时3KRT017/021MA为可用状态。二级报警可正常触发。不需记录I0。3KCS107AR 为三路供电,来自LNE/LNG/LMA。 4KCS132AR 机柜断电会导致8DVN002MD 流量信号送KRT 的4DVNKRTAD01601BSx 失效,从而会导致4号主控触发4KRT011KA6:016MA监测通道故障报警、4KRT011KA7:020MA监测通道故障报警、"
8KRT505P0-无法启动导致8KRT505MA 不可用,执行解隔离8PW11686（缺陷处理：8RRI090VN 安全阀压力整定及密封试验）后，重新恢复启动8KRT505P0 时，发现泵无法启动,1)8KRT505P0 无法启动，导致无法监测8SVA001BA 冷凝水的活度，产生I02: KRT10;2）当8KRT505P0 故障不可用时，8SVA001BA 液位高时，需要开疏水阀向8RPE001PS 排水（8RPE001PS 向8TEU003/004BA 排水），增加三废系统的处理负担,已采取的行动措施，1 ）安排现场检查8KRT505P0 上游供电情况，未见异常：2 ）确认8SVA001P0/002P0 处于手动，密切监视8SVA001BA 液位液位高时，可通过开疏水阀排水到8RPE001PS 中；3 ）oncall 仪控检查处理,8KRT705CR 箱内开关量线缆松动,仪控处理反馈：1 ）检修措施及步骤：D 查看8KRT505MA 软件参数设置，参数设置正确；②检查8KRT505MA 就地处理箱内部端子接线，端子接线正常：③检查通道流量计指针，指针灵活无卡涩现象；④检查8KRT705CR 箱,"8KRT505MA用于8SVA001BA内辅助蒸汽冷凝水比活度的监测8KRT505PO为8KRT505MA取样回路取样泵：
当8KRT505PO 不可用时，8SVA001BA 内的冷凝水不能通过 8SVA001PO/002PO 排到3 /4STR 除氧器。可以将8SVA001PO/002PO 置于手动，监视液位并联系化学取样合格后再排放到3 /4STR 。或是直接改变在线将8SVA001BA 内的冷凝水排放到8RPE001PS ，最终进入到地面废水接收罐8TEU003/004BA"
主控出现9KRT502KA3 9KRT505MA 监测通道故障,,1)9KRT505MA不可用，导致无法监测9SVA001BA冷凝水的活度，产生双机组I02：KRT10;2）当9KRT505MA故障不可用时，9SVA001BA液位高时，需要开疏水阀向9RPE001PS排水（9RPE001PS向9TEU003/004BA排水），增加三废系统的处理负担,已采取的行动措施：1)安排现场检查9KRT505PO上游供电情况，未见异常；2）确认9SVA001PO/002PO处于手动，密切监视9SVA001BA液位液位高时，可通过开疏水阀排水到9RPE001PS中；3）反馈2号机组，9KRT505MA不可用，将产生双机组I02：KRT10；4)oncall1仪控检查处理,因储水罐液位低或流量波动过大：导致流量失效从而使取样泵停运，而取样泵异常停运后，未按下电气柜9KRT705CR内复位键，无法正常投运,仪控处理反馈：1 ）检修措施及步骤：D 现场检查9KRT505MA 失效灯亮，流量计上下限值均正常且无流量，储水罐液当前液位为：1m ；②打开电气柜9KRT705CR ，启动取样泵，取样泵无法运行；③按下电气柜9KRT705CR 内强制启动取样泵按钮，取样泵能运行，确认取样泵无异常，松开强制启动按钮；④按下电气柜9KRT705CR 内RESET 按钮后，启动取样泵 9KRT505PO ，取样泵正常运行；5 持续观察9KRT505MA : LPDU 正常运行，流量计流量稳定为：0 . 4m /h 。2 ）故障原因分析：因储水罐液位低或流量波动过大，导致流量失效从而使取样泵停运，而取样泵异常停运后，未按下电气柜9KRT705CR 内复位键，无法正常投运,9KRT505MA 用于9SVA001BA 内辅助蒸汽冷凝水比活度的监测，9KRT505PO 为9KRT505MA 取样回路取样泵。当9KRT505PO 不可用时，9SVA001BA 内的冷凝水不能通过9SVA001PO/002PO 排到1/2STR 除氧器。可以将 9SVA001PO/002PO 置于手动，监视液位，并联系化学取样合格后再排放到1/2STR 。或是直接改变在线将9SVA001BA 内的冷凝水排放到9RPE001PS ，最终进入到地面废水接收罐9TEU003/004BA。9KRT505PO 跳闸后，重新投运时需要按下电气柜9KRT705CR 内复位键复位后，方可正常投运
8KRT505MA 在停运状态下产生一级、二级报警,,报警误触发,已采取的行动措施：1）安排辐射防护检查确认8KRT505MA故障报警情况；2）通知工作许可证8PW10913的工作负责人暂停工作；3）oncall仪控检查处理,8KRT505MA探头信号电缆头松动，产生信号干扰,仪控处理反馈：1 ）检修措施及步骤：①检查8KRT505CR 报警阈值，一级为\(1\times 10Bq/m\)，二级为\(4\times 10Bq/m\)，报警阈值正确；②检查灵敏度值为\(1.08\times 10-4\)，灵敏度正确；③检查LPDU 接地，确认处于良好状态；④检查设备供电，高压为809V ，且±12V 、5V 电压均正常：检查设备数据处理单元，做模拟量测试，测量值正常，数据处理单元处于正常工作状态；③在LPDU 上运行本底测试命令，本底值为4Hz≤10Hz ，处于正常范围内：？检查8KRT505MA 探头信号电缆，发现其松动，重新端接；③观察设备运行1h ，无报警现象；2 ）故障原因分析：8KRT505MA 探头信号电缆头松动，产生信号干扰,8KRT505MA 用于8SVA001BA 内辅助蒸汽冷凝水比活度的监测8KRT505PO 为8KRT505MA 取样回路取样泵。当8KRT505PO 不可用时，8SVA001BA 内的冷凝水不能通过8SVA001PO/002PO 排到3/4STR 除氧器。可以将 8SVA001PO/002PO 置于手动，监视液位，并联系化学取样合格后再排放到3/4STR 。或是直接改变在线将8SVA001BA 内的冷凝水排放到8RPE001PS ，最终进入到地面废水接收罐TEU003/004BA
9KRT505MA取样泵运行时噪音大,现场巡检发现9KRT505PO运行过程中有明显异音,1）9KRT505PO停运后，9KRT505MA不可用：导致无法监测9SVA001BA冷凝水的活度，产生双机组I02：KRT10;2）当9KRT505MA故障不可用时，9SVA001BA液位高时，需要开疏水阀向J9RPE001PS排水（9RPE001PS向9TEU003/004BA排水），增加三废系统的处理负担,已采取的行动措施：1)安排现场检查9KRT505PO上游供电情况，未见电压电流异常波动；2）为避免泵损坏，手动停运泵9KRT505PO；3）确认9SVA001PO/002PO处于手动，密切监视9SVA001BA液位液位高时，可通过开疏水阀排水到9RPE001PS中；4）反馈2号机组，9KRT505MA不可用，将产生双机组I02：KRT10;5)oncall仪检查处理,取样泵9KRT505PO异常。取样管线及测量腔室有沉淀物淤积导致取样流量值偏低,"仪控处理反馈：1）检修措施及步骤：D现场确认仪表工作状态：9KRT505MA运行正常，但取样泵9KRT505PO运行时声音偏高。仪表流量计显示流量值低于其最低刻度值0.16m/h，但未低于其报警下限；②查看仪表取样管线各阀门，均无异常，9SVA001BA储罐液位正常；③在9KRT505CR将仪表置于禁止状态，停运取样泵9KRT-505PO，使用除盐水正向、反向冲洗取样管线及测量腔室，冲洗流出物较浑浊，说明取样管线及测量腔室有沉淀物淤积，待流出物透明后，关闭除盐水，并将取样管线各阀门恢复；④将取样泵投运后，取样流量值上涨至0.25m/h。但仍低于其他电厂该通道取样流量0.4m/h，取样泵声音依旧异常：将取样泵停运后
7 确认仪表9KRT505MA 工作正常，在9KRT505CR 将仪表解除禁止状态。2 ） 故障原因分析：取样泵9KRT505PO 异常，取样管线及测量腔室有沉淀物淤积导致取样流量值偏低",9KRT505MA 用于9SVA001BA 内辅助蒸汽冷凝水比活度的监测9KRT505PO 为9KRT505MA 取样回路取样泵。当9KRT505PO 不可用时，9SVA001BA 内的冷凝水不能通过9SVA001PO/002PO 排到1/2STR 除氧器。可以将 9SVA001PO/002PO 置于手动，监视液位，并联系化学取样合格后再排放到1/2STR 。或是直接改变在线将9SVA001BA 内的冷凝水排放到9RPE001PS ， 最终进入到地面废水接收罐9TEU003/004BA
8KRT505MAE 取样泵无法启动，导致通道无法监测,8KRT505MA取样泵无法启动,导致8KRT505MA不可用,已采取的行动措施，1)安排现场检查8KRT505PO上游供电情况，未见异常；2)确认8SVA001PO/002PO处于手动，密切监视8SVA001BA液位，液位高时，可通过开疏水阀排水到8RPE001PS中；3)oncal1仪控检查处理,取样管路堵塞，造成流量计计数偏低从而引起停泵,"仪控处理反馈：1)检修措施及步骤：①检查取样泵电源：供电均正常：
②检查取样回路阀门状态正常：③启动取样泵，查看流量显示值低于流量计设备下限值，从而停泵信号无法消除；④对取样管路进行分段冲洗检查，经过检查发现8KRT505PO至8SVA236VL 间堵塞：机械将8KRT505PO至8SVA236VL 间管道切割开；③在切割开处。进行冲洗，发现套管处管道流量偏低，确认套管管道外径偏小：修改8SVA004LT 安装位置，延长扩大管，增加流体流道：恢复8KRT505MA取样管路阀门至正常状态。2 ）故障原因分析：取样管路堵塞，造成流量计计数偏低从而引起停泵",9KRT505MA用于9SVA001BA 内辅助蒸汽冷凝水比活度的监测，9KRT505PO为9KRT505MA取样回路取样泵。当9KRT505PO不可用时，9SVA001BAP 内的冷凝水不能通过9SVA001PO/002PO 排到1/2STR 除氧器。可以将9SVA001PO/002PO 置于手动，监视液位，并联系化学取样合格后再排放到1/2STR 。或是直接改变在线将9SVA001BA 内的冷凝水排放到9RPE001PS ，最终进入到地面废水接收罐9TEU003/004BA
4KRT041MA 取样泵异常跳闸,"18:56:33 主控触发4KR041MA 监测通道故障报警。主控立即联系辐射防护就地检查发现仪表取样泵4KRT041PO 异常跳闸，系统在线检查正常。经主控安排后，辐射防护人员按照就地操作单准备重新启动取样泵。 4KRT041PO 仪表取样流量、显示均恢复正常，无异常报警时间为 19:15:23）。21:03 分再次触发4KRT041MA 故障报警，取样泵4KRT041PO 未知原因跳闸。4 号机组当前MCS 木模式且EBA 投运，产生I01: EBA1
主控触发1KRT015KA（008MA反应堆厂房N-13活度1级报警）、1KRT038KA（008MA反应堆厂房N-13活度2级报警）、1KRT011KAB（008MA监测通道故障报警），主控KIC中1KRT008MA显示××x","1)4KRT041MA 测量EBA 系统空气取样活度，其故障在MCS 模式EBA 投运时下产生I01:EBA1+I02: KRT4:2）初始机组已存在限制条件（设备闸门开启运输物资），I0 叠加要求后撤时间为1h;3)EBA 系统为保持安全充换气通风设置，保证内部人员的工作条件。如关闭则将影响厂房内通风和即将进行的主系统排气操作
1）1KRT008PO故障需要隔离检修，隔离时可能需要同时停运1KRT009MA，将导致1KRT009MA不可用，产生I02：KRT8；
2 ）因ETY 布样点在1KRT008MA 所在管路中，1KRT008PO 停运不可用，管路中气体流量低，将导致ETY 布样时不具有代表性。影响1ETY 布样工作的开展。报警出现时1 号机安全壳内压力已达到104 kPa.a ，已对1ETY 提取样申请，待布样。若故障长时间无法消除，将影响1 号机安全壳内气体有效取样，若安全壳内的相对压力超过6 kPa 时，将产生I02:EPP1 ， 相对压力超过10 kPa 时，将产生I01:EPP2","已采取的行动措施：1 ）初始机组存在限制条件（设备闸门开启运输物资），I0 叠加要求后撤时间为1h 。当班值紧急退出14EBA.3 运行，消除101:EBA1。4EBA 退出后将对即将开始的主系统充水后的排气操作主线）造成影响；2 ）联系辐射防护值班人员现场检查确认异常情况和在线情况，要求辐射防护重新启动4KRT041PO ，恢复4KRT041MA 可用；3)onca11 维修仪控人员检查并处理取样泵异常跳闸原因；4 ）安排主控和现场熟悉《F04-D12-C-004 EBA 系统停运、恢复DVNEVR 至正常运行方式》（EBA1 的条款要求8h 内隔离EBA 贯穿件）;5 ）确保机组安全壳0m、8m 气闸门保持联锁状态
已采取的行动措施：1 ）主控查看和执行报警卡，立即查看1KRT008MA 趋势变化，KIC 中1KRT008MA显示×××;2 ）安排现场检查确认1KRT008MA 机柜1KRT018AR 的上游供电正常；3 ）联系辐射防护检查1KRT008MA 故障情况，确认取样泵1KRT008PO 停运；4 ）因1KRT009MA 与1KRT008MA 从同一取样母管引流，主控立即联系辐射防护人员检查1KRT009MA ，确认 1KRT009MA 运行正常；5 ）安排辐射防护和运行现场就地检查1KRT008PO 管路在线，未见异常；6 ）主控立即oncall 维修电气与仪控就地检查处理，并要求维修电气同时核实泵备件。建议后续行动：运行关注1 号机组安全壳压力上涨趋势，跟踪1KRT008PO 处理进展，在1KRT008PO 恢复可用后，及时联系化学流出物人员开展1ETY 布样工作，以便后续通过1ETY 排放降低安全壳内压力","4KRT041MA：滤纸破损
1KRT008PO 石墨叶片损坏",仪控处理反馈1）检修措施及步骤：①D检查发现4KRT041MA滤纸破损； ②更换新滤纸，调节流量至2.40m/h；③设备恢复正常，故障消除；④工作结束后，清理现场；2）故障原因分析：4KRT041MA滤纸破损,"KRT041MA 用于监测EBA 系统空气活度的变化，并自动启动隔离装置，隔离EBA、RPE 系统。3 /4KRT041MA 触发二级报警时，将联锁 3 /4RPE002VY/017VP/027VP/055VE 关闭， 3 /4RPE001P0/002P0/003P0/004P0/014P0 停运， EBA001VA/003VA/013VA/015VA 关闭。KRT041MA 从EBA 系统壳外管路抽气取样进行测量，抽气管路相关的EBA 阀门为EBA013VA、014VA、015VA、 016VA。这几个阀门若被关闭（即便任意一个），都会导致KRT041MA 取样泵停运且通道出现流量失效故障报警（3KRT003AR 机柜故障报警、 4KRT004AR 机柜故障报警）。失效报警信号一旦出现就不会自行消失，必须要人员到KRT 机柜手动解除
ETY 布样点在1KRT008MA 所在管路中，1KRT008P0 停运不可用时，管路中气体流量低，将导致ETY 布样时不具有代表性影响1ETY 布样的工作开展"
8KRT902MA 投运时，发现无流量。导致无法正常投运,准备执行8SEL002BA 排放。投运8KRT902MA 时，仪表无取样流量,导致8KRT902MA ！监测道不可用产生第二组IO ：KRT3 ，无法进行8SEL 废液排放,已采取的行动措施：1 ）暂停8SEL002BA 排放工作，要求辐射防护检查确认8KRT902MA 在线情况和故障情况；2 ）安排运行现场检查8SEL002BA 排放在线情况未见异常，泵运行出口压力正常：3 ）联系仪控检查处理,1)8KRT902MA 取样管路人口至取样腔室存在异物堵塞，导致流量计流量偏低；2)8KRT902MA 取样管路入口处上游SEL 管路中水量较少，监测道投运后，SEL 管路中水被排空,"仪控处理反馈：1 ）处理进展：8KRT902MA 监测道流量计流量恢复正常，当前值为0 . 6m/h（流量范围：0 . 06~0 . 9m/h），设备运行状态正常；2 ）原因分析：D8KRT902MA 取样管路入口至取样腔室存在异物堵塞。导致流量计流量偏低：②8KRT902MA 取样管路人口处上游SEL 管路中水量较少，监测道投运后，SEL 管路中水被排空；
3 ）缺陷影响分析：导致8KRT902MA 监测道不可用，产生第二组IO ： KRT3 :4 ）后续行动：D 与运行及辐射防护人员沟通，密切关注8KRT902MA 流量计流量变化；②在8KRT902MA 投运前关注SEL 管道液体情况",8KRT902MA 的取样流量小于1L /min 或大于15 L /min 时，将触发 8KRT902MA 监测通道故障报警。8KRT902MA 监测通道故障（包括流量异常、带有取样回路的监测通道（8KRT902MA ）泵停运、电子线路故障、失电等原因引起）或二级报警时，联锁关闭8SEL049VE
4 号机组LOCA 监测系统（LSS ）梯形图显示异常,仪控工作人员执行4LSS 系统C21 报警试验时，在试验执行结束后，主控4LSS 屏幕梯形图画无法显示完整梯形图，无法显示梯形图边界线，实时数据显示无异常。3 号机正执行8RIS011P0 对3 号机组中压安注箱充水工作,梯形图边界丧失，影响主控准确有效的监控^1,已采取的行动措施：1）主控室手动跟踪运行状态变化，15 min记录一次运行点数据；2）停止8RIS011PO对3号机组中压安注箱充水工作，消除限制条件。限制条件消除后，尝试重启4LSS系统软件，查看软件是否恢复正常，若软件重启失败，执行4LSS系统机柜更换工作（101工作）,LOCA监测软件键盘参数采集子程序运行异常，无法正常获取键盘参数值，导致系统无法标定梯形图边界，从而造成梯形图画面显示异常,仪控处理反馈，1）处理过程：①仪控尝试重启4LSS系统软件，软件重启失败；②重启4LSS系统主机：主机重启后，4LSS系统软件重启成功系统恢复正常。2）故障原因分析：LOCA监测软件键盘参数采集子程序运行异常无法正常获取键盘参数值，导致系统无法标定梯形图边界，从而造成梯形图画面显示异常,"1)4LSS屏幕梯形图画无法显示完整梯形图，实时数据显示无异常。不用记录102；2)4LSS系统软件卡涩，无法显示实时数据时，需要记录102：RPN9；
3）重启计算机主机需要记录101：RPN10；4）执行C21报警试验前，确认机组上无第一组I0或未使用限制条件"
4号机组LOCA监测系统（LSS）梯形图显示异常,中班仪控人员执行 4LSS 参数修改，将 100%FP 对应的轴向功率偏差参考线由-4%修改为-3.25%。参数导入后，梯形图无边界显示，但其他参数可以实时跟踪，已与安工确认当前不需要记录 10,梯形图边界丧失，影响主控准确有效的监控△1,已采取的行动措施：1）要求仪控分析故障原因并采取措施消除故障；2）考虑LOCA 计算机重启将产生第一组 10，故在消除缺陷前尽量不安排存在第一组 10 的工作,根据现场采集信息，初步分析画面异常原因为：LOCA 监测软件键盘参数采集子程序运行异常，无法正常获取键盘参数值，导致系统无法标定梯形图边界，从而造成梯形图画面显示异常,"仪控处理反馈：1）处理进展：经当班值同意，将 3、4 号机组 LSS 系统机柜工控机进行了对换（因 12 月 05 日 4 号机组 LSS 故障时紧急拆借 3 号机组工控机，而 3 号机组使用 4 号机组修复后的工控机，此次更换将工控机恢复至原对应机组），对换完成后 3、4 号机组 LSS 系统机柜均已恢复可用，重新导入物理参数后，3、4 号机组 LSS 系统各项参数显示正常。
2 ）缺陷描述：4 号机组在执行LSS 参数调整工作时，出现梯形图显示异常问题。3 ）工作过程：①确认4RPN006AR 设备位号，打开4RPN006AR 机柜门；②确认C21 信号处于闭锁位置；③在LOCA 监测软件上切换权限至工程师；④退出软件，关闭LOCA 计算机；5 互换3LSS 主机箱与4LSS 主机箱，重启LOCA 计算机机箱并重新登录软件；③确认软件恢复正常，重新下装键盘参数及磁盘参数，确认各项参数画面显示正常；②工作结束，关闭机柜门。4 ）原因分析：D 根据现场采集信息，初步分析画面异常原因为：LOCA 监测软件键盘参数采集子程序运行异常，无法正常获取键盘参数值。导致系统无法标定梯形图边界，从而造成梯形图画面显示异常。目前厂家尚未给出解决方法；②本次问题与12 月10 日出现的“执行4LSS 系统C21 报警试验后4LSS 系统梯形图显示异常”情况相同，该问题可能与",1)4LSS 屏幕梯形图画无法显示完整梯形图，实时数据显示无异常。不用记录 102；2)4LSS 系统软件卡涩，无法显示实时数据时，需要记录 I02：RPN9;3)重启计算机主机需要记录 I01：RPN10；4)执行 C21 报警试验前，确认机组上无第一组 I0 或未使用限制条件
4 号机组LOCA1 监测系统（LSS）通讯故障,夜班4 :35 左右，4LSS 计算机出现4RPN436KA（LSS 故障）报警当班值查看主控室LSS 计算机画面和4RPN006AR 内的LSS 画面发现LSS 参数不变化，BUP 盘热功率大表参数不变化，在4RPN006AR 内有系统故障灯亮。其余未发现其他异常,导致4LSS 系统软件卡死，软件卡死崩溃重启产生第一组I01:RPN10,已采取的行动措施：1 ）查看和执行报警卡，检查LSS 计算机画面和4RPN006AR 内的LSS 画面发现LSS 参数不变化BUP 盘热功率大表参数不变化参阅FQ4-RPN-I-001 故障规程有关章节和运行技术规范中的相关规定； 2)oncall 维修仪控进厂检查。经与维修仪控电话确认，通讯故障仅导致LSS 监测功能不可用，主机仍可用；3 ）立即安排现场人员到KME 读取4 号机组堆芯热功率，每10 min 记录一个参数；4 ）主控室根据物理提供的,系统报错软件退出，重新登录后出现通讯故障，确认为通讯端口异常，由正常端口COM3跳转至COM9,"仪控处理反馈：1）处理进展：已通过软件重启并配置软件通讯端口消除报警，目前系统已恢复正常。2）缺陷描述：运行人员在盘盘过程中发现4LSS监视界面出现系统错误提示，在点击确认后软件意外退出，重启软件后出现通信故障报警。3）原因分析：①4LSS系统软件卡死崩溃，与前两次故障类似（C21试验时点击试验按钮软件异常、参数修改后界面参数显示异常），为软件故障；
②经与厂家沟通，软件重启后通讯故障的原因为软件意外退出会导致通讯端口被初始化，恢复至默认值，需对软件端口进行重新选择与配置",3 /4 号机组LSS 系统的数据处理和显示在一个处理器和一个软件实现（其中1 /2 号机组含有两个处理器，一个用于数据处理，一个用于显示），故4LSS 系统软件卡死崩溃重启需要记录101 ，梯形图画面异常不用记录 10 ：主机故障或主机重启则需要记录101 ：RPN10
主控LOCA 监测系统（LSS ）显示器突然黑屏,,1)两个LSS 显示器均不可用，记录I02：RPN9;2)LSS 计算机不可用，记录I01：RPN10,已采取的行动措施：1）执行技术规范要求采取的措施，从KIC上读取RPN 系统必要的参数值，手动跟踪运行状态；2）已oncall 仪控、物理、安工、运工立即进厂，汇报值班处领导通知生产计划联系降功率保驾人员进厂；3）主控做好降功率典型操作票和后撤D 规程的准备,4LOCA 监测机柜工控机主机箱电源模块损坏，确认模块内一块压敏电阻击穿,仪控处理反馈：1 ）处理进展：经当班值同意，紧急拆借3 号机组LOCA 机柜工控机对4 号故障设备进行更换，更换完成后LOCA 监测机柜成功重启， LSS 系统恢复可用，重新导入参数后，热功率天表及堆芯监视画面显示正常。2 ）缺陷描述：4 号机组主控LOCA 监测系统远程显示器突然黑屏就地检香发现工控机电源指示灯闪烁，机柜电源空开自动跳闸LSS 系统失电不可用。3 ）工作过程：D4RPN0006AR 机柜的防雷接地装置故障，导致电源开关跳闸，实施TSD 后，拆除防雷接地装置，重新合闸，上游开关仍然跳闸；②4LSS 系统主机电源合闸后，导致空开跳闸，判断为工控机主机箱内部故障，导致进线电源短路。定位出4LSS 系统主机故障，经紧急拆借3 号机组LSS 系统主机作为备件。（3 号机组正在大修，对LSS 系统没有要求，设备可以作为紧急备件使用）；③实施安全措施闭锁C21 信号；④更换备件后，物理人员已准备好光盘和文件，更新LSS 键盘和磁盘参数， 4LSS 系统恢复可用；解除C21 闭锁信号。4 ）故障原因排查分析：4LSS 系统恢复后，仪控拆卸了故障主机上百个螺丝、解体十多个部件后，将问题定位到了主机内电源模块内一个压敏电阻被击穿,"1 )LSS 故障后相关经验：①D 机组大表中的堆芯稳态热功率取自LSS 系统数据，当LSS 故障的时候，以KME 数据为准，具体计算操作方法见“KME 操作手册”文件；②为满足技术规范要求：从KIC 上读取RPN 系统必要的参数值，手动跟踪运行状态。需要使用“离线运行点跟踪”EXCEL 表格（每
③技术规范要求：如果功率＞15 %FP ，6 h 内降负荷到这一功率水平之下， 同时要求根据△I 范围使负荷缓慢地（0 . 3 %FP /min ）下降到后撤功率水平，具体降功率时间点参考《FQY -50P -TPEP -00033 /4 号机组LSS 系统故障应急预案》中LSS 故障后降功率方案；④更换备件前，需要闭锁C21 信号，状态恢复后解除C21 信号；5 现场需要准备一份主机备件和光盘数据。作为应急维修时使用，维修编写生效LSS 故障紧急维修预案；2 )LSS 故障涉及的技术规范：①4LSS 屏幕梯形图画无法显示完整梯形图，实时数据显示无异常。不用记录102 ;②4LSS 系统软件卡涩，无法显示实时数据时，需要记录102 :RPN9 ;③重启计算机主机需要记录101 :RPN10 ;④执行C21 报警试验前，确认记录上无第一组I0 或未使用限制条件"
主控频繁闪发4RPN436KA(LSS故障）报警,降负荷至2 . 5 %FP ~3 %FP 过程中，主控出现4RPN436KA(LSS故障报警,报警频繁触发影响主控操纵员监盘，可能导致LOCA 监测系统画面异常卡顿,,低功率下，当RPN 功率量程各通道的6 段节电流之和小于0 . 5 V （对应电流为10μA ）时，导致系统中有关节电流的计算将被认为无效从而产生LSS 系统故障报警（RPN436KA）,仪控处理反馈：1 ）缺陷描述：4 机组低功率状态下闪发4RPN436KA(LSS 系统故障）报警。2 ）报警原因：经与设计沟通，根据LSS 系统设计原理，其中有关节电流计算的设计中有以下限制要求： （SH1+SH2+SH3+SB1+SB2+SB3)>0.5V 注：RPN 功率量程各通道的6 段节电流之和须大于0 . 5 V （对应电流为10μA ）如果不满足以上条件，系统中有关节电流的计算将被认为无效，从而产生LSS 系统故障报警 （RPN436KA）。而根据通道功率水平计算公式 P=GxKx/KHx(SH1+SH2+SH3)/3+KBC(SB1+SB2+SB3)/3）注：G （电流-功率转换系数）为常数，设置为1x10 单位：A/%FP)K、KH、KB 为功率刻度系数，每月通过堆芯功率分布测量试验校核确定。当满足以上条件时。核功率须达到一定的功率水平（通常3 %FP 左右，具体数值与当前功率刻度系数有关）。3 ）报警影响：该报警由机组工况变化引起，属于正常现象，不属于设备缺陷，不影响设备可用性,低功率下，当RPN 功率量程各通道的6 段节电流之和小于0 . 5V （对应电流为10μA ）时，将导致系统中有关节电流的计算将被认为无效，从而产生LSS 系统故障报警（RPN436KA）。可以适当控制核功率大于约3 %FP ，以消除LSS 系统故障报警（RPN436KA）
4号机低功率工况下LOCA监测系统卡顿,接班时当班值发现4号主控的LOCA监测系统画面异常卡顿，数据刷新缓慢，且报警画面存在大量报警信息，无法清除,严重影响早班即将进行的4号机调停后的升功率期间的相关参数的监测，产生第一组IO：RPN10,已采取的行动措施：1)执行《FQ4-0P00-TD-170124号机组LSS系统故障应急预案》；2)oncall仪控过来检查处理，仪控反馈只能通过重启LOCA监测系统来进行处理，LOCA监测系统重启，需要记录RPN10的I01，仪控开票重启系统之后，系统恢复正常，不再卡顿,4LSS系统监视软件缓存报警数据过多，导致系统处理器负荷过大,2 ）工作处理过程：①与主控沟通，确认C21 信号已闭锁；②确认设备位 号，打开4RPN006AR 机柜门；③检查确认设备硬件运行无异常；④进入 LOCA 监测软件，切换至工程师权限退出软件；5 重新启动计算机；③系统重启后，使用工程师权限登陆软件界面；②重新配置通讯端口，确认系统通讯故障报警消失；8 确认系统所有画面切换流畅，且状态显示正常；9 关闭机柜门，归还工作许可证：汇报工作完成情况,"1 ）低功率下LOCA 监测系统报警较多，需及时确认；2 )1 /2 号机组LSS 系统显示和计算单元是分开的，有两个服务器，显示卡顿，重启显示服务器就行，计算服务器还在运行，只算第二组I0,3 /4 号机组LSS 系统重启服务器需要记录第一组I0"
1 号机组出现1RPN436KA（LSS 故障或C21 试验）报警，LOCA 机显示以太网故障,"16:43，1 号机组出现1RPN436KA 报警（LSS 故障或C21 试验），与此同时LOCA 监测系统显示器1KIC601WS-000HV 的ERR 画面报警显示栏中出现LSS 故障（RPN436KA）和机架以太网络模块故障报警，并且报警无法复位消除。检查LOCA 计算机1KIC601WS-000HV 的SYS 画面（主要设备运行状态显示页）中的PLC 部分第二个模块显示为红色，正常运行时显示为绿色
仪控间检查1RPN006AR 并对比2RPN006AR 发现柜内对应模块2 红灯亮、系统故障灯亮、电源指示灯灭。后经仪控澄清，模块2 红灯是电池状态，电源灯不亮已有历史缺陷，见图1 。图11RPN006AR 上故障报警情况此报警为1 号机组首次出现，且出现报警时，主控LOCA 监测显示器上梯形图放大功能无法正常使用，△I 运行点不能变大。但是坐标轴系可以变大，且I 运行点不会实时自动变化，画面切换时△I 运行点会变化，其他画面中的所有运行参数正常变化",1 号机组出现1RPN436KA 报警（LSS 故障或C21 试验），堆芯跟踪模块故障不可用，LSS 显示器不可用，产生随机I02(RPN9 ：堆芯跟踪模块 （CFM ）不可用或两个显示器均不可用）,已采取的行动措施：1 ）立即查看和执行报警卡：2 ）执行故障规程《FQ1 - RPN-I-001 核仪表系统运行故障》；3 ）立即oncall 仪控人员到厂，通知物理人员、安工，汇报处领导；4 ）执行《FQX-OP00-TD-180021/2 号机组LSS 系统故障应急预案》；5 ）根据技术规范要求跟踪堆芯 RPN 参数，每15 min 记录一次参数，并将1RPN003HXT 进行打印备用；6 )LSS 系统故障，大表中的堆芯稳态热功率显示不准确，安排一名操纵员前往L604 熟悉KME 系统相关操作，以便实时跟踪计算堆芯热功率值；7 ）仪控人员到厂后重新启动软件，KIC 及LOCA 计算机1KIC601WS-000HV 报警均消失； AI 运行点恢复正常。经仪控人员检查初步分析是LOCA 系统跟踪模块故障,上位机底层软件存在BUG ，导致LOCA 上位机软件异常崩溃,仪控处理反馈，1 ）工作过程：D 验证隔离边界，确认设备位置，检查初始条件，确认PLC 工作正常；②打开1RPN006AR 柜门；③重启LOCA 检测软件，软件运行恢复正常：④查看轴向功率偏差等参数，确认无异常.；5 工作结束，向运行人员报告工作完成情况：2 ）故障原因分析：上位机底层软件存在BUG ，导致LOCA 上位机软件异常崩溃,PLC 模块1~6 的功能及对应故障1 ）电源冗余模块，1 个电源模块对系统功能无影响，2 个电源模块同时故障会导致LOCA 处理部分与堆芯跟踪模块均不可用：2 ) CPU 模块，故障会导致LOCA 处理部分与堆芯跟踪模块均不可用；3 ）以太网模块，该模块用于与上位机通讯，故障会导致堆芯跟踪模块均不可用；4 ) DI 模块，故障对系统本身功能无影响，仅影响C21 测试信号功能；5 ) DO 模块，故障会导致C21 信号无法触发或异常触发C21 信号；6 ) MODBUS 通讯模块，该模块与DCS 进行通讯，故障会导致LOCA 处理部分与堆芯跟踪模块均不可用。另LOCA 计算机1KIC601WS-000HV 的SYS 画面中除PLC 部分外的其余设备统称为跟踪模块。通过对以上不同功能模块故障快速判断故障的原因，从而决定后续的处理措施
2LSS 系统显示器卡顿、无法操作工控机硬件重启不成功,2 号主控18 : 17 ，触发2RPN436KA（LSS 故障或C21 试验）报警主控查看LOCA 监测系统计算机显示器画面卡顿，数据不刷新，鼠标动作缓慢随后间歇性无法动作。主控根据1 /2 号机组LSS 系统故障应急预案查看 2RPN006AR 中PLC 运行状态指示灯指示正常，但柜内显示器故障现象与主控室显示器一致。判断LOCA 处理计算机可用，堆芯跟踪模块CFM 或两台显示器不可用，记录RPN9 。仪控人员到场后，主控重启软件进程。仪控人员重启工控机，均无法重新启动系统。当前仪控人员正在领取备件，准备对工控机主机进行更换,堆芯跟踪模块CFM 或两台显示器不可用：记录RPN9,1 ）已采取的行动措施：①根据1 /2 号机组LSS 系统故障应急预案密切监视LOCA 系统PLC 运行状态，与专业共同确认当前LOCA 处理计算机运行正常；②oncall 仪控、设备管理、物理、安工进厂③根据RPN9 条款要求，执行要求采取的措施，每15 min 从KIC 上读取RPN 系统必要参数手动跟踪堆芯运行状态：④主控根据预案软件重启进程。仪控人员硬件重启工控机，均无法重新启动系统：2 ）建议后续行动：①维修部门分析制订方案、消除缺陷；②近期LOCA 计算机连续出现故障，本次故障后多次重启,工控机硬件性能不足,"仪控处理反馈：1）处理进展：更换工控机备件后，2LSS系统LOCA处理计算机已恢复正常，RPN9的I02已消除：
2 ）工作过程：①召开工前会，详述风险分析，着重强调检修仪影响 2RPN006AR 工控机（仅I02:RPN9，要求7 天内检修完成），工作期间保持对PLC 状态正常的确认；②闭锁C21 下游动作；③尝试调出任务管理器失败，无法退出2LSS 应用软件；④点击2LSS 工控机“重启”按钮；5 重启后工控机无法进入操作系统；③确认已镜像安装现场备份系统的工控机备件能够正常运行；①更换工控机备件：8 备件启动后，出于谨慎考虑，执行《FOX-RPN-T-I002: LSS 系统参数调整（磁盘参数）》重新下载2LLS 最新磁盘参数：核实2LSS 系统键盘参数正确；10 由于软件界面切换存在卡顿，对2LSS 软件历史数据文件进行清理；①D 与运行、物理、设备管理共同确认，目前2LSS 软件状态正常，特别是报警界面正常，且可正常获取历史趋势；②确认当前数据点处于运行图正常范围；13 确认C21 未触发，解除对C21 下游动作的闭锁；④向主管人员报告工作完成情况：3 ） 故障原因分析：工控机硬件性能不足",1 /2 号机组LSS 系统显示和计算单元是分开的，有两个服务器，显示卡 顿，重启显示服务器就行，计算服务器还在运行，只算第二组I03/4 号机LSS 系统重启服务器需要记录第一组I0
执行2LSS系统C21信号试验时，无法触发2RPN429KA（LSS报警C21）报警,执行2LSS系统C21信号试验时，无法触发2RPN429KA（LSS报警C21）报警,无法触发2RPN429KA（LSS报警C21）报警，机组上行后，存在C21保护无法触发危及反应堆安全的风险,已采取的行动措施：1)查看KIC画面检查确认C21信号未被闭锁；2)联系仪控检查处理,LSS机柜的PLC通讯模块出现故障,仪控处理反馈：1）工作过程：①重新触发C21信号DCS通讯模块相关情况，发现并无相关异常；②检查LSS机柜发现机柜的PLC通讯模块出现故障；③对PLC通讯模块进行热插拔；④重新触发C21信号，发现KIC上能够正常触发RPN429KA报警；通知主控室工作完成；2)故障原因分析：LSS机柜的PLC通讯模块出现故障,当至少两个功率量程通道轴向功率偏差△I超出反应堆运行梯形图左、右限时（处在50%FP以下的右侧除外）或就地LSS机柜（RPN006AR）上有C21试验，将触发C21信号
4PTR001P0主控显示有自动停命令，无法启动,执行燃料装载井打循环在线时，发现4PTR001P0有保护停信号，无法启动,导致泵无法启动，影响实施燃料装载井打循环工作的开展,已采取的行动措施：1）分析和检查泵保护停信号，初步怀疑4PTR027SP仪表故障；2)oncall仪控检查处理,4PTR027SP仪表漂表,仪控处理反馈：1)检修过程：①验证隔离边界，确认设备位号与工作票一致；②与主控沟通，说明工作内容及工作中存在的风险；③流程图与现场根阀4PTR027VSP不一致，经运行核实为4PTR027VSP；④关闭4PTR027VSP，拆除4PTR027SP的航空插头，并做好绝缘包裹，使用万用表测量，仪表当前的状态为低报；缓慢拆除仪表引压管，并用废液收集袋收集废液，使用压缩空气罐吹扫仪表接头，确认无残液，连接压力校验仪，对4PTR027SP进行校验并做好记录，计算仪表允许误差，仪表不合格；③调整仪表后，重新使用压力校验仪对仪表进行校验，并记录数据，计算仪表允许误差，判定仪表合格；7拆除压力校验仪，回装仪表引压管，打开4PTR027VSP，恢复仪表初始状态；③工作完毕，归还工作许可证；2）故障原因分析：4PTR027SP仪表漂表,4PTR027SP保护停泵定值85kPa，消报定值135kPa
就地按下2PTR001P0 启动按钮2PTR001T0 后，泵未启动，主控显示大红色,通过2PTR002P0 对2PTR001BA 进行循环时，就地按下2PTR001P0 启动按钮2PTR001T0 后，泵未启动，主控显示大红色,影响2PTR002P0 对2PTR001BA 打循环工作的开展,已采取的行动措施，1 ）安排运行现场检查泵供电是否正常，未见明显异常：2 ）oncall 电气检查处理,泵供电开关抽屉柜端子排接线松动,电气处理反馈：1 ）故障现象：就地按下2PTR001P0 启动按钮2PTR001T0 后，泵未启动，主控显示大红色；2 ）检修过程：①到现场验证隔离，工作前验电；②检查抽屉柜时。发现端子排接线松动，将抽屉拉出，将接线紧固；③将抽屉拉出，将接线紧固，重新送入抽屉，报警仍存在；④联系运行，就地按下启动按钮，测量启动信号未到达，联系仪控配合进行处理；仪控将该报警复位后，联系运行重新启动该泵，泵运行正常。验证合格；③归还工作许可证：3 ）故障原因分析：泵供电开关抽屉柜端子排接线松动,1)PTR001P0 可在就地控制柜PTR001AR、003AR、005AR 上启动和停运。在PTR001AR 上有选择开关：001CC。001CC 有两个档位：PTR001P0 由 PTR001AR 控制或由PTR003 和005AR 控制：2 ）当泵入口压力PTR027SP 低（小于85kPa ）时泵跳闸同时在主控和001AR 上出现报警，2PTR027SP 消报定位为135kPa
4PTR023VB 逆止阀卡涩导致RRA 系统满水备用时余热排出泵出口压力低,巡盘时发现余热排出泵出口压力4RRA004MP 显示为0 . 05 MPa ，经对比相同机组模式下的3 号机组显示0 . 19 MPa 。由于RRA 系统退出运行后由乏池通过4PTR021VB、4PTR023VB 保持满水状态，压力应显示0 . 19MPa 。 目前怀疑4PTR023VB 逆止阀卡涩导致（当前1 号机组存在同样缺陷）,导致RRA 系统在退出运行后，导致乏池未能通过PTR 系统与RRA 系统连接管线来使RRA 保持满水状态,已采取的行动措施，1 ）主控对比相同机组模式下的3 号机组余排泵出口压力显示0 . 19 MPa ，初步怀疑4PTR023VB 逆止阀卡涩或是仪表 4RRA004MP 故障，经查4RRA004MP 趋势未见明显异常；2 ）联系机械准备检查处理方案,4PTR023VB 逆止阀卡涩，导致乏池未能通过PTR 系统与RRA 系统连接管线来使RRA 保持满水状态,2) 工作过程：①确认设备位号，辐射防护人员确认环境剂量率；②执行4PTR023VB逆止阀卡涩处理方案；③服务人员拆除保温；④对止回阀进行敲击：与主控确认4RRA004MP压力显示读数正常，工作结束；3)故障原因分析：4PTR023VB逆止阀卡涩，导致乏池未能通过PTR系统与RRA系统连接管线来使RRA保持满水状态,RRA系统退出运行后由之池通过4PTR021VB、4PTR023VB保持满水备用状态
3PTR001P0运行时，出口逆止阀处存在管道敲击声,,导致泵出口管道内存在水锤敲击声，存在引起泵流量压力波动的风险和泵逆止阀损坏的风险,已采取的行动措施：1）降低3PTR001P0流量调低到310m/h左右时水锤声消失：2）oncall设备管理人员现场检查处理,当PTR泵流量在（310~360m3/h）区间时，由于该流量可能无法使泵出口止回阀全开，此时阀瓣在腔室内处于浮动状态，随着流量的波动，不断地撞击阀体限位凸台，产生异音（既有撞击限位凸台的声音，也包含阀瓣与摇臂之间的摩擦声音）,设备管理处理反馈：1 ）影响评估：由于当前3 号机组乏池没有装载核燃料，PTR 系统流量略低于设计值不影响乏池冷却，不会影响核安全功能，但阀门未全开，需要注意泵出口压力，需要时恢复流量到要求值：2 ）故障原因分析：当PTR 泵流量在（310~360m /h）区间时，由于该流量可能无法使泵出口止回阀全开，此时阀瓣在腔室内处于浮动状态，随着流量的波动，不断地撞击阀体限位凸台撞，产生异音,每台PTR 冷却循环泵的正常流量在冷却乏燃料水池时为421 . 5m /h （以 361.5m /h 的流量保证其冷却，同时以60m /h 的流量进行净化，而且冷却和净化都是连续运行的），在作为RRA 系统应急备用时为300m3 /h
1RAM002M0启动瞬间，触发接地保护，上游开关误动作误动作跳闸,1RAM002M0启动瞬间，触发接地保护，上游开关误动作误动作跳闸,导致1RAM002M0启动失败,已采取的行动措施：1)安排现场检查1RAM002P0上游供电开关，发现1LKB3161JA跳开；2)oncall维修电气检查处理,1)M40型漏电保护继电器说明书，明确要求“电机启动电流大于6倍额定电流时需调整漏保时间、增大CT或增加屏蔽磁环”；2)因1RCP004RS负荷投用（300A电流PWM斩波频繁启停），造成1RAM002M0上游开关抽冠1LKB3161JA内漏保CT受到电磁干扰误动作,电气处理反馈：1）处理过程：①取得工作许可证，召开工前会，确认工作范围及工作对象相关风险分析；②维修电气人员到达现场，分析故障原因，电机三相对地绝缘良好，相间阻值平衡稳定良好，电气逻辑正常；③初步判断1RAM002MORESYSM40型漏电保护继电器误动作；④经与值长协商在3A定值10s延时的工况下，重新起机试验，起机10s后1RAM002M0上游开关再次因漏电保护继电器动作跳闸（额定电流256A；启动电流约1400A）；5维修电气人员，在现场仔细观察、分析，发现1RAM002M0上游开关抽屉1LKB3161JA旁有1RCP004RS负荷投用，该负荷的电流特性是0~300A每隔1s左右频繁启停；,RAM保护跳闸信号可分作电动机进线断路器（LKA1161JA、LKB3161JA）保 护跳闸和发电机出口断路器（RAM401JA、RAM601JA）保护跳闸。当任意 RAM电动发电机组组1跳闸信号触发时，电动机进线断路器保护跳闸，以 LKA1161JA为例：机组1跳闸信号包括以下信号①机组1励磁期间（403JA 合闸期间）发生励磁故障（401XI）；②差动保护跳闸（402XI）；③短路 过流保护（403XI）；④逆功率保护（401XW）；RAM401JA过流保护跳闸； ③RAM402TL发出RAM401JA合闸信号（置于“ON”，信号记忆当RAM402TL 置于“OFF”时信号复位）时LKA1161JA故障。以RAM401JA为例，发电机 出口断路器保护跳闸信号如下①机组1跳闸信号（同上）；②LKA1161JA 在分闸状态：3公共出线低频信号（501XU）
提升G2控制棒组时，主控出现3RAM301KA公共故障报警，现场有接地故障报警,"3: 35, 主控配合仪控人员提升控制棒组 G2 至 225 步期间, 出现卡棒, 同时出现 3RAM301KA 报警, 经现场核实为 3RAM512LA 母线接地故障, 经复归不成功, 后联系电气及仪控人员核实原因, 经仪控人员断开 G2 棒组电源, 现场复归报警消失","1) 卡件接地故障, 导致机柜上游空开 3RGL006TB、622/623JA 跳闸; 2) 导致 G2 棒组无法上升和下插","已采取的行动措施: 1) 查看和执行报警卡, 按照报警卡执行复位操作, 未能消除故障; 2) 暂停控制棒操作, 安排现场检查核实 RAM 机柜故障报警情况确认存在 3RAM512LA 接地故障; 3) 安排现场检查 G2 棒组机柜 RGL022AR/023AR 故障报警情况; 4) oncall 电气检查处理",主电源卡件内部接线老化导致接地,"仪控处理反馈: 1) 工作过程: ①仪控人员检查机柜初始状态, 确认机柜已上电且没有异常; ②在 RGL023AR 电源柜面板将开关打至“双重保持”位置; ③断开故障主电源卡件对应的 260V 空开 KS4; ④拔出故障主电源卡件, 更换备件; 闭合 260V 空开 KS4; ⑤在 RGL023AR 电源柜面板将开关打至“正常”位置, 并按故障清除; ⑥与运行确认接地报警消除, 且无其他异常报警: 工作结束, 清理现场, 归还工作许可证; 2) 故障原因分析: 主电源卡件内部接线老化导致接地",G2 棒组对应的控制机柜为 RGL022AR (G2-1 棒组)、RGL023AR(G2-2 棒组)
主控触发1RAM201KA（RAM2号机组故障）报警，确认发现1RAM002AP故障 跳闸,18：12:56，1号主控触发1RAM201KA（RAM2号机组故障）报警立即确认 发现1RAM002AP故障跳闸，现场确认1RAM601JA跳闸上游电源 1LKB3161JA跳闸。立即安排现场检查1RAM001AP运行且供电正常，确认 1RAM002AP跳闸,导致1RAM002AP跳闸,已采取的行动措施：1)立即查看和执行报警卡，确认1RAM002AP故障跳闸 2安排现场检查确认1RAM001AP运行情况正常；3）oncall维修电气检查 处理,1RAM002AP的其中一个正极碳刷磨损超过可用范围导致励磁电流低于继电 器整定值，机组跳闸,"电气处理过程：1)检修过程：①确认设备位置及隔离条件正确：②检查面 板，上面显示601XI励磁故障：③对1RAM002AP内碳刷进行检查，发现正 极碳刷磨损过多，仅剩16mm，低于设计参考值17mm；④对1RAM002AP内 4个碳刷进行更换：清理现场，归还工作许可证：⑤运行人员进行启机， 并机成功：
2 ）故障原因分析：1RAM002AP 的其中一个正极碳刷磨损超过可用范围，导致励磁电流低于继电器整定值，机组跳闸",
主控出现1RAM101KA（1号机组故障），现场1RAM401JS 跳闸,"07:28,1 号主控出现1RAM101KA RAM1 号机组故障报警，主控及现场检查1RAM001AP 和1RAM002AP 运行正常。现场检查1RAM001TB 上出现1RAM415LA 故障灯亮（401JS 断开），查询逻辑图为1RAM401JS 故障，现场查看发现1RAM401JS 跳闸",1RAM401JS 跳闸，导致信号采集小开关、RGL402ID 综合监测表、401XU 低电压继电器、RGL401XW 逆功率继电器失电,已采取的行动措施：1 ）查看和执行报警卡，主控和现场检查1RAM001AP 运行正常；2 ）现场检查1RAM001TB 上故障情况，发现1RAM415LA 故障灯亮，1RAM401JS 跳闸断开；3 ）oncall 电气检查处理,低电压继电器1RAM401XUC、N 相短路导致上游开关1RAM401JS 跳闸,电气处理过程：1 ）检修过程：①取得工作许可证，核对设备位置、编码并验证隔离；②召开工前会，交代工作内容风险分析与预防措施，建立工作区域；③按工作方案《F01-MA-TD-E16018 1RAM101KA(RAM 1 号机组故障）报警处理方案》执行；④检查1RAM401JS 下游设备401TU、402TU、 403TU、402ID、401 XW 及其接线端子处无烧焦、变色、蜘蛛等异常情况：5 测量1RAM401XUC、N 两相直阻为28Q，远小于正常值0 . 69MQ2 ，判断损坏，对其进行更换；6 拆除变压器1RAM401TU、402TU、403TU 一次、二次侧接线测量各端子对地绝缘，均大于550MQ2 ；7 测量变压器1RAM401TU、 402TU、403TU 一次、二次侧直阻均正常，具体数据见工作方案：8 测量401JS 下游电缆各相对地绝缘，均大于550MQ2 ；9 拆除继电器1ARM401XU、401XW 上的接线，测量变压器二次侧电缆绝缘，均大于550MQ：0 恢复拆除的接线：D 检查并紧固1RAM401JS、401TU、402TU、403TU、402ID、 401XU、401XW 上的所有接线端子：（②检查发现1RAM401JS B 相导通情况不良，合闸时直阻在10~20 之间波动，正常值2 欧左右，故对其更换；3 联系运行人员启动1RAM001AP ，机组运行正常。确认主控室报警1RAM101KA已消除：1④清理工作现场，归还工作许可证2 ）故障原因分析：低电压继电器1RAM401XUC、N 相短路导致上游开关1RAM401JS 跳闸,1)1RAM401JS 为信号采集小开关，为1RAM402ID 综合监测表、1RAM401XU 低电压继电器、1RAM401XW 逆功率继电器提供采样电压： 2)RAM401JS/601JS 断开，会使得402XI/602XI 、 403XI/603XI.401XW/601XW 失电，可能导致RAM401JA/RAM601JA 跳闸
4RAM002AP 带载并车过程中电机低频保护动作,4 号机根据4D11 规程执行F04-RAM-C-001（先启动4RAM001AP 再启动4RAM002AP 手动带载并车）操作票，4RAM001AP 启动后，在启动4RAM002AP 同步并车的过程中出现4RAM002MO 低频保护动作，该保护导致4RAM002AP 无法正常并车,1 ）影响4RAM002AP 同步并车，4RAM 电机无备用；2 ）目前4 号机控制棒已提至5 步，单台RAM 电机运行失去备用，有停堆落棒风险；3 影响仪控执行冷态控制棒再鉴定及试验，根据主规程仪控试验执行完成前，主回路升温不得超过90 ℃，进而影响主回路升温主线,已采取的行动措施：1 ）暂停带载并车操作和仪控执行冷态控制棒再鉴定及试验；2 ）安排现场检查4RAM002MO 各项运行参数（频率、电压等参数）；3 ）oncall 设备管理、维修专业就地检查；4 ）维修电气检查后将4RAM002AP 暂停运行,低频保护继电器本身故障或者无法躲过电机启动过程导致报警无法复归,电气处理过程1 ）工作过程：①检查601XH 端子接线紧固情况及绝缘均无异常：②更换同型号低频继电器：③在4RAM003TB 的607BN 的1 、3 、5 、7 号端子接上录波器：④运行配合启动4RAM002AP ：录取电压波形；检查 601XH 的三个指示灯持续闪烁，即继电器不能正常工作：③断开,"RAM 单机组低频保护动作, 只跳该机组相应的出口断路器, 低频保护误动作影响范围只限该机组。如果母线出现低频, 则两台机组的低频保护均动作, 分别跳开出口断路器。低频保护技术改造相关内容: 1)每台 RAM 发电机设置单独的低频保护, 低频保护动作只跳闸相应的发电机出口断路器; 2)低频保护采样点设置在发电机出口断路器之后, 通过 RAM406/606JS 进行采样; 3)低频保护只在发电机出口断路器合闸情况下才起作用; 4)低频保护动作之后, 保护信号自保持, 该信号通过机组故障信号统一送到 DCS, 同时通过控制柜指示灯指示; 5)保护、报警信号通过故障复位按钮复位; 6)指示灯可通过灯试按钮测试; 7)出口断路器 RAM401/601JA 断开情况下, 闭锁低频保护; 断路器合上之后延时投入低频保护, 防止保护误动; 8)信号采集开关 RAM406/606JS 断开情况下, 闭锁低频保护; 信号采集开关合上之后延时投入低频保护, 防止保护误动"
2RAM001AP 电动发电机就地有功、无功显示为零,巡检发现2RAM001AP 电动发电机运行时就地有功、无功显示为零,,已采取的行动措施：1）主控检查2RAM001AP和2RAM001MO进线和出线开关处于正常闭合状态；2）主控检查KIC画面中2RAM001AP和2RAM001MO各项温度和振动趋势稳定；3）安排现场进入发电机参数画面中查看发电机视在功率、频率、功率因数、励磁电压、励磁电流、相间电压、相电流等参数是否正常；4）oncall电气检查处理,2RAM004TB中端子排006BN中部分端子接线松动，CT采集的电流信号未正确送至多功能显示表计402ID，导致2RAM001AP发电机发电机就地有功、无功显示异常,"电气处理过程：1）工作过程：1召开工前会，交代工作内容。风险分析与预防措施。建立工作区域；②按工作方案《FQ2-MA-TD-E16025 2RAM001AP就地有功无功显示为0故障处理方案》执行；3对2RAM001TB3多功能显示表计402ID至2RAM004TB中CT侧回路进行检查：④检查2RAM001TB中多功能显示表计402ID、端子排403BN、三相过流继电器403XI、逆功率继电器401XW、差动保护继电器402XI外观及接线，未发现明显异常；5断开403BN两端接线连接，检查403BN至表计侧回路，未发现异常，检查403BN至CT侧回路，发现回路阻值较大，存在异常；
③检查2RAM004TB 中端子排006BN 至CT 侧，发现006BN 中部分接线端子存在松动，接触不良，对006BN 中接线端子进行紧固处理；②测量各相CT 线圈直阻，三相直阻平衡，检查CT 线圈接地侧确认接地良好；8 在403BN 上外加1A 三相电流信号，观察402ID 三相电流显示均约180A （CT 变比900/5)，显示正常；③清理工作现场，归还工作许可证：2 ）故障原因分析：2RAM004TB 中端子排006BN 中部分端子接线松动，CT 采集的电流信号未正确送至多功能显示表计402ID，导致2RAM001AP 发电机发电机就地有功、无功显示异常",在RAM001TB 上的411HV 液晶触摸显示屏上点击“发电机参数”进入发电机参数画面，可以查看视在功率、有功功率、无功功率、频率、功率因数、励磁电压、励磁电流、相间电压、各相电流等参数
1RAM002M0投运后，主控KIC画面上1RAM002M0驱动端轴承振动显示正常，1RAM021MT显示正常，但是1RAM022MT显示“xXXX”,"1RAM002M0投运后，主控KIC画面上1RAM002M0驱动端轴承振动和非驱动端轴承温度1RAM021MT均显示正常，但是1RAM022MT(1RAM002M0驱动端轴承温度）显示“\(X\times X\times X""\)",导致无法在KIC中监视1RAM002M0驱动端轴承温度,"已采取的行动措施，1）主控查看1RAM002M0驱动端轴承振动和非驱动端轴承温度1RAM021MT均显示正常：
2 ）主控查看1RAM022MT 变化趋势，确认1RAM022MT 故障情况：3 ）提工作申请（WR ）按计划处理",该型热电阻接口采用航空插头，针脚与插口见接触不良。1RAM022MT航空插头接触不良。导致DCS收到信号超出量程范围故显示“XXXX”,,1）当RAM002MO驱动端轴承温度RAM022MT≥90℃时，将产生RAM022KA002MO驱动端轴承温度高报警；2）当RAM002MO驱动端轴承温度RAM022MT≥105℃时，将产生RAM042KA002MO驱动端轴承温度高高报警；3）RAM002MO驱动端轴承温度异常升高的可能原因有：①轴承欠润滑；②轴承过润滑；③轴承腐蚀变形；④传感器故障；润滑油不合格；6润滑油道污染
主泵转速表3RCP360MC和轴位移仪表3RCP352MM短时异常波动,,影响主泵停运时顶轴油泵的自动启动以及轴封应急注入阀门的自动动作,1) 已采取的行动措施: oncall 维修仪控; 2) 建议后续行动: 301 大修期间对 VC6000 中 SOLT33 卡件进行更换,VC6000 申 SOLT3 采集卡件故障,"仪控处理反馈: 1) 处理进展: 301 大修期间对 VC6000 中 SOLT3 卡件进行更换后恢复正常; 2) 故障原因分析: 经检查与 3RCP360MC 同一时间消失的信号还有 3RCP352MM。由当前状态(均由 VC6000 中 SOLT3 卡件采集信号, 当前均示数稳定, 无异常情况)分析, VC6000 中 SOLT3 采集卡件故障可能性较大, 探头及放大器单元无相关问题; 3) 检修步骤: ①D 对 3RCP800AR 内 VC6000 进行断电处理; ②拆下 VC6000 前面板固定螺丝, 将 VC6000 拆下并用记号笔进行标记; ③将 VC6000 备件放进支架内, 并将前面板螺丝进行紧固; ④使用 VC6000 专用组态电脑对 VC6000 软件组态进行下装","主泵零转速表逻辑: 1) RCP160MC 或 RCP260MC 或 RCP360MC 高高 1750 r/min 触发 RCP000KA;
2) RCP160/260/360MC 高高 1750 r/min 与上对应的 RCP140/240/340MY 高高 1750r/min 触发 RCP981/983/985KA, 导致对应主泵停运; 3) RCP001/002/003P0 启动 8 s 后且 1 h 内, 若 RCP160/260/360MC 小于 200r/min, 导致对应主泵停运; 4) RCP160/260/360MC 任一仪表低至 200r/min 会自动开启对应主泵的再循环阀 RCP912/942/972VP; 5) RCP160/260/360MC 任一仪表低至 1200 r/min 与上 RCP160/260/360MC 不为 0r/min, 启动对应主泵顶轴油泵 RCP011/021/031P0; 6) [RCP160/260/360MC 高于 1400r/min 或 RCP160/260/360MC 低至 0 r/min1 与上无 RCP011/021/031P0 启动命令, 允许在 KIC 上手动停运对应主泵顶轴油泵 RCP011/021/031P0; 7) RCP160/260/360MC 任一仪表低至 0r/min 与上「主泵高压泄漏流量高 3 延时 4 s (RCV036MD&RCV037MD/RCV038MD&RCV039MD/RCV040MD&RCV041MD 高至 1.35 m/h 延时 4 s) 或主泵轴封流量低 4 延时 30 s"
4RCP341MC 转速探测器转速频繁大幅度波动,4RCP341MC 转速探测器转速频繁大幅度波动,影响主泵运行，有停堆停机风险,已采取的行动措施：oncall 维修仪控检查,4RCP340MY 的2 号探头4RCP341MC 损坏，导致4RCP003PO 转速剧烈波动，频繁触发4RCP003PO 转速低/低低报警,"仪义控处理反馈1)故障现象：4RCP003PO 转速探头4RCP340MY 转速波动，闪发转速高、转速低及转速低低报警；2)处理进展：设计上，主泵核级转速信号由测量传感器经同轴电缆和核岛贯穿件，送至转速处理机架，通过卡件处理，将测量频率信号转换为4~20mA 标准电流信号后送至DCS。因此能够导致转速信号波动的原因包括：传感器、贯穿件、处理机箱、DCS卡件以及各设备与信号电缆之间的接头故障。为准确定位故障点，需对上述原因进行逐一排查。经排香后确认为转速处理机箱故障传感器贯穿件处理机箱DCS卡件更换国产转速处理机箱：①由于4RCP340MC作为主用信号，自1月28日短时波动后一直保持稳定；同时，考虑机箱更换过程，需尽量减少信号临时强制时间，故此未对该通道信号执行录波操作。②1月31日，完成在线更换核级转速处理机箱，根据管理晚会上相关专业决定，将4RCP340MC设置为主用通道保持运行，至今未出现信号异常。③转速处理机箱位于4LNC配电盘房间W643的4KCS833AR机柜内，3号主泵的转速选择开关310CC指的是传感器选择旋钮，1代表4RCP340MC，2代表4RCP341MC。
148.82 图1 自带转速处理机箱图2 国产转速处理机箱3 ）检修步骤：D 强制4RCP340MYX31（用于修正RPN 中子通量变化率高信号）的转速值为0 （强制后产生变化率高报警，需尽快复位）；②强制4RCP340MYX32（用于产生RPR 质量位信号）的转速值为0 （会产生单通道主泵转速L /LL 信号及报警）；③强制4RCP340MY_QQ-32*12 强制为0 （即将340MY 送IP 的质量位强制为触发，将导致340MY 参与的所有RPR 保护降级，可导致RPR 超温／超功率△T 、P7＆主泵转速L /LL 的保护逻辑降级）；④强制4RCP340MY_QQ_32*22 强制为0 （目的同3 ）；强制4RCP340MY_QQ-32*42 强制为0 （目的同3 ）；③强制4RCP_SH01C 强制为0 （目的同3 ）；②强制去IA 信号为当前值（用于主泵超速保护和显示）；执行4RCP340MY 机架更换；9 恢复强制信号","根据仪控分析。强制后主控将产生如下报警：①4RPR136KA：功率量程中子注量率变化率高（三通道）；②4RPR163KA：三号环路冷却剂泵转速低低；③4RPR160/163KA 主泵转速低、低低报警：④4RPN436KA：LSS 故障报警：4RPR780KA 质量位报警：③4 RPR170 KA 超温△T 报警。但是实际完成强制后，3 、4 、5 报警未触发。核实原因如下D4RPN436KA,LSS 故障报警未
未出现超温、超功率△T 和预报警的原因：主泵转速修改为0r/min 后，超温△T 定值：从144 ％变为108 %；超功率△T 定值：从108 ％变为145 ％。△T 实际值为101 ％。因此，并不会导致超温超功率△T 动作。但因为此时已将保护的质量位强制，实际上是处于逻辑降级状态。相当于3 环路的超温、超功率△T 均为触发状态。经了解，同行电厂执行类似工作时，未强制超温、超功率△T 的质量位触发。考虑到执行RCP140 /240 /340MY 实际不会触发超温△信号（实际动作值有一定距离），执行该信号强制反而增加因超温、超功率△T 触发导致误动风险。建议后续执行类似工作不再强制质量位信号触发。且不强制质量位信号不会影响P7 ＆主泵转速L /LL 的保护。 2015 年10 月，某电厂1 号机组也出现过类似的转速波动情况，经咨询同行电厂及相关专家，根据故障模式推断为处理机箱内信号调理回路存在异常，闪发故障导致测量信号的波动。经更换国产转速处理机箱后，故障消除，运行至今情况良好"
主控室闪发4RCP902K A 报警,主控室闪发4RCP902KA报警，查看历史趋势发现4RCP603MN液位指示在01:59:53秒从33.47％突然高漂至100%，在01:59:58秒液位指示恢复至27％并持续稳定下来,4RCP603MN参与4RCP001PO泄漏油泵4RCP012/13PO启停逻辑影响主泵正常运行,"1）已采取的行动措施：关注泄漏油泵4RCP012/13PO运行。
2 ）建议后续行动：实施TCA 将主泵下部油箱的备用油位探头4RCP604MN 替代4RCP603MN 的相关联锁逻辑，待完成对4RCP603MN 维修处理后，解除TCA",怀疑仪表存在偶发性故障,仪控处理反馈一处理进展：1 ）实施TCA ，已将4RCP603MN /604MN 的主控KIC 显示与现场仪表互换，当前仍然为4RCP603MN （主控KIC 显示参数）参与逻辑控制；2 ）2018 年8 月2 日401 大修仪控实施工单检查检修4RCP603MN 后恢复正常,RCP012PO 启停逻辑1 ）手动启动：KIC 画面点击泵体手动启动：2 ）自动启动：D 下部油箱油位（RCP603MN ）大于35%+RCP001KG 已切至 012PO ;②RCP013PO 运行300S 后下部油箱油位（RCP603MN ）仍然大于 35 %；3 ）手动停运：KIC 画面点击泵体手动停运：4 ）自动停运：以下任一信号出现时，RCP012PO 将自动跳闸。①RCP012PO 运行300s 后，轴承箱油位仍然大于35 %；②下部油箱油位低于20 %；③RCP012PO 运行10s 后，泄漏油泵出口流量小于500L /h；④上部油箱油位（RCP605MN ）低于20 %③上部油箱油位（RCP605MN ）高于80 %；⑤下部油箱油位（RCP603MN ）低于15 %；7 下部油箱油位（RCP603MN ）高于75 ％
3RPE001BA和3RCP002BA压力偏低,3RPE001BA和3RCP002BA压力偏低,导致3RCP002BA/3RPE001BA 无足够氮气覆盖的情况下接收一回路的含氢废水，有氢气爆炸的风险,已采取的行动措施：oncall1 维修机械对3RAZ031VZ进行检查,3RAZ031VZ 失去正常调节能力。阀门指挥器无法全关，怀疑指挥器存在内漏,1 机械处理反馈一一处理进展：2018 年1 月23 日机械反馈经检查初步判断为阀门本体供气管线上的阀芯内漏，当前无法处理，建02 工单进行跟踪；2018 年2 ．月10 日机械对3RAZ031VZ 解体检查后发现I 压管线内有较多铁锈灰尘，检查过滤器滤芯铁锈较多怀疑堵塞，可能是前期管道内有水导致生锈。经与运行沟通后对RAZ 管道进行吹扫。吹扫后调节3RAZ031VZ 下游压力至0 . 025MPa.g ，后3RPE001BA 和3RCP002BA 压力稳定：2 ）运行处理反馈：2018 年2 月13 日对RAZ 管道进行吹扫，3RAZ403VZ 下游吹扫出大量黑色粉末状物质,
压力容器参考水位压差3RCP094/095MN 无法读取,压力容器参考水位压差3RCP094/095MN 无法读取，ICCMSSU 工作站上监视软件故障无法启动,大修期间可能影响压力容器水位监视,已采取的行动措施：oncall 维修仪控检查,软件与ICCMS 机柜通讯协议证书过期失效,仪控处理反馈一处理进展软件与ICCMS 机柜通讯协议证书过期失效。 （EOMM 手册中给出的证书有效期为15 年）由于EOMM 手册提供的问题解决信息有限，自前现场暂无法处理，需等待外方厂家技术支持。自前已就该问题与法国厂家进行了联系，初步分析原因为软件通讯协议证书过期失效导致SU 单元无法与系统建立通讯。2018 年4 月29 日依据厂家给出的方案完成软件通讯协议证书激活，SU 单元工作恢复正常，缺陷消除,RICSU 单元作为RIC 系统终端显示单元主要作用包括系统运行状态监视、内部数据显示及错误诊断等功能，其不参与系统逻辑运算及控制等功能。
主控数次出现4RCP910KA（RCP002P0 轴承箱油位低）报警,4 号主控数次出现4RCP910KA（RCP002P0 车轴承箱油位低）报警查看历史趋势。4RCP701MN 在轴承箱油位低于92 ％时会突降到87 ％左右，随着上轴承箱油位溢流至轴承箱，4RCP701MN 油位又灰复正常液位显示,泄漏油泵不会自动启动，影响主泵安全运行。1)4RCP701MN油位低存在跳闸主泵进而使反应堆停堆的风险；4RCP701MN与4RCP702MN同时出发低低报警（75%）将弓引起主泵跳闸，因为两个液位计属于同一型号，且本体故障产生报警的偶然性较大，如轴承箱油位继续下降，有产生跳变至75%以下的可能，增加了意外停泵的风险；2）主泵泄漏油泵的手动启动不影响正常运行：主泵泄漏油泵正常运行期间处于下部集油槽油位自动控制状态其启动的目的是将下部集油槽液体泵入上部集油槽，通过重力作用流入轴承箱，导致轴承箱油位上升。在干部集油槽油位未高至自动启动泄漏油泵的定值前，也可以手动启动。前提是保障下部集油槽油位在正常运行限值范围内。如出现轴承箱油位低报警，可通过手动启动泄漏油泵建立油流，是轴承箱油位上升，尽早消除报警,1）已采取的行动措施：Donca11维修仪控检查：②结合主泵轴承箱油流机理，通过将泄漏油泵4RCP023PO手动启动，将下部集油槽油输送到上部集油槽，油再进入轴承油箱，使得4RCP701MN上升到93.44%，报警消除。以此方式可尽快消除轴承箱油位低报警，消除不安全的隐患；2）建议后续行动：保持监视，如发生其他液位区间范围的液位突变情况，反馈仪控人员，组织主泵设备工程师和运行人员讨论下一步的行动项，考虑是否进行相关的信号闭锁,4RCP701MN的异常从2018年04月29日开始出现后，常触发4RCP910KA 4RCP003PO轴承箱油位低报警，仪控检查根据4RCP701MN测量原理（干簧管式液位计，通过磁性浮球控制干簧管内分布电阻的通、断产生变化电阻信号）和分析4RCP701MN变化曲线，基本确认主控触发4RCP910KA为4RCP701MN仪表本体细小偏差引起，报警存在一定偶然性。需在401大修期间对故障油位计4RCP701MNT进行更换（当前因主泵处于运行状态，4RCP701MN位于主泵间区域无法到达）,仪控处理反馈：1 处理进展：①在KDO 中添加4RCP701MN 的点位，更加准确地记录液位突变的历史趋势；②大修期间对故障油位计进行更换后缺陷消除；2 ）检修步骤：①拆下4RCP701MN ，用已校验的备用油位计进行更换；②用磁铁刷4RCP701MN 磁翻板，确认与现场液位一致,1)4RCP701MN 低报出现约维持10min ，该时间较长，存在安全隐患，需尽快消除；2 ）主泵泄漏油泵手动启动的条件为下部集油槽油位在规定要求的限值内，此次在约35 ％启动，下部集油槽液位下降到约28 ％时，手动停运，而后4RCP910KA 报警消除；3 ）必须避免4RCP701MN/702MN 同时触发低低报警（75%），以防正主泵跳闸
4RCP002P0 轴位移探头4RCP252MM 剧烈波动，频繁触发轴位移高高报警,4 号主控开始频繁闪发4RCP002M0 轴位移和高高报警 （4RCP609KAF、4RCP610KAF)，查看画面发现4RCP252MM 仪表频繁波动,威胁主泵安全运行，干扰主控监盘,1 ）已采取的行动措施：Doncall 维修仪检查：②主控加强主泵轴位移和轴承温度的监视：2 ）建议后续行动：D 执行临时TCA ：屏蔽4RCP252MM 轴向位移高报警，避免干扰主泵监测；②推动RCP 主泵轴向位移尽快完成换型改造，选用合适的耐辐照产品；③SPV 设备工程师保持对主泵运行状态进行密切观察：4 密切关注4RCP253MM 以及主泵其他参数变化趋势情况,4RCP252MM 变化趋势基本与4RCP2501251/253MM 一致，但是显示数值明显偏高，分析判断为探头前置器故障，导致处理后信号被放大,"iv .观察4RCP711MT (2 号主泵主推力轴承度）是否出现持续升高，如温度持续快速升高超过5 ℃。上述条件之一满足，需立即手动停运 4RCP002PO ；大修期间对4RCP252MM 更换备件后消除缺陷。2 ）检修步骤：①打开4RCP250CR ，测量23 、24 端子输出电压为-8 . 71V ，经多次调整及检查放大器后，仍不满足要求；②与系统负责人沟通更换备件后，确认输出电压为-12 . 67V 满足验收要求（-11 ~-13V ) ;③固定并检查电机轴向位移传感器的同轴电缆及信号接头牢固可靠。3 ）故障原因分析：4RCP252MM 探头信号线长期与高温设备表面接触。其绝缘皮破损
相关知识",
3 号主泵转速表3RCP360MC 读数显示波动并逐步降低,13:003号机组3号主泵转速表3RCP360MC读数显示波动并逐步降低： 16:003RCP360MC低漂至1200r/min，主泵顶轴油泵3RCP031P0启动。此时一回路处于热停模式，主泵主瓦受力：顶轴油泵启动后建立强迫油循环，主瓦温度计3RCP811MT3RCP812MT降低约10℃,1)3RCP360MC 转速表参与控制的设备及保护信号包括顶轴油泵 3RCP031P0、3RCP968VZ、3RCP971VP、3RCP961VP、3RCP972VP 并且参与主泵卡转子及超速跳泵保护信号；2)3RCP360MC 故障主要风险在于影响顶轴油泵自动启动信号，正常情况下，主泵停运信号或主泵转速低于 1200r/min(3RCP360MC）将自动启动顶轴油泵，并且这两个信号都需要与上3RCP360MC 的非零转速信号才能生效，即3RCP360MC 故障可能导致顶轴油泵自动启动信号全部失效,已采取的行动措施：oncall 仪控检查仪表,"经各专业讨论，3RCP360MC 失效原因为：固定转速传感器的顶盖较薄（厚度5mm)，在一回路温度、压力、主泵状态等因素影响下发生较大变形位移，造成转速测量值偏低导致两种转速探头（核级和零转速）无法进行正确调整。一般在冷态时调整正确，在热态时位移形变过大导致无法正常工作。①变形主要还是角度变化，不是平行上移；②零转速探头齿轮宽10mm；③探头的偏移量大致为：零转速探头7~8mm。回路290 ℃时，顶板上移约2~3mm
热态冷态焊接点858160.6",仪控处理反馈：1）处理进展：①实施TCA，将3RCP340MY测量数值引I入3RCP360MC；②当前3RCP340MY引入3RCP360MC，相当于3号主泵只有一个转速信号可用。为了避免3RCP340MY失效造成RCP60试验失败，拟增加转速机架（实施TSD），将3RCP341MC信号引入临时增加的转速机架中，在一层中显示。转速机架备件厂内没有，正在向泰山还有厂家核实备件：③拟增加的TSD方案：在3KCS833AR中临时增加转速机架，将3RCP340MC2信号引入临时增加的转速机架中，增加3KCS833AR至3KD0941AR临时电缆将3RCP340MC2信号送至3KD0941AR中处理，在一层中显示；④后在停泵窗口检修后缺陷消除。2）检修步骤：①松开3RCP360MC探头；②按照现场实际条件重新调整3RCP360MC的位置：③重新恢复并紧固3RCP360MC探头,"主泵零转速表逻辑：1）RCP160MC或RCP260MC或RCP360MC高高1750r/min触发RCP000KA
2)RCP160/260/360MC 高高 1750r/min 与上对应的 RCP140/240/340MY 高高 1750 r/min 触发 RCP981/983/985KA，导致对应主泵停运；3）RCP001/002/003P0 启动 8 s 后且 1 h 内，若 RCP160/260/360MC 小于 200r/min，导致对应主泵停运；4)RCP160/260/360MC 任一仪表低至 200r/min 会自动开启对应主泵的再循环阀 RCP912/942/972VP：5）"
4RCP260MC 转速波动,"2017 年11 月7 日13:50 开始,4RCP260MC 转速表现出波动,最低波动到1327.5r/min",,已采取的行动措施:oncall 维修仪控检查,"针对4RCP260MC当前波动趋势分析,当前4RCP260MC波动为无规则波动且波动区间较小基本可排除处理卡件4RCP800AR内VC6000问题。根据3/4号机组调试期间经验,4RCP260MC当前波动原因为测量探头安装支架受顶盖热形变影响,导致探头与测量齿之间的正对面积处于测量临界值(要求探头正对测量齿面积大于60%),导致测量处理过程中部分信号质量下降不能被准确探测从而造成了探头出现无规律、小范围波动情况。冷态期间调整会依据经验值对探头位置进行经验处理(不正对测量齿使探头,对准测量齿下方),但运行期间依然会因为固定转速传感器的顶盖发生不确定性形变进而导致探头测量失效","仪控处理反馈:1)处理进展:①已实施TCA,对主泵转速低顶轴油泵自动启动信号从4RCP240MY引入:保证顶轴油泵自动启动功能4RCP002P0故障停运时,操纵员需确认4RCP021P0处于运行状态;②已实施TCA,4RCP942VP自动开启信号从4RCP240MY引I入:③后在大修期间执行4RCP260MC检查调整后消除缺陷。
2 ）检修步骤：①D 执行主泵转速传感器检查，在主泵联轴器腔内4RCP260MC传感器前端圆形没有正对着主泵轴齿轮的凸出部分，使用0 . 06mm 厚度以下的塞尺模拟主泵联轴器腔内4RCP260MC传感器前端圆形正对着主泵轴齿轮的凸出部分；②打开4RCP250CR，在4RCP250CR 内测量4RCP260MC对应放大器的SIG 和COM 端的直流电压，结果合格；③检查传感器前端圆形面积对应的泵轴齿轮面积小于60 %，不满足要求：④松开传感器与联轴器室上盖板螺丝，调整贯穿垫片使传感器的朝向满足要求，拧紧传感器与联轴器腔室上盖板螺丝：5 重新测量4RCP260MC对应放大器的SIG 和COM 端的直流电压，结果合格；③回装4RCP250CR 箱面板，工作结束。运行处理反馈：由于主泵超速保护逻辑是2 取2,4RCP260MC 转速偏低，自动停泵信号可能不会触发，主控触发4RCP000KA 时，需要立即查看4RCP001HXT 画面，检查4RCP240MY 转速，若转速超出1750r/min,在4RCP009HXT 画面检查4RCP002P0 泵振动、温度等参数，若主泵振动或温度参数异常上升根据报警规程要求停运4RCP002P0。4RCP260MC 转速降低至500r/min 以下时，召集仪控、机械、安工和设备管理人员开会，讨论4RCP260MC 转速降低为零无法自动启动顶轴油泵的风险和应对措施。该条针对顶轴油泵自动启动","主泵零转速表波动经验反馈要点：1）实施TCA，对主泵转速低顶轴油泵自动启动信号从4RCP240MY 引入，保证顶轴油泵自动启动功能，4RCP002PO 故障停运时操纵员需确认4RCP021PO 处于运行状态：
2）实施TCA,4RCP942VP 自动开启信号从4RCP240MY 引入；3 ）主泵超速保护可能无法实现，加强对泵运行参数监视"
4RCP240MY 转速卡件故障,17 点36 分，KIC 突发以下报警：14RPR159KA 二号环路冷却剂泵转速低： 2)4RPR162KA 二号环路冷却剂泵转速低低：22 点39 分，上述报警消失。 1 ）查看主泵画面，发现4RCP240MY 值陡降至10r/min ，后在5~50r/min 之间波动；2)4RCP260MC 转速正常，主泵其他参数无异常：3 ）翻看 4RPR010HXT 画面，发现2 环主泵转速低保护4RPR159KS 灯已点亮，2 环主泵转速低低保护4RPR162KS 灯已点亮；4 ）翻看4RPR009HXT ，发现2 环超,"1)4RPR162KS:2环主泵转速低低,若再出现其他环路主泵转速表故障和P7信号,会触发停堆保护和启动ASG汽动泵;2)4RPR159KS:2环主泵转速低,若再出现其他环路主泵转速表故障和P7信号,会触发机组甩厂用电;以上两个KS,由于触发保护需要其他另外2个信号参与故障处理相对不紧急;3)4RPR169KS:此信号表明2环超温DATAT已触发,若另外一个环路超温DATA T也触发,会直接导致反应堆停堆;4)4RPR165KS:此信号表明2环超功率△T已触发,若另外一个环路超功率△T也触发,会直接导致反应堆停堆;以上KS,由于触发保护仅需要其他另外1个环路信号参与,故障处理非常紧急",已采取的行动措施：1 ）当班值和仪控人员讨论后，决定先由仪控人员将4RCP240MY 输出强制为正常值，避免其他环路主泵转速表故障触发反应堆停堆（若另一主泵转速表故障，会直接由2 个环路超温△T 、超功率△T 导致反应堆停堆）；2 ）仪控强制4RCP240MY 正常后，另开票更换4RCP240MY 故障核级转速处理机架；3 ）机架更换后，由仪控人员取消4RCP240MY 强制信号，恢复2 环主泵转速参与的所有保护,仪控间机柜4RCP240MC、4RCP241MC 均没有异常，为4RCP240MY 核级转速机架处理单元损坏,仪控处理反馈一处理进展：仪控开票更换4RCP240MY 故障核级转速处理机架后消除缺陷,王泵正常转速表逻辑：1) RCP140/240/340MY 任一仪表高高1750r/min 触发RCP000KA 报警；2) RCP140/240/340MY 三取二低（3 个环路中至少有2 个环路<1393r/min）与上P7 信号产生孤岛运行信号，自动跳开500kV 断路器；3) RCP140/240/340MY 三取二低（3 个环路中至少有2 个环路<1365r/min）与上P7 信号导致主泵停运信号、反应堆停堆信号、ASG 汽动泵启动信号；4) RCP140/240/340MY 高至1750r/min 与上对应 RCP160/260/360MC 高高1750r/min 导致对应主泵停运，同时产生RCP981KA 报警；5 ）超温、超功率△T 保护停堆的逻辑为三取二，参与超温、超功率△T 运算的仪表通道信号都进行质量位判断，质量位“坏”会导致所属通
4RCP104BA 液位4RCP085MN 波动,2018 年05 月04 日02 ：38 主控触发4RCP688KA（RCP104BA 水位高）报警，4RCP104BA 液位4RCP085MN 在H1 报警定值17 ％上下波动。02 ：41 报警消失，之后4RCP085MN 数值缓慢下降，最终恢复至初始液位-0 . 57 ％。期间压力容器密封泄漏探测仪表4RCP021MP 和4RCP001MT 读数没有变化,影响机组稳定运行,已采取的行动措施：1 ）根据报警卡，执行FQ4-RCP-I-006 查看画面 4RCP021MP 和4RCP001MT 读数没有变化，判断反应堆密封环没有泄漏； 2 ）4RCP085MN 正负压侧与4RPE001BA 联通，随着4RPE001BA 液位降低，,4RCP085MN 高漂,"仪控处理反馈, 1) 处理进展: 仪控对 4RCP085MN 进行校验, 结果不合格, 对仪表进行调整后校验合格, 缺陷消除。2) 检修步骤: D 打开 4RCP085MN 仪表盖, 逐根拆除仪表接线, 并做好拆接线记录及绝缘包裹; ②关闭 4RCP085MN 仪表正负压侧仪表阀, 禁止打开平衡阀; ③拧开正压侧排污口, 拧开变送器排气堵头, 排尽仪表废液后拧紧排气堵头; ④松开负压侧排气堵头使负压对空, 拧开负压侧冷凝罐堵头, 排出冷凝液, 并用废液收集袋收集, 排尽后恢复冷凝罐堵头; 5 松开正压侧校验接口连接压力校验仪, 均匀选取 5 点后开始对仪表进行上下行程校验; ③缓慢升压及降压, 记录仪表输出电流值, 根据校验数据判断仪表是否合格, 若不合格则对仪表进行调整; ②仪表校验合格后回装校验接口并紧固: 8 根据接线记录恢复仪表接线, 查看主控仪表显示正常",若反应堆压力壳内侧密封环真实泄漏到 RCP104BA 回收箱可以从下列报警之一探测到: 1) RCP104BA 液位高报警信号 (RCP688KA 由 RCP085MN 发 出); 2) 压力壳密封泄漏检测温度高报警信号 (RCP401KA 由 RCP001MT 发出。外侧密封环的泄漏由 RCP021MP 监测和直观检查
4RCP240/340MY 转速表同时异常波动,主控频发触发 4RPR159KA（二号环路冷却剂泵转速低）和 4RPR162KA（二号环路冷却剂泵转速低低）报警，检查 RCP 画面发现 2 号主泵转速表 4RCP240MY 异常波动，2 号主泵顶轴油泵自动启动 2 号主泵再循环阀 4RCP942VP 自动开启，导致 2 号主泵轴封注入流量下降，触发 2 号主泵轴封水流量低报警，检查 RPR 画面发现 4RPR159KS（二号环路冷却剂泵转速低）和 4RPR162KS（二号环路冷却剂泵转速低低）报警频繁触发。主控立刻 oncall 维修机械、仪控、设备管理和运工共同讨论处理策略，期间主控同时频繁触发 4RPR160KA（三号环路冷却剂泵转速低）和 4RPR163KA（三号环路冷却剂泵转速低低）报警，检查 RCP 画面发现 3 号主泵转速表 4RCP340MY 同时异常波动，检查 RPR 画面发现 4RPR160KS（三号环路冷却剂泵转速低）和 4RPR163KS（三号环路冷却剂泵转速低低）报警频繁触发。相关背景：2017 年 11 月 7 日，4RCP260MC 转速表开始出现波动，已实施 TCA：将主泵转速低顶轴油泵自动启动信号和再循环阀 4RCP942VP 自动开启信号由 4RCP240MY 引入；2018 年 7 月 18 日，4RCP240MY 转速表波动，检查 4RCP240MY 的 2 号探头 4RCP241MC 古故障，已在 4RCP240MY 转速机架上在线切换至备用的 1 号探头 4RCP240MC,"1) 4RPR162/163KS：2/3 环主泵转速低低，3 取 2 与 P7 信号，直接触发停堆保护和启动 ASG 汽动泵：（以上两个 KS，由于当时机组处于 NS/RRA 模式，P7 信号不存在，因此相应的风险不存在）；2) 4RPR159/160KS：2/3 环主泵转速低，3 取 2 与 P7 信号，直接触发机组甩厂用电：（以上两个 KS，由于当时机组处于 NS/RRA 模式，P7 信号不存在，因此相应的风险不存在）；3) 两块主泵转速表 4RCP240/340MY 同时异常波动，若处理不及时，转速表触发质量位，会导致超温/超功率△T 停堆；
4)2 . 5 MPa.g 平台，顶轴油泵长期运行，将会导致主泵副推力瓦受压更大，使副推力瓦温度升高，会导致主泵损坏；5 ）非预期的主泵停运，会导致一回路压力和温度波动，存在一回路压力和温度超出梯形图风险，将违反技术规范，产生运行事件，特别是停运2 号主泵，会导致RRA 流量异常增大，其他电厂有过类似经验反馈；64RCP240MC 和4RCP241MC 转速表同时故障，根据技术规范，将会产生I02 ; RPR1 ，要求1 个月内完成修复； 7)4RCP240MY 和4RCP340MY 转速表同时故障，根据技术规范，将会产生 I01 : RPR6 ，要求必须在1 天内恢复至不超过一个测量通道不可用",已采取的行动措施1 ）主动增加轴封流量，并安排专人监视主泵运行参数，尤其是2 /3 号主泵副推力瓦温度，以及做好随时停运主泵的准备；2 ）联系维修机械、仪控、设备管理、安工和和运工共同讨论处理方案；3 ）考虑到两块转速表同时波动，先将3 号主泵转速表4RCP340MY 由4RCP340MC 切换至4RCP341MC 运行，并持续观察转速稳定未发现异常波动，消除 I01 : RPR6 ; 4 ）鉴于2 号主泵转速表4RCP260MC 转速稳定，同时取消2 号主泵转速低顶轴油泵自动启动信号和4RCP942VP 自动开启信号从 4RCP240MY 引L 入的TCA ，停运2 号主泵顶轴油泵4RCP021P0 和关闭再循环阀4RCP942VP ; 5 ）确认3 台主泵运行正常后，组织维修仪控后续对 4RCP240MY 机架进行更换处理，消除I02 : RPR1,转速仪表机架故障,仪控处理反馈：1 ）故障现象：经更换4RCP240/340MY 转速机架、就地探头及其BNC 接头以及机架侧的BNC 接头后消除故障；2 ）检修步骤：D 拆除4RCP240/241MC 、4RCP340/341MC ; ②重做4RCP240/241MC 、4RCP340/341MC 的BNC 接头；③回装4RCP240/241MC 、4RCP340/341MC 备件到支架上，并调校安装位置：④更换4RCP240/340MY 转速机架,
2RCP360MC 质量位短时触发,"08:32:23 和9:36:20,2 号主控先后两次闪发2RCP000KA（主泵跳闸信号单通道触发）报警，持续时间约2.5s，查看趋势2RCP360MC 在此期间显示洋红色，初步判断2RCP360MC 质量位短时触发。期间，2RCP031P0（3号主泵顶轴油泵）自动启动2RCP972VP(2RCP003P0应急密封注入隔离阀）自动开启，3号主泵轴封注入流量由2.3m /h 增大至2.8m /h 。主控手动关闭2RCP972VP 时2RCP972VP 显示半开半关故障大红色，无法关闭，就地试验盒也无法关闭",12RCP360MC 参与主泵跳泵逻辑，若质量位触发同时2RCP140MY 故障，将导致3 号主泵跳泵，导致停机停堆；2)2RCP972VP 无法关闭导致轴封注入流量分流，影响主泵正常轴封注入；3）当前3 号主泵轴位移高报警闪发频率明显增高，查看趋势2RCP350/351MM 读数有所增大，目前稳定于略低于报警值250μm,已采取的行动措施：1）手动停运2RCP031P0（3号主泵顶轴油泵）； 2)oncall1机械、电气、仪控专业人员检查确认2RCP972VP无法关闭原因并处理；3）联系保健物理处评估2RCP972VP现场环境剂量率，做好进岛手动操作2RCP972VP的准备；4)根据设备管理建议调高主泵轴封注入流量（1/2号主泵轴封注入流量调高至2.45m/h），调高流量后3号主泵轴位移略有降低；5）设备管理专业工程师初步评价当前状态2RCP003P0可以保持运行；6)oncall1仪控专业人员检查2RCP360MC短时触发质量位的原因并处理,1)2RCP972VP阀门故障原因为阀门电动装置力矩开关不可靠，阀门关闭过程中存在抖动现象，同时阀门在关行程三分之一处存在轻微卡涩，导致阀门无法正常关闭。专业初步判断2RCP972VP无法正常关闭的原因为电动头过力矩保护动作导致；2)维修仪控专业初步判断岛内偶发故障导致2RCP360MC闪发质量位,仪控处理反馈:1)处理进展：1通过短接关力矩限位方式使阀门关闭。针对该问题在203大修时进行了彻底检查处理；2)针对2RCP360MC闪发质量位问题，实施TCA使用2RCP340MY转速信号替代故障2RCP360MC； ③2RCP360MC闪发质量位问题大修期间更换了2RCP360MC放大器，并对转速表的仪表输出电压进行调整后，消除缺陷；2)检修步骤：①打开2RCP350CR，拆下2RCP360MC前置放大器接线，并做好接线记录；②测量2RCP360MC的电压为-11.01V，拆下2RCP360MC的放大器，更换新的备件后，测量2RCP360MC的电压为-16.83V；③进行传感器检查的调整：④打开2RCP350CR，测量2RCP360MC的电压为-12.61V，不满足验收标准-10~-8V，重新进行调整后输出电压为-9.51V，满足验收标准,主泵零转速表逻辑：1）RCP160MC或RCP260MC或RCP360MC高高1750r/min触发RCP000KA；2）RCP160/260/360MC高高1750r/min与_上对应的RCP140/240/340MY高高1750r/min触发RCP981/983/985KA，导致对应主泵停运；3）RCP001/002/003P0启动8_s后且1h内，若RCP160/260/360MC小于200r/min，导致对应主泵停运；4)RCP160/260/360MC任一仪表低至200r/min会自动开启对应主泵的再循环阀RCP912/942/972VP；5）RCP160/260/360MC任一仪表低至1200r/min与上RCP160/260/360MC不为0r/min，启动对应主泵顶轴油泵RCP011/021/031P0:6）（RCP160/260/360MC高于1400r/min或RCP160/260/360MC低至0r/min与上无RCP011/021/031P0启动命令，允许在KIC上手动停运对应主泵顶轴油泵RCP011/021/031P0；7)RCP160/260/360MC任一仪表低至0r/min与上
4RCP803VP阀门附近出现蒸汽泄漏,09月15日1点，4JDT402PP触发R588房间探头有报警，现场检查发现该探头位置下方有蒸汽,1)若泄漏继续扩大，超过230L/h，将会产生第一组IO：RCP1，要求8h内机组后撤至NS/RRA模式；2）阀门一端与稳压器相连，开工前需做好工业安全防护措施；3）蒸汽有一定放射性，开工前需做好辐射防护措施；4）泄漏点和泄漏量暂不明，排查和处理工业安全和辐射安全风险很大,已采取的行动措施：1 联系辐射防护测量R588 房间蒸汽放射性，测量结果为1.2 Bq/cm，含有放射性；2）联系保健物理在R588 房间入口处设置隔离警示，防止其他人员误入；3）经现场核实，初步确认为4RCP803VP仪表根阀有泄漏；4）检查KIC 画面，4RCP008MN、006MP 显示正常，未发现其他异常；5）测量一回路泄漏率，泄漏率为32.56L/h，未见明显扩大,阀门密封焊长期运行产生裂缝与砂眼,机械处理反馈处理进展：1）维修编制《4RCP803VP 缺陷核实处理方案》（F04-MA01-TD-18079）；2）运行配合将一回路降压至12.5 MPa；3）运行人员关闭4RCP803VP，阀门处无蒸汽漏出；4）保温人员拆除保温；5）运行人员微开阀门，阀门密封焊位置存在3 处漏点；6）带压堵漏人员对漏点捻缝处理后已不漏汽,4RCP803VP 为RCP008MN、006MP 的水位压力测量低点隔离阀
1RCP003RS/061RS 稳压器电加热器投运时，上游供电开关出现跳闸,1 号机组一回路由80 ℃向115 ℃升温过程中。先后出现1RCP.003RS 故障（主控显示洋红色，现场检查1LKA3181JA 跳闸，故障灯亮）、 1RCP006RS 故障（主控显示洋红色，现场检查1RCP061RS 上游开关1LLD2181JA 跳闸，故障灯亮）,,已采取的行动措施：1）发现主控KIC中电加热器显示洋红色后，安排现场检查电加热器上游供电开关，发现1LKA3181JA（1RCP003RS供电开关）跳闸且故障灯亮，1LLD2181JA（1RCP061RS供电开关）跳闸且故障灯亮；2）oncall维修电气检查处理,一回路升温升压过程中加热器运行电流接近电源开关热跳闸电流，导致开关热脱口动作。开关容量选型偏小。1)1RCP061RS电加热器馈线抽屉内断路器容量选型偏小，抽屉内断路器型T3N250125A。1RCP061RS运行电流为114A（现场测量相同功率不同的电加热器运行电流为107A至114A，此故障加热器运行电流相比其他略大）。运行过程中随温度升高断路器会降容，导致断路器热保护动作；2)1RCP003RS上游1LKA3181JA抽屉内断路器选型过小，过热保护动作。1RCP003RS为比例式电加热器长期运行，断路器有明显过热痕迹。但此开关选型为T5N400400A，正常运行电流为320A（根据稳压器压力变化调动）。长期运行过程中随温度升高断路器会降容并产生热积累，导致断路器热保护动作（无调功输出时抽屉内断路器温度达45℃，运行中会高于这个温度）,"1 ）电气处理反馈：①工作过程（WOT：01388183-01,1RCP003RS 故障检查）：a ．办理紧急维修工作指令单，取得工作许可证，确认设备位置及先决条件：b ．现场对1LKA3181JA 进行检查抽屉主回路接线无异常；C ．对1LKA3181JA 检查主断路器的C 相接线处有轻微过热：d ．测量1RCP003RS 加热器绝缘直阻如下：1RCP321JA:AB:4.130AC:4.10BC:4.08 1RCP341JA:AB:4.040AC:4.040BC:4.0001RCP361JA:AB:4.00 2AC:4.030BC:4.010绝缘均为>；550MQ，绝缘直阻为合格；e ．绝缘直阻无异常后送电检查电流如下：1RCP321JA:A:102.7A.B:104.8A,C:106.5A.1RCP341JA:A:104.6A,B:三相线靠得太近，无测量，C: 107.8A,1RCP361JA:A:105.3A.B:107.5A.C:107.6A:f ．检查 1LKA3181JA 测得主断路器电流三相为A:314.5A,B:318.9A.317.0 A ;g ．对主断路器C 线有变色最新领取同型号断路器进行更换；h ．对主断路器进行更换后送电启动设备，设备正常运行i ．清理工作现场此工作无需召开工后会，归还工作许可证，填写完工报告。②检查结果：抽屉内主断路器的C 相接线处有轻微过热，接触面不均匀导致性能下降，③工作过程
f . 检查查确认抽屉内其他接线及元器件无异常。恢复抽屉。联系运行送电验证：g . 送电后测量三相电流：A -112 . 4A,B -114 . 8A,C -115 . 0A,三相电流平衡稳定，反馈运行后同意持票观察：h . 观察2 天后确认设备运行无异常，工作结束，清理工作现场，工完料净场地清，此工作未召开工后会，归还工作许可证。④检查结果：抽屉内主断路器的B 相接线处有轻微过热。接触面不均匀导致性能下降。5 故障原因分析：一回路升温升压过程中加热器运行电流接近电源开关热跳闸电流，导致开关热脱口动作。开关容量选型偏小。a . 1RCP061RS 电加热器馈线抽屉内断路器容量选型偏小，抽内断路器型T3N250 125A。1RCP061RS 运行电流为114A（现场测量相同功率不同的电加热器运行电流为107A 至114A 此故障加热器运行电流相比其他略大）。运行过程中随温度升高断路器会降容，导致断路器热保护动作。b . 1RCP003RS 上游1LKA3181JA 抽屉内断路器选型过小，过热保护动作。1RCP003RS 为比例式电加热器长期运行，断路器有明显过热痕迹。但此开关选型为T5N400 400A，正常运行电流为320A （根据稳压器压力变化调动）。长期运行过程中随温度升高断路器会降容并产生热积累，导致断路器热保护动作（无调功输出时抽屉内断路器温度达45 ℃，运行中会高于这个温度）。2 ）安工建议反馈：1RCP003/006RS 稳压器电加热器故障，影响一回路的压力和温度控制，针对抽屉内断路器容量偏低导致的偏差做好其他机组的排香和经验反馈","1 ) RCP003RS 的控制逻辑手动启动：KIC 画面将RCP003RS 打手动并手动启动+PZR 水位大于-4 . 63m ; 自动启动：根据PZR 补偿压差来调节RCP003RS 的功率（补偿压差范围在-0.1~0.1 MPa 之间）;手动停运：在KIC 画面将RCP003RS 打手动并手动停运：自动停运：PZR 水位低于- 4.63m ;2 ) RCP006RS 的控制逻辑：手动启动：在KIC 或BUP 上，将RCP006RS 打手动并手动启动。
自动启动：DRCP006RS处于自动状态+PZR水位比整定值高5%；②RCP006RS处于自动状态+PZR补偿压力小于-0.17MPa+PZR水位大于-4.63m。手动停运：在KIC或BUP上，现将006RS打手动，再手动停运。自动停运：①PZR水位低于-4.63m；②RCP006RS处于自动状态+PZR水位比整定值高5%信号不存在+PZR补偿压力小于-0.1MPa"
2RCV059VV阀门严重漏氢处理,"12月19日中班对2RCV002BA供氢管线(NX区域)进行查漏(背景:OSHY压力异常降低)。现场利用氢表查漏过程中发现2RCV059VV阀杆处漏氢,氢表已达满量程","1)2RCV059VV氢气泄漏可能产生氢爆,造成设备及人身伤亡。另外,其所在厂房空间较小,增加了氢爆概率;2)2RCV059VV氢气泄漏将使耗氢量增加,可能导致OSHY管网压力过低;3)吹扫氮气室息风险;4)吹扫不彻底,氢气进入RCV002BA",已采取的行动措施：1）利用2RCV503VY，接临时软管至该层大厅空旷区域，并控制工作区，吹扫过程中实时监测排气成分。完成后恢复隔离边界并保持2RCV503VY开启；2）氮气置换氢气：维修更换工作结束后，利用2RCV503VY接临时软管至该层大厅空旷区域，并控制工作区，通过氮气置换维修过程中可能进入的氢气，吹扫过程中实时监测排气成分。完成后恢复相关阀门初始状态并再次检查隔离边界；3）管线投运后需关注容控箱压力及一回路溶氢量，后续现象显示置换后管道内的氮气量并未对相关参数造成影响,阀门膜头和密封环损坏,"机械处理反馈1）检修步骤：①配合运行安装吹扫管线；②拆卸阀门，并持续测氢；③解体阀门更换损坏的膜头及密封环后回装；
④运行验证合格并拆除吹扫管线：2 ）故障原因分析：阀门膜头老化破损",氮气置换氢气时，2RCV057VY 与2RCV059VY 之间的死管段无法吹尽。但由于该段管道现场实际布置非常短，因此可通过以下方法解决：氮氢置换完成（临时软管出口未检测到氢气）并恢复边界后通知维修人员开工，将2RCV059VY 拆除后立即搬运至大厅空旷区域进行薄膜更换，死管段内少量氢气可通过房间通风及防火门的临时开启保证其有效扩散
1RCV012MN 漂表缺陷处理,4 月28 日早班，堆操发现自动补给停运，但容控箱液位显示1.28m，不符合逻辑1.3m停运自动补给，随后调取趋势发现1RCV012MN 发生波动，随后低漂，最低至1.09m后，自动补给启动，1RCV012MN 上升至1.30m，自动补给停运，随后多次低漂，自动补给频繁启动,1RCV002BA 满水,已采取的行动措施1）自动补给频繁启动，若由于自动补给导致容控箱液位异常上升，可能导致1RCV011/012MN 仪表全部进水，确定容控箱液位到达1.7m前，手动停止自动补给，以便监视容控箱：2)oncall 维修仪控处理,1RCV012MN 仪表引I 压管坡度不足导致负压侧引I 压管线积水，造成仪表漂表,仪控处理反馈：1 ）检修步骤：D 在DCS 中将1RCV011MN、012MN 下游逻辑信号闭锁，运行配合将1RCV030VP 切换至手动；②拆除仪表接线，使用劲仪测量仪表电流信号；③检查引压管线坡度；④对负压侧管线坡度进行调整；③投用仪表，恢复接线；③恢复闭锁信号，运行配合对1RCV030VP 切换至自动；2 ）故障原因分析：负压侧管线有水，负压侧管线坡度错误,RCV012MN 参与逻辑：1)RCV012MN 低3 会导致容控箱出口隔离RCV0034VP 关闭，RCV375VP 关闭，打开RIS013VP，使上充泵从PTR001BA 取水;2 ） RCV012MN 低1 时，若主控切至KPRJ 则会导致REA003PO/004PO 启动3 ） RCV012MN 高1 会导致RCV401KA2/401AA 报警触发；4)RCV012MN 高2 会使RCV030VP 导向TEP；5)RCV012MN 控制REA 启动自动补给，当容控箱液位低至1 . 12m 时，启动REA 自动补给，当容控箱液位升高至1 . 3m 时，停运自
3RCV012AF 冷却风扇异常停止,3RCV002PO 突发液压马达停转，导致冷却风扇身3RCV012AF 无法运行，上充泵油温失去有效控制，查看KIC 画面3RCV226MT 最大值已达68℃,导致3RCV002PO 不可用，产生10,已采取的行动措施：oncall 维修机械和设备管理检查处理,根据前期经验反馈，出现该现象的可能原因如下，1）液压马达花键磨损打滑，导致对风扇传动失效；2）双联油泵高压泵与低压泵轴连接块磨损，高压泵停转，无法为液压马达供油,"机械处理反馈1）处理进展：为确保故障一次消除，对双联油泵及液压马达进行更换，此次更换新型号液压马达，无花键结构。新液压马达已在4RCV003P0上验证一个循环，402大修期间解体检香未见异常磨损情况。经过更换后，起泵验证确认上充泵运行稳定，油温趋势平稳，判定维修后试验合格。2）检修步骤：双联油泵更换：①拆卸双联油泵进出口油管路：②拆卸双联油泵底座与齿轮箱的连接螺栓；③连同底座取下双联油泵；④拆卸双联油泵联轴器，拆卸双联油泵与底座连接螺栓，取下底座；5对新双联油泵中间连轴块进行检查，适当补充润滑脂后重新组装；③将新双联油泵安装到底座上，回装联轴器（注意第7步，控制联轴器安装高度）；7将新双联油泵连同底座安装到齿轮箱上（需控制好联轴器安装高度，防止其与齿轮箱侧联轴器挤压碰磨，可先松开联轴器紧定螺钉，试装后再紧固紧定螺、钉）；8回装双联油泵油管。液压马达更换：①拆卸液压马达进出口管线及溢流管线：从空冷器上取下液压马达及风扇组件；②将风扇从液压马达上取下；③拆卸温控阀端部丝堵，检查阀笼安装位置是否正确，确认无误后回装丝堵；
④将风扇安装到新液压马达上，紧固轴头螺栓，并锁好止动垫片；②回装液压马达及风扇组件至空冷器，回装液压马达进出口油管回装溢流管线（注意需更换新液压马达配装的新尺寸转接头）；③盘动风扇，检查风扇转动灵活性",双联油泵的功能是保持上充泵润滑油系统的循环并为液压马达提供驱动油，内部联轴块磨损导致高压泵失去动力。无法为液压马达提供驱动油，冷却风扇停运从而造成3RCV0002P0 不可用。相似缺陷曾出现在4RCV003P0 上，经更换双联油泵后完成处理。402大修期间对4 号机组3 台上充泵的双联油泵进行检查，均发现不同程度磨损
主控触发3RCV810KA(3RCV003PO振动高报警),"22:30主控触发3RCV810KA(3RCV003PO振动高报警),查看趋势发现4块振动表均上涨","3RCV003PO跳闸,产生机组瞬态","已采取的行动措施:1)将3RCV003PO切换至3RCV001PO,并将3RCV002PO置于备用;2)oncall维修机械和设备管理处理,并请化学对3RCV003PO油脂取样",3RCV003PO联轴器齿套缺润滑脂,"机械处理反馈1)处理进展:机械对3RCV003PO加脂、更换轴承室油、地脚螺栓复核后重新起泵,性能对3RCV003PO测振显示参数正常;
2 ）检修步骤：①D 办理工作许可证及RWP；②拆除泵侧及电机侧联轴器保护罩，对联轴器齿套进行加脂（EP1)，加脂至旧油从另一端孔排出；③盘查检查无异常，回装两端联轴器保护罩；4 拆除驱动端轴承室排油丝堵，用新的润滑油VG46 冲洗轴承室，回装排油丝堵，给轴承室添加润滑油VG46 至正常位置；复查泵地脚螺栓力矩，无异常",泵在刚启动时如果出现3RCV810KA，是正常现象。10s 后泵正常运转后报警信号应消失
1RCV030VP无法将容控箱液位调整至1.47m,1RCV030VP无法将容控箱液位调节至1.47m，维修反馈：阀门特性不合格，给50%开度，就地只到35%左右：给100%开度，就地只开度75%左右,无法正常调节1RCV030VP至TEP的开度，导致1RCV002BA液位调节异常,已采取的行动措施：关注1RCV002BA液位，必要时手动控制,1RCV030VP定位器及EP定值飘移,"仪控处理反馈一检修步骤1）做好拆线记录后拆除1RCV030VP定位器接线；2）对1RCV030VP进行特性检查，发现定位器及EP定值飘移，重新调整后合格：
3）将1RCV030VP恢复至初始状态，请运行人员配合确认阀门动作正常",RCV012MN达到2.01m，RCV030VP全开”指向硼回收系统（TEP），当水位下降至1.93m时，该指令消失：当RCV011MN在1.47~1.68m时，RCV030VP调节开度使RCV002BA液位调整至1.47m
容控箱充水过程中1RCV012MN波动大,进行RCV在线，容控箱充水期间1RCV012MN液位显示波动大,1RCV012MN液位显示波动，液位低至0.87m时将导致上充泵人口部分切换至PTR,已采取的行动措施：严密监视1RCV012MN液位变化。oncall维修仪控处理,1RCV012MN仪表阀内漏,仪控处理反馈一一检修步骤1)在1E工作站中将1RCV012MN相关信号打为手动；2)关闭仪表根阀，排空废液收集罐，排空仪表管线内的残液；3)拆除旧的仪表阀，封堵仪表管口，更换新的仪表阀，回装卡套并紧固；4打开仪表根阀对仪表进行充水排气：并使用压缩空气罐对仪表负压侧进行吹扫；5）恢复仪表初始状态，恢复1RCV012MN相关信号；6）观察数小时后度数稳定无波动，工作结束,"2)RCV012MN低1时,若主控切至KPR贝则会导致REA003PO/004PO启动:3)RCV012MN高1会导致RCV401KA2/401AA报警触发:4)RCV012MN高2会使RCV030VP导向TEP;5)RCV012MN控制REA启动自动补给,当容控箱液位低至1.12m时,启动REA自动补给,当容控箱液位升高至1.3m"
2RCV002MT 成锯齿形波动,主控巡检发现2RCV002MT 一直在波动（成锯齿状），怀疑2RRI155VN 调节性能不佳：对比1 号机1RCV002MT 变化平稳,下泄管线温度波动，导致管道热应力,已采取的行动措施：oncall1 维修仪控检查,2RRI155VN 调节性能不佳,"仪控处理反馈一检修步骤1 ）找到2521UC：2RCV_N5：402RG;2 ）记录调整前的PID 参数P ：100, I :1;3 ）开始调节该阀门的PID 控制参数； 调整后P :150, I :5;4 ）观察该阀门的调节性能；
5 ）调节稳定后，将正确的PID 参数写入软件，完成工作。注： 2RRI155VN 在DCS 中有最小最大开度设置，PID 调节过程中不会导致阀门全开或者全关：如果下泄温度超过50 ℃，需操纵员手动干预 2RRI155VN 开度",2017年10月25日，1RCV002MT温度在32～38℃之间周期性波动，同样对PID参数进行了调整，调整前P=150，I=1，调整后P=150，I=5，调整后持票观察两天，1RCV002MT不再出现周期性变化
4REA 自动补给无法正常投用，触发4REA500KA：硼流量异常报警,【19:22:251 执行一回路除锂操作，将4RCV030VP 手动导向TEP； 19:27:251 容控箱液位低于1 . 12m ，4REA 自动补给启动；『19:27:551 主控触发4REA500KA：硼流量异常报警，4REA 自动补给跳闸。将自动补给重新投运后，再次触发报警导致自动补给跳闸。4REA065VB 硼流量设定值为0.85m3/h,容控箱液位低于1 . 12m 时，自动补给无法正常投运,已采取的行动措施：1 ）暂停一回路除锂工作，立刻将4RCV030VP 恢复自动；2 ）采用手动补给抬高容控箱液位至1 . 4m ;3 ）oncall 仪控进厂检查处理；4 ）检查发现4REA065VB 阀门动作正常；5 ）经仪控调节阀门 4REA065VB PID 参数后，当班值配合启动手动补给，未出现4REA500KA 报警,1 ) 4 号机组临近寿期末，当前一回路硼浓度较低，硼补给设定值较小（当时4REA065VB 硼流量设定值为0 . 85m /h ），导致阀门4REA065VB PID 参数无法配合当前硼浓度调节，从而触发4REA500KA：硼流量异常报警，进而导致4REA 自动补给跳闸。2 ) 4REA500KA 报警原因是自动补给硼酸实际流,仪控处理反馈：1 ）处理进展：4REA065VB 调节功能正常，4REA 自动补给功能可正常投用。2 ）原因分析：4 号机组临近寿期末，当前硼浓度较低，硼补给设定值较小，导致阀门PID 参数无法配合当前硼浓度调节。3 ）处理措施：①运行配合投手动硼补给，仪控对阀门本体进行目视检查，排除阀门卡涩问题；②调整阀门PID 参数，根据定值计算对I 参数进行调整，运行配合验证阀门调节性能满足当前机组状态需求：③持票观察，待系统性能稳定后还票。4 ）后续行动：①保持观察，随着硼浓度变化观察阀门调节情况，适当优化阀门PID 参数；②调研同行电厂4REA065VBPID 参数及回差设置情况,"1 ）对一回路进行除锂操作时，在将RCV0030VP 手动导向TEP 头箱的过程中，操纵员要时刻关注容控箱的液位变化，在液位降低至1 . 12m 时关注REA 自动补给是否正常投运。尤其是机组临近寿期末，由于一回路硼浓度较低，硼补给设定值较小，导致阀门REA065VBPID 参数无法配合当前硼浓度调节，从而会触发REA500KA：硼流量异常报警，导致REA 自动补给跳闸。对一回路进行除锂操作时，要将RCV030VP 手动导向TEP 头箱10 min ，上充流量＋轴封流量约10m/h,10min 内容控箱的液位将下降约 (10/6)x1000/34.64=48cm1 。2 ）在寿期末，对一回路进行除锂操作时，当容控箱液位下降至1 . 12m 之前，可采用手动补给的方式抬高容控箱液位，防止液位将至1 . 12m 时自动补给无法正常投运导致容控箱液位进一步下降"
4REA系统自动补给模式未正常投入,当班值发现4REA系统自动补给模式未投入即4REA019KS处于灯灭状态。为保持4RCV002BA容控箱液位，执行自动补给投入操作。执行过程中，4REA065VB显示手动控制状态，将该阀切换至自动后自动补给模式自动退出，无法投入,若一直无法投入自动补给则只能通过硼化来控制容控箱水位,已采取的行动措施通过硼化启动硼酸泵控制容控箱水位,4REA065VB处于手动控制状态，导致自动补给未能正常投入,运行处理反馈：经分析逻辑图后，怀疑4REA065VB所处模式不正确，经将4REA065VB恢复到自动模式下自动控制，重新输入硼酸流量设定值（即便硼酸流量不变），恢复自动补给正常投入,"REA065VB存在自动和手动两种模式，自动”模式下又有“自动控制”和“手动控制”两种方式，“自动控制”时根据设定的硼酸流量自动调节阀门开度，而“手动控制”则由主控给出开度信号。“手动”模式下有“打开”和“关闭”两种方式。若REA065VB不是在自动模式，则自动补给功能失效。自动补给和手动补给启动时REA065VB必须选择在自动控制（SPCTRL），否则无法启动。
在4REA065VB 切换至自动模式下的手动控制后，为恢复自动补给需要重新切换至自动控制状态。在投入自动补给过程中，在4REA065VB 自动控制下必须重新输入硼酸流量设定值（即便硼酸流量不变），自动补给才能正常投入"
4REA 系统自动补给模式无法投运,主控巡画面发现REA 自动补给自动退出，且无法投运，主控出现 4REA509KA （硼酸补给浓度异常）报警。根据经验反馈怀疑是4REA065VB 切至手动原因导致该状态在自动补给或者硼化未启动时无法查看，所以将4REA003PO 置手动后启动硼化模式，确认4REA065VB 在手动状态。但将其切换到自动后发现还是无法投运自动补给,导致4REA 自动补给无法投入,已采取的行动措施：1 ）查看和执行报警卡，应用F03 -REA -I -001 反应堆冷却剂补给异常处理规程；2 ）查看模拟图和逻辑图分析故障原因；3 ）重新设置硼补给流量，恢复自动补给,"经仪控分析是由于4LNE 停电导致4RENO12MG 硼表不可用，显示xXx ，导致触发质量位。1 ）硼酸补给浓度异常报警产生原因：①补给水硼浓度 CBA 比一回路硼浓度CBm 低200ppm；②补给水硼浓度CBA<2000ppm；
2)一回路硼浓度CBM:一回路硼浓度CRM由4RENO12MG测量得出,如果硼表隔离或硼表不可用或硼表超量程,则CrM取自不可用前一时刻的值,本次硼表不可用前硼表显示的为2500ppm,所以CBM=2500ppm;3)补给水硼浓度CBA:补给水硼浓度计算公式:CBA=(Cb.×Q.)/(Q.+Q。):初始值:Cb.=7326ppm,Q.=20m/h,Q.=0m/h注:KIC上4REA065VB流量设定值显示为8m/h,但由于4REA059MD流量显示异常导致4REA065VB切换手动,导致4REA065VB流量设定值跟随实际值变为0m/h。计算结果:CBA=0ppm。满足CBM-CBA=2500ppm-0=2500ppm&gt;200ppm;满足CBA=0&lt;2000ppm;所以导致硼补给流量异常,导致自动补给和稀释无法投运","运行处理反馈:1)处理措施:重新设置硼补给流量,恢复自动补给。2)原因分析:①计算硼补给流量最小值:CBA=(Cb.×Qb)/(Q,+Q。):Cb.=7326ppm;Q.=20m/h;CBA按照2000ppm来计算,反向计算Q=7.51m/h。所以4REA065VB设定值不能小于7.51m/h,否则无法投运自动补给。②验证过程:4REA065VB设定值设为7.6m/h后,投运自动补给,能正常投运:4REA065VB设定值设为7.5m/h后,投运自动补给,无法投运自动补给,并触发4REA509KA(硼酸补给浓度异常)报警","1)硼酸补给浓度异常报警产生原因:补给水硼浓度CBa比一回路硼浓度CBM低200ppm,且补给水硼浓度CBA&lt;2000ppm;2)对4REA059MD工作或者对4REA065VB工作会导致4REA065VB切换至手动状态,此时4REA065VB设定值跟随实际值,切回自动后需要重新设置定值:
3)当一回路硼浓度大于2200ppm时,4REA065VB设定值不能低于7.51m/h,否则自动补给无法投运;当一回路硼浓度低于2200ppm时,一回路实际硼浓度减去200ppm的计算值反向计算最小设定值。例如:当一回路硼浓度为700ppm时,反向计算最小硼浓度为1.46m3/h"
3REA072MN 较3REA052MN 和就地液位计低0.42m,"3REA072MN 较3REA052MN 和就地液位计低0.42m,3:32 分3REA072MN 又变成与3REA052MN 一致",导致PAMS 仪表3REA072MN 测量失真，无法准确监测3REA004BA 液位， 3REA072MN 不可用时产生第二组I02: PAMS1,已采取的行动措施：1 ）查看就地液位计、3REA072MN 和3REA052MN 进行对比，查看3REA072MN 和3REA052MN 的趋势变化情况，初步怀疑 3REA072MN 故障；2 ）oncall 仪控检查处理,3REA072MN 仪表负压侧少量积水,仪控处理反馈：1 ）检修过程：1 确认设备位号与工作许可证一致，开工前与主控沟通并说明风险；②关闭3REA072MN 仪表阀，拆除3REA072MN 电缆快速插头，拆除仪表引压管发现负压侧少量积水。并对仪表进行清理及做好废液收集；,定期试验规程要求3REA072MN 和3REA052MN 的各测量值与平均值的偏差小于5%（测量值-平均值）/平均值<5%
8REA074MN 主控显示0.5~5m 剧烈波动,巡盘发现8REA074MN8REA003BA 液位计（PAMS 仪表）1 主控显示0.5~5m剧烈波动,导致产生I02:PAMS1,已采取的行动措施：1 ）查看就地液位计和8REA074MN、8REA054MN 读数进行对比，查看8REA074MN 的读数趋势变化情况，初步确认8REA074MN 故障；2)oncall 仪控检查处理,8REA074MN 隔离卡件损坏,"仪控处理反馈：1 ）检修过程：①取得工作许可证
②工作前与主控沟通：③确认设备位号；④拆除旧的隔离卡件：更换上新的隔离卡件；③观察趋势，确认8REA074MN 已能正常工作；②工作结束，清理现场；2 ）故障原因分析：8REA074MN 隔离卡件损坏",定期试验规程要求8REA054MN 和8REA074MN 的各测量值与平均值的偏差小于5 ％（测量值-平均值）/平均值<5 ％
2REA003P0 自动启动运行后，不能自动停运,通过2REA003P0 硼化降功率，2REA003P0 自动启动运行后，不能自动停运。主控画面上显示大红，其供电开关2LLN281JA 显示ON ，泵本体运行,导致2REA003P0 无法正常停运,已采取的行动措施：1 ）安排现场查看泵本体，确认泵处于运行状态； 2 ）手动停运2REA003P0 将其置于手动，将2REA004P0 置于自动：3 ） oncall 电气检查处理,供电开关内停运继电器002XR 故障损坏,"电气处理反馈，1 ）工作过程：①办理工作票，现场核对设备名称、编码；
②确认工作边界，召开工前会，开工验电；③检查发现抽屉002XR 停运继 电器不动作，进行更换；④联系运行人员进行确认：因启动时没有命令信号，联系仪控处理后设备运行正常；5 清理工作现场，归还工作票，填写完工报告；2 ）故障原因分析：供电开关内停运继电器002XR 故障损坏",2REA003P0/004P0 为2 号机硼和水补给系统的硼酸泵，正常自动补给时， 2REA003P0/004P0 一台泵置于手动位置，一台泵置于自动位置
3REN010MG 钠表频繁大幅波动,,无法准确识别仪表是否正确工作，影响相关参数监视,已采取的行动措施：1）安排现场检查在线和取样流量，未见明显异常；2）主控查看蒸发器排污水APG的其他取样参数，未见明显异常；3）联系化学人员进行故障通道处理,3REN010MG故障漂表,化学处理反馈一一故障原因分析，经检查，由于处理REN取样管线堵塞问题，一环的取样管线被隔离，导致该通道钠表无法正常监测，钠表读数会异常上升，待15min后，钠表切换到能正常测量的通道，钠表读数又会恢复正常,3REN系统只设计了1块钠表（即3REN010MG），为满足测量3台蒸发器下排污钠含量，同时设计了一个三通道切换装置。每隔15min钠表自动切换一个通道。正常情况下，3台蒸发器下排污钠含量相差不大，因此主控该仪表的显示数值基本上比较稳定。但如果某条取样管线被隔离，导致该通道钠表无法正常监测。钠表读数会异常上升，待15min后，钠表切换到能正常测量的通道，钠表读数又会恢复正常，主控该仪表的显示数值此时应呈周期性波动的现象
3REN194VL阀门存在外漏冒蒸汽,,1)3REN194VL为安全壳隔离阀，阀门外漏蒸汽，影响安全壳隔离功能的可靠性；2）影响1号蒸汽发生器APG排污水取样，该阀门若隔离，将导致1号蒸汽发生器取样中断，化学技术规范要求，APG排污水（P&gt;25%Pn的RP模式）Na离子需每日手动取样分析一次,已采取的行动措施：1)现场核实蒸汽泄漏情况，并核实蒸汽对附近设备运行的影响，发现蒸汽泄漏威胁阀门旁边的电缆安全，联系机械和仪控进行评估和用防火布进行临时遮蔽；2）联系机械检查确认泄漏位置情况，维修支持人员配合拆除保温，发现阀门中法兰漏气；3）机械进行紧固处理无效，要求机械重新准备工作方案进行处理,根据解体检查情况，确定本次外漏原因为设备制造厂安装问题造成，阀盖与阀笼连接不到位（错位约1mm），进而影响中法兰垫片压缩量（理论压缩量1.5mm），导致阀门外漏,"机械处理反馈：1)处理进展结果：对阀门进行解体检修，并对垫片进行了更换，维修后试验各项数据合格正常，验证已无外漏；2）处理措施：①在线紧固无法消除缺陷，现场已用防火布进行防护，防止周边设备损伤；②准备工作方案对3REN194VL机械解体检修，并对垫片进行了更换，维修后试验各项数据合格正常，临时签出解除隔离验证已无外漏；③对我厂规程进行了排查，规程中对于此环节有明确要求，在阀笼回转时要旋转45°，以确保阀笼和阀盖装配到位。已发起CR202011891进行经验反馈学习。
3 ）故障原因分析：根据解体检查情况，确定本次外漏原因为设备制造厂安装问题造成，阀盖与阀笼连接不到位（错位约1mm )，进而影响中法兰垫片压缩量（理论压缩量1 . 5mm )，导致阀门外漏",化学技术规范要求，APG 系统（P>25%Pn 的RP 模式），如果一台或更多在线钠表不可用，手动分析1 ／日［1 ／日，每日一次，相邻两个执行日的最长间隔（连续两次使用裕度的最长间隔）>36 h1
4号主控触发4RGL001、005、006、009KA报警,14点35分，4号主控触发4RGL001KA（RGL运行故障）、4RGL-005KA（RCS运行故障），4RGL006KA（RGL故障）、4RGL009KA（PWE运行故障）报警,可能影响RGL棒组棒位显示，影响RGL系统的可用性,已采取的行动措施，1）当班值执行FQ4-RGL-I-001，将R棒、G棒置于手动状态；2）现场检查发现4RGL026AR（对应SD2棒组）机柜故障灯亮；3）oncall仪控检查处理，经复位后报警消除；4）报警消除后，根据事故规程将R棒、G棒恢复至自动状态,4RGL026ARSD2-4触发保持为零报警。经现场检查确认保持线圈电流正常，初步分析可能原因是检测电流信号闪发异常,"仪控处理反馈：1）处理进展：4RGL001/005/006/009KA报警已消除。2）工作过程：①确认故障卡件机柜；②打开4RGL026AR机柜柜门；③测量SD2-4SC线圈电流正常；④按下“故障清除按钮”，确认SC线圈电流正常，确认报警以消除；关闭机柜柜门；⑤归还工作许可证3）原因分析：①4RGL026ARSD2-4触发保持为零报警；②经现场检查确认保持线圈电流正常，初步分析可能原因是检测电流信号闪发异常。
4）处理措施：按下机柜“故障清除按钮”，报警消除",4RGL026AR为SD2棒组的就地棒控电源机柜
3RGL001/005/006/009KA报警,夜班主控触发3RGL001KA（RGL运行故障）/005KA（RCS运行故障） /006KA（RGL运行故障）/009KA（PWE运行故障）报警，现场检查3RGL023AR 上出现故障报警,可能影响RGL 棒组棒位显示，影响RGL 系统的可用性,已采取的行动措施：1 ）主控立即查看RGL 系统所有控制棒，棒位均正常。根据报警卡执行F04-RGL-I-001，将R 棒和G 棒打手动；2 ）安排现场检查发现3RGL023AR（对应G2 棒组）柜上紧急灯和双重保持灯亮：3 ） oncall 仪控进厂检查：4 )R 棒置于手动后，无法进行温度自动控制，确认无影响一回路温度变化的工作开展，确认当前3STR 无出力，避免大量使用辅助蒸汽时，引起一回路温度波动的情况出现；5 ）主控密切监视一回路平均温度，核功率，电功率，控制棒棒位指示变化情况，加强对二回路负荷监控,3RGL023AR机柜G2.2-2SC棒束调节卡件输出偏小，触发SC小电流过小报警导致G2.2棒组控制棒双重保持,仪控处理反馈，1）处理进展：3RGL001/005/006/009KA报警消除，系统工作正常；2）缺陷描述：主控出现3RGL001/005/006/009KA报警，就地检查为3RGL023AR机柜G2.2-2出现SC小电流过小报警触发双重保持报警；3）原因分析：报警触发原因是3RGL023AR机柜G2.2-2SC棒束调节卡件输出偏小，触发SC小电流过小报警导致G2.2棒组控制棒双重保持；4）处理措施：仪控维修人员按照工作方案对故障调节卡件进行更换，卡件工作正常，报警已消除,控制棒被双夹持，控制棒无法正常动作：潜在风险后果：1）机组临界过程中出现控制棒双保持，可能导致临界失败；2）机组调试瞬态试验期间，如果出现控制棒双保持，可能导致机组非计划停机停堆事件。造成3RGL系统在控制棒动棒期间多次出现双保持导致控制棒无法正常动作的原因为，在动棒过程中产生了控制棒驱动机构线圈电流报警，触发RGL系统紧急故障
1号主控触发1RGL001、005、006、009KA报警,"01: 14, 1 号主控触发: 1RGL001KA RGL 运行故障、1RGL005KARCS 运行故障、1RGL006KA RGL 运行故障、1RGL009KA PWE 运行故障报警。联系电气现场检查发现 1RGL021AR 故障灯亮。在仪控间查看 1RGL030HC (RGL 远程工作站), 发现 1RGL021AR (N12 棒组) 的 HMpowerracks 模块显示红色报警","根据 1RGL001 故障规程, 已将 R 棒和 G 棒置手动, 且 N12 棒组故障初步判断已触发双保持。①若机组出现重大瞬态, 可能导致 G 棒组不能自动动作: ②N12 棒组存在落棒停堆风险。更换过程的风险: 由于要对保持线圈的 MDP 模块进行更换, 先要对整个子组 4 个棒束的保持线圈进行断电, 导致控制棒保持线圈失电。由于当前已触发双夹持, 传递线圈也带电, 传递销爪可以保持控制棒位置不变。若更换过程中传递线圈再出现故障将导致控制棒落棒, 有停堆风险。控制风险的措施: ①断电前要确认双夹持已确定触发和传递线圈已带电; ②控制仪控人员更换 MDP 卡件的时间 (20min 左右)。当前状态的双夹持为自动触发的, 仪控可通过机柜上的操作机构手动触发双夹持, 保证双夹持可靠触发。通过分析, 仪控人员采取两种方法共同确认传递线圈带电: ①通过查看模块上的指示灯可以确认传递线圈带电; ②使用方用表测量传递线圈电源输出模块输出电压正常","已采取的行动措施, 1) 主控立即查看 RGL 系统所有控制棒, 棒位均正常。根据报警卡执行 FQ1-RGL-I-001, 将 R 棒和 G 棒打手动; 2) 安排现场检查发现 1RGL021AR (对应 N1-2 棒组) 柜上紧急灯和双重保持灯亮: 3) oncal1 仪控进厂检查; 4) R 棒置于手动后, 无法进行温度自动控制, 确认无影响一回路温度变化的工作开展。确认当前 1STR 无出力, 避免大量使用辅助蒸汽时, 引起一回路温度波动的情况出现; 5) 主控密切监视一回路平均温度, 核功率, 电功率, 控制棒棒位指示变化情况: 加强对二回路负荷监控","经检查分析为 1RGL021AR(N12 子组电源柜) 第 1 束棒保持 MDP 模块 (驱动机构线圈供电模块) 电流检测单元故障, 产生“小电流偏低”电流故障报警, 触发子组进入双保持状态",,1)供电关系：动力电RAM 一MDP 卡件一控制棒线圈。2)MDP 的控制电为 LNE 和LMA，失去控制电会出发双保持。3）控制棒被双夹持，控制棒无 法正常动作，潜在风险后果：①机组临界过程中出现控制棒双保持，可能导致临界失败；②机组调试瞬态试验期间，如果出现控制棒双保持，可能导致机组非计划停机停堆事件。造成3RGL 系统在控制棒动棒期间多次出现双保持导致控制棒无法正常动作的原因为，在动棒过程中产生了控制棒驱动机构线圈电流报警，触发RGL 系统紧急故障
4 号主控触发4RGL001、005、006、009KA 报警,22:57:02 时，4 号主控KIC 中出现：4RGL001KARGL 运行故障、 4RGL005KARCS3 运行故障、4RGL006KARGL 运行故障、4RGL009KAPWE 运行故障报警，主控室查看R 棒组和G 棒组棒位指示指示正常，一回路平均温度稳定,,已采取的行动措施：1）查看和执行报警卡，主控立即查看RGL系统所有控制棒，棒位均正常。根据报警卡执行F04-RGL-I-001，将R棒和G棒打手动；2）安排现场检查发现4RGL024AR（对应G1棒组）柜上紧急灯和双重保持灯亮；3）oncall1仪控进厂检查，仪控在仪控间（L749）查看4RGL030HC（RGL远程工作站），通过从“棒位系统”画面进入“报警窗”画面，在进入“RCS故障树”画面。在故障树画面中点击RGL009KA下方的查看，进入“电源柜紧急故障”画面，可看到G1棒“紧急故障”红色亮；4）R棒置于手动，无法进行温度自动控制，确认无影响一回路温度变化的工作，确认当前4STR无出力，SVA管网由2STR处理，确认一单元不要进行突然引起4STR出力增大的工作；5）主控密切监视一回路平均温度，核功率，电功率，控制棒棒位指示变化情况，加强对二回路负荷监控；6）仪控人员按照《FQY-MA-TD-I16002+3、4号机组RGL系统卡件更换》，执行第4节调节卡件更换。消除故障,通过故障现象，仪控现场开启4RGL024AR柜门检香发现为G1棒的第2束棒触发双夹持（保持线圈和传递线圈同时得电）。经检查分析为4RGL024AR(G1子组电源柜）G1-2棒束保持线圈（SC）调节卡件输出不稳定触发保持线圈（SC）小电流过小报警，触发了组进入双保持状态,仪控处理反馈：1 ）缺陷描述：对主控触发4RGL001/005/006/009KA报警，G1-2棒束SC 小电流过小报警触发双重保持报警；2 ）处理进展：4RGL001/005/006/009KA报警已消除；3 ）原因分析：报警触发原因是4RGL024ARG1-2棒束SC 调节卡件输出偏小，触发SC 小电流过小报警导致G1 棒组控制棒双重保持；4 ）处理措施：仪控维修人员按照工作方案对故障调节卡件进行更换，卡件工作正常，报警已消除,1 ）出现RGL 故障报警后，运行人员可到RGL 机柜核实对应的报警机柜及故障卡件，有助于仪控人员未到场时快速定位故障卡件；2 ）就地查找到RGL 相关的AR 箱出现报警时，可以参考《FQ4-RGL-T-002 电厂正常运行期间不用的棒束完好可用性核对试验规程》中棒组和AR 箱信息，对比知悉哪个棒组故障导致；3 )R 棒、G 棒置于手动期间，主控密切监视一回路平均温度，核功率，电功率，控制棒棒位指示变化情况，加强对二回路负荷监控，避免有可能引起机组负荷变化、温度变化的工作开展；4 ）控制棒被双夹持，控制棒无法正常动作，潜在风险后果：①机组临界过程中出现控制棒双保持，可能导致临界失败；②机组调试瞬态试验期间，如果出现
主控闪发3RGL022KA（SD 棒组故障）,4:30:01，闪发3RGL022KA:SD 棒组故障报警，查看趋势为3RGL045MM从224 变为136 ，后恢复到224 :14:28:52，再次闪发3RGL022KASD 棒组故障，查看趋势，发现3RGL045MM 测量棒位瞬间掉落至136 ，而后又恢复,影响SD 棒位监测的可靠性，卡件更换过程中，RGL 棒位显示不可用将产生第二组IO,已采取的行动措施：1 ）主控立即查看和执行报警卡，发现SD 的棒位显示3RGL045MM 从224 变为136 ，后恢复到224 ，其他棒位显示均正常。根据报警卡执行F03-RGL-I-001;2 ）检查RIC 画面堆芯温度趋势，未见明显异常情况，检查轴向功率变化趋势、堆芯热功率、反应堆功率均未见明显变化；3 ）oncall1 仪控检查处理,报警触发原因是格莱码D 码异常造成棒位由224 步跳变至136 又恢复为224 ，分析是格莱码处理器卡件（MCP22 ）异常，使格莱码值输出异常造成测量棒位异常变化,"仪控处理反馈：1）工作过程：①打开3RGL006AR，确认SD1-1卡件位置；②测量MCP22格莱码阈值（A：4.331，B：4.322，C：5.251D:5.382，E：7.54，单位V）；③断开MCP10卡件电源；④检查SD1-1D码输出接线，无异常；⑤更换MCP22卡件；⑥闭合MCP10卡件电源；调整MCP22格莱码阈值（A：4.331，B：4.322，C：5.251D：5.382，E：7.54，单位V）；确认SD1-1棒位显示正常；9关闭机柜门，确认报警消失。
2 ）原因分析：报警触发原因是格莱码D 码异常造成棒位由224 步跳变至136 又恢复为224 ，分析是格莱码处理器卡件（MCP22 ）异常，使格莱码值输出异常造成测量棒位异常变化：该现象为第一次出现，与之前主电流控制器（MCP10 ）短时失电造成棒位变为0 不一样",棒位探测器基本工作原理，测量线圈分5 组，每组内相邻测量线圈反相串联，控制棒由底部（上图左侧）逐步提升到顶部（上图右侧）的过程中，每组测量线圈两端的感应电压将出现“低（电压）、高（电压）、低、高、低、高”。立端电压送往测量柜。处理卡件为每组测量线圈各设置一个电压阈值，当端电压超过阈值时，此测量线圈被编码为1 ：当低于值时，被编码为0 。在控制棒提升过程中，每组测量线圈的编码将出现“0 、1 、0 、1 、0 、1 …… ”。依照各组测量线圈的分布，编码将出现“格莱码”形式分布，将其以8 步精度转换为机械棒位。子组内测量棒位存在偏差的原因：测量线圈的值设置是在调试期间完成的，其验收准则是控制棒在某8 个机械步区间内＋5 、＋6 、＋7 步，测量棒位显示8 步均为合格。所以子组内两棒束间测量棒位可能存在8 步偏差且不会任何触发棒位故障
3号主控频繁闪发3RGL001KA、3RGL002KA、3RGL006KA报警,11时26分开始，3号主控频繁闪发3RGL001KA（RGL运行故障） 3RGL002KA（RPI故障）3RGL006KA（RGL运行故障）报警,1)经仪控人员初步检查为SC-3棒束棒位探测器圆边线圈供电电流不稳定，高漂导致，因目前SC-3棒束在堆顶，电流高漂对棒位显示无影响，若电流低漂，则可能导致棒位显示比实际值偏低；2）更换卡件过程中导致棒位显示不可用，产生第二组10,已采的行动措施：1 ）查看和执行报警卡，按报警卡执行IRGL001;2 ）安排现场检查棒控电源柜（3RGL011AR~3RGL026AR）、棒控逻辑柜 （3RGL001AR）、棒位测量柜（3RGL009AR）或棒位处理柜（3RGL010AR ）设备是否存在故障报警信息；3 ）oncall 维修仪控人员检查处理,报警频繁闪发的原因是SC -3 棒束主电流控制器电流在2 . 90 V 至3 . 85V 之间波动.触发电流高报警（值设置3 . 80V ）,仪控处理反馈：1 ）处理进展：3 号主控闪发3RGL001KA、3RGL002KA、 3RGL006KA报警已消除。2 ）缺陷描述：3 号主控频繁闪发3RGL001KA、 3RGL002KA、3RGL006KA报警。3 ）原因分析：报警频繁闪发的原因是SC -3 棒束主电流控制器电流在2 . 90V 至3 . 85V 之间波动，触发电流高报警（阀值设置3 . 80V ）。4 ）处理措施：已对故障卡件进行更换，卡件工作正常。 5 ）检修步骤：①确认并记录SC -3 棒束的测量棒位为224；②将SC -3 棒束主电流卡件断电，棒位指示为160；③拔出故障卡件，将主电流控制器转接件插入；④连接备件，对备件参数进行调整；拔出转接件，将备件插入卡槽；③给主电流控制器上电，检查确认输出电流为3 . 050V ；7 确认SC -3 棒束的测量棒位恢复为224,3RGL006KA 报警产生的可能原因：棒控电源柜（3RGL011AR～3RGL026AR）、棒控逻辑柜（3RGL001AR）、棒位测量柜（3RGL009AR）或棒位处理柜（3RGL010AR）设备发生下列故障：D3RCS 运行故障：②3RPI 运行故障
3 号主控闪发3RGL001、002、006KA 报警处理反馈,主控闪发3RGL001、002、006KA 报警.持续时间约1 S,1 ）可能影响对应棒组（SD1 -1 ）的显示，不影响棒组控制：2 ）更换卡件过程中将导致棒位显示不可用产生第二组10,已采取的行动措施：1 ）查看和执行报警卡，按报警卡执行IRGL001；2 ）安排现场检查棒控电源柜（3RGL011AR~3RGL026AR）、棒控逻辑柜（3RGL001AR）、棒位测量柜（3RGL009AR）或棒位处理柜（3RGL010AR）设备是否存在故障报警信息：3 ）oncall 维修仪控人员检查处理,就地进行机柜检查，原因为3RGL006AR 内SD1 -1 棒束MCP10 卡件闪发故障,仪控处理反馈：1 ）缺陷描述：主控闪发3RGL001、002、006KA 报警，持续时间约1 s ;2 ）处理进展：3RGL001、002、006KA 报警为闪发，目前已消,3RGL006KA 报警产生的可能原因：棒控电源柜（3RGL011AR～3RGL026AR）、棒控逻辑柜（3RGL001AR）、棒位测量柜（3RGL009AR）或棒位处理柜（3RGL010AR）设备发生下列故障：D3RCS 运行故障：②3RPI 运行故障
4号主控触发4RGL001、002、006KA报警,20:00主控出现4RGL001KA(RGL运行故障)/002KA(RPI故障)/006KA(RGL运行故障)报警,,已采取的行动措施：1）查看和执行报警卡，按报警卡执行IRCL001；2）安排现场检查棒控电源柜（4RGL01AR～4RGL026AR）、棒控逻辑柜（4RGL001AR）、棒位测量柜（4RGL009AR）或棒位处理柜（4RGL010AR）设备是否存在故障报警信息；3）oncall维修仪控人员检查处理,就地进行机柜检查。原因为N2.1-1棒束触发“测量通道失效”N2.1-1测量棒位显示为0.实际控制棒束在5步。N2.1-1棒束的格莱码处理器卡件（MCP22）故障导致格莱码显示为0。该报警仅影响N2.1-1棒束测量棒位显示，不影响控制棒束正常动作,"仪控处理反馈：1）缺陷描述：主控触发4RGL001、002、006KA报警。2）处理进展结果：4RGL001、002、006KA报警已消除。
3 ）原因分析：就地进行机柜检查，原因为N2 . 1 -1 棒束触发“测量通道失效”，N2 . 1 -1 测量棒位显示为0 实际控制棒束在5 步。N2 . 1 -1 棒束的格莱码处理器卡件（MCP22 ）故障导致格莱码显示为0 。该报警仅影响N2 . 1 -1 棒束测量棒位显示，不影响控制棒束正常动作。4 ）处理措施：对N2 . 1 -1 棒束的格莱码处理器卡件（MCP22 ）进行更换，N2 . 1 -1 棒束测量棒位恢复正常显示。5 ）检修步骤：D 打开4RGL006AR，确认N2 . 1 -1 卡件位置；②测量MCP22 格莱码阈值（A : 4 . 109, B : 4 . 274, C : 5 . 217D : 5 . 644,E : 7 . 40 , 单位V ) ;③断开MCP10 卡件电电源：④松开MCP22 卡件固定螺丝，拨出卡件：更换MCP22 卡件的备件：③闭合MCP10 卡件电源：①调整MCP22 格莱码阈值（A : 4 . 112.B : 4 . 274, C : 5 . 221.D : 5 . 644,E : 7 . 40 , 单位V ) ;8 确认N2 . 1 -1 棒束的棒位显示异常：9 关闭机柜门，确认RG1 系统无其他异常","1 ）棒位探测器基本工作原理：测量线圈分5 组，每组内相邻测量线圈反相串联，控制棒由底部（上图左侧）逐步提升到顶部（上图右侧）的过程中，每组测量线圈两端的感应电压将出现“低（电压）、高（电压）、低、高、低、高”。端电压送往测量柜，处理卡件为每组测量线圈各设置一个电压阈值，当端电压超过阈值时，此测量线圈被编码为1 ：当低于值时，被编码为0 。在控制棒提升过程中，每组测量线圈的编码将出现“0 、1 、0 、1 、0 、1 . . ”。依照各组测量线圈的分布，编码将出现“格莱码”形式分布，将其以8 步精度转换为机械棒位。子组内测量棒位存在偏差的原因：测量线圈的阈值设置是在调试期间完成的，其验收准则是控制棒在某8 个机械步区间内+5 、+6 、+7 步，测量棒位显示8 步均为合格。所以子组
2)4RGL006KA 报警产生的可能原因：棒控电源柜（4RGL011AR ～ 4RGL026AR）、棒控逻辑柜（4RGL001AR ）、棒位测量柜（4RGL009AR ）或棒位处理柜（4RGL0010AR ）设备发生下列故障：D4RCS 运行故障：②4RP1 运行故障"
3 号主控触发3RGL015KA(G1 棒组故障）报警,14:25~14:30 时间段内，主控频繁闪发3RGL015KA(G1 棒组故障）， 3RGL051MM 在224 步到136 步之前频繁波动,1 ）影响棒位监视：2 ）若G 棒组真实故障可能导致功率畸变或停堆,已采取的行动措施：1 ）查看和执行报警卡，按报警卡执行IRGL001;2 ） 按报警卡主控检查G1 棒组失步报警灯触发情况：3 ）主控检查功率量程四个通道未见异常波动，检查RIC 画面堆芯热电偶温度未见异常畸变，监视一回路平均温度，核功率，电功率，LSS 系统均无明显异常：4 ）oncall 维修仪控人员检查,,仪控处理反馈：1 ）处理进展：3RGL015KA E 报警为闪发，已对故障主电流卡件进行更换，报警已消失。2 ）原因分析：①G1 -3 棒束的主电流卡件偶发电流高报警：②初步原因分析，G1 -3 主电流卡件输出电流异常波动，超出报警值导致报警。3 ）处理措施：对故障主电流卡件3RGL008ARG1 -3 棒束的MCP10 卡件进行更换。4 ）影响评估：G1 -3 棒束的主电流卡件故障可能导致该束棒棒位指示异常，但不影响控制棒束正常动作,3RGL015KA(G1 棒组故障）报警触发的可能原因有：棒束一棒组失步；②棒束一棒束失步；③棒束在低位
4RGL001、002、006、008KA 报警,,1 )RGL 内部PLC 网络其中一路故障对RGL 系统正常运行无影响；2 ）若出现PLC 网络双路故障，主控KIC 画面失去给定棒位、需求棒位、控制棒运行模式的相关KS 和棒组选择的相关KS 的监视，但是对控制棒自动模式下无影响,已采取的行动措施：1 ）查看和执行报警卡，按报警卡执行IRGL001 ;2 ）安排现场检查棒控电源柜（4RGL011AR~4RGL026AR）、棒控逻辑柜 （4RGL001AR）、棒位测量柜（4RGL009AR）或棒位处理柜（4RGL010AR）设备是否存在故障报警信息：3 ）oncall 维修仪控人员检查处理,RGL 内部PLC 网络其中一路闪发故障导致（001.002.006 报警都为综合报警）,仪控处理反馈：1 ）风险分析：①DRGL 内部PLC 网络其中一路故障对RGL 系统正常运行无影响；②若出现PLC 网络双路故障，主控KIC 画面失去给定棒位、需求棒位、控制棒运行模式的相关KS 和棒组选择的相关KS 的监视，但是对控制棒自动模式下无影响。2 ）处理进展：2018 年9 月27 日4 号机大修期间工作负责人持票4PT33362（维修一级：对4RGL 闪发内网通讯故障进行检查处理）已处理完成，缺陷已消除。3 ）检修步骤：①运行人员配合将控制棒落到堆底；②对处理柜的通讯设备和同轴电缆进行检查和处理；③对逻辑柜的通讯设备和同轴电缆进行检查和处理；④对电源柜的通讯设备和同轴电缆进行检查和处理：5 由运行人员将控制棒提回原位,"1 )4RGL006KA(RGL 运行故障）报警产生的可能原因：棒控电源柜 （4RGL011AR~4RGL026AR）、棒控逻辑柜（4RGL001AR）、棒位测量柜 （4RGL009AR）或棒位处理柜（4RGL010AR）设备发生下列故障：①4RCS 运行故障：②4RPI 运行故障：
2) 4RGL008KA(RPI 报警)产生的可能原因:棒位测量柜(4RGL009AR)或棒位处理柜(4RGL010AR)等设备发生下列故障:①处理柜电源故障: ②测量柜通风故障:③网关1故障或网关2故障:④处理柜与4RGL系统网络间的交换机故障:②网关与4DCS系统间的交换机故障"
4 号机组RGL 至DCS 通讯故障导致RGL 系统在KIC 画面失去手动控制和监视运行事件,"7:40,4 号机组操纵员发现4KIC 中RGL 画面模块显示洋红色,4RGL 系统在KIC 上失去手动控制和监视功能。维修仪控人员接到主控室oncall 后迅速响应,经分析判断,确认为4RGL 到4DCS 通讯模块FBM233 卡件故障,导致4 号机组4RGL 到4DCS 通讯中断超出《福建福清核电3 、4 号机组运行技术规范》“反应堆功率运行模式（RP ）”下“RGL 系统用于和DCS 通信的GW 单元必须可用”的规定",4RGL 系统在KIC 上失去控制和监视功能.主控室失去对控制棒的手动控制和棒位监视,已采取的行动措施:1 ）安排现场检查棒控电源柜（4RGL011AR~ 4RGL026AR）、棒控逻辑柜（4RGL001AR）、棒位测量柜（4RGL009AR）或棒位处理柜（4RGL010AR）设备是否存在故障报警信息：2 ）oncall 维修仪控人员检查,1）直接原因：DCS中的V5090B下游通讯协议驱动模块FBM233卡件偶发失效故障；2）根本原因：RGL-DCS通讯设备功能的技术管理不到位，对于首次进行互联的设备测试深度不足,仪控处理反馈：1）故障现象：4RGL系统KIC画面全部显示洋红色。2）处理进展：缺陷已完成处理，4RGL系统KIC画面显示恢复正常。3）故障原因分析：4RGL至4DCS通讯中断，中断点发生在4KCP509AR的FBM233卡件，故障原因为软件驱动功能异常。4）处理措施：对4KCP509AR中的FBM233卡件重新执行软件下载操作并上线后，通讯功能恢复正常。5）后续行动：①给厂家发出函件，分析发生通讯中断的软硬件根本原因；②根据同行反馈，使用相同DCS以及RGL设备的厂家发生过类似的通讯中断问题，目前该问题为我厂初次发生，跟踪其他核电的处理方式和处理效果,"4RCL-DCS通讯故障的核安全景影响与运行技术规范条款分析：4RGL-DCS通讯故障发生后。电厂立即对故障进行响应处理以及查找根本原因，同时召集运行处，维修仪控，核安全处，设备管理处等部门讨论分析此次事件对核安全的影响，通过分析可得知，故障对核安全的影响是安全可控的。另外通过分析得知，运行技术规范对RGL-DCS系统通讯的相关规定不清晰，存在一定的不合理，同时电厂仍然严格要求报为运行事件，并按照最严格的要求执行一系列的纠正措施。具体分析如下：1)控制棒处于手动控制时，RGL-DCS通讯中断，控制棒失去手动控制功能。如果机组需要快速后撤，不能通过快速插棒来实现。但此时机组可以硼化后撤；2)控制棒处于自动控制时，RGL-DCS通讯中断，控制棒棒位变化可以自动跟随汽机负荷变化。如果出现汽机甩负荷的情况，此时控制棒可以跟随快速插棒：
3）事故情况下，RGL-DCS通讯中断，自动或手动的紧急停堆，控制棒可以落入堆芯，不影响机组状态的控制以及事故规程的执行。在RGL与DCS通讯中断时，RGL系统仍能保持通讯中断前的状态，仅失去控制棒的手动控制和棒位监视。控制棒失去手动控制功能时，可以通过硼化或稀释的手段控制反应性：KIC画面失去各状态灯和棒位监视功能时，可以通过BUP盘和仪控工程师站查看棒位显示情况。综上所述，RGL与DCS通讯故障对核安全的功能影响是安全可控的。另一方面，当机组发生KIC系统不可用事件时，记为I01事件，KIC不可用的过程中，整个KIC系统中包括RGL画面在内的所有设备显示与手动操作功能均不可用：RGL-DCS通讯失效发生时KIC系统中仅限于RGL相关的显示与手动操作不可用。RGL-"
主控室触发4RGL012KA、4RGL013KA 报警,18:08 时，开始主控室多次出现4RGL013KA(N1 棒组故障）、4RGL012KA （N2 棒组故障）报警，查看画面显示N2.2、N1.1、N1.2 分别有一束控制棒棒位指示（4RGL008MM/020MM/024MM ）测量棒位多次由224 步变为216 步。持续数分钟后恢复,1)影响 N1、N2 棒组的棒位监视；2)产生 I02：RGL5（堆功率大于 50%Pn，一个棒位指示器故障）,已采取的行动措施：1)查看和执行报警卡，按报警卡要求执行故障规程 IRGL001；2)主控按报警卡检查 KIC 画面 N1 棒组、N2 失步报警灯触发情况和控制棒棒位指示情况，发现 N2.2、N1.1、N1.2 分别有一束控制棒棒位指示（4RGL008MM/020MM/024MM）测量棒位多次由 224 步变为 216 步；3)主控检查功率量程四个通道未见异常波动，检查 RIC 画面堆芯热电偶温度未见异常畸变，监视一回路平均温度，核功率，电功率，LSS 系统均无明显异常；4)oncall 维修仪控人员检查；5)oncall 维修仪控人员检查，物理人员做堆内通量测量,经检查查确认 4RGL009AR 内端子 A01BN-4 接线接触不良,仪控处理反馈：1)检查结果：经检查确认 4RGL012KA、4RGL013KA 报警原因为控制棒束 N2.2-4、N1.1-4、N1.2-4 的测量棒位由 224 步变为 216 步，造成棒组失步导致棒组故障报警，控制棒束实际并未真实动作。经现场检查，初步确认棒位显示异常原因为 4RGL009AR 测量柜）内一根接线接触不良导致。2)处理进展：4RGL012KA、4RGL013KA 报警已消除。4 号机组 RGL 系统棒位显示无异常，系统运行正常。3)处理措施：①对 4RGL009AR 内相应接线进行紧固；②配合执行 4 号机组功率分布测量试验，试验结果合格。4)故障原因分析：经检查确认 4RGL009AR 内端子 A01BN-4 接线接触不良,4RGL013KA (N1 棒组故障)、4RGL012KA (N2 棒组故障) 报警触发的可能原因有：①棒束一棒组失步；②棒束一棒束失步；③棒束在低位
3号主控触发3RGL001KA、3RGL005KA、3RGL006KA、3RGL007KA、3RGL009KA报警,8:09，3号主控触发3RGL001KA（RGL故障）、3RGL005KA（RCS运行故障），3RGL006KA（RGL运行故障）、3RGL007KA（RCS故障）、3RGL009KA（PWE运行故障）报警,导致停堆棒组、R棒组手自动均无法动作,已采取的行动措施：1)查看和执行报警卡，主控立即查看RGL系统所有控制棒，棒位均正常。根据报警卡执行F03-RGL-I-001，将R棒和G棒打手动；2)安排现场检查发现3RGL011AR（SA1棒组）柜上双重保持灯亮；3)R棒置于手动后，无法进行温度自动控制，确认无影响一回路温度变化的工作，注意控制好一回路温度，不要进行可能引起一回路温度和负荷变化的操作，确认当前3STR无出力；4)主控密切监视一回路平均温度，核功率，电功率，控制棒棒位指示变化情况，加强对二回路负荷监控：5)oncall仪控检查处理,电源柜3RGL011AR（SA1棒组）PLC的CPU故障，触发紧急故障报警，导致SA1棒组双重保持,,控制棒被双夹持，控制棒无法正常动作，潜在风险后果1）机组临界过程中出现控制棒双保持，可能导致临界失败；2）机组调试瞬态试验期间，如果出现控制棒双保持，可能导致机组非计划停机停堆事件。造成3RGL系统在控制棒动棒期间多次出现双保持导致控制棒无法正常动作的原因为，在动棒过程中产生了控制棒驱动机构线圈电流报警，触发RGL系统紧急故障
4 号主控闪发4RGL001KA.RGL 运行故障报警,,影响RGL 系统控制的可靠性,已采取的行动措施，1)查看和执行报警卡，安排现场检查棒控棒位系统设备（逻辑柜 4RGL001AR，测量柜 4RGL009AR，处理柜 4RGL010AR，电源柜 4RGL011AR~4RGL026AR)报警情况，未见明显异常；2)oncall 仪控检查处理,就地检香报警日志，原因为“R棒组自动棒速低”触发逻辑柜非紧急故障，主控触发RGL001KA报警。R棒组自动棒速范围是8~72步/分，对应4~20mA模拟量电流信号。当前R棒组未动作，自动棒速为8步/分，对应模拟量信号处于4mA左右波动，波动超出报警阈值触发报警,仪控处理反馈：1)缺陷描述：主控闪发4RGL001KA报警，持续时间1 s； 2)处理进展结果：4RGL001KA报警已消除；3)故障原因分析：就地检查报警日志，原因为“R棒组自动棒速低”触发逻辑柜非紧急故障，主控触发RGL001KA报警。R棒组自动棒速范围是8~72步/分，对应4~20mA模拟量电流信号。当前R棒组未动作，自动棒速为8步/分，对应模拟量信号处于4mA左右波动，波动超出报警阈值触发报警,4RGL001KARGL 运行故障报警：棒控棒位系统设备（逻辑柜 4RGL001AR，测量柜 4RGL009AR，处理柜 4RGL010AR，电源柜 4RGL011AR~4RGL026AR）发生故障或失电
3LHP柴油机定期试验期间N2.2-1触发SC小电流过大报警产生双重保持,"11: 25, 主控出现 3RGL001/005/006/009KA 报警。N2.2 棒组双保持","控制棒被双夹持, 控制棒无法正常动作","已采取的行动措施: 1)查看和执行报警卡, 主控立即查看 RGL 系统所有控制棒, 棒位均正常。根据报警卡执行 F03-RGL-I-001, 将 R 棒和 G 棒打手动; 2)安排现场检查发现 3RGL019AR (N2.2 棒组) 柜上双重保持灯亮; 3)R 棒置于手动后, 无法进行温度自动控制, 确认无影响一回路温度变化的工作, 注意控制好一回路温度, 不要进行可能引起一回路温度和负荷变化的操作, 确认当前 3STR 无出力; 4)主控密切监视一回路平均温度, 核功率, 电功率, 控制棒棒位指示变化情况, 加强对二回路负荷监控; 5)oncall 仪控检查处理","3 号机组在执行 3LHP 柴油发电机低功率试验时母线供电切换瞬间触发了 3RGLN2.2-1 棒 SC 线圈小电流过大报警, 控制棒双保持。初步分析为供电切换瞬间 LMA 母线短时失电, 引起 3RGL 电源柜中控制电源卡件 (A/B 电源) 输出产生波动, 该波动对 SC 线圈所属的调节、检测卡件造成干扰, 从而误触发 SC 小电流过大报警","仪控处理反馈: 1)处理进展结果: 报警已消除, RGL 系统恢复正常。2)处理措施: 对报警进行了清除、复位。3)工作过程: ①打开 3RGL019AR 机柜柜门; ②确认报警棒束为 N2.2-1; ③按下“故障清除”按钮, 对报警进行消除; ④确认报警消除, 关闭机柜柜门; 5 通知主控工作完成。
4)故障原因分析: 3 号机组在执行 3LHP 柴油发电机低功率试验时母线供电切换瞬间触发了 3RGLN2.2-1 棒 SC 线圈小电流过大报警, 控制棒双保持。初步分析为供电切换瞬间 LMA 母线短时失电, 引起 3RGL 电源柜中控制电源卡件 (A/B 电源) 输出产生波动, 该波动对 SC 线圈所属的调节、检测卡件造成干扰, 从而误触发 SC 小电流过大报警。5)后续行动: 对电流报警的产生原因做进一步分析, 找出根本原因。6 机组影响评估: 出现控制棒双保持, 影响控制棒动作",
3 号机组达临界过程中，触发报警、控制棒双保持,当班期间执行达临界操作，期间提升功率棒组（270 ~290 步之间）触发控制棒双保持报警（3RGL001、005、006、009KA ）,控制棒被双夹持，控制棒无法正常动作，无法执行达临界操作,,,仪控处理反馈：1)处理措施：更换了新的SC检测1卡件，工作正常。2） 工作过程：①通知主控工作开始，打开机柜柜门；②将强制双重开关打到“强制双重保持”模式，确认双重保持触发；③对故障卡件进行SC反馈电流测量，电流正常；④对卡件进行拔插：将强制双重保持开关打到“正常”位置，按下故障清除按钮，对报警清除；③通知主控操纵员，提升2步控制棒；②故故障报警再次出现，将强制双重开关打到“强制双重保持”模式。确认双重保持触发：8对故障SC检测1卡件进行更换；③将强制双重保持开关打到“正常”位置，按下故障清除按钮，对报警清除；通知主控操纵员，提升2步控制棒；①机柜状态正常，未出现报警；②通知主控工作完成。3）机组影响评估：出现控制棒双保持，影响控制棒动作。4）故障原因分析：3号机组重新达临界过程中，G2.1-3由第5提6步时出现SC大电流过小报警，测量SC线圈反馈的大电流正常；初步分析SC检测1卡件误产生大电流检测时序，出现SC大电流过小报警,控制棒被双夹持，控制棒无法正常动作，，潜在风险后果：1 ）机组临界过程中出现控制棒双保持，可能导致临界失败；2 ）机组调试瞬态试验期间，如果出现控制棒双保持，可能导致机组非计划停机停堆事件。造成3RGL 系统在控制棒动棒期间多次出现双保持导致控制棒无法正常动作的原因为，在动棒过程中产生了控制棒驱动机构线圈电流报警，触发RGL 系统紧急故障
控制棒提5 步过程中，触发控制棒双保持报警,停堆试验后提升控制棒N2棒组至5步过程中，KIC中触发3RGL001KA13RGL009KA1 3RGL006KA13RGL005KA报警.控制棒双保持,导致控制棒无法操作，无法提升到5步,已采取的行动措施：1）主控暂停控制棒的操作，查看和执行报警卡，按报警卡执行故障规程IRGL001；2）安排现场检查棒控电源柜（3RGL011AR～3RGL026AR）、棒控逻辑柜（3RGL001AR）、棒位测量柜（3RGL009AR）或棒位处理柜（3RGL010AR）设备是否存在故障报警信息：3）oncall仪控检查处理,3号机组紧急停堆后，重新提棒时，N2.2-2由第2提3步时出现SC大电流过小报警，测量电流发现大电流为1.58V；检查发现SC定值卡件“定大”背后的小电路板焊接质量低，存在搭接情况,仪控处理反馈：1 ）处理措施：更换了新的SC 定值卡件，工作正常。2 ） 工作过程：①打开3RGL019AR ，出现3RGL001、007、034KA报警；②确认出现电流故障的是N2 . 2 -2 棒束；③使用万用表测量SC 线圈大电流反馈是1 . 58V；④按下PLC 复位按钮使N2 棒组控制棒落入堆底：对故障卡件进行拔插后测量SC 线圈大电流反馈仍是1 . 58V ，卡件故障；③使用SC 定值卡件备件更换故障卡件：对更换卡件的参数进行调整：8 通知主控工作完成。3 ）故障原因分析：N2 . 2 -2 棒束出现SC 大电流过小报警。4 ）后续行动：对故障卡件进行返厂分析。5 ）机组影响评估：出现控制棒双保持，影响控制棒动作,控制棒被双夹持。控制棒无法正常动作，潜在风险后果1 ）机组临界过程中出现控制棒双保持，可能导致临界失败；2 ）机组调试瞬态试验期间，如果出现控制棒双保持，可能导致机组非计划停机停堆事件。造成3RGL 系统在控制棒动棒期间多次出现双保持导致控制棒无法正常动作的原因为，在
主控闪发3RGL001KA RGL 运行故障和3RGL007KA RCS 故障报警,"22:15, KIC 闪发3RGL001KA(RGL 运行故障）/3RGL007KA(RCS 故障）",影响RGL 系统运行的可靠性,已采取的行动措施：1 ）查看和执行报警卡，检查棒控棒位系统设备（逻辑柜3RGL001AR ，测量柜3RGL009AR ，处理柜3RGL010AR ，电源柜 3RGL011AR ~3RGL026AR ）是否发生故障或失电，未见异常；2 ）oncall 仪控检查处理,1 ）直接原因：RGL 棒控逻辑柜PLC 检测到来自CCS 机柜的R 棒自动棒速低于8 步／min 时产生RGL 棒控系统非紧急报警（RGL001/007KA ）。当R 棒静止不动时，理论上CCS 送出的R 棒自动棒速信号为4mA ，RGLPLC 侧识别为8 步／min ，而由于模拟量信号传输存在一定的误差和波动，实际上会,仪控处理反馈：1）影响评估：闪发非紧急报警，对RGL系统运行无影响。2）故障原因分析：①直接原因：RGL棒控逻辑柜PLC检测到来自CCS机柜的R棒自动棒速低于8步/min时产生RGL棒控系统非紧急报警(RGL001/007KA)。当R棒静止不动时，理论上CCS送出的R棒自动棒速信号为4mA，RGLPLC侧识别为8步/min，而由于模拟量信号传输存在一定的误差和波动，实际上会出现小于4mA的情况，即RGLPLC侧采集到了小于8步/min的值，此时PLC中的判断逻辑即认为异常，从而产生非紧急报警：②根本原因：RGLPLC软件中R棒自动棒速低检测逻辑设计不完善，未考虑模拟量信号存在一定误差的情况，检测判断条件设置不合理,"1）3RGL001KA（RGL运行故障）报警触发的可能原因：棒控棒位系统设备（逻辑柜3RGL001AR，测量柜3RGL009AR，处理柜3RGL010AR，电源柜3RGL011AR～3RGL026AR）发生故障或失电。
2)3RGL007KA（RCS故障）报警触发的可能原因：棒控电源柜（3RGL011AR～3RGL026AR）或棒控逻辑柜（3RGL001AR）等设备发生下列故障：①电源柜或逻辑柜电源故障；②电源柜非紧急故障；③CCS命令故障；④测量值超范围；定值故障；?P4信号故障"
主控触发4RGL001KARGL运行故障和4RGL007KARCS故障报警,04:09:03时，主控出现“4RGL001KARGL运行故障”和4RGL007KARCS故障”,影响4RGL控制棒系统的可靠性,已采取的行动措施：1）主控室根据报警卡使用IRGL001规程检查4RGL各KIC画面，发现4RGL701KS（RGL fault）灯亮、4RGL707KS（RCS alarm）灯亮，未见其他异常；2）主控检查当时时刻一回路温度、核功率等各项参数均未见异常；3）按报警卡提示安排就地检查巡视4RGL机柜，发现4RGL017AR柜内A/B电源卡件报故障；4）立即oncall维修仪控沟通报警现象及RGL状态，初步怀疑4RGL017AR柜内A/B电源卡件报故障,报警触发原因是4RGL017ARMC1机箱一块AB电源卡件报故障，正常为两块电源卡件穴余供电；另一块电源卡件工作正常，对控制棒的正常动作无影响；对故障卡件经进一步检查分析为A/B电源卡件PCB板内D2模块故障,仪控处理反馈：1 ）处理进展结果：主控4RGL001/007KA 报警，已消除。 2 ）处理措施：仪控维修人员按照工作方案对故障AB 电源卡件进行更换，更换工作已完成。3 ）故障原因分析：报警触发原因是4RGL017ARMC1 机箱一块AB 电源卡件报故障，正常为两块电源卡件穴余供电，另一块电源卡件工作正常，对控制棒的正常动作无影响；对故障卡件经进一步检查分析为A /B 电源卡件PCB 板内D2 模块故障,1) RGL001KA(RGL 运行故障）报警触发的可能原因：棒控棒位系统设备（逻辑柜RGL001AR，测量柜RGL009AR，处理柜RGL010AR，电源柜RGL011AR~RGL026AR）发生故障或失电。2) RGL007KA(RCS 故障）报警触发的可能原因：棒控电源柜（RGL011AR~RGL026AR）或棒控逻辑柜（RGL001AR）等设备发生下列故障①电源柜或逻辑柜电源故障：②电源柜非紧急故障：③CCS 命令故障：④测量值超范围：定值故障：6P4 信号故障
主控出现L4RGL001KARGL 运行故障和4RGL007KARCS 故障报警,22 点39 分4 号机组主控室KIC 中出现4RGL001KA(RGL 运行故障） /007KA(RCS 故障）,影响RGL 系统运行的可靠性,已采取的行动措施，1 ）主控室根据报警卡使用IRGL001 规程检查RGLKIC 画面，未见其余异常；2 ）检查棒控棒位系统设备（逻辑柜4RGL001AR ，测量柜4RGL009AR 。处理柜4RGL010AR ．电源柜4RGL011AR ~4RGL026AR ）是否发生故障或失电，发现4RGL024AR 机柜上存在故障灯亮；3 ）立即oncall 维修仪控沟通报警现象及RGL 状态，初步反馈报警不会影响控制棒移动；4 ）主控室密切监视RGL 主控室画面及机组状态,报警触发原因是4RGL024ARLC4 机箱一块AB 电源卡件报故障，4RGL007KA 报警为非紧急故障。对控制棒的正常动作无影响,,1) )4RGL001KA(RGL 运行故障）报警触发的可能原因棒控棒位系统设备（逻辑柜4RGL001AR，测量柜4RGL009AR，处理柜4RGL010AR，电源柜4RGL011AR~4RGL026AR）发生故障或失电。2)4RGL007KA(RCS 故障）报警触发的可能原因：棒控电源柜（4RGL011AR~4RGL026AR）或棒控逻辑柜（4RGL001AR）等设备发生下列故障：①电源柜或逻辑柜电源故障：②电源柜非紧急故障：③CCS 命令故障；④测量值超范围：5 定值故障：?P4 信号故障
主控出现4RGL001KARGL 运行故障和4RGL007KARCS 故障报警,,影响4RGL控制棒系统的可靠性，可能引起棒束不能正常移动,"1）已采取的行动措施：D主控室根据报警卡使用IRGL001规程将G棒和R棒组切手动；检查4RGL各KIC画面，发现4RGL701KS（RGLfault）灯亮；4RGL707KS灯亮，未见其他异常；
②主控检查当时时刻一回路温度、核功率等各项参数均未见异常；③按报警卡提示安排就地检查4RGL 机柜，发现4RGL016AR 上非紧急故障灯亮和A /B 电源卡件故障灯亮。参考RGL -T -002 规程，RGL016AR 对应R1 棒组；④立即oncall 维修仪控沟通报警现象及RGL 状态，初步怀疑4RGL016AR 柜内A /B 电源卡件报故障。2 ）建议后续行动：①仪控进厂消除缺陷；②运行继续并密切监视RGL 主控室画面及机组状态，如出现需要控制棒动作瞬态及时将R 棒／G 棒恢复自动；③此报警2017 年11 月30 日和2017 年12 月31 日也曾出现，建议仪控分析故障根本原因并消除故障，避免重复故障缺陷发生",4RGL016AR 中SC -3 机箱的AB 电源卡件故障,仪控处理反馈：1 ）处理进展：4RGL001/007KA（非紧急故障）报警消失，4RGL016AR 机柜工作正常。2 ）处理措施：仪控维修人员按照工作方案对故障AB 电源卡件进行更换，更换工作已完成。3 ）工作过程：①确认故障卡件位置，打开机柜柜门；②将机柜进入强制双重保持模式：③将故障A /B 电源卡件拔出；④更换新A /B 电源卡件，确认备件工作正常；5 解除强制双重保持：③关闭机柜柜门。4 ）故障原因分析：4RGL016AR 机柜SC3 机箱A /B 电源卡件故障。5 ）后续行动：将故障卡件寄回厂家进行故障原因分析,"1)4RGL001KA（RGL 运行故障）报警触发的可能原因：棒控棒位系统设备（逻辑柜4RGL001AR ，测量柜4RGL009AR ，处理柜4RGL010AR ，电源柜4RGL011AR~4RGL026AR ）发生故障或失电。
2) 4RGL007KA (RCS 故障)报警触发的可能原因:棒控电源柜 (4RGL011AR~4RGL026AR)或棒控逻辑柜(4RGL001AR)等设备发生下列故障:①电源柜或逻辑柜电源故障;②电源柜非紧急故障;③CCS命令故障;④测量值超范围;定值故障;6P4信号故障"
主控KIC出现4RGL001KARGL运行故障和4RGL007KARCS故障报警,15:20:06主控出现“4RGL001KARGL运行故障”“4RGL007KA RCS故障”,"影响4RGL控制棒系统的可靠性,可能引起棒束不能正常移动","1)已采取的行动措施:①主控室根据报警卡使用IRGL001规程将G棒和R棒组切手动:检查4RGL各KIC画面,发现4RGL701KS(RGLfault)灯亮、4RGL707KS灯亮,未见其他异常;②主控检查当时时刻一回路温度、核功率等各项参数均未见异常;③按报警卡提示安排就地检查4RGL机柜,发现4RGL014AR(对应SB2棒组)非紧急故障灯亮和A/B电源卡件故障灯亮:",现场检查报警原因为 4RGL014AR 机柜内一块 A/B 电源卡件故障。该报警为非紧急故障报警，对 RGL 系统运行暂时无影响。A/B 电源卡件为余配置，一块故障不影响整个系统运行，不影响控制棒的动作,,"1) 4RGL001KA (RGL 运行故障) 报警触发的可能原因：棒控棒位系统设备（逻辑柜 4RGL001AR，测量柜 4RGL009AR，处理柜 4RGL010AR，电源柜 4RGL011AR～4RGL026AR）发生故障或失电。2) 4RGL007KA (RCS 故障) 报警触发的可能原因：棒控电源柜（4RGL011AR～4RGL026AR）或棒控逻辑柜（4RGL001AR）等设备发生下列故障：①电源柜或逻辑柜电源故障；
②电源柜非紧急故障：③CCS 命令故障；④测量值超范围：定值故障：?P4 信号故障"
2号主控KIC触发2RGL410KA（CCS运行故障）报警,20:15:57，2号主控触发2RGL410KA（CCS运行故障），KIC画面中2RGL410KS灯亮，RGL各组控制棒未见异常动作，现场检查2RGL301AR（反应堆功率控制（CCS）机柜）上故障灯亮，柜门未异常开启,根据报警规程，报警触发原因可能为CCS机柜柜门开启（经现场查看已初步排除）、电源故障或CCS机柜模块丢失。经咨询仪控专业人员，CCS机柜电源及模块为双冗余设计，若单路故障，则冗余度降低，不直接影响RGL系统运行；若双路电源或模块故障，则可能导致部分控制棒组无法正常动作（不会直接导致落棒）,已采取的行动措施，1）查看和执行报警卡；2）主控检查RGL系统画面，现场查看CCS机柜确认故障情况，发现2RGL301AR故障灯亮；3）oncall仪控人员进厂检查处理；4）主控密切监视2RGL系统运行情况，避免可能导致控制棒动作的操作,反应堆控制柜2RGL301AR控制平台自诊断发现错误。后续自诊断未再次出现异常，触发报警以提示用户，对2RGL系统可用性无影响，无需处理,,RGL系统卡件自诊断报警，2h后将自动消失
执行F01-RGL-T-002插入G2 棒后1RGL010MM 未按预期变化,执行F01-RGL-T-002，在插入G2 棒组后，1RGL010MM 未按预期变化，仍保持在224 步，同时1RGL024KS 异常亮起,1 ）可能影响G2 棒棒位监视；2 ）可能影响G2 棒动作；3 ）经仪控检查确认为G21 -2 棒束的棒位指示器故障。产生随机I O2 :RGL5,,棒位系统存在使G21-2测量棒位A码不能由1翻转为0因素。可能原因包括：1RGL009AR机柜G21-2棒束MCP23模块、格雷码信号传输通道、1RGL010AR机柜PLC涉及G21-2的DI模块等,仪控处理反馈：1）处理进展结果：控制棒动作正常，测量棒位显示正常。2）检查内容：①G21-2棒束测量棒位编码模块MCP23执行校0/校1试验，确认棒位传输通道正常传输0、1信号；②使用格雷码发生器模拟G21-2全行程测量棒位，确认棒位不同格雷码信号传输没有相互干扰；③运行插棒期间，测量G21-2棒位探测器感应电压，确认其发生变化，确认控制棒未机械性卡棒；④运行继续插棒，当G21-2下插到221步时，测量棒位由224跳变为216，符合预期；运行提棒至225步，确认测量棒位显示224步；③运行继续执行动棒试验，试验结果符合预期。3）故障原因：棒位系统存在使G21-2测量棒位A码不能由1翻转为0因素，可能原因包括：1RGL009AR机柜G21-2棒束MCP23模块、格雷码信号传输通道、1RGL010AR机柜PLC涉及G21-2的DI模块等,棒位探测器基本工作原理：测量线圈分5组，每组内相邻测量线圈反相串联，控制棒由底部（上图左侧）逐步提升到顶部（上图右侧）的过程中，每组测量线圈两端的感应电压将出现“低（电压）、高（电压）、低、高、低、高·”。端电压送往测量柜，处理卡件为每组测量线圈各设置一个电压阈值，当端电压超过阈值时，此测量线圈被编码为1：当低于阈值时，被编码为0。在控制棒提升过程中，每组测量线圈的编码将出现“0、1、0、1、0、1.”。依照各组测量线圈的分布，编码将出现“格莱码”形式分布，将其以8步精度转换为机械棒位。子组内测量棒位存在偏差的原因：测量线圈的圆值设置是在调试期间完成的，其验收准则是控制棒在某8个机械步区间内+5、+6、+7步。测量棒位显示8步均为合格。所以子组内两棒束间测量棒位可能存在8步偏差且不会任何触发棒位故障
执行FQ1-RGL-T-002试验时插N1 棒后，1RGL017MM 未按预期变化,早班执行FQ1-RGL-T-002试验时，在动作插入N1 棒组时， 1RGL017MM 未按预期变化，仍保持在224 步,1 ）如果控制棒真实卡棒或失步，则机组面临降功率后撤风险：2 ）导致QSR 试验失败，无法顺利完成,1 ）已采取的行动措施：①暂停试验，检查一回路温度、热功率、核功率四个通道以及RIC 堆芯热电偶变化趋势，以判断N1 棒组是否真实下插： ②oncall 仪控检查。2 ）建议后续行动：①鉴于缺陷多次出现，请仪控优化保驾方案：提前准备缺陷处理工单，并排入计划与FQ1 -RGL-T-002 一起执行，以减少缺陷处理的前期准备时间；②仪控分析缺陷产生的根本原因并消除：③保驾人员增加物理人员及处理缺陷人员,棒位系统存在使N11 -1 测量棒位A 码不能由1 翻转为0 的因素可能原因包括：1RGL009AR 机柜N11 -1 棒束MCP23 模块、格雷码信号传输通道、1RGL010AR 机柜PLC 涉及N11 -1 的DI 模块等,仪控处理反馈1 ）工作过程：D 运行将N1 棒组下插12 步，N11 -1 仍显示224 步（预期216 步或208 步），进一步确认存在棒位异常②根据工作预案《FOX -RGL-TD -I18041MI 设备故障处理预案（RGL 测量棒位偏离预期异常）》进行下列排查；③N11 -1 棒束测量棒位编码模块MCP23 执行校0 ／校,棒位探测器基本工作原理，测量线圈分5组，每组内相邻测量线圈反相串联，控制棒由底部（上图左侧)逐步提升到顶部（上图右侧）的过程中，每组测量线圈两端的感应电压将出现“低（电压）、高（电压）、低、高、低、高。”。端电压送往测量柜，处理卡件为每组测量线圈各设置一个电压阈值，当端电压超过值时，此测量线圈被编码为1：当低于阈值时，被编码为0。在控制棒提升过程中，每组测量线圈的编码将出现“0、1、0、1、0、1...”。依照各组测量线圈的分布，编码将出现“格莱码”形式分布，将其以8步精度转换为机械棒位。子组内测量棒位存在偏差的原因：测量线圈的阈值设置是在调试期间完成的，其验收准则是控制棒在某8个机械步区间内+5、+6、+7步，测量棒位显示8步均为合格。所以子组内两棒束间测量棒位可能存在8步偏差且不会任何触发棒位故障
执行F04-RGL-T-002试验时N2棒组通过“失步校正1”方式下插10步和提升10步后，4RGL0160M显示为-1,执行定期试验F04-RGL-T-002时，N2棒组通过失步校正1”方式下插10步和提升10步后，4RGL0160M显示为-1。而正常提升回原位置后，4RGL0160M应显示为0。仪控人员就地核实N2棒组下插和提升10步后，磨损步计步器显示累加了20步，实际已恢复至原棒位，且4RGL001AR内的失步计数器对应的SU显示为0,影响定期试验F04-RGL-T-002的顺利开展,已采取的行动措施，1）暂停试验，恢复到初始状态：2）oncall仪控人员检查处理,N2棒组通过“失步校正1”方式下插10步和提升10步后，4RGL0160M显示为-1时，核实DCS一层和RGLSU工作站上4RGL0160M均显示为0，初步分析原因是KIC中4RGL016QM信号采集扫描时间（2S）较长，偶发未采集到-1至0的变化,,捧位探测器基本工作原理：测量线圈分5 组，每组内相邻测量线圈反相串联，控制棒由底部上图左侧）逐步提升到顶部（上图右侧）的过程中，每组测量线圈两端的感应电压将出现“低（电压）、高（电压）、低、高、低、高…”。端电压送往测量柜，处理卡件为每组测量线圈各设置一个电压阈值，当端电压超过阈值时，此测量线圈被编码为1：当低于阈值时，被编码为0。在控制棒提升过程中，每组测量线圈的编码将出现“0、1、0、1、0、1…”。依照各组测量线圈的分布编码将出现“格莱码”形式分布，将其以8 步精度转换为机械棒位。子组内测量棒位存在偏差的原因：测量线圈的阈值设置是在调试期间完成的，其验收准则是控制棒在某8 个机械步区间内+5、+6、+7 步，测量棒位显示8 步均为合格。所以子组内两棒束间测量棒位可能存在8 步偏差且不会任何触发棒位故障
3 号主控闪发3RGL001、002、006KA 报警处理反馈,主控闪发3RGL001、002、006KA 报警，持续时间约1s,,已采取的行动措施：1)查看和执行报警卡，检查RGL系统KIC画面，查看控制棒棒位及运行状态未见异常；2)oncall仪控检查处理,就地进行机柜检查，原因为3RGL006AR内SD1-1棒束MCP10卡件闪发故障,"仪控处理反馈：1)缺陷描述：主控闪发3RGL001、002、006KA报警，持续时间约1s;2)处理进展：3RGL001、002、006KA报警为闪发，目前已消除；3)原因分析：就地进行机柜检查，原因为3RGL006AR内SD1-1棒束MCP10卡件输出不稳定，闪发故障；4)处理措施：由于更换卡件过程中产生第二组I0，目前无执行窗口。经与主控沟通走日常工单流程处理，已提WOT：01111750-01;5)影响分析：该报警为棒位系统报警且为闪发，不影响控制棒束动作和棒位监视；
6 ）工作过程（WOT : 01111750-01 ) : ①打开3RGL006AR 机柜门；②记录SA1-1 初始棒位为224 ，主电流值3 . 050V；③断开MCP10 电源；④对故障MCP10 卡件进行更换，并上电；③将SA1-1 的MCP10 主电流值调到3 . 050V；③确认SA1-1 棒位显示正常；?记录SD1-1 初始棒位为224 ，主电流值3 . 100V；③断开MCP10 电源；?对故障MCP10 卡件进行更换，并上电；0 将SD1-1 的MCP10 主电流值调到3 . 050V;①确认SD1-1 棒位显示正常；②关闭机柜门",3RGL006KA报警产生的可能原因：棒控电源柜（3RGL011AR~ 3RGL026AR）、棒控逻辑柜（3RGL001AR）、棒位测量柜（3RGL009AR）或棒位处理柜（3RGL010AR）设备发生下列故障：13RCS运行故障：②3RPI 运行故障
2号主控触发2RGL001KA（RGL运行故障）、2RGL007KA（RCS故障）、2RGL031KA（RCS设备电源故障）,"14：38：20.2号主控触发2RGL001KA（RGL运行故障）2RGL007KA（RCS故障）、2RGL031KA（RCS设备电源故障）
23：01：40时，主控出现“4RGL001KARGL运行故障”“4RGL005KARCS运行故障”“4RGL006KARGL运行故障”“4RGL009KAPWE运行故障”","1）当前RGL报警存在，需待专业定位故障以判断影响；2）R棒组及G棒组处于手动控制状态，机组出现瞬态情况时无法及时跟踪，需要持续监视一回路温度偏差及堆机功率变化情况
影响4RGL控制棒系统的可靠性，导致控制棒不能正常动作","1）已采取的行动措施：①立即进行2RGL画面及参数巡视，显示无异常； ②立即联系仪控人员现场检查；③执行RGL报警卡，并按照报警卡要求执行F02-RGL-I-001.将R棒组与G棒组置于手动控制状态；2）建议后续行动：①仪控查明故障情况并开票处理；②在仪控查明故障后判断是否影响R/G棒组动作后再确定是否及时恢复自动
1）已采取的行动措施：D查看和执行报警卡，按报警卡执行IRGL001，确认R棒和G棒处于手动，检查4RGL各KIC画面，发现4RGL701KS（RGLfault）灯亮，未见其他异常：
②安排现场检查棒控电源柜（4RGL011AR~4RGL026AR）、棒控逻辑柜（4RGL001AR）、棒位测量柜（4RGL009AR）或棒位处理柜（4RGL010AR）设备是否存在故障报警信息，发现4RGL025AR（对应SD1 棒组）双重保持和紧急故障灯亮；③由于R 棒无法正常动作，确认无影响一回路温度变化的工作，注意控制好一回路温度，不要进行可能引起一回路温度和负荷变化的操作；④主控密切监视一回路平均温度。核功率，电功率，控制棒棒位指示变化情况，加强对二回路负荷监控；③立即oncall 维修仪控进厂检查。2 ）建议后续行动：①建议仪控分析故障根本原因，避免重复故障缺陷发生：②运行继续并密切监视RGL 主控室画面及机组状态","故障原因为2RGL022AR P内015BN端子200接线松动
4RGL025AR 机柜内SD1 -2 棒组SC 调节卡片件闪发异常，导致电流偏小触发“小电流过小”和“保传为零”报警","仪控处理反馈：1）处理进展结果：紧固松动接线后，故障报警消除。2）工作过程：①D对2RGL系统电源柜进行检查，确认仪2RGL022AR“电源故障”继电器指示灯熄灭，其余电源柜均无异常；②取得工作去可证：PT票，与运行人员交流信息；③组织工前会，明确角色分工，着重分析误操作风险、设备误碰风险及其预防措施；④确认2RGL022AR设备位置，确认设备标牌与端子位置，建立检修场所；测量2RGL022AR“电源故障”继电器001XR端子端电压为0V说明故障根源在信号上游通道；6检查信号端子
仪控处理反馈：1 ）处理进展结果：对SC 调节卡片件进行更换后报警消除。2 ）工作过程：①确认故障位置为4RGL025ARSD1 -2 棒束SC 机箱；②将机柜人机接口面板的双重保持开关由“正常”打到“强制双重保持”位置；③确认MC 和SC 机箱调节输出值在2 . 25~2 . 45V 范围内；④依次将故障调节卡片件","1)2RGL001KA(RGL 运行故障）报警触发的可能原因：棒控棒位系统设备（逻辑柜2RGL001AR ，测量柜2RGL009AR ，处理柜2RGL010AR ，电源柜2RGL011AR~2RGL026AR）发生故障或失电。2)2RGL007KA(RCS 故障）报警触发的可能原因：棒控电源柜（2RGL011AR~2RGL026AR ）或棒控逻辑柜（2RGL001AR ）等设备发生下列故障：①电源柜或逻辑柜电源故障：②电源柜非紧急故障：③CCS 命令故障：④测量值超范围：定值故障；6P4 信号故障
控制棒被双夹持，控制棒无法正常动作潜在风险后果，1 ）机组临界过程中出现控制棒双保持，可能导致临界失败；2 ）机组调试瞬态试验期间，如果出现控制棒双保持，可能导致机组非计划停机停堆事件。造成3RGL 系统在控制棒动棒期间多次出现双保持导致控制棒无法正常动作的原因为，在动棒过程中产生了控制棒驱动机构线圈电流报警，触发RGL 系统紧急故障"
主控出现“4RGL001KARGL 运行故障”“4RGL005KARCS 运行故障”“4RGL006KARGL 运行故障”“4RGL009KAPWE 运行故障”,08:56:33 主控再次触发4RGL001KARGL运行故障”“4RGL005KARCS运行故障”“4RGL006KARGL运行故障”“4RGL009KAPWE运行故障”报警。就地核实4RGL025AR（对应SD1棒组）中SC检测2卡件存在双重保持，电流故障和小电流过小的报警,影响4RGL控制棒系统的可靠性，可能引起棒束不能正常移动,"1）已采取的行动措施：D查看和执行报警卡，按报警卡执行IRGL001，确认R棒和G棒处于手动，检查4RGL各KIC画面，发现4RGL701KS（RGLfault）灯亮，未见其他异常；②安排现场检查棒控电源柜（4RGL011AR～4RGL026AR）、棒控逻辑柜（RGL001AR）、棒位测量柜（4RGL009AR）或棒位处理柜（4RGL010AR）设备是否存在故障报警信息，发现4RGL025AR（对应SD1棒组）双重保持和紧急故障灯亮；
③由于R 棒无法正常动作，确认无影响一回路温度变化的工作，注意控制好一回路温度，不要进行可能引起一回路温度和负荷变化的操作；④主控密切监视一回路平均温度，核功率，电功率，控制棒棒位指示变化情况，加强对二回路负荷监控；②立即oncall 维修仪控进厂检查。2 ）建议后续行动：由于此报警两天内重复发生两次，建议仪控专业查找根本原因并消除缺陷",4RGL025AR 机柜内SD1 -2 棒组触发SC 小电流过小报警。现场对SC 小电流测量发现目前小电流正常，因此，确认为SC 小电流曾短时变小后又恢复正常。初步分析SC 线圈电流回路上相关卡件及机箱可能存在异常,仪控处理反馈，1 ）处理措施：①已对相关卡件进行了更换（调节卡、定值卡、检测2 )，更换后系统运行正常；②对卡件接口、机箱接口、机箱内部接线等进行了目视检查，未发现异常；2 ）处理结果：报警已消除，控制棒已解除双保持。3 ）工作过程：①确认故障位置为4RGL025ARSD1 -2 棒束SC 机箱；②将机柜人机接口面板的双重保持开关由“正常”打到“强制双重保持”位置；③确认MC 和SC 机箱调节输出值在2 . 25 ~2 . 45V 范围内；④依次将故障调节卡件所在机箱内的两块A /B 电源卡拔出：③依次对调节卡件、定值卡件和SC 检测2 卡件进行更换；③将更换的调节卡件所在机箱内的两块A /B 电源卡插回，确认“正常”指示灯亮；③确认“定大”和“定,控制棒被双夹持，控制棒无法正常动作，潜在风险后果：1 ）机组临界过程中出现控制棒双保持，可能导致临界失败；2 ）机组调试瞬态试验期间，如果出现控制棒双保持，可能导致机组非计划停机停堆事件。造成RGL 系统在控制棒动棒期间多次出现双保持导致控制棒无法正常动作的原因为，在动棒过程中产生了控制棒驱动机构线圈电流报警，触发RGL 系统紧急故障
R1 子组“传递线圈”的机架微动开关意外动作导致落棒的非计划停堆事件,"01:15，主控室触发1RGL009、005、006、001KA报警（分别为：PWE运行故障、RCS运行故障、RGL运行故障、RGL故障）；主控随即oncall维修人员到现场进行处理，经检查确认，在01：15，R1子组提升过程中，1RGL016AR（R1子组）报“运行故障”，故障点为R1第4束棒CRDM保持线圈(SG)的电源卡件(MDP)
维修人员开紧急票进行缺陷处理，按照标准工作指令执行RGL 电源柜MDP 卡件更换工作。更换过程中，需要将CRDM 保持线圈断电，此时R1 子组控制棒束由传递勾爪夹持住04 : 23 ，在拔保持线圈的MDP 卡件时，相邻的传递线圈机架的微动开关故障动作，传递线圈也失电，R1 子组CRDM 钩爪完全打开，R1 子组落棒，触发“功率量程中子注量率变化率高”紧急停堆信号，停堆断路器打开，所有控制棒落至堆底运行人员执行事故诊断通用规程F01 -OP02 -AC -DEC（事故诊断通用规程）、反应堆停堆事故规程F01 -OP02 -AC -I1 （反应堆停堆），稳定机组状态；05 : 07 ，运行人员复位停堆信号",导致反应堆紧急停堆,1 ）已采取的行动措施：D 运行人员执行事故诊断通用规程F01 -OP02 -AC -DEC（事故诊断通用规程）；②执行反应堆停堆事故规程F01 -OP02 -AC -I1 （反应堆停堆），稳定机组状态；③运行人员复位停堆信号。2 ）建议后续行动：要求仪控查明故障原因，消除故障后，反应堆重新达临界,在R1 子组“双保持”状态下，RGL 电源柜保持机箱和传递机箱相当于完余的设备。传递机箱微动开关故障时，作为亢余的保持机箱因正在进行维修工作而不可用，继而导致R1 子组落棒。1 ）直接原因：R1 子组传递线圈机箱后部微动开关故障动作。2 ）根本原因：①作为RGL 电源柜关键部件的微动开关设计不合理，机箱背部的微动开关金属压片在长期受力后容易变形；②CRDM 线圈失电逻辑设计不合理，RGL 电源柜微动开关四取一动作误动概率较高。3 ）促成原因：D 维修人员在更换RGL 电源柜卡件,仪控处理反馈：1 ）故障原因分析：经对比测试及分析，1RGL016AR 电源柜传递机箱后部微动开关金属压片设计选型不合理，长期受压容易变形，经过一段时间的运行，该微动开关触点处于闭合到打开临界位置，最终在设备维修活动中，机箱的振动促使微动开关动作，使夹持控制棒的传递机箱断电，最终导致了R1 子组控制棒落棒停堆。2 ）处理进展：①已完成对故障的微动开关进行更换；②完成向RGL 设备生产厂家确认设置4 个微动开关的必要性和优化方案，经和厂家、同行电厂讨论确定已取消机箱背部的微动开关，将CRDM 线圈失电逻辑改为二取二动作；③针对RGL 微动开关故障，对2 号机组电源柜微动开关进行检查，（3 、4 号机组RGL 设备供货商不同，电源柜没有微动开关）；④完成对1 号机组所有RGL 电源柜的微动开关进行检查及处理,R1 子组传递机箱前后部各有2 个微动开关
主控频繁闪发4RGL008KARPI 报警,,1）影响4RGL控制棒系统的可靠性，仪控电话反馈，备用PLC柜可能存在故障，具体待现场检查后确定原因；2）若主用PLC柜故障，影响RGL系统测量棒位显示，将会产生I01：RGL6，要求24h内机组开始向NS/SG模式后撤,已采取的行动措施：1 ）主控室根据报警卡和故障规程，检查4RGL 各KIC 画面，发现报警时4RGL708KS 灯亮，未见其他异常；2 ）主控检查当时时刻一回路温度、核功率等各项参数均未见异常；3 ）安排就地检查4RGL 机柜，发现4RGL010AR 控制柜存在如下异常：报警触发时双机冗余失效黄灯亮，从机未同步运行黄灯亮，CPU2(RPE 柜）红灯亮；4 ）立即oncall 维修仪控检查处理,主控频繁闪发报警是由于4RGL 处理柜4RGL010AR 从机PLC 的CPU 多次重新加载导致，当前从机CPU 已重新加载成功，从机工作正常，报警消失,6）影响分析：RGL处理柜PLC为几余配置，从机未运行说明冗余丧失，PLC变为单路运行，仍能保证整个RGL系统的正常运行,4RCL008KA（RPI报警）触发的可能原因棒位测量柜（4RGL009AR）或棒位处理柜（4RGL010AR）等设备发生下列故障：1）处理柜电源故障；2）测量柜通风故障；3）网关1故障或网关2故障；4）处理柜与4RGL系统网络间的交换机故障；5）网关与4DCS系统间的交换机故障
主控频繁闪发4RGL008KARPI报警,12：34开始，主控连续闪发3次“4RGL008KARPI报警”，每次持续约40s,1影响可4RGL控制棒系统的可靠性，仪控反馈待现场检查后确定原因；2)若主用和备用PLC柜同时故障，影响RGL系统测量棒位显示将会产生I01：RGL6，要求24h内机组开始向NS/SG模式后撤,1）已采取的行动措施：D主控室根据报警卡和故障规程，检查4RGL各KIC画面，发现报警时4RGL708KS灯亮，未见其他异常；②主控检查一回路温度、核功率等各项参数均未见异常；③报警触发时，仪控间4RGL系统SU工作站上报警列表显示从机未运行，报警消除后，显示从机运行正常；④由于报警短时闪发，就地检查4RGL机柜，未见明显异常就地显示从机运行正常；立即oncall维修仪控进厂检查。2）建议后续行动：①建议维修仪控分析故障根本原因并消除缺陷，避免重复故障缺陷发生；②运行密切监视4RGL系统画面及机组状态,根据故障现象，初步分析可能原因为：①从机CPU的SD卡故障；②主机上通讯冗余模块故障；③从机上通讯冗余模块故障；④通讯几余模块接线异常,仪控处理反馈105月09日反馈：①故障描述：2019年05月09日12：34开始，主控闪发“4RGL008KARPI报警”3次，每次持续约40s。②报警信息：查看RGL工程师站SU上报警信息显示：4RGL处理柜（4RGL010AR）从机PLC闪发CPU加载失败。③故障原因分析：根据故障现象，初步分析可能原因为：a.从机PLC的CPU故障；b.从机PLC机架故障；c.从机CPU的SD卡故障；d.冗余模块故障；e.余模块接线异常。④上次（2019.03.08）处理情况及处理结果：2019年03月03日主控频繁闪发“4RGL008KARPI报警”，从03日到08日期间处理柜从机PLC的CPU多次重新加载导致报警频繁闪发，后该闪发报警变为持续报警。在03月08日4号机组调停期间对4RGL010AR处理柜从机PLC的CPU和机架进行了更换，报警消失，经过4天持票观察报警未再出现后归还工作票。,4RGL008KA（RPI 报警）触发的可能原因棒位测量柜（4RGL009AR）或棒位处理柜（4RGL010AR）等设备发生下列故障：1 ）处理柜电源故障：2 ）测量柜通风故障；3 ）网关1 故障或网关2 故障；4 ）处理柜与4RGL 系统网络间的交换机故障；5 ）网关与4DCS 系统间的交换机故障
,12:07:37时，1号主控触发1RGL001KA（RGL运行故障）、1RGL005KA（RCS运行故障）、1RGL006KA（RGL运行故障）、1RGL009KA（PWE运行故障）报警，立即查看RGL系统所有控制棒，棒位均正常,SD1棒组已触发双保持，SD1棒组存在落棒停堆风险。本循环首次出现,"1）已采取的行动措施：①执行报警规程进入1RGL001故障规程；②在仪控间查看1RGL030HC（RGL远程工作站），发现1RGL025AR(SD1棒组）的HMIPowerracks模块显示红色报警。③oncall仪控检查确认缺陷。2）建议后续行动：D由于ALSYN闪发故障，优先进行复位操作，若复位后报警再次出现。则根据仪控相应方案进行卡件更换：
②运行密切监视RGL的运行情况③请仪控人员分析根本原因",综合分析ALSYN与MDP报警信息，初步判定始发故障为1RGL025AR 保持机箱ALSYN 模块本身故障或上游电源异常，导致其输出电压丧失，产生主控报警并触发SD1 子组双夹持。由于ALSYN 输出给4 块MDP 的控制电失去，MDP 晶闸管无法进行整流，其输出给CRDM 线圈的电流逐渐降低。而后短时间内ALSYN 自行恢复，MDP 重新得电后自检发出“设定值故障”“内部故障”，同时监测到“小电流低”发出“电流故障”,仪控处理反馈1 ）检查内容：①手动强制双保持②测量1RGL025AR 保持、传递机箱MDP 输出处于正常范围说明报警MDP 功能正常，确认SD1 子组驱动机构的双夹持状态正常；③③结合ALSYN 输出电压故障，4 块MDP 报警由ALSYN 送出的控制电丧失导致，并非自身故障；④复位报警信号，ALSYN 与MDP 报警信号均能被清除，说明ALSYN 与MDP 已从故障状态恢复正常，报,控制棒被双夹持，控制棒无法正常动作，潜在风险后果，1 ）机组临界过程中出现控制棒双保持，可能导致临界失败；2 ）机组调试瞬态试验期间，如果出现控制棒双保持，可能导致机组非计划停机停堆事件。造成3RGL 系统在控制棒动棒期间多次出现双保持导致控制棒无法正常动作的原因为，在动棒过程中产生了控制棒驱动机构线圈电流报警，触发RGL 系统紧急故障
2RGL009AR-A 失电故障,,产生I01：RGL6，导致无法监视N2/N1/G2/G1/SA/SB/SC/SD/R棒组中部分棒束的棒位,"已采取的行动措施：1)根据电功率、热功率、RIC、轴向功率分布及一回路温度压力等参数确认控制棒未下落，初步判断为显示故障；2)执行报警卡并进入F01-RGL-I-001故障规程；3根据运行技术规范和安工讨论，记录RP模式第一组I0：RGL6；
4）根据缓解措施要求，oncall 1 技术支持人员进行堆芯通量测量：5 ） oncall 1 仪控人员检查，确认只影响显示，不影响控制：现场检查初步确认为2LGR009AR-A 机柜失电：仪控人员开票查找故障点并着手故障处理；6 ） 运行加强对2RGL、2RIC、2RPN、2LSS 及RCP 系统各项参数的监视，同时严格执行技术规范缓解措施。2 号机不安排第一组I0 的计划工作，1 号机组禁止进行产生双机组I01 工作",,"仪控处理反馈：1）检修步骤：①根据故障设备信息，准备工器具、文件（测量柜接线图、紧急维修工作指令单与紧急维修工作步骤单），获值长批准；②组织工前会，明确角色分工，着重分析I01缓解措施、防触电措施；③将2RGL009AR-A柜全部19个MCP11置于0FF位置；④检查发现BNAa101BN第27号（外）接线熔断，其与第5号端子接通，为机柜单相交流供电线中的一条；③同时注意到27号接线周边接线、线皮、端子存在高温熔化痕迹；③断开2RGL009AR-A柜断路器2RGL051JA；②发现图纸中并联的分流供电跨接线（应由5接6，4接7）实际未端接，所以仅27号接线熔断即导致机箱失电；③更换存在高温老化痕迹的接线与端子；③按照测量柜接线图核实接线连接正确，确认供电回路火线端子、零线端子、地线端子各自接通，且端接牢靠：确认供电回路中火线、零线、地线间互相不存在短接；
①检查确认熔丝37、38、39、40 均未熔断；②闭合2RGL009AR-A 柜断路器2RGL051JA；③机柜风扇启动并正常运转；④将2RGL009AR-A 柜全部19 个MCP11 置于ON 位置，且“正常运行”指示灯稳定常亮；(52RGL009AR-A 柜涉及的19 个测量棒位均恢复正常棒位，RGL 报警信号消失；16 使用红外热成像仪确认供电接线及端子不存在明显异常高温：异物检查无异常，确认恢复设备到正常运行状态。2 ）故障原因分析：根据电功率、热功率、RIC 热电偶温度、轴向功率分布及一回路温度压力等参数确认控制棒未下落，初步判断为测量棒位缺陷。从故障现象分析，2RGL009AR-A 柜“电源正常”指示灯亮，说明机柜220V 供电正常供入；“正常运行”指示灯灭、风扇停转，说明柜内电源分配线路存在断路。根据检查结果。原因确定如下：直接原因：第27 号端子接线高温熔断。根本原因：2RGL009AR 供电端子接触电阻偏大，供电端子设计／选型不合理（线径偏小端接太密，高温在局部区域集聚）。促成原因：并联的分流供电跨接线末端接",1 ）对于一个分棒组内有两个棒位指示器故障根据技术规范记录I01 ： RGL6 ，同时注意通知相邻机组不要进行双机组I01 工作。2 ）对于多束控制棒同时插入堆底，及时根据机组核热功率等参数判断是否为指示故障。3 ）对于各分棒组大部分为第一束棒插入堆底，控制柜失电的可能性较大，及
1RGL001/005/006/007/009/031KAE报警触发,"01:20:41.1号主控触发1RGL001KA(RGL运行故障)、1RGL005KA(RCS运行故障)、1RGL006KA(RGL运行故障)、1RGL007KA(RCS故障)、1RGL009KA(PWE运行故障)1RGL031KA(RCS设备电源故障),查看RGL控制棒状态正常,S棒组在225步,R棒组和G棒组位于5步手动状态",控制棒被双夹持，控制棒无法正常动作,已采取的行动措施。1）查看和执行报警卡，按报警卡执行IRGL001；2）安排现场检查棒控电源柜、棒控逻辑柜、棒位测量柜或棒位处理柜设备是否存在故障报警信息；3）主控检查当时时刻一回路温度、核功率等各项参数均未见异常；4）立即oncall维修仪控进厂检查；5）仪控检查，初步确认为R2子组输出电压瞬发故障，R2子组触发夹持线圈和传递线圈双保持状态,综合ALSYN与MDP报警信息，判定始发因素为1RGL017AR提升机箱ALSYN模块本身偶发故障或干扰所致，导致其中一路输出电压（由于MDP未出现“设定值故障”与“内部故障”报警，极可能是用于MDP电流检测那一路）异常，触发R2子组双保持并产生主控报警。由于ALSYN输出给4块MDP的电流检测控制电失去MDP晶闸管电流检测单元发出“电流故障”。但“零电流偏低”不可信,仪控处理反馈1 ）检修步骤：①D 对1RGL017AR 故障现象进行分析，分析故障时刻锁存的模块面板信息：提升机箱ALSYN 报输出电压故障 outputvoltagefault，说明由ALSYN 产生并送往MDP 的控制电供电至少丧失过一路：提升机箱4 块MDP 同时报零电流偏大“电流故障 Currentfault”，但4 块MDP 实测输出均处于正常范围，结合ALSYN 输出电压故障，说明MDP 报警极可能由ALSYN 送来的控制电丧失导致，并非自身故障。根据20190319 处理1RGL017AR 保持ALSYN 相同缺陷及外部经验反馈，计划暂先复位报警信号，后续若再出现报警则更换该ALSYN 模块。②准备紧急维修工作指令单，值长同意暂先复位报警信号，暂不执行更换ALSYN 工作。③取得工作许可证：PT 票④组织工前会，明确角色分工。测量1RGL017AR 提升机箱MDP 输出电压处于正常范围，说明报警MDP 实际功能正常。③结合ALSYN 输出电压故障，MDP 报警由ALSYN 送来的控制电丧失导致，并非MDP 自身故障？手动复位报警信号，ALSYN 与MDP 报警信号均能被清除，说明ALSYN 与MDP 已从故障状态恢复正常，而模块的报警信息,"是故障时刻锁存的。8 再次测量1RGL017AR 提升机箱MDP 输出电压，确认处于正常范围。③观察设备无故障指示，确认设备恢复正常。10 工作结束。清理现场，异物检香无问题2)故障原因分析：综合ALSYN 与MDP 报警信息，判定始发因素为1RGL017AR 提升机箱ALSYN 模块本身偶发故障或干扰所致，导致其中一路输出电压（由于MDP 未出现“设定值故障”与“内部故障”报警，极可能是用于MDP 电流检测那一路）异常，触发R2 子组双保持并产生主控报警。由于ALSYN 输出给4 块MDP 的电流检测控制电失去，MDP 晶闸管电流检测单元发出“电流故障”，但“零电流偏低”不可信
控制棒被双夹持，控制棒无法正常动作：潜在风险后果：1)机组临界过程中出现控制棒双保持，可能导致临界失败；
2 ）机组调试瞬态试验期间。如果出现控制棒双保持，可能导致机组非计划停机停堆事件。造成3RGL 系统在控制棒动棒期间多次出现双保持导致控制棒无法正常动作的原因为，在动棒过程中产生了控制棒驱动机构线圈电流报警，触发RGL 系统紧急故障"
1RGL001/005/006/009KA 报警触发,"12:13:17时,触发1RGL001KA(RGL运行故障)、1RGL005KA(RCS运行故障)、1RGL006KA(RGL运行故障)和1RGL009KA(PWE运行故障),当时正在执行手动将R棒由5步提至55步的操作而实际上R1子组AP/DP变为6、R2子组DP变为6(AP未变)则不再变化","控制棒被双夹持,控制棒无法正常动作。产生I01:RGL1","已采取的行动措施,1)查看和执行报警卡,按照报警卡进入FQ1-RGL-I-001故障规程;2)查阅运行技术规范,记录NS/SG模式第一组I0:RGL1;3)安排现场检查棒控电源柜、棒控逻辑柜、棒位测量柜或棒位处理柜设备是否存在故障报警信息;4因控制棒无法正常动作,确认无影响一回路温度变化的工作,注意控制好一回路温度,不要进行可能引起一回路温度和负荷变化的操作;5)oncall仪控检查,初步确认为1RGL017AR提升线圈ALSYN模块故障,经由仪控复位后,将R棒插回至5步,消除第一组I0;6)仪控开票对1RGL017AR提升线圈的ALSYN模块进行了更换,重新提R棒,报警未再出现",1RGL017AR 保持机箱ALSYN 模块输出故障（用于供给MDP 模块监测CRDM 线圈电流的那一路控制电丧失，而用于MDP 整流的控制电供给正常），导致提升MDP 电流监测结果偏离预定范围（虽然实际线圈电流正常），MDP 发出电流故障，触发R2 子组双保持,仪控处理反馈：1 ）处理进展：仪控开票对1RGL017AR 提升线圈的ALSYN 模块进行了更换，重新提R 棒，报警未再出现。2 ）检修步骤：1D 对 1RGL017AR 提升机箱故障分析结果，根据20190604 处理1RGL017AR 提升机箱ALSYN 相同缺陷仅复位报警信号，决定对提升机箱（主要是该ALSYN 模块）性能进行测试确认故障原因，后再进行ALSYN 模块备件更换②准备紧急维修工作指令单，值长同意以上维修方案。③取得工作许可证：PT 票。4 组织工前会，明确角色分工，重点分析风险及其预防措施5 按照维修规程《FOX-RGL-M-I505_RGL 系统电源柜性能测试程序》执行1RGL017AR 提升机箱测试，发现4 块MDP 大、小、零电流整流输出正常，但电流监测单元指示为零电流，偏离设定范围导致触发双保持③结合提升ALSYN 模块发出,控制棒被双夹持，控制棒无法正常动作，潜在风险后果：1 ）机组临界过程中出现控制棒双保持，可能导致临界失败；2 ）机组调试瞬态试验期间，如果出现控制棒双保持，可能导致机组非计划停机停堆事件。造成3RGL 系统在控制棒动棒期间多次出现双保持导致控制棒无法正常动作的原因为，在动棒过程中产生了控制棒驱动机构线圈电流报警，触发RGL 系统紧急故障
主控触发1RGL001/005/006/009KA 报警,"20:29:58:1号主控触发1RGL001KA(RGL运行故障)1RGL005KA(RCS运行故障)、1RGL006KA(RGL运行故障)、1RGL009KA(PWE运行故障),查看1RGL控制棒状态正常,S/RG棒组在225步机组其他参数均正常","控制棒被双夹持,控制棒无法正常动作","1)已采取的行动措施:①执行报警卡,按照报警卡进入FQ1-RGL-I-001故障规程;②安排现场检查棒控电源柜、棒控逻辑柜、棒位测量柜或棒位处理柜设备是否存在故障报警信息,现场检查发现1RGL019AR上故障灯亮,对应N22子组;③根据故障规程将G棒组置于手动状态;④onca11仪控检查,初步判断N22子组输出电压瞬发故障,目前N22子组触发夹持线圈和传递线圈双保持状态(需进一步分析确认)。",线圈端电压偏高代表着MDP 真实输出偏高，表明缺陷直接原因为：MDP 内部整流电路硬件存在故障。故障MDP 目视检查无异常，根本原因需进一步分析,仪控处理反馈1）故障现象：1RGL019AR（N22子组电源柜）保持机箱第4 棒束MDP模块指示“小电流偏高”电流故障。触发N22子组电源柜运行故 障，主控出现1RGL001/005/006/009KA综合报警。2）检修步骤：以下检修内容均针对1RGL019AR：①手动强制双保持。②测量1RGL019AR保持第4 棒束MDP输出4.468V（小幅波动），高于正常范围（2.25~2.45V），其余MDP正常。③测量1RGL019AR第4棒束保持线圈端电压约172.1V（小幅波动），明显高于其他正常棒束（经验值约63V）。④综上确认报警MDP整 流电路硬件故障。5执行维修规程《FOX-RGL-M-I509》对MDP备件进行参 数下装与检查。执行维修规程《FQX-RGL-M-I506》更换故障MDP模块。① 执行维修规程《FQX-RGL-M-I505》对MDP备件进行稳态输出测试，确认正 常。3）处理进展：1RGL019AR保持机箱MDP报警消除，N22子组控制棒恢 复正常状态，主控1RGL报警消失。4）故障原因分析：线圈端电压偏高代 表着MDP真实输出偏高，表明缺陷直接原因为：MDP内部整流电路硬件存 在故障。故障MDP目视检查无异常，根本原因需进一步分析,MDP 模块（见图1）按照PLC 指令产生激励电流供给控制棒驱动机构线圈， 实现钩爪的啮合、摆出、提升与释放，进而带动控制棒驱动杆（其下端与控制棒连接）的保持、提升／下插与落棒。ALSYN 模块为MDP 提供用于整 流、实际电流监测的多路控制供电，同时为MDP 提供三相260V 的相位参 考信号RGL 电源柜RGL 控制逻辑单元PLC 提升线圈ALSYNMDP*4 块传递线圈保持RAMRTB 传递保持线圈提升图1MDP 模块示意图
4号主控触发4RIC714KA堆芯冷却监测系统故障（B系列）报警,13:00分4号主控触发4RIC714KAJ堆芯冷却监测系统故障（B系列），就地检查4RIC012AR故障灯亮，主控检查RIC/RCP系统参数无异常,1)该卡件功能为监视ICCMS系统其他所有运行卡件的运行状态，不影响ICCMS正常运行；2)该监视用卡件故障降低系统对卡件正常的监视功能,1)已采取的行动措施：1查看和执行报警卡：现场检查确认4RIC012AR故障灯亮，现场暂未发现其他异常；②主控对各相关画面进行检查，确认RIC堆芯热电偶、RCP压力、温度、液位等相关参数均正常；③在BUP上4RIC002PP中检查ICCMS存在以下故障：a.系统看门狗故障（此为堆芯监测系统装置运行状态监测综合故障报警）；b.卡件插入故障；④oncall维修仪控现场检查，初步检查判断为4RIC012AR内SDM4插入监视卡件损坏，需进行更换。2)建议后续行动：维修二处尽快核实备件，推动缺陷处理并分析故障产生的根本原因,4RIC012AR（堆芯冷却监测B列机柜）中插入监视卡件（SDM4）故障,"仪控处理反馈1）当前进展：4RIC714KA报警已消除，RIC系统运行恢复正常。2)处理措施：经就地检查核实，确认系统报警由插入监视卡件SDM4）故障引起，经当班值同意，领取备件，申请紧急工作许可证对故障卡件进行了更换，更换完成后，报警消除，系统恢复正常运行。
3 ）检修步骤：①打开4RIC012AR 机柜门，定位故障卡件，用绝缘胶带做好标记②拔下故障卡件，插入新卡件：③按下SM1 按钮进行复位；4 确认报警消失，关闭机柜门",4RIC714KA 堆芯冷却监测系统故障（B 系列）报警触发的可能原因：1 ）电源故障。2)4RIC012AR（堆芯冷却监测机柜）的自检装置探测到故障。①至少一个模拟或逻辑输入信号失效：②机柜硬件检测到故障；③系统RTE 检测到故障。3 ）定期试验
3 号主控触发3RIC713KA 堆芯冷却监测系统故障（A 系列）报警,22 : 17 分3 号主控触发3RIC713KA 堆芯冷却监测系统故障（A 系列）报警，主控检查KIC 中3RIC002HXT 中3RIC351KS 灯亮（011AR system fault)，3RIC001HXT 中3RIC030KM 显示xxx，BUP 上3RIC713AA 堆芯冷却监测系统故障（A 系列）故障灯亮,影响3RIC030KM 和3RIC030MT 的监视功能,"1 ）已采取的行动措施：D 执行报警卡：安排现场检查3RIC011AR；②主控检查后备盘ICCMS 显示屏A 列3RIC101HV 中ICCMS 状态，发现ICCMS 系统总故障报警灯亮，系统故障报警灯亮，系统故障列表中“至少一个模拟（逻辑）输入无效”灯亮，3RIC030MT 显示大红色（208℃，故障前为 335℃）；
3 ③检查在3RIC001HXT /002HXT 和3RIC101HV /201HV 中除 3RIC030KM /030MT 外其他RIC 堆芯热电偶、RCP 压力、温度、液位等相关参数均正常；④查看3RIC030KM 趋势发现从22 ：17 分后显示洋红色：oncall 维修仪控进厂检查。2 ）建议后续行动：①请维修二处检查处理并分析故障产生的根本原因：2 ②主控加强3RIC101HV /201HV 和3RIC001HXT /002HXT",中其他参数的监视,5 恢复新温度卡件所有接线，确认温度显示恢复正常：③通知主控验收， 确认报警消失；7 收拾工器具，清理现场，关闭机柜门,3RIC13KA 堆芯冷却监测系统故障（A 系列D 报触发的可能原因1 ）电源故障。2)3RIC011AR （堆芯冷却监测机柜）的自检装置探测到故障：①至少一个模拟或逻辑输入信号失效：②机柜硬件检测到故障；3③系统RTE 检测到故障。3）定期试验
4 号主控触发4RIC713KA：堆芯温度监测机柜故障（A 列）报警,13:56 分KIC 触发4RIC713KA 报警堆芯冷却监测系统故障（A 系列）,影响4RIC030KM 和4RIC030MT 的监视功能,已采取的行动措施，1）查看和执行报警卡：安排现场检查 4RIC011AR 报警情况2)oncal1 维修仪控进厂检查,4RIC011AR 机柜内一块报警检测卡件（SDM4）故障,仪控处理反馈1 ）影响分析：SDM4 卡件主要功能为机柜硬件故障报警检测，该卡件不参与RIC 系统堆芯温度及水位的采集、计算和监测功能。因此，该卡件故障不会影响RIC 系统堆芯温度及水位系统的正常运行监测，不会导致RIC 系统堆芯温度监测功能丧失，不产生IO 。2 ）处理措施：申请紧急工作票，使用备件进行更换处理。3 ）检修步骤：①打开4RIC011AR 机柜门，定位故障卡件，用绝缘胶带做好标记；②拔下故障卡件，插入新卡件；③先按下SM2 ，再SM1 按钮进行复位：4 确认报警消失，关闭机柜门,4RCZL3A 堆芯冷却监测系统故障（A 系列）报警触发的可能原因1 ）电源故障。2 )4RIC011AR （堆芯冷却监测机柜）的自检装置探测到故障。①至少一个模拟或逻辑输入信号失效：②机柜硬件检测到故障；3 系统RTE 检测到故障。3 ）定期试验
3号主控出现报警3RIC900KA、3RIC901KA、3RIC902KA,04：19，主控出现报警3RIC900KA：堆芯中子通量测量系统故障： 3RIC901KA：指套管泄漏故障：3RIC902KA：密封组件泄漏故障。查看3RIC画面除上述KA报警对应的KS灯亮外，未见其余异常。3RIC房间及堆腔房间地坑液位高报警均未触发,1)影响使用RIC进行堆芯中子通量测量；2）如存在真实泄漏，根据报警卡，机组需要停堆处理,1)已采取的行动措施：D主控立即查看报警卡，查看3RIC画面除上述KA报警对应的KS灯亮外，未见其余异常；②查询3RPE011PS液位上涨趋势，3RPE011PS液位上涨趋势未见加速；③oncal1仪控人员检查故障原因；④多次计算一回路泄漏率，泄漏率最小17.44L/h，最大84.18L/h（由于取点不同及时长关系存在差别），与正常计算结果基本一致；5自前3RIC中子测量1、4通道不可用，为防止剩余3个通道使用过程出现故障导致3RIC不可用，100%功率平台堆芯功率分布测量和RPN系数修改暂不执行。2）建议后续行动：请维修仪控核实和分析报警原因，并制定处理方案,3RIC001AR测控机箱010HC（1~4通道）底板变压器故障,"1)仪控处理反馈：D故障原因分析：经现场检查分析，确定3RIC900KA、3RIC901KA及3RIC902KA报警是由3RIC0001AR柜内1号测控机箱（对应控制中子测量的1和4通道）故障导致机箱失去220V供电引起（福清现场首次出现），机箱失去供电后，与上位机通讯丧失，从而触发了RIC系统中子通量测量系统的以上全部报警，并非真实出现泄漏报警。②故障影响：RIC系统中子测量通道2、3、5通道功能正常可用，可满足堆芯中子
③处理进展：a . 目前已完成故障处理方案的编制及工器具、机箱备件的准备工作；b . 因处理过程中需要对3RIC001AR 机柜断电和软件重启操作，经安工评估，由于《机组运行技术规范要求》中对RIC 系统在机组功率高于50 %FP 时的可用性存在相关要求，该工作存在违反运行技术规范的风险，暂不执行。针对运行技术规范中RIC 系统可用性的相关要求，安工反馈已咨询设计院目前等待设计院的正式澄清回函。后续将根据回函内容确定缺陷的处理方向。（备注：24 日下午，经安工确认后，不需要记录IO 后对故障机箱的更换。当前3 号主控已经不存在RIC 相关报警。已确认当前3RIC 系统已经恢复正常）④检修步骤：a . 确认机组号及设备位号，建立隔离检修区域；b . 退出3RIC001AR 机柜控制软件，关闭工控机，并依次断开机柜48V 和220V 供电开关：C . 打开机柜后门，依次解开RIC010HC 机箱信号、电源线及接地线，并小心将机箱抽出；d . 将新备件机箱安装至原机架上并按照电缆编号依次恢复各接线；e . 依次恢复机柜220V 和48V 供电开关，机柜重新上电：f . ．启动控制软件，进行自检．确认系统状态正常。 2 ）核安全工程师反馈：在RP 模式下试验裕度内RIC 系统短时间的全部不可用不需要记录IO ，但若产生RPN 相关事件且无法执行相应缓解措施则视为违反运行技术规范","1)3RIC900KA（堆芯中子通量测量系统故障）报警触发的可能原因有：①在做中子通量图时，从DCS 获得不完整数据；②堆芯中子通量测量计算机供电丧失；③用于泄漏探测的48VDC 电源丧失。2)3RIC901KA（指套管泄漏故障）报警触发的可能原因有：①RIC 指套管泄漏；②传感器故障。
3)3RIC902KA（密封组件泄漏故障）报警触发的可能原因有：DRIC 密封组件泄漏；2 ）传感器故障"
主控触发1RIC714KA 堆芯冷却监测系统故障B 列报警,主控触发1RIC714KA 报警，查看画面为1RIC007MT 显示“XX”,影响1RIC007MT 的显示，无法读取和监视温度,已采取的行动措施：1 ）查看和执行报警卡：安排现场检查1RIC012AR 报警情况；2)oncall 维修仪控进厂检查,热电偶接头接触不良，功率运行期间由于振动的原因致使接触部位出现闪断现象，变送器偶尔会检测到回路存在断路，强制输出为超量程,"仪控处理反馈：1 ）故障原因分析：①岛内连接板和热电偶柱上的热电偶接头松动；②上述接头内部针脚和芯线焊点脆弱：受到较大的震动就容易引起焊点处不牢，造成回路电阻波动；③热电偶本身故障。2 ）故障原因确认（大修进岛检查确认）：热电偶接头接触不良，功率运行期间由于振动的原因致使接触部位出现闪断现象，变送器偶尔会检测到回路存在断路，强制输出为超量程。
3）工作过程（大修检查工单00840183-01）：①先决条件检查：热电偶未解列前进行；②验证隔离边界，确认设备位置，检查初始条件，并根据需要建立检修场所；③连接板处检查和敲击接头，回路阻值没有变化；④大盖处敲击接头发现回路阻值存在约有100多欧姆的阻值跳变；大盖上断开热电偶和补偿导线接头，直接敲击热电偶接头并测试阻值变化情况，发现有跳变；⑤工作结束，清理现场，检查确认标牌完整，向运行人员报告工作完成情况。4）工作过程（大修更换温度变送器工单00843818-01）：①验证隔离边界，确认设备位置，检查初始条件，并根据需要建立检修场所；②将1RIC007MT原温度变送器电源线和输入输出线拆开；③插入新的带故障自动恢复功能的温度变送器并将1RIC007MT的输入输出线和电源线接入；④工作结束，清理现场，检查确认标牌完整，向运行人员报告工作完成情况；5请运行人员验收，并归还工作许可证",1R10714KA堆芯冷却监测系统故障(B系列报警触发的可能原因1）电源故障。2）1RIC012AR（堆芯冷却监测机柜）的自检装置探测到故障。①至少一个模拟或逻辑输入信号失效；②机柜硬件检测到故障；③系统RTE检测到故障。3）定期试验
主控触发2RIC713KA：堆芯冷却系统故障（A 列）报警,主控触发2RIC713KA：堆芯冷却系统故障（A 列），就地检查2RIC011AR 故障灯亮,报警暂不影响RIC可用性,已采取的行动措施：1)查看和执行报警卡，就地检查2RIC011AR故障灯亮；2)oncall1仪控检查处理,2RIC011AR柜内220VAC转24VDC电源模块SPS4故障,仪控处理反馈一检修步骤：1)先决条件检查：①反应堆功率处于稳定状态。②与值长确认RPR、RGL、SIP系统无相关工作同时开展：2）打开2RIC011AR机柜门，检查其他SPS4电源转换模块指示灯正常点亮，确认故障SPS4电源转换模块指示灯熄灭；3）断开故障电源模块上游供电开关F201；4）使用十字螺丝刀松电源转换模块面板上的螺丝，更换故障电源转换模块；5）闭合供电开关F201；6）等待供电模块自检完成，新电源转换模块正常工作，其他模块状态正常；7）工作结束，清理现场，向运行人员报告工作完成情况,2RIC713KA堆芯冷却监测系统故障(A系列)报警触发的可能原因1）电源故障。2)2RIC011AR(堆芯冷却监测机柜)的自检装置探测到故障。①至少一个模拟或逻辑输入信号失效；②机柜硬件检测到故障；③系统RTE检测到故障。3）定期试验
主控闪发1RIC713KA 堆芯冷却监测系统故障（A 列）报警,04:56:46和04:56:53主控闪发1RIC713KA堆芯冷却监测系统故障（A列），检查发现1RIC008KM波动了两次，最低波动至231℃,导致1RIC008KM温度波动,已采取的行动措施：oncall仪控检查处理,1RIC008KM闪发偏低至231℃左右，与区域内其他热电偶温度超差39.3℃，导致机柜报1RIC713KA报警。通过检查怀疑机柜温度变送器或者下游模拟量输入卡件存在异常,仪控处理反馈——检修步骤：1)视检查机柜内1RIC008MT热电偶进线端子，接线正常；2)拆除1RIC008MT热电偶进线端子，用万用表测量上游进线电阻，数值保持426.4Ω稳定不动；3)测量1RIC008MT对应温度补偿热电阻，数值保持110.92稳定不动；4)拆除1RIC008MT温度变送器的输入输出接线，拆除1RIC713AA输出线；5)将这三组线接入记录仪，调整记录仪等待抓取波形；6)机组从热停升至满功率后未再出现闪发现象；7)将1RIC008MT温度变送器接线回装；8)在KIC二层上检查1RIC008MT温度为328℃，没有异常；9)工作结束，清理现场，检查确认标牌完整，向运行人员报告工作完成情况,1RIC713KA 堆芯冷却监测系统故障（A 系列）报警触发的可能原因：1 ）电源故障。2)1RIC011AR（堆芯冷却监测机柜）的自检装置探测到故障。①至少一个模拟或逻辑输入信号失效；②机柜硬件检测到故障；3 系统RTE 检测到故障。3 ）定期试验
主控出现3RIC714KA堆芯冷却监测系统故障（B系列）报警,6:23。3号主控出现3RIC714KA：堆芯冷却监测系统故障（B系列）报警，KIC查看3RIC002HXT中3RIC012AR系统故障（012ARsystemfault）灯3RIC451KS灯亮；BUP盘台ICCMSB列显示看门狗故障、插件插入故障,仪控检查后确认报警原因为对硬件进行监测的卡件出现问题，对系统功能无影响，无备件，走计划处理,已采取的行动措施：oncall仪控检查处理,3RIC012AR机柜SDM4卡件故障（内部贴片式200mA保险熔断导致上游24V供电无法下发）,"仪控处理反馈一检修步骤：1）打开3RIC012AR机柜柜门，核实待换卡件SDM4所在位置：+.EB029，并用绝缘胶带做好标记；
2)佩戴防静电手环，用十字螺丝刀下机架卡件紧固锁，拔出SDM4卡件，并妥善放置；3)打开备件SDM4卡件产品封装袋，核实卡件名称及对应的安装卡槽；4)将新版卡件插入对应卡槽，并确认安装到位；5安装完毕后，检查机柜故障指示灯，指示灯熄灭，报警清除，3RIC012AR机柜状态恢复正常",
1RIC001AR 与 DCS 通讯故障,1RIC001AR 与 DCS 通讯故障,仪控检查后确认报警原因为对硬件进行监测的卡件出现问题，对系统功能无影响,已采取的行动措施：oncall 仪控检查处理,1KCP511AR 机柜内与1RIC 中子注量率系统通讯的FBM230 模块工作异常，通讯连接丧失,仪控处理反馈：1 ）检修步骤：①验证隔离边界，确认设备位置，检查初始条件，并根据需要建立检修场所：②在1RIC001AR 监测软件上核实与DCS 通讯的状态显示为“X”，代表与DCS 通讯失败；3 打开F1KCP511AR 机柜前门，找到工作对象，确认故障FBM230 模块编号是D51103；④使用长柄螺丝刀拧松D51103 通讯模块上下部的两个螺丝，拔出通讯模块：10s 后重新插入通讯模块，紧上下部螺丝，等待自动重启完成；③检查模块上第一,"组通讯指示灯TX和RX闪亮，代表通讯恢复；①在1RIC001AR上重启监测软件并自检，确认1RIC001AR与DCS通讯恢复；8工作结束，清理现场，检查确认标牌完整，向运行人员报告工作完成情况。2)故障原因分析：1KCP511AR机柜内与1RIC中子注量率系统通讯的FBM230模块工作异常，通讯连接丧失
1)1RIC001AR与DCS之间收发数据通过1KCP511AR中的一块编号为D51103的现场总线模块FB230实现，通讯机理为：进行通量图绘制的过程中，1RIC001AR向DCS发送数据传输请求后，DCS才向1RIC001AR传输机组运行数据。2)现场总线组件（FBM）是现场传感器/执行器与控制处理机的接口。部分FBM具有梯形图逻辑控制功能，是一种智能化的IO组件，FBM对现场设备使用的电气输入/输出信号进行适当转换使得通过现场总线能与这些装置通讯。现场组件可与控制处理机CP或运行I/ASeries综合控制软件的个人计算机连接，各种FBM与工厂中通常遇到的各种现场信号相匹配"
主控出现 1RIC714KA（堆芯冷却监测系统故障B系列）报警,主控出现 1RIC714KA（堆芯冷却监测系统故障B系列），仪控检查确认为 1RIC012AR内电源板卡故障（有两路电源，另外一路供电正常）,,已采取的行动措施：oncall 仪控检查处理,1RIC012AR 机柜 220VAC/24 VDC 转换模块 SPS4 故障,仪控处理反馈检修步骤：1)先决条件检查：其他穴余 SPS4 卡件供电正常：2)查看图纸确认该故障 SPS4 卡件上游供电开关为 F102；3)断开上游供电开关 F102，查看其他 SPS4 卡件状况，确认无异常；4)用一字螺丝刀拧松故障 SPS4 卡件上的 4 个固定螺丝：5)拔出故障 SPS4 卡件；6)将新的 SPS4 卡件插入对应的卡槽中，拧紧 4 个固定螺丝：7)合上上游供电开关 F102，查看机柜状态，确认所有 SPS4 卡件状态指示灯亮，机柜报警灯熄灭，机柜无异常；8)工作结束，清理现场，检查确认标牌完整，向运行人员报告工作完成情况,R0714KA 堆芯冷却监测系统故障(B系列)报警触发的可能原因1)电源故障。2)1RIC012AR(堆芯冷却监测机柜)的自检装置探测到故障。①至少一个模拟或逻辑输入信号失效：②机柜硬件检测到故障：③系统 RTE 检测到故障。3)定期试验
主控触发3RIC714KA 堆芯冷却监测系统故障（B 系列）,02:13。主控触发3RIC714KA 堆芯冷却监测系统故障（B 系列），BUP 盘上RIC714AA（堆芯冷却监测系统故障B 系列）指示灯亮,,已采取的行动措施，1）主控检查KIC画面和QDS，堆芯水位、堆芯温度和堆芯过冷裕度等参数均显示正常；2）查看报警卡，要求现场在ICCM系统的SU上查看导致故障的原因；3）oncall仪控人员现场检查，发现3RIC012AR内用于综合故障检测的卡件故障，需要进行更换,3RIC012AR机柜SDM4卡件故障（内部贴片式200mA保险熔断导致上游24V供电无法下发）,仪控处理反馈一检修步骤1打开3RIC012AR#机柜柜门，核实待换卡件SDM4所在位置：+EB029，并用绝缘胶带做好标记；2）佩戴防静电手环，用十字螺丝刀拧下机架卡件紧固锁，拔出SDM4卡件，并妥善放置；3）打开备件SDM4卡件产品封装袋，核实卡件名称及对应的安装卡槽；4）将新版卡件插入对应卡槽，并确认安装到位；5）安装完毕后，检查机柜故障指示灯，指示灯熄灭，报警清除，3RIC012AR机柜状态恢复正常；6）工作结束，清理现场,3RIC714KA 堆芯冷却监测系统故障（B 系列）报警触发的可能原因1 ）电源故障。2 ）3RIC012AR（堆芯冷却监测机柜）的自检装置探测到故障。①至少一个模拟或逻辑输入信号失效；②机柜硬件检测到故障；3 ）系统RTE 检测到故障。3 ）定期试验
KIC 画面4RIC009MT 故障XXX,"17:07,4号主控出现4RIC714KA堆芯冷却监测系统-B列故障,主控检查发现KIC画面4RIC009MT故障XXX,后备盘ODS上查看4RIC009MT显示55.1℃",导致4RIC009MT无法准确监视堆芯温度,"已采取的行动措施:1)查看和执行报警卡,按报警卡定位4RIC012AR至少一个模拟和逻辑输入信号失效,通过画面基本定位4RIC009MT故障。同时,主控对RIC相关参数(饱和裕度、Tricmax和Tricavg)进行检查,未见异常;2)oncall1仪控人员进行检查,确认该报警为4RIC009MT故障所致,现场检查后初步分析岛外接线或卡件故障和岛内接线或探头故障两种可能;3)主控查阅技术规范在RP模式下,只有每列19个热电偶失去10个,认为该列饱和裕度监测通道不可用,需要记录CCMS1",温度处理卡件STT1故障,"仪控处理反馈:1）工作过程：①打开4RIC012AR机柜门，断开FB502：X4端子；②检查X4端子（Z14,B14）接线紧固，无异常；③使用万用表电阻挡测量X4端子（Z14,B14）两端回路电阻测量结果为936Q，结果正常；④使用万用表电压档测量X4端子（Z14,B14）两端回路电压测量结果为11mV，结果正常；③确定温度处理卡件STT1故障，领取备件进行更换；使用Laptop 电脑读取并下载正常通道温度卡件参数配置文件，并下装至备件卡件中；②恢复新温度卡件所有接线，确认温度显示恢复正常：8通知主控验收，确认报警消失，关闭机柜门，工作完成。2 ）故障原因分析：温度处理卡件STT1故障",1 ）仪表故障（测量值与平均值相差超过20℃），故障仪表将被剔除，不影响RIC 饱和裕度、最大值、平均值显示。2)4RIC009MT故障，KIC中显示×××，QDS显示55.1℃（55.1℃类似于仪表故障的缺省值，非 4RIC009MT故障的实际测量值）。3)RIC 系统的堆芯热电偶每列19个热电偶失去10个，认为该列饱和裕度监测通道不可用，需要记录CCMS1。注意4RIC002MT属于B 列设备，但不在19个MT 中，19个MT 包括：4RIC004-
8RIS011P03现场检查盘根泄漏量5~6 滴／s,8RIS011P0现场检查盘根泄漏量5 ~6 滴／s 。量杯测量大约0 . 9~1 . 2L/h（厂家提供的泵运行时泄漏量标准要求≤1 L/h）,8RIS011P0 不可用,已采取的行动措施：oncall 维修机械检查，设备管理对水压试验性可用性进行评估,盘根已硬化。与轴接触面已磨光滑，无法起到密封作用,"机械处理反馈：2016 年12 月26 日初步分析判断：1 ）根据当前泄漏量及近期4 号机组水压试验期间泵的运行情况，判断目前状态不影响泵的使
2016 年12 月30 日到进展：测得盘根泄漏量350ml/h(24+26+250）（标准值不超过1L /h )，泄漏量呈下降趋势，后续持续观察。2016 年12 月31 日到2017 年01 月04 日进展：测得盘根泄漏量分别为146ml /h （22+24+100)，泄漏量呈下降趋势后续持续观察。110ml /h （30+30+50)，100ml /h(34+34+32)，105ml /h(27+28+50)，小至100 ml /h ，远低于标准1000ml /h ，泄漏量趋于稳定，后续定期观察。2017 年02 月01 日完成水压试验泵漏水较严重柱塞的盘根更换工作。（发现盘根已硬化，与轴接触面已磨光滑，无法起到密封作用）最后由运行安排启泵在线调整盘根压量",根据会议纪要《8 号机组水压试验泵盘根泄漏专项讨论会》，厂家函件描述，设备工程师分析认为在水压试验泵停运状态下，调整填料压盖至泄漏量<2L /h 时，可判断填料有足够的冷却和润滑，且调整工作不影响盘根的正常功能和结构完整性。在泄漏量>2 L /h 时，应oncall 维修机械调节填料压盖
3RIS129VP存在泄漏，漏量3~4s一滴,3RIS129VP存在泄漏，漏量3~4s一滴,如泄漏扩大，「可能影响3RIS002PO功能,已采取的行动措施：oncall维修机械检查,阀门起跳压力为2.2MPa，密封压力为2.09MPa，泵启动瞬时压力可能达到或接近起跳压力，同时根据起泵时泄漏观察情况，判断为起泵瞬间阀门微起造成泄漏，当前仍有少量泄漏怀疑为密封面回座不严、卡有杂质或磕伤（观察4号机组试验，起泵出口压力瞬间最高达到2.0MPa而4RIS129VP无泄漏，3RIS129VP为个例情况）,机械处理反馈：4-7：在执行定期试验时泵下游压力短时超过安全阀定值起跳导致。当前安全阀出口约30s一滴的微漏（可能原因为起跳后密封面杂质或回座不严），经评估该缺陷不影响设备的安全功能。4月10日泄漏量变为10滴/min，不影响阀门安全功能及系统运行，准备工单进行在线手柄检查及敲击和泄漏率测量，根据在线处理后情况决定后续处理措施。处理措施：根据由易到难的步骤依次执行1)检查手柄、敲击回座（896515-01已完成。泄漏未消除，处理后泄漏率为1滴/min。2）手动强,《3RIS129VP安全阀压力整定及密封性试验》中要求安全阀的整定压力值为：（2.20±0.07）MPa.g，密封性试验压力值为：（2.09±0.06）MPa.g（反向打压介质为气体，压力为0.03MPa.g，打压时间为15min，以阀盖检漏孔无气泡冒出为合格）
KIC 开启4RIS168VP 时阀门显示洋红色,18 点39 分，执行《F04-RPB-T-015：用RPB370KC 进行安全注入逻辑试验规程》时，在主控室KIC 开启4RIS168VP 时阀门显示洋红色,4 号机组产生随机第一组IO ，RIS1 ：低压安注系统一列不可用。要求三天内开始向MCS 模式后撤,,4RIS168VP 关限位S7 触点闭合保持时间偏短，阀门开启时力矩动作加S7 触点断开导致阀门停止开启,电气处理反馈1）故障原因分析：电动执行机构旁路限位S7 时间稍短，导致力矩动作。2）检修步骤：①与主控沟通，开紧急票处理；②取得工作票，召开工前会，建立检修场地；③对电动执行机构进行检查，发现为力矩动作，判断原因为旁路时间较短；④对电动执行机构旁路限位进行调整，调整旁路时间2s 左右（原来旁路时间约为1s，调整后旁路时间约为总行程的10%）；同时机械专业配合对阀杆进行润滑；⑤与主控沟通，由主控操作3 次，阀门均运行常；7 工作结束，清理场地，归还工作许可证,执行该试验时，PTR001BA 水箱硼水会通过低压安注泵排水至安全壳地坑。为此，在开启RIS168VP 之前关闭手动隔离阀1RIS166VP，以避免PTR001BA 经过LHSI 泵向安全壳地坑排水
在4 号主控BUP 上进行试灯试验时发现4RIS590LA 灯不亮,"在4号主控BUP上进行试灯试验（F04-KSC-T-001试验）时发现4RIS590LA灯不亮
2号机组21:02触发2LLA011KA（LLE总故障），2RIS435KA（硼酸再循环回路流量低）；主控香看2RIS画面.发现2RIS021PO市故障跳闸，现场查看2RIS021PO上游开关2LLE4101JA开关显示OFF，白色故障等亮（见图1）。TLLE20HE4810EH12RR1AG6VA20A2LLE0LU2RIS021POLLE41N2RIS001R2RIS0TSR图12LLE4101.JA开关故障显示","影响BUP盘上RIS系统设备状态的监视
1)产生随机第一组IO：RIS8，要求24h内机组开始向NS/SG模式后撤，硼浓度为冷停堆所要求的硼浓度：将2RIS021PO切换到2RIS022PO运行后，机组由随机IO1：RIS8（两台RIS7000ppm再循环泵不可用）转为随机IO2：RIS7（RIS 7000ppm再循环泵一台不可用（021PO或022PO）），检修必须在一个月内完成；2)2RIS021PO停运导致硼酸再循环回路停运，有硼结晶风险；3)2RIS021PO上游开关2LLE4101JA故障跳闸，导致2RIS022PO和2LLD1121JA作为临时SPV管理","已采取的行动措施，oncall维修仪控检查处理
已采取的行动措施：1）现场检查2LLE4101JA开关状态：2）执行2RIS021PO切换到2RIS022PO操作，将IO1：RIS8转为IO2：RIS7；
3)oncall 电气人员检查处理；4)2RIS022 PO 和2LLD1121JA 按临时 SPV 管理控制，加强巡检","后备盘4KSC703PP中3.NC.A端子排127a端子正电源短接片松动
2LLE4101JA 监测熔断器001FU 状态的微动开关故障，常开触点闭合，导致跳闸继电器001XD 得电，主回路跳闸，2RIS021PO 停运","仪控处理反馈：1）处理进展：4号机组BUP上4RIS590LA试灯正常，故障已消除。2）检修步骤：①D将后备盘切换到试验模式，按下试灯按钮，确认4RIS590LA软件信号触发，确认为硬件问题。②逐段检查4RIS590LA接线和端子，发现3.NC.A端子排127a.128a处信号触发不正常。发现127a端子正电源短接片松动。进行紧固后进行试灯，4RIS590LA正常点亮
电气处理反馈：1）检修步骤：①检查确认2LLE4101JA抽屉出线紧固，无变色、过热情况；②测量下游负荷绝缘&gt;550M2.三相直阻均为1.9Ω.数据合格；③检查确认抽屉主回路、一次接插件接线紧固，无变色、过热情况；④检查抽屉主回路熔丝001FU导通情况正常；检查确认热继电器未动作；③测量监测熔断器001FU状态的微动开关常开触点闭合，常闭触点断开，状态异常，确认损坏；②更换同型号微动开关；8联系运行将2LLE4101JA推入合闸：92RIS021P0，测量三相运行电流均正常，无报警。2）处理进展：2LLE4101IA抽屉推入合闸后故障灯不亮，报警消除2RIS021P0恢复可用。3）后续行动：升级细化规程《FQX-LTB-M-E001核岛380V低压配电盘预防性维修》，增加检查监测熔断器的微动开关触点状态的工作内容",
8RIS011P0再鉴定过程中主控出现8RIS423KA（试验泵及辅助装置主故障）,执行F04-LLS-T-002：柴油发电机和水压试验泵无密封注水带负荷启动和运行试验规程对8RIS011P0再鉴定时，合上8LLS023JA 后，就地 8LLS001AR 上8LLS579LA（综合故障报警）灯亮，且无法复位，主控存在8RIS423KA（试验泵及辅助装置主故障）,影响8RIS011PO的可用性，产生I01：RIS5,已采取的行动措施，oncall1电气检查处理,控制柜PLC输入点错误,电气处理反馈一一处理措施：经与主控沟通，电气人员对水压试验泵控制柜内部的PLC进行核实，通过对PLC各输入点进行测量查找，发现控制柜内部的空冷风机断路器003.JS的辅助触点接触不良，导致其信号未正常送入PLC，触发综合故障报警并无法复位。经过对003JS的辅助触点修复后，报警复位消失，水压试验泵正常启动，电气人员保驾至试验结束无异常,出现8RIS423KA可能原因是下列设备一个（或多个）热保护继电器动作：1)润滑油泵8RIS111MO：8RIS001XS；2）试验泵8RIS112MO：8RIS001UF；3）空冷风机8RIS113MO：8RIS003XS。报警将导致下列设备自动停运：1）润滑油泵8RIS111MO；2）试验泵8RIS112MO；3）空冷风机8RIS113MO
3RIS013VP全开30s后在KIC画面中显示故障大红色,早班执行F03-RPB-T-016用RPB371KC进行安全注入逻辑试验规程时，按照规程执行过程中3RIS013VP全开30s后变成大红色（开启故障），3RCV034/375VP未按照逻辑正常关闭,导致 FQ3-RPB-T-016 用RPB371KC 进行安全注入逻辑试验规程试验失败,已采取的行动措施：1）现场检查配电盘无异常，OPEN 灯亮；2）就地检查3RIS013VP 全开，无异常；3）联系电气和仪控人员检查发现3RIS013VP 机械限位器未触发电气人员处理后，重新执行试验，试验结果满意,1)电气限位(F0/FC)送配电盘和KIC 进行显示，机械限位（SM3/SM5）参与逻辑控制；2）3RPB371KC 打试验位后，3RIS013VP 开启，全开30s 后变大红色（开启故障）。原因为3RIS013VP 在接到3RPB371KC 打试验位开启指令后开启，在电动头内部的全开限位（电气限位）触发后停止开启，但是此时机械全开限位SM3 未触发。（即逻辑图中电动头内部的F0 触发，但是SM3 未触发）。在DCS 内部会判断开启故障阀门变大红色；3）由于3RIS013VP 的机械全开限位SM3 未触发，故3RCV034/375VP 不会关闭；4）电气人员通过调整3RIS013VP 电动头内部的电气限位开关，来调整阀门行程，使阀门的机械限位SM3 触发，试验顺利完成,机械处理反馈：1）检修步骤：①对3RIS013VP 阀门外部机械开限位进行调整；②与主控沟通，主控开关阀门两次。限位均能正常触发；③确认阀门正常，主控无报警；④工作结束，清理现场。2）故障原因分析：阀门本体限位未触发,"RIS013VP 的控制逻辑：1 ）手动开启信号DKIC013VP 置于OPEN ②BUP005TL 置于OPEN2 ）手动关闭信号：DKIC-013VP 置于CLOSE2BUP-005TL 置于CLOSE3 ）自动开启信号：D 安注信号SI ，RPR 触发，1E 级②PTR001BA 液位高于L2(5.9m)，且以下任一条件满足：a.ADP 保护信号触发b.RPN 源量程中子通量高紧停堆c.容控箱RCV001BA 液位低3(RCV011MN,0.87m) d.RRA 自动补给信号4 ）自动关闭信号PTR001BA 液位L2(5.9m)，1E 级＋安注再循环未手动复位说明：RRA 自动补给信号只引起RIS 系统B 列动作。5 ）参与其他设备的控制逻辑：DRCV375VP 自动关闭信号：a.RIS013VP 开启+RRA 自动补水信号：b.RIS013VP 开启+B 列SI 信号：C.RIS013VP 开启+B 列源量程中子通量高信号：d.RIS013VP 开启+B 列ADP 信号 号；e.RIS013VP 开启+VCT 水位低3。2②RCV034VP 的自动关闭信号： a.RIS013VP 全开+（VCT 液位低3(012MN-0.87m）或B 列防误稀释信号ADP 或B 列SI 或RCV034VP 全开时B 列源量程中子通量高或RRA 自动补水信号）；b.KIC 中将RPB371KC 置于TEST+RIS013VP 全开"
执行F03-LLS-T-002 柴油发电机和水压试验泵无密封注水带负荷启动和运行试验规程，8RIS011P0 启动后无出力,当班值执行F03-LLS-T-002 ，就地启动8RIS011P0 后发现现场压力表压力仅有0 . 4MPa . 远未达到要求值12MPa ，怀疑8RIS011P0 启动后无出力,8RIS011P0 在RP 模式下为核安全设备。设备不可用需要记录双机组随机I01 ：RIS5 ，3 、4 号机组需要在3 天内后撤至NS /RRA 模式,"已采取的行动措施：1）组织现场保驾人员进行检查后，停运8RIS011P0，将设备置于安全可控状态；2）安排现场重新检查在线，确认在线正确； 3）主控通过分析，初步怀疑为8RIS011P0入口管线积气或入口逆止阀 3RIS267VB卡涩导致；4）根据分析的原因，主控联系维修机械配合对 8RIS011P0入口管道进行冲水排气，并对3RIS267VB进行敲击；5）维修机械对8RIS011P0入口管道初次进行冲水排气，发现无水流出；对3RIS267VB进行敲击后，有顺畅水流流出； 3PTR001BA3RIS267VB8RIS011P08RIS565VB4RIS267VBX4PTR001BA图 18RIS011P0流程示意图
6 ）重新组织启动水压试验泵8RIS011P0,8RIS011P0 出口压力正常，继续执行定期试验，试验结果满意。建议后续行动：1 ）通过异常现象及处理过程，确认为3RIS267VB 存在硼结晶卡涩导致水压试验泵入口无流量；2 ）水压试验泵入口既可以从3PTR001BA1 取水，也可以从4PTR001BA 取水，水压试验泵入口无流量，可以推断4RIS267VB 也同样存在硼结晶卡涩问题：3 ）后续3 、4 号机组试验时，建议先安排对3/4RIS267VB 进行敲击，敲击完成后再进行试验；4 ）考虑对3/4RIS267VB 增加硼伴热装置，避免可能出现的硼结晶，当班值提出技改；5 ）请设备管理处考虑对3/4RIS267VB 进行换型，避免共模故障",8RIS011P0入口管线积气或入口逆止阀3RIS267VB卡涩导致,"机械处理反馈：2019 年5 月8 日，经机械、运行、设备管理、核安工会议讨论分析关于水压试验泵8RIS011P0 启动无出力情况讨论汇报如下：1 ）现象描述①D2019 年5 月7 日早班，当班值执行F03 -LLS -T -002 ，就地启动8RIS011P0 后发现现场压力表压力仅有0 . 4MPa ，远未达到要求值12MPa ， 怀疑8RIS011P0 启动后无出力；②经主控、设备管理、维修分析怀疑上游止回阀未打开，讨论决定拆除8RIS565VB 下游盲板检查是否有水流出，如无水则敲击止回阀；3 ）现场拆除8RIS565VB 下游盲板，打开阀门后，有带压气体混合少量水喷出不到1min ，后无水流出；④经敲击止回阀， 8RIS565VB 下游盲板出现顺畅来水；5 重新启动水压试验泵8RIS011P0 ， 8RIS011P0 出口压力正常，试验结果满意：③停泵后，泵入口安全阀有约10s 的开启关闭声音。2 ）原因分析：吸入口逆止阀（3/4RIS267VB）未开启。注：RIS267VB 此阀门为大连大高生产的DN50 口径升降式止回阀，启闭压差为0 . 03 MPa （即进出口存在0 . 03 MPa 压差下会开启），入口为PTR
3 ）阀门未开启的原因分析D 进出口高压差造成站黏性低压无法打开：打开8RIS565VB 盲板后有带压气体喷出，且停泵时可听见逆止阀出口安全阀明显起跳（起跳压力1 MPa ）声音，逆止阀出口有近1 MPa 压力（泵运行时可能更高）。泵出口的小流量管线直接与入口管道相连，入口仅有约 0 . 1MPa ，怀疑在反向压力下逆正阀密封面出现粘黏性，导致无法在出口泄压后入口0 . 1MPa 压力下打开，可能性较大；②泵入口管线存在气体：打开盲板不到1min 气体排出，管道确实存在气体，可能为盘根泄漏引入管道气体或管线长期泄压过程中逐渐引入。由于止回阀后非水介质，起泵后无法吸水形成负压从而打开止回阀，可能性较大；③结构性卡渉：阀瓣歪斜与阀体卡涩，打开8RIS565VB 盲板，出口无流水，即说明阀门未开启且密封性良好，阀门密封性好即阀瓣落座垂直，于阀体卡涩可能性较小；④硼结 晶卡涩：经咨询化学介质为PTR 水箱来水硼浓度为2000+ppm ，在常温下不会形成结晶，故此原因可能性极小。综上所述：起泵后止回阀未打开导致泵出口无压力的可能原因为：泵小流量管线与泵入口管线直接相连，导致泵入口管道中存在大量气体导致起泵后无法吸水减小逆止阀出口压力导致逆止阀未打开，且止回阀进出口向高压差造成阀瓣粘黏性导致出口泄压后入口低压下未自动打开。4 ）同行经验反馈：海南核电也发生过同类问题，与本次情况比较类似，分析原因为管道气体较多，起泵前对管道进行排气。5 ）后续处理措施计划①D 在8RIS565VB 出口安装压力表测量逆止阀出口压力：②完成工单准备，在大修对3 /4RIS267VB 进行解体，检查确认硼结晶和卡涩情况；③根据下次定期试验人口管线测量结果确定是否增加试验前泵的充水排气和试验后泄压方式：4 考虑试验增加机械保驾人员：检香逆止阀开启情况",止回阀RIS267VB 为DN50 口径升降式止回阀，启闭压差为0 . 03 MPa （即进出口存在0 . 03 MPa 压差下会开启）
2RIS021P0上游开关2LLE4101JA 故障跳闸,21:02 ，主控触发2LLA011KA（LLE 总故障），2RIS435KA（硼酸再循环回路流量低），查看KIC 画面发现硼酸再循环泵2RIS021P0 故障停运,2RIS021P0 故障跳闸停运，而2RIS022P0 此时处于备用停运状态导致两台RIS7000ppm 再循环泵不可用，产生随机I01: RIS8,已采取的行动措施：1 ）查看和执行报警卡，主控查看处于运行的 2RIS021P0 故障跳闸；2 ）安排现场检查2RIS021P0 上游电源 2LLE4101JA ，确认开关故障跳闸；3 ）安排现场将2RIS021P0 切换到 2RIS022P0 运行，2RIS022P0 运行后，消除第一组I0: RIS8 。故障的 2RIS021P0 不可用仍存在第二组I02: RIS7 ;4 ）oncall 维修电气人员检查处理,2LLE4101JA 监测熔断器001FU 状态的微动开关故障，常开触点闭合，导致跳闸继电器001XD 得电，主回路跳闸，2RIS021P0 停运,"电气处理反馈，1 ）缺陷描述：2LLE4101JA（下游负荷2RIS021P0 ）抽屉停运指示灯亮，故障灯亮。2 ）故障原因：监测熔断器001FU 状态的微动开关故障，常开触点闭合，导致跳闸继电器001XD 得电，主回路跳闸，2RIS021P0 停运。
3）处理措施：①检查确认2LLE4101JA抽屉出线紧固，无变色、过热情况；②测量下游负荷绝缘&gt;550MQ，三相直阻均为1.92，数据合格；③检查确认抽屉主回路、一次接插件接线紧固，无变色、过热情况；④检查抽屉主回路熔丝001FU导通情况正常；⑤检查确认热继电器未动作；⑥测量监测熔断器001FU状态的微动开关常开触点闭合：常闭触点断开，状态异常，确认损坏；⑦更换同型号微动开关；联系运行将2LLE4101JA推入合闸：9启动j2RIS021PO，测量三相运行电流均正常，无报警",RIS021PO硼酸再循环泵的控制逻辑，无自动启停信号。手动启动信号：就地机柜上RIS053CC置于START；手动停运信号：就地机柜上RIS053CC置于STOP
4RPE027VP/002VY/017VP/055VE阀门关闭，同时4KCP500KA闪发1s后消失,"20: 56, 主控闪发 4KCP500KA (NC 机柜供电故障) 1S 后消失。随后主控操纵员巡检画面发现 4RPE027VP/002VY/017VP/055VE 阀门关闭 (暂未发现其他设备异常), 主控 KIC 显示故障大红色。与仪控沟通后, 暂重点怀疑 4KCP523AR 向上述设备供电故障可能性大。运行就地检查该机柜未发现异常和故障灯亮",上述阀门关闭造成 4RPE 安全壳内水箱无法向外部排水、排气,"已采取的行动措施: 1)估算 4RPERX 相关水罐上涨趋势, 确保状态可控: 2)onca11 维修仪控检查处理: 3)要求仪控提供 4KCP523AR 相关设备清单, 以评估对机组状态的影响; 4 主控密切关注 RPE 系统报警和水位上涨趋势情况","1)4RPE027VP/002VY/017VP/055VEh 阀门电磁阀失去上游 4KCP.523AR 机柜内部 48V 供电; 2)4KCP523AR 机柜内 TP-FP-248VDC 第三个刀闸保险损坏, 导致机柜内 1TBT18BN 厂下游负载 (仅包含 4RPE027VP/002VY/017VP/055VE 的 4 个阀门命令及 RPE 就地指示灯) 失去控制电源, 导致阀门意外关闭","仪控处理反馈: 1)故障现象: 4 号主控出现 4RPE027VP/002VY/017VP/055VE 阀门关闭、同时 4KCP500KA 闪发 1 s 后消失。2)处理进展: 4RPE027VP/002VY/017VP/055VE 故障已消除, 阀门状态及功能已恢复正常。3)检修步骤: ①D 更换 4KCP523AR 内 TP-FP-248VDC 第三个刀闸保险后 4RPE027VP/017VP/055VE 阀门恢复正常:
②通过在 DCS 一层强制复位 4RPE002VY 阀门故障, 主控验证 4RPE002VY 阀门功能正常。4)故障原因分析: D4RPE027VP/002VY/017VP/055VE 阀门电磁阀失去上游 4KCP523AR 机柜内部 48V 供电; ②4KCP523AR 机柜内 TP-FP-248VDC 第三个刀闸保险损坏, 导致机柜内 TBT18BN 下游负载 (仅包含 4RPE027VP/002VY/017VP/055VE 的 4 个阀门命令及 RPE 就地指示灯) 失去",控制电源，导致阀门意外关闭
4RPE017/027VP、002VY055VE阀门关闭且显示天红色,主控巡检发现4RPE017/027VP、002VY、055VE 伐门关闭显示大红色，初步怀疑这些阀的控制电失去导致,阀门关闭造成4RPE 安全壳内水箱无法向外部排水、排气,已采取的行动措施：1 ）估算4RPERX 相关水罐上涨趋势，确保状态可控：2)oncall1维修仪控检查处理；3 ）要求仪控提供4KCP523AR相关设备清单，以评估对机组状态的影响：,"1)4RPE027VP/002YV/017VP/055VE阀门电磁阀失去上游4KCP523AR机柜内部48V供电;2)4KCP523AR机柜内TP-FP-248VDC第四个刀闸保险损坏,导致阀门无法正常开启","仪控处理反馈:1)处理进展:4RPE027VP/002YV/017VP/055VE故障已消除,阀门状态及功能已恢复正常。2)检修步骤:D更换4KCP523AR内TP-FP-248VDC第四个刀闸保险后4RPE027VP/002YV/017VP/055VE阀门状态恢复正常:2主控验证4RPE027VP/002YV/017VP/055VE动作正常","4KCP523AR机柜内018BN下游负荷为4RPE027VP/002YV/017VP/055VE,失电时阀门将关闭"
3RPE015PS 放射性异常上涨,"辐射防护反馈3RPE015PS 本底剂量0.1322uSv/h,目前剂量0.678 μSv/h,白区剂量范围为0~2.5μSv/h,超过2.5μSv/h,需联系辐射防护设立临时控制区。根据现场初步测量显示为3RPE015PS 进水管线无放射性,仅排水管线有,怀疑为管线反水导致,具体需结合化学取样结果进行分析。3RPE015PS 化学取样结果:总放6.37MBq/t,硼浓度为156ppm,pH值为8.90,怀疑3RPE011P0 出口逆止阀3RPE221VE 以及3RPE319VE 不严",造成非辐射控制区的地坑存在放射性污染,1）已采取的行动措施：D对3RPE015PS进行隔离，并张贴电离辐射标识；②开发状态报告进行根本原因分析，彻底解决该问题。2）建议后续行动：对3RPE222VE进行设计变更，让其与3RPE011PO建立逻辑关系：“当3RPE011PO启动时，3RPE222VE开启；当3RPE011PO停运后时，3RPE222VE自动关闭”,经过分析原因为3RPE221VE内漏，放射性管线的水返流至3RPE015PS。地坑内的杂质附着在逆止阀密封面，长期运行所致（阀芯，阀座有磨损），造成逆止阀密封不严，造成放射性介质返流,机械处理反馈：1）检修步骤：①拆除阀门阀盖，取出阀内件，做好防异物措施；②检查，清洗各零部件及密封面，发现阀芯阀座有磨损缺陷；③对阀芯阀座进行手工研磨，研磨后对其进行了蓝油试验，蓝油试验合格；④清洗阀腔，进行清洁度与异物检查，确认腔内清洁无异物：回装阀门，阀门中法兰力矩为140N·M；③工作结束，清理现场，归还工作许可证。2）故障原因分析：3RPE221VE内漏。放射性管线的水返流至3RPE015PS。地坑内的杂质附着在逆止阀密封面，长期运行所致（阀芯，阀座有磨损），造成逆止阀密封不严，造成放射性介质返流,3RPE015PS 地坑泵3RPE011PO的控制逻辑：1）自动启动：就地控制柜上211CC置于AUTO位置&地坑高液位开关3RPE138SN触发液位高，3RPE011PO自动启动；2）手动启动：就地控制柜上211CC置于MANU位置&就地控制柜上按下启动按钮211TO，3RPE011PO启动；3）自动停运：地坑低液位开关3RPE137SN触发液位低信号3RPE011PO自动停运（无论泵处于自动还是手动）；4）手动停运：就地控制柜上211CC置于MANU位置&就地控制柜上按下停运按钮261TO，3RPE011PO停运
4K050 房间，4RPE008PS 液位H2，发现4RPE005P0运行时出力不足,4K050 房间，4RPE008PS 液位H2，发现4RPE005P0运行时出力不足,4RPE005P0运行时出力不足，无法对4RPE008PS 有效排水，长时间运行可能导致泵损坏,已采取的行动措施：1 )oncall 电气检查处理：2 ）按工作负责人建议启动4RPE005P0 前，适当摇晃泵体，让泵充满水，使泵正常启动运行,泵体内存有空气，由于空气的密度很低，旋转后产生的离心力小因而叶轮中心处所形成的低压不足以将地坑内的液体吸入泵内，进而导致启动离心泵时出力不足，泵无法正常运行输送液体,"机械处理反馈1 ）检修步骤：①召开工前会，确认检修设备位号，建立检修区域：②验电，确认无电，测量4RPE005P0 直流电阻，测得U -V ：3 . 1 2 , V -W : 3 . 1 Q , W -U : 3 . 1 Q ，不平衡度为0 ，合格；③测量4RPE005P0 绝缘电阻，测得V . U . W -地：140 M2 ，合格；④对泵坑进行检查，确认无异物，目视泵体无堵塞；5 联系运行人员启动4RPE005P0 ，适当摇晃泵体，确认泵排水正常，验收合格。2 ）故障原因分析：泵体内有空气","1) 4RPE005P0 自动启动信号: 4RPE145SN 液位高 1 触发&amp;就地控制柜上 205CC 置于自动&amp;没有 4KRT051MA、052MA、053MA、054MA 的二级报警; 2) 离心泵启动时, 若泵内存有空气, 由于空气密度很低, 旋转后产生的离心力小, 因而叶轮中心区所形成的低压不足以将储槽内的液体吸入泵内, 虽启动离心泵也不能输送液体, 此种现象称为气缚。表示离心泵无自吸能力, 所以必须在启动前向壳内灌满液体。为防止气缚现象的发生, 离心泵启动前要用外来的液体将泵壳内空间灌满。这一步操作称为灌泵。为防止灌入泵壳内的液体因重力流入低位槽内。在泵吸入管路的入口处装有止逆阀(底阀): 如果泵的位置低于槽内液面。则启动时无需灌泵"
3RPE028P0 无法自动启动,执行隔离3PW31006(3PTR020VB 安全阀压力整定）机械人员将3PTR521VB 下游堵头拆掉并接软管排往3RPE006CU ，核岛现场反馈3RPE006CU 液位已经较高（H1 )，但是3RPE028P0 未自动启动，同时主控触发3LKL 母线触发总体故障报警，3RPE028P0 电源3LKL2131JA 合闸指示未亮起,导致3RPE028P0 无法自动启动，无法对3RPE006CU 来水进行排放,已采取的行动措施，1 ）确认3RPE006CU 无来水，不再上涨，避免满溢； 2)oncall 电气检查处理,3LKL2131JA 主接触器坏,机械处理反馈：1 ）检修步骤：①脱开3LKL2131JA 对下游负荷负荷 3RPE028PO 进行绝缘和直阻测量，测得直阻数据如下：AB :3.7QAC :3.7 02BC:3.7Q ，测得绝缘：A.B.C-PE :117 MQ2 合格（绝缘电阻大于0 . 5 MQ) ;②对抽屉进行检查发现003JA 空开跳闸，对其下游控制元件进行检查发现001JA 直阻为0 ，属接触器线匝间短路，领取新备件更换后验证正常电机运行电流平衡。2 ）故障原因分析：3LKL2131JA 主接触器坏,RPE028PO 主要逻辑：1 ）手动启动：手动控制＋就地启动；2 ）自动启动：自动控制＋地坑液位“高”3 ）手动停运：手动控制＋就地停运：4 ）自动停 运：D“STOPORDER”信号：2②地坑液位“低”
执行（Q) FQ1-RPE-T-001：在主控室验证气动阀可操作性试验规程，主控开启1RPE387VP 时，阀门无法开启显示大红色,执行（Q) FQ1-RPE-T-001：在主控室验证气动阀可操作性试验规程，主控手动开启1RPE387VP(RPE009/013PS 再注入管线隔离阀）时，阀门无法开启显示大红色,1RPE387VP 不可用，在安全壳完整性部分丧失的事故情况下，将影响反应堆厂房外地坑水重新打回反应堆厂房，产生随机GEN8,,,开限位未压实,仪控处理反馈，1 ）检修步骤：①现场确认1RPE387VP 设备位置，通知主控开工；②现场检查限位开关功能正常，限位开关状态与现场阀门实际状态一致，与主控沟通手动触发开限位消除KIC 显示故障；③由主控操作阀门，发现现场阀门全开，但开限位未正常触发对开限位进行调整后，主控配合多次开关阀门正常。2 ）故障原因分析：开限位未压实 X /YRPE375/386/387/388VP9/8RPE381/382VP 阀门在U2 事故规程中要求开启用于安全壳完整性部分丧失的情况下将反应堆厂房外地坑水重新打回反应堆厂房。当其开启功能不可用时，需要记录GEN8 （从RP 模式至RCS 模式下适用）
2RPE011P0处于自动位在2RPE015PS高液位时未启动，打手动后按启动也无法启动,2RPE015PS液位已快溢出，2RPE011P0处于自动位在2RPE015PS高液位时未启动，打手动后按启动也无法启动。注：2RPE011P0已多次发生相似异常，上次发生在2018年1月8日中班，需更换相关浮球开关,导致2RPE011P0无法启动，2RPE015PS有满溢分风险,已采取的行动措施：1）现场尝试将泵置于手动，按启动按钮后泵未能启动；2)oncall仪控检查处理,2RPE137/138/139SN三个液位开关翻转触发不灵敏,仪控处理反馈：1）检修步骤：①D现场确认设备位置，并通知主控开工，确认2RPE011P0置于手动状态；②检查2RPE137/138/139SN，发现三个液位开关均有翻转触发不灵敏现象；③联系系统工程师，更换2RPE137/138/139SN，并对定值及位置进行调整，确认开关可以正常触发；④恢复设备至初始状态，请运行人员配合分别在手动模式下模拟开关触发，2RPE011P0均可以正常启停，验证合格。2）故障原因分析：2RPE137/138/139SN三个液位开关翻转触发不灵敏,2RPE015PS地坑泵2RPE011P0的控制逻辑：1）自动启动：就地控制柜上211CC置于AUTO位置&地坑高液位开关2RPE138SN角触发液位高，2RPE011P0自动启动；2）手动启动：就地控制柜上211CC置于MANU位置&就地控制柜上按下启动按钮211T0，2RPE011P0启动3）自动停运：地坑低液位开关2RPE137SN触发液位低信号，2RPE011P0自动停运（无论泵处
1LKJ481JA1(1RPE033P0）送电后，故障灯亮,夜班对1LKJ481JA(1RPE033P0）送电后，开关故障灯亮,导致泵故障不可用,已采取的行动措施：1 ）拉出开关，尝试重新送电，故障灯仍存在； 2)oncal1 电气检查处理,1RPE033P0 由于长时间未运行，泵轴结晶，启动时造成泵卡死运行电流瞬间升高，导致C 相熔丝烧毁，热继电器动作,"电气处理反馈：1 ）检修步骤：D 与主控沟通占用1LKJ481JA 并抽出放置检修场地：②检查发现热继电器过载保护动作，C 相熔丝烧毁：③复位热继电器：检查抽屉一次回路与二次回路接线完好，无烧灼痕迹；④检查各元器件完好，接线紧固，抽屉一次触头完好，无烧灼痕迹；③领取同型号熔丝备件，对C 相熔丝进行更换；③测量1RPE033P0 电机对地绝缘为
2 ）故障原因分析：1RPE033PO 由于长时间未运行，泵轴结晶，启动时造成泵卡死，运行电流瞬间升高，导致C 相熔丝烧毁，热继电器动作",KX 厂房地坑RPE022PS 疏水泵RPE033PO 的控制逻辑：RPE033PO 启动信号：DRPE022PS 坑高液位开关RPE181SN 液位高触发或就地控制箱上手动启动命令：②泵没有运行2 . 5min；③RPE022PS 坑低液位开关RPE191SN 液位低没有触发；④没有手动停运命令：5 没有KRT051MA 、 052MA/053MA/054MA 之一触发的放射性高2 报警。同时存在上述信号时，泵将启动，否则泵将停运
4RPE024PO 出力不足,4RPE024P0 启动之后8RPE002PS 地坑液位下降很缓慢，泵出口压力8RPE223LP 读数只有0.04MPa（查看系统手册泵的压头为0.33MPa）,导致4RPE024P0 不可用，产生双机组GEN8,已采取的行动措施：1）安排现场检查泵出口压力，发现8RPE223LP 读数只有0.04MPa（查看系统手册泵的压头为0.33MPa）；2）安排现场手动停运泵；,泵本体进水口有白布缠绕，导致出力不足,机械处理反馈：检查结果：开票4PW19123（维修一级：4RPE024P0 出力不足，需检查泵体出口管线。WOT : 00940766 -01 )，检查泵体出口管线无负压和堵塞等现象。电气处理反馈：1 ）工作过程：①测量4RPE024P0 绕阻绝缘和直流电阻、不平衡度合格；②将4RPE024P0 提起，对泵本体进行检查，发现泵进水口处有一块白布缠绕，将白布取出，确认泵体无其他异物，确认叶轮可以转动；③联系运行人员配合启动4RPE024P0 ，泵运行正常，出水正常，水位下降明显，经运行人员验收合格。2 ）故障原因分析：泵本体进水口有白布缠绕，导致出力不足,X /YRPE005/006/007/008/009/010P0 、RPE017/023P0 、RPE018/024P0 泵在U2 事故规程中要求可用，用于安全壳完整性部分丧失的情况下将反应堆厂房外地坑水重新打回应反堆厂房。当其功能不可用时，需要记录GEN8 （从RP 模式至RCS 模式下适用）
异常缺陷名称,异常缺陷现象,可能导致泵损坏,已采取的行动措施：1 ）及时手动停运泵，避免频繁启停损坏泵，泵停运后，主控和现场加强监视1RPE012PS 坑内液位：2)oncall 仪控检查处理,1RPE173SN 浮球及电缆紧压1RPE172SN 浮球顶部，导致水位上升时，加快1RPE172SN 倾斜联锁启泵,仪控处理反馈1 ）检修步骤：D 打开浮子罩，发现HH 报1RPE173SN 浮球压住1RPE172SN 浮球顶部，对其调整，归位线槽；②松开固定端，根据定值手册对1RPE171SN1172SN 浮子高度进行检查，并对其进行调整；③紧固固定浮子；④工作结束，清理现场。2 ）故障原因分析：1RPE173SN 浮球及电,RPE006P0启停逻辑10手动启动：①就地控制+手动控制+就地启动： ②MIMIC PANEL控制+KIC-启动：③MIMICPANEL控制+BUP-启动。2）自动启动：就地控制+自动控制+非“BKSUMPSHI.ACTY2ndSTEP”+地坑液位“高”。3）手动停运：①就地控制+手动控制+就地停运；②MIMICPANEL控制+KIC-停运：③MIMICPANEL控制+BUP-停运。4）自动停运：D就地控制+自动控制+“BKSUMPSHI.ACTY2ndSTEP”信号：②地坑液位“低”；③地坑液位“低2”
1RPE007P0 在手动模式下启动后无法停运,1RPE007P0 在手动模式下启动后无法停运,导致泵无法停运，存在故障损坏的风险,已采取的行动措施：将泵电源拉出,,"仪控处理反馈。1)检修步骤:①现场核实1RPE007P0设备位置,开工前通知主控:②现场确认1RPE007P0处于手动位置;③将1RPE147/148/149/150SN取出,翻转开关现场确认1RPE147/149/150SN动作正常、1RPE148SN接线松动,重新紧固后确认1RPE148SN动作正常;④对1RPE147/148/149/150SN开关定值进行检查,确认1RPE148/149/150SN定值合格、1RPE147SN定值往小偏移,向上调整5cm后合格;5对1RPE147/148/149/150SN安装位置进行检查,确认开关无设备阻挡,可以正常翻转;③请主控配合手动启动1RPE007P0,现场确认1RPE007P0可以自动停运。2)故障原因分析:①1RPE147SN定值往小偏移,向上调整5cm;21RPE148SN:接线松动,信号无法上传",RPE007P0 启停逻辑：1 ）手动启动：①就地控制＋手动控制＋就地启动 ②MIMICPANEL 控制+KIC-启动；③MIMIC PANEL 控制+BUP-启动。2 ）自动启动：就地控制＋自动控制＋非“BKSUMSHI.ACTY2ndSTEP”＋地坑液位 “高”3 ）手动停运：①就地控制＋手动控制＋就地停运；②MIMIC PANEL 控制+KIC-停运；③MIMICPANEL 控制+BUP-停运。4 ）自动停运：D 就地控制＋自动控制+BKSUMSHI.ACTY2ndSTEP”信号：②地坑液位“低”：3 ）地坑液位“低2 ”
2RPE018P0 在地坑液位低时无法自动停运,11:37，9RPE001PS H1 触发2RPE018P0 启动，H1 消失后（L1 一直存在）泵无法自动停运。11：58，2RPE018P0 显示洋红色，就地打自动泵无法停运，打手动后一段时间泵上游电源跳闸。同时LKJ 总故障报警出现，现场检查2LKJ421JA 故障，已将开关拉出。查看趋势，怀疑9RPE001PS 液位低信号2RPE102SN 一直持续触发，导致2RPE018P0 启动后无法收到停运脉冲信号导致无法手自动停运,导致2RPE018P0 不可用，产生双机组GEN8,已采取的行动措施：1 ）泵上游电源跳闸后，就地拉出泵电源开关； 2)2RPE018P0 不可用后，通知1 号机组记录GEN8;3)oncall 仪控检查处理2RPE102SN4)oncall 电气检查处理2LKJ421JA 故障报警,2RPE102SN 卡涩损坏，导致2RPE018P0 潜水泵在液位低时无法自动停运，进而引起2LKJ421JA 热继电器动作报警,"仪控处理反馈：检修步骤：（检查处理2RPE018P0 在地坑液位低时无法自动停运，WR/WOT00268318/00654943-01):1 ）确认2RPE018P0 已打至手动，验证隔离边界；2 ）拆下旧的2RPE102SN，更换新的合格的备件；3 ）经过运行再次启动2RPE018P0 后，在地坑液位低时可以自动停运。电气处理反馈：1 ）检修步骤：（检查处理2LKJ421JA 故障报警，WR/WOT：00268357/006.54932-01):①D 检查2LKJ421JA 抽屉柜发现热继电器已经动作；②检查2RPE018P0 潜水泵测得三相直流电阻U -V :3 . 4Q ,V -W :3 . 4Q ,U -W :3 . 4 Q 、三相对地绝缘电阻40 . 1MQ2 、潜水泵完好无异常；3 ）③运行反馈抽屉柜出现报警是因为潜水泵抽水到低液位时无法自动停运、导致热继电器动作；④对2LKJ421JA 抽屉柜热继电器进行复位、抽屉柜报警消",X /YRPE005/006/007/008/009/010P0RPE017/023P0.RPE018/024P0 泵在U2 事故规程中要求可用，用于安全壳完整性部分丧失的情况下将反应堆厂房外地坑水重新打回反应堆厂房。当其功能不可用时，需要记录GEN8 （从RP 模式至RCS 模式下适用）
2RPE011P0 手动和自动均无法启动,2RPE011P0 手动和自动均无法启动,导致2RPE011P0 不可用，2RPE015PS 坑无法排水有满溢的风险,已采取的行动措施：oncall 电气检查处理,仪控低液位信号浮子卡涩,电气处理反馈：1）检修步骤：D 测量泵电机直阻和绝缘均正常；②检查开关柜无异常；③检查发现仪控低液位信号浮子一直处于通的状态，怀疑浮子卡涩；④摇动浮子后，低液位信号浮子状态显示正常，将情况反馈业主和主控：5 联系运行现场启动设备，泵自动和于动启停均正常。2）故障原因分析：仪控低液位信号浮子卡涩,"2RPE015PS 地坑泵2RPE011P0 的控制逻辑：1 ）自动启动：就地控制柜上211CC 置于AUTO 位置＆地坑高液位开关2RPE138SN 角触发液位高， 2RPE011P0 自动启动；2 ）手动启动：就地控制柜上211CC 置于MANU 位置＆就地控制柜上按下启动按钮211T0,2RPE011P0 启动；3 ）自动停运：地坑低液位开关2RPE137SN 触发液位低信号。2RPE011P0 自动停运（无论泵处于自动还是手动）；4 ）手动停运：就地控制柜上211CC 置于MANU 位置＆就地控制柜上按下停运按钮261T0,2RPE011P0 停运"
1RPE011P0）自动启动后无法自停,1RPE011PO自动启动后无法自停,导致1RPE011PO自动启动后无法自停。泵存在损坏的风险,已采取的行动措施：1）考虑暂时有来水较多，暂未手动停运泵2） oncal1仪控检查处理,1RPE137SN浮子卡涩，导致开关低液位未触发,"仪控处理反馈：1检修步骤：①D验证隔离边界，确认1RPE011PO处于就地控制和停运状态；②检查1RPE137SN发现，浮子有卡涩现象，多次缓慢翻转浮子均有卡涩现象；③领取新备件，对1RPE137SN进行更换；
④更换完成后，翻转1RPE137SN，浮子正常动作：将1RPE138SN 进行翻转，浮子正常动作；③将1RPE139SN 进行翻转，浮子正常动作：①请运行人员将1RPE011PO 在1RPE011CR 上打白动：8 经过长时间观察1RPE011PO 在液位高时启动，在液位低时停运；9 结束工作，结票。2 ）故障原因分析：1RPE137SN 浮子卡涩，导致开关低液位未触发","1RPE015PS 地坑泵1RPE011PO 的控制逻辑：1 ）自动启动：就地控制柜上211CC 置于AUTO 位置＆地坑高液位开关1RPE138SN 触发液位高，1RPE011PO 自动启动；2 ）手动启动：就地控制柜上211CC 置于MANU 位置＆就地控制柜上按下启动按钮211TO,1RPE011PO 启动；3 ）自动停运：地坑低液位开关1RPE137SN 触发液位低信号。1RPE011PO 自动停运（无论泵处于自动还是手动）；4 ）手动停运：就地控制柜上211CC 置于MANU 位置＆就地控制柜上按下停运按钮261TO,1RPE011PO 停运"
2RPE035P0就地手动无法启动，在上游电源开关上用试验盒也无法启动,2RPE023PS 坑内排水泵2RPE035P0就地手动无法启动，在上游电源开关上用试验盒也无法启动,2RPE023PS 的积水较多，2RPE035P0不可用影响正常排水,,,2RPE035P0 低液位浮子卡涩,KX 广房地坑 HBPE022PS1 疏水泵 RPE035PO 的控制逻辑：RPE035PO 启动信号：1RPE023PS 坑高液位开关 RPE183SN 液位高触发或就地控制箱上手动启动命令：②泵没有运行 2.5min；③RPE023PS 坑低液位开关 RPE193SN 液位低没有触发：④没有手动停运命令：5 没有 KRT051MA、052MA、053MA、054MA 之一触发的放射性高 2 报警。同时存在上述信号时，泵将启动，否则泵将停运
4RPE011P0 启动后无出力,现场巡检发现4RPE015PS 满溢，其地坑泵4RPE011P0 启动但是出口压力为0 ，现场确认地坑泵无出力后且4RPE015PS 无异常来水后，将4RPE011P0 停运，防止泵长时间运行而有损坏的风险,4RPE011P0 启动但无出力，导致4RPE015PS 满溢，同时泵存在损坏的风险,已采取的行动措施：1 ）现场检查4RPE015PS 上游房间ET244/247/250 房间有无异常跑冒滴漏，同时检查015PS 下游排水在线正常：2)oncall 维,泵内部憋气，导致无法正常吸水和输送液体,电气处理反馈。1）处理进展：维修电气现场在就地控制柜上把4RPE011PO打手动后，多次手动启停该排水泵后，泵正常启动运行，4RPE015PS水位正常降低；2）故障原因分析：泵内部气，导致无法正常吸水和输送液体,"1)4RPE015PS如因坑内排水泵故障导致地坑满溢，需及时让化学取样确定废水无放射性，溢到地面的废水需重新排入该地坑内；2)据电气反馈RPE地坑泵有时会由于泵在排水到较低液位后停运，此时出口逆止阀如不回座，导致泵内部憋气。在下次泵自动启动时，泵体可能出现抖动和泵无出力的情况。解决办法是现场在就地控制柜上手动启动地坑泵，运行3~5min后再停运，启停数次后，将泵体气排出，地坑泵即可正常运行；3）离心泵启动时，若泵内存有空气，由于空气密度很低，旋转后产生的离心力小，因而叶轮中心区所形成的低压不足以将储槽内的液体吸入泵内，虽启动离心泵也不能输送液体，此种现象称为气缚。表示离心泵无自吸能力，所以必须在启动前向壳内灌满液体；
为防止气缚现象的发生，离心泵启动前要用外来的液体将泵壳内空间灌满。这一步操作称为灌泵。为防止灌入泵壳内的液体因重力流入低位槽内，在泵吸入管路的入口处装有止逆阀（底阀）：如果泵的位置低于槽内液面，则启动时无需灌泵；4)4RPE015PS地坑泵4RPE011PO的控制逻辑：①自动启动：就地控制柜上211CC置于AUTO位置&amp;就地坑高液位开关4RPE138SN触发液位高，4RPE011PO自动启动；②手动启动：就地控制柜上211CC置于MANU位置&amp;就地控制柜上按下启动按钮211TO，4RPE011PO启动；③自动停运：地坑低液位开关4RPE137SN触发液位低信号，4RPE011PO自动停运（无论泵处于自动还是手动）；④手动停运：就地控制柜上211CC置于MANU位置&amp;就地控制柜上按下停运按钮261TO，4RPE011PO停运"
3RPE010P0就地手动启动后无法停运,中班对3PW18678 进行解隔离，对3RPE010P0 出口软管漏水问题处理情况进行验证。在3RPE014PS 液位L 的情况下就地手动启动3REP010P0 ，泵正常启动，随后液位LL 信号触发，但就地无法停运3RPE010P0 。现场将 3RPE010P0 重新置于自动控制，但是3RPE010P0 仍无法自动停运。现场在3RPE010P0 上游电源3LKE2121JA 上用试验盒停运3RPE010P0 ，3RPE010P0 正常停运,导致3RPE010P0 无法手动、自动停运，存在损坏泵的风险,已采取的行动措施：使用试验盒停运3RPE010P0,1 ）就地手动启动3RPE010P0 前，地坑液位L 信号已经存在，其产生的脉冲信号已消失，RS 触发器输出为停运信号；2 ）就地手动启动3RPE010P0 ，启动信号产生的脉冲信号使RS 触发器翻转，输出为启动信号；3 ）液位LL 时，相应的保护停运信号因为已有一个液位L 的保护停运信号存在，故无法再次产生脉冲信号；4 ）手动停运3RPE010P0 ，同样因为已有保护停运信号在，而无法再次触发停运脉冲信号,,"1) 非紧急情况, 不要在液位 L 的情况下启动 3RPE010PO。推广来说, 在非紧急情况, 不要在已有启动信号的情况下停运 3REP010PO, 也不要在已有停运信号的情况下启动 3RPE010PO。2) 紧急情况下, 可以使用试验盒在电气盘柜上启动/停运 3RPE010PO。该情况同样适用于 3RPE005/006/007/008/009P03RPE-017PO/4RPE018P03RPE023PO/4RPE024PO。3) RPE 泵保护启动/保护停运逻辑特点: ①保护启动/停运信号通过产生的脉冲信号参与控制, 一旦启动/停运信号产生, 在其消失前无法重新产生新的脉冲信号。即使是有新的启动/停运逻辑也不行。即控制器的输出不仅取决于当前输入信号, 还取决于之前的输入信号; ②控制的输出信号与输入信号出现的先后顺序有关; ③极端情况下, 可能出现输入只有停运信号但控制器输出为启动信号的情况。4) 3RPE010PO 在 DCS 一层的控制逻辑: ①KSC 模式下, KIC 手动启动/停运信号为正常启动/停运信号, 优先级相对比较低; ②其他启动/停运信号为保护启动/停运信号, 优先级相对比较高; ③保护启动信号和保护停运信号之间优先级是相同的, 在两个信号同时存在时。其输出具有一定的特殊性"
4 号机执行调试试验强制 C21 信号时 C21 信号未触发,TP4GTA55 快速用负荷试验过程中 C21 信号无法手动触发,影响 C21 用负荷功能的可靠性,已采取的行动措施：LSS 上及时定报警，防止占用内存,经咨询厂家软件设计人员，分析原因为：4LSS 系统 LOCA 监测计算程序因内部实时和历史累计数据过多，占用大量运行内存，导致 LOCA 监测计算程序中 C21 手动触发功能模块反应迟钝，出现无响应情况。重启 LOCA！监测计算程序，释放内存容量，手动触发 C21 功能恢复正常,"仪控处理反馈：1) 处理进展：①在 4LSS 系统机柜侧检查并确认程序人机界面数据实时刷新，数据结果符合当前机组状态，判断 LSS 系统逻辑运算正常，能够实时跟踪机组状态。②经主控同意，由操纵员将 C21 信号闭锁，仪控执行定期试验规程《FOY-RPN-T-I001LSS 系统 C21 报警试验》，验证 LSS 系统 C21 报警触发通道是否正常，因试验过程中点击 C21 手动触发按钮后，程序界面无响应，试验结果失败，初步分析原因为 LOCA 监测计算程序中 C21 信号手动触发功能模块异常。③经安工与当班值同意：仪控对 4LSS 机柜 LOCA 监测计算程序进行重启，重启完成后，再次执行定期试验规程验证 LSS 系统 C21 报警触发通道，试验结果合格，C21 手动触发功能恢复正常。④试验结束，确认系统状态正常，通知主控解除 C21 信号闭锁，继续执行 TP4GTA55 快速用负荷试验，手动触发 C21 信号正常试验结果合格。
2) 故障原因分析：4LSS 系统 LOCA 监测计算程序因内部实时和历史累计数据过多，占用大量运行内存，导致 LOCA 监测计算程序中 C21 手动触发功能模块反应迟钝，出现无响应情况。重启 LOCA 监测计算程序，释放内存容量，手动触发 C21 功能恢复正常",4LSS 系统 LOCA 监测计算程序因内部实时和历史累计数据过多占用大量运行内存，导致 LOCA 监测计算程序中 C21 手动触发功能模块反应迟钝，出现无响应情况
中间量程II 通道4RPN023MA 通道信号异常,6 时20 分左右，4 号机组调停检修，汽机打闸后机组正在由RP 模式向NS /SG 模式转换。此时R 棒组和G 棒组已下插至5 步，一回路持续硼化，反应堆已次临界。当班值检查发现，中间量程4RPN013MA 已降为04RPN023MA 约为3.9x10 -8A 且变化非常缓慢,1 ）在RP 模式时，需要记录I01 ：RPN8 ，按技术规范要求后撤到NS /SG 模式。在NS /SG 模式，需要记录I01 ：RPN3 （采取措施，需要8h 内将一回路硼化至冷停堆硼浓度，若两个中间量程通道都不可用，1 h 内机组开始向NS /RRA 模式后撤）;2 ）一个中间量程故障，P6 非无法触发，导致源量程无法投入,"起采取的行动措施，1 ）当班值独立核实4 号机组两个中间量程通道偏差大，怀疑其中一个中间量程通道故障，通过示数显示无法确认故障的中间量程仪表；2 ）oncall 仪控、物理和设备管理检查处理；
3 ）查看技术规范，NS /SG 模式需要记录I01 ：RPN3 ，采取措施需要8h 内将回路硼化至冷停堆硼浓度。若两个中间量程通道都不可用，1 h 内机组开始向NS /RRA 模式后撤。一个中间量程故障，P6 非无法触发，导致源量程无法投入；4 ）一回路继续执行硼化操作，目标硼浓度冷停堆硼浓度；5 ）仪控、物理和设备管理到厂后结合历史经验数据，确认中间量程4RPN023MA 故障",4RPN023MA 探测器故障,"1）处理进展：4RPN023MA 探测器更换后，中间量程探测器电流显示正常。 2）工作过程：D 对4RPN002AR 机柜中间量程IP 卡件执行通道测试，测试结果合格，说明卡件功能无异常；②将4RPN023MA 探测器电缆从机柜侧断开，4RPN023MA 示数变为0，可排除机柜卡件问题；③调整正负高压值，4RPN023MA 示数变化不大，且测量高压卡件电压输出与设置值一致，排除正负高压问题；④将4RPN023MA 探测器正负高压全部切除，使用皮安表测量来自探测器的信号，测得的电流值为1.2×10-10A；综上所述，问题可能在4RPN0023MA 探测器本体或连接板卡；5 检查4RPN023MA 探测器及内部连接板卡，或更换探测器，需要打开RPN 测量通道的生物屏蔽盖板。而技术规范规定，只要T&gt;90℃,就必须保持生物屏蔽盖板关闭；此外，更换4RPN023MA 探测器工作需要使用环吊，同样需要Tmax&lt;90℃的NS/RRA 模式；6 经汇报领导，开会讨论决策。机组向T.<90℃的NS/RRA 模式后撤。机组状态满足后，4RPN023MA 探测器更换后，中间量程探测器电流显示正常。经测试探测器绝缘连续性满足要求，源量程探测器示数正常，当前中间量程探测器通过调节4RPN023MA 的补偿电压。电流显示正常",P6 对应的功率量程为10-5%FP，电流功率转换系数为3.18×104%FP/A（见每月的电流转换系数调整通知单），对应中间量程电流值为3.14×10-10 A
4RPN 系统中间量程1 通道4RPN013MA 示数波动剧烈,巡盘时发现，4 号机组反应堆功率升至 27%Pn 以后 4RPN 系统中间量程 1 通道 4RPN013MA 示数开始剧烈波动，与反应堆功率变化不相符、与 2 通道 4RPN023MA 示数偏差过大，而 4RPN023MA 示数较稳定,导致 4RPN013MA 不可用，产第一组事件 I01：RPN8,1）查看中间量程通道 4RPN013MA 和 4RPN023MA 以及功率量程通道的变化趋势，确认 4RPN013MA 故障情况，确认功率量程通道和中间量程 2 通道 4RPN023MA 未见异常变化；2）执行故障规程《FQ3-RPN-I-001 核仪表系统运行故障》；3）检查 KIC 中 RPR 画面上中间量程质量位触发情况和逻辑通道触发情况；4）oncall 仪控检查处理,4RPN 系统中间量程 1 通道 4RPN013MA 电流放大卡件 ACCG4 故障，导致通道无法正常进行量程切换和电流放大，使得该通道中子电流信号输出异常,"1）处理进展：已更换 4RPN013MA 通道电流放大卡件 ACCG4，目前 4RPN013MA 通道电流示数正常稳定，与 4RPN023MA 通道致。2）缺陷描述：4RPN 系统中间量程 1 通道 4RPN013MA 示数波动剧烈，且与 2 通道 4RPN023MA 示数偏差过大。
3 ）原因分析：4RPN 系统中间量程 1 通道 4RPN013MA 电流放大卡件 ACCG4 故障，导致通道无法正常进行量程切换和电流放大使得该通道中子电流信号输出异常。4 ）处理措施：①在 4RPN005AR 就地监视柜对 4RPN013MA 通道内部参数进行检查，发现 013MA 通道电流放大卡件输出电流偏小，与 023MA 通道输出电流偏差超过 1x10-4A ；初步怀疑 013MA 通道电流放大卡件 ACCG4 故障。②经主控同意。将 4RPN013MA 切换至测试模式．使用专用测试装置MTE 对 4RPN013MA 通道进行通道试验。试验结果显示电流放大卡件 ACCG4 功能异常，试验结果失败。经调取试验结果记录单分析，发现电流放大卡件无法正常进行量程切换和电流放大，判定以上问题原因为 013MA 通道电流放大卡件 ACCG4 故障。③使用备件对 4RPN013MA 电流放大卡件 ACCG4 进行更换，更换完成后再次执行通道试验，测试结果通过，电流放大卡件功能正常。4RPN013MA 通道电流恢复正常，与 023MA 通道示数",中间量程中子测量通道产生哪些逻辑信号：1）允许信号：P6：定值为10-10A，超过该定值时，允许手动闭锁源量程高通量紧急停堆：2）闭锁信号：C1：定值为20%Pn或倍增周期小于18s，超过定值时，闭锁手动和自动提升控制棒；3）紧急停堆信号：定值为25%Pn；4）探测器高压丢失警告信号；5探测器补偿电压丢失警告信号。6)ATWT信号
BUP 盘上功率量程V 通道读数3RPN415ID 显示异常,夜班巡盘发现BUP 盘上3RPN415ID 指针在0 %FP 以下（当前功率平台应该在99 . 5 %FP 左右），经维修仪控核实为功率量程IV 通道模拟量输出卡件故障（初步怀疑为模拟量卡件输出到3RPN415ID 的输出转换部分故障）,1 ）该模拟量输出卡件一共有五个输出点，分别为：BUP 盘的3RPN415ID 、 KSC002EN2 的3RPN040MA、3RPN415KM、送往RGL 系统的模拟量、送往DAS 系统模拟量。其中3RPN415ID 、3RPN040MA 和3RPN415KM 都为显示值：而送往RGL 的模拟量参与RGL 系统的R 棒控制（高选）、送往DAS 系统的模拟量参与P10 信号产生和通量高停堆信号（2 /4 ）。经仪控核查当前仅3RPN415ID 显示异常，其他参数和系统都正常。2 导致QSR 试验 FQ3-KPR-T-002 结果不满意，该试验试验周期为1 周，上次执行时间为2019 年8 月14 日。3 ）更换卡件需要将功率量程V 通道置于“试验”位，并断电，会产生随机第一组IO,已采取的行动措施：1）当班值核查KIC上3RPN040MA和BUP盘的3KSC002EN2中的3RPN040MA显示一致，均为正常值99.5%；2）当班值检查RPR画面，未发现异常；3）oncall仪控核查原因，发现为功率量程V通道模拟量输出卡件至3RPN415ID的输出转换部分故障，其他输出都正常。建议后续行动：1）请在缺陷消除后，运工重新安排执行QSR试验FQ3-KPR-T-002;2）请维修仪控尽快核实和领取备件，制定卡件更换方案，消除异常,3RPN040MA通道模拟量输出卡件6S.ANA第3路输出端口故障,1 ）处理进展结果：已完成3RPN040MA通道模拟量输出卡件更换， 3RPN415ID 已恢复正常：2 ）设备可用性评价：设备已恢复正常，处于可用状态；3 ）工作过程：①领取工作许可证，召开工前会；②断开3RPN415ID 仪表盘信号输入电缆接头，使用万用表测量回路电流为0 ，确认为机柜侧问题；③打开3RPN004AR 机柜门，接入LDU 对通道进行故障诊断确认 6S.ANA 卡件故障；④将3RPN040MA 通道置于测试模式，对机架调理及处理模块进行断电；5 抽出故障6SANA 卡件，使用备件进行更换；③更换完成后确认3RPN415ID 恢复正常；②对3RPN0040MA 通道执行周期试验，确认结果合格；恢复通道，关闭机柜门，清理现场；9 归还工作许可证，汇报工作完成情况。4 ）故障原因分析：3RPN040MA 通道模拟量输出卡件6S.ANA第3 路输出端口故障,RPN040MA 通道模拟量输出卡件6S.ANA一共有五个输出点，分别为：BUP盘的3RPN415ID、KSC002EN2 的3RPN040MA、3RPN415KM、送往RGL 系统的模拟量、送往DAS 系统模拟量。其中3RPN415ID、3RPN040MA 和3RPN415KM 都为显示值；而送往RGL 的模拟量参与RGL 系统的R 棒控制（高选）、送往DAS 系统的模拟量参与P10 信号产生和通量高停堆信号（2/4）
4LSS计算机出现4RPN436KA（LSS故障）报警,4:35左右，4LSS计算机出现4RPN436KA（LSS故障）报警，当班值查看主控室LSS计算机画面和4RPN006AR内的LSS画面发现LSS参数不变化，BUP盘热功率大表参数不变化，在4RPN006AR内有系统故障灯亮。其余未发现其他异常,导致4LSS美系统软件卡死软件卡死崩溃重启产生第一组I01：RPN10,1）查看和执行报警卡，检查设备故障信息和参数异常信息，参阅FQ4-RPN-I-001故障规程有关章节和运行技术规范中的相关规定；2)oncall维修仪控进厂检查。经与维修仪控电话确认，通讯故障仅导致LSS监测功能不可用，主机仍可用。3）立即安排现场人员到KME读取4号机组堆芯热功率，每10min记录一个参数；4）主控室根据物理提供的离线运行点跟踪”表格，每15min跟踪次RPN参数；5）根据物理提供资料进入物理燃料技术支持系统监视△I的变化,系统报错软件退出，重新登录后出现通讯故障，确认为通讯端口异常，由正常端口COM3跳转至COM9,1）处理进展：已通过软件重启并配置软件通讯端口消除报警，目前系统已恢复正常。2）缺陷描述：运行人员在监盘过程中发现4LSS监视界面出现系统错误提示，在点击确认后软件意外退出，重启软件后出现通信故障报警。3）原因分析：D4LSS系统软件卡死崩溃，与前两次故障类似（C21试验时点击试验按钮软件异常、参数修改后界面参数显示异常）：为软件故障；②经与厂家沟通，软件重启后通讯故障的原因为软件意外退出会导致通讯端口被初始化，恢复至默认值，需对软件端口进行重新选择与配置,3/4号机组LSS系统的数据处理和显示在一个处理器和一个软件实现（其中1/2号机组含有两个处理器，一个用于数据处理，一个用于显示），故4LSS系统软件卡死崩溃重启需要记录I01，梯形图画面异常不用记录I0主机故障或主机重启则需要记录I01：RPN10
主控频繁闪发4RPN436KA（LSS故障）报警,降负荷至2.5%FP～3%FP过程中，主控出现4RPN436KA（LSS故障）报警,报警频繁触发影响主控操纵员监盘，可能导致LOCA监测系统画面异常卡顿,已采取的行动措施。1）查看和执行报警卡，检查设备故障信息和参数异常信息，参阅FQ4-RPN-I-001故障规程有关章节和运行技术规范中的相关规定；2）联系仪控和堆物理人员检查确认：3）为避免频繁闪发报警，核功率按照3%FP~3.5%FP控制,低功率下，当RPN功率量程各通道的6段节电流之和小于0.5V（对应电流为10μA）时，导致系统中有关节电流的计算将被认为无效，从而产生LSS系统故障报警（RPN436KA）,"仪控处理反馈: 1)缺陷描述: 4机组低功率状态下闪发4RPN436KA (LSS系统故障)报警。2)报警原因: 经与设计沟通根据LSS系统设计原理, 其中有关节电流计算的设计中有以下限制要求: (SH1+SH2+SH3+SB1+SB2+SB3)&gt;0.5V注: RPN功率量程各通道的6段节电流之和须大于0.5V(对应电流为10μA)。如果不满足以上条件, 系统中有关节电流的计算将被认为无效, 从而产生LSS系统故障报警(RPN436KA)。而根据通道功率水平计算公式, P=GxK×KHx(SH1+SH2+SH3)/3+KB× (SB1+SB2+SB3)/3注: G(电流-功率转换系数)为常数, 设置为1×10(单位: A/%FP)K、KH、KB为功率刻度系数, 每月通过堆芯功率分布测量试验校核确定。当满足以上条件时, 核功率须达到一定的功率水平(通常3%FP左右, 具体数值与当前功率刻度系数有关)。3)报警影响: 该报警由机组工况变化引起, 属于正常现象, 不属于设备缺陷, 不影响设备可用性
相 关 知 识",
4号机低功率工况下LOCA!监测系统卡顿,接班时当班值发现4号主控的LOCA监测系统画面异常卡顿，数据刷新缓慢，且报警画面存在大量报警信息，无法清除,严重影响早班即将进行的4号机组调停后的升功率期间的相关参数的值测，产生第一组IO: RPN10,1) 执行《FQ4-0P00-TD-170124号机组LSS系统故障应急预案》;2) oncall 仪控过来检查处理，仪控反馈只能通过重启LOCA监测系统来进行处理，LOCA监测系统重启，需要记录RPN10的IO1仪控开票重启系统之后，系统恢复正常，不再卡顿,4ISS系统监视软件缓存报警数据过多，导致系统处理器负荷过大,1) 故障原因分析：经检查LSS系统在线监视软件报警信息缓存过多，未及时清除确认，导致软件运行内存不足，操作卡顿。而产生的报警主要是低功率状态下频繁出现的4RPN436KA(LSS系统故障)和LLS系统ERR画面报警，其报警的原因如下：根据LSS系统设计原理，其中有关节电流计算的设计中有以下限制要求：(SH1+SH2+SH3+SB1+SB2+SB3)>0.5V注：RPN功率量程各通道的6段节电流之和须大于0.5V(对应电流为10μA)。如果不满足以上条件，系统中有关节电流的计算将被认为无效从而产生LSS系统故障报警(RPN436KA)。而根据通道功率水平计算公式，P=GxKx/KHx(SH1+SH2+SH3)/3+Kbx(SB1+SB2+SB3)/3注：G(电流一功率转换系数)为常数，设置为1×10⁶单位：A/%FP)K、KH、KB为功率刻度系数每月通过堆芯功率分布测量试验校核确定。当满足以上条件时。核功率须达到一定的功率水平(通常3%FP左右，具体数值与当前功率刻度系数有关)。2) 工作处理过程：①与主控沟通，确认C21信号已闭锁；②确认设备位号，打开4RPN006AR机柜门：,1)低功率下LOCA 监测系统报警较多，需及时确认：2)1/2 号机组LSS 系统显示和计算单元是分开的，有两个服务器，显示卡顿，重启显示服务器就行，计算服务器还在运行，只算第二组I0，3/4 号机LSS 系统重启服务器需要记录第一组I0
1 号机组出现1RPN436KA(LSS 故障或C21 试验）报警，LOCA 机显示以太网故障,"16 时43 分，1 号机出现1RPN436KA 报警（LSS 故障或C21 试验），与此同时LOCA 监测系统显示器1KIC601WS-000HV 的ERR 画面报警显示栏中出现LSS 故障（RPN436KA）和机架以太网络模块故障报警，并且报警无法复位消除。检查LOCA 计算机1KIC601WS-000HV 的SYS 画面（主要设备运行状态显示页）中的PLC 部分第二个模块显示为红色，正常运行时显示为绿色。仪控间检查1RPN006AR 并对比2RPN006AR ，发现柜内对应模块2 红灯亮、系统故障灯亮、电源指示灯灭。后经仪控澄清模块2 红灯是电池状态，电源灯不亮已有历史缺陷，见图1
图11RPN006AR上故障报警情况此报警为1号机组首次出现且出现报警时，主控LOCA监测显示器上梯形图放大功能无法正常使用，△I运行点不能变大，但是坐标轴系可以变大。且△I运行点不会实时自动变化，画面切换时△I运行点会变化，其他画面中的所有运行参数正常变化",1号机组出现1RPN436KA报警（LSS故障或C21试验），堆芯跟踪模块故障不可用，LSS显示器不可用，产生随机I02（RPN9：堆芯跟踪模块（CFM）不可用或两个显示器均不可用）,已采取的行动措施：1)立即查看和执行报警卡，检查设备故障信息和参数异常信息；2)执行故障规程《FQ1-RPN-I-001核仪表系统运行故障》；3）立即oncall仪控人员到厂，通知物理人员、安工，汇报处领导；4）执行《FQX-OP00-TD-180021/2号机组LSS系统故障应急预案》；5）根据技术规范要求跟踪堆芯RPN参数，每15min记录一次参数，并将1RPN0003HXT进行打印备用；6)LSS系统故障，大表中的堆芯稳态热功率显示不准确，安排一名操纵员前往L604熟悉KME系统相关操作，以便实时跟踪计算堆芯热功率值；7仪控人员到厂后重新启动软件，KIC及LOCA计算机1KIC601WS-000HV报警均消失。AI运行点恢复正常。经仪控人员检查初步分析是LOCA系统跟踪模块故障导致，IO记录RPN9,上位机底层软件存在BUG，导致LOCA上位机软件异常崩溃,仪控处理反馈1 ）工作过程：1 验证隔离边界，确认设备位置，检查初始条件，确认PLC 工作正常；②打开1RPN006AR 柜门；③重启LOCA 检测软件，软件运行恢复正常；④查看轴向功率偏差等参数，确认无异常：5 工作结束，向运行人员报告工作完成情况。2 ）故障原因分析：上位机底层软件存在BUG ，导致LOCA 上位机软件异常崩溃,PLC 模块1 ~6 的功能及对应故障：1 ）电源冗余模块，1 个电源模块对系统功能无影响，2 个电源模块同时故障会导致LOCA 处理部分与堆芯跟踪模块均不可用；2 ) CPU 模块，故障会导致LOCA 处理部分与堆芯跟踪模块均不可用；3 ）以太网模块，该模块用于与上位机通讯，故障会导致堆芯跟踪模块均不可用；4 ) DI 模块，故障对系统本身功能无影响，仅影响C21 测试信号功能；5D0 模块，故障会导致C21 信号无法触发或异常触发C21 信号；6 ) MODBUS 通讯模块，该模块与DCS 进行通讯，故障会导致LOCA 处理
主控出现2RPN436KA（LSS故障或C21试验）报警，2LSS系统显示器卡顿、无法操作,2 号主控18 : 17 分，触发2RPN436KA（LSS故障或C21试验）报警主控查看LOCA监测系统计算机显示器画面卡顿，数据不刷新，鼠标动作缓慢随后间歇性无法动作。主控根据1 /2 号机组LSS系统故障应急预案查看2RPN006AR 中PLC 运行状态指示灯指示正常，但柜内显示器故障现象与主控室显示器一致，判断LOCA 处理计算机可用堆芯跟踪模块CFM 或两台显示器不可用，记录RPN9 。仪控人员到场后，主控重启软件进程，仪控人员重启工控机，均无法重新启动系统。当前仪控人员正在领取备件，准备对工控机主机进行更换,堆芯跟踪模块CFM1 或两台显示器不可用，记录RPN9,,工控机硬件性能不足,1 ）处理进展：更换工控机备件后，2LSS 系统LOCA 处理计算机已恢复正常，RPN9 的I02 已消除。2 ）工作过程：①召开工前会，详述风险分析。着重强调检修仅影响2RPN006AR 工控机（仅I02: RPN9 ，要求7 天内检修完成），工作期间保持对PLC 状态正常的确认；②闭锁C21 下游动作：③尝试调出任务管理器失败，无法退出2LSS 应用软件：4 点击2LSS 工控机“重启”按钮：5 重启后工控机无法进入操作系统：6 确认已镜像安装现场备份系统的工控机备件能够正常运行：①更换工控机备件：8 备件启动后，出于谨慎考虑，执行《FOX -RPN -T -I002: LSS 系统参数调整（磁盘参数）》重新下载2LLS 最新磁盘参数：核实2LSS 系统键盘参数正确：10 由手软件界面切换存在卡顿，对2LSS 软件历史数据文件进行清理；D 与运行、物理、设备管理共同确认，目前2LSS 软件状态正常，特别是报警界面正常，且可正常获取历史趋势：②确认当前数据点处于运行图正常范围：13 确认C21 未触发。解除对C21 下游动作的闭锁：14 向主管人员报告工作完成情况，3 ）故障原因分析：工控机硬件性能不足,1 /2 号机组LSS 系统显示和计算单元是分开的，有两个服务器，显示卡 顿，重启显示服务器就行，计算服务器还在运行，只算第组I03 /4 号机组LSS 系统重启服务器需要记录第一组I0
执行2LSS系统C21信号试验时，无法触发2RPN429KA（LSS报警C21）报警,执行2LSS系统C21信号试验时，无法触发2RPN429KA（LSS报警C21）报警,无法触发2RPN429KA（LSS报警C21）报警，机组上行后，存在C21保护无法触发危及反应堆安全的风险,已采取的行动措施：1）查看KIC画面检查确认C21信号未被闭锁；2）联系仪控检查处理,LSS机柜的PLC通讯模块出现故障,仪控处理反馈：1）工作过程：①重新触发C21信号DCS通讯模块相关情况，发现并无相关异常；②检查LSS机柜发现机柜的PLC通讯模块出现故障；③对PLC通讯模块进行热插拔；④重新触发C21信号，发现KIC上能够正常触发RPN429KA报警；通知主控室工作完成。2）故障原因分析：LSS机柜的PLC通讯模块出现故障,当至少两个功率量程通道轴向功率偏差△I超出反应堆运行梯形图左、右限时（处在50%FP以下的右侧除外）或就地LSS机柜(3RPN006AR)上有C21试验，将触发C21信号
4号机组主控出现RPN中间量程II通道高压丧失通道故障报警,11：30，主控出现4RPR108KA（中间量程通道试验或故障-ⅡP），4RPN451KA（中间量程通道Ⅱ故障），4RPN456KA（中间量程通道Ⅱ探测器高压丧失）。主控RPN画面中间量程示数由1×10-3A降至1×10-9A，周期短时出现波动后恢复正常值。经现场检查确认4RPN023MA探测器高压丧失,1)根据技术规范要求，RP模式一个中间量程通道故障需记录RPN8第一组IO：RPN8，堆功率大于10%时，要求7天内开始向NS/RRA模式后撤； 2)核实中间量程相关质量位逻辑：①中间量程中子注量率高停堆已在当前状态P10以上被闭锁；②ATWT停堆逻辑需两个中间量程通道同时触发质量位且和ARE窄量程流量计质量位逻辑相与产生，核实当前机组暂无其他质量位逻辑触发,已采取的行动措施：1）查看和执行报警卡，并执行FQ4-RPN-TPOPAB-0001故障规程；2）主控检查确认RPN中间量程2通道（4RPN023MA）质量位触发RPR画面暂无其他质量位逻辑触发；3）oncall维修仪控专业对响应故障通道进行检查；4)机组产生第一组IO：RPN8，暂停其他可能产生IO1工作的开展（计划的（Q)4LSS系统C21报警试验工作后延）。建议后续行动：1)确认4RPN013MA工作正常，不安排其检修工作；2）异常消除之前，不安排产生IO1或潜在IO1的工作,中间量程高压卡件内电容有鼓包现象，存在性能下降导致无法在原设置的600V电压上正常工作，导致高压自动切除。岛内探测器工作正常,仪控处理反馈：1)故障原因分析：中间量程高压卡件内电容有鼓包现象，存在性能下降导致无法在原设置的600V电压上正常工作，导致高压自动切除。岛内探测器工作正常。,EOMM 手册要求中间量程高压卡件工作电压在500～700V 范围内
4RPA100JA 不明原因跳闸,4号机组停堆断路器4RPA100JA异常跳闸，其他7个断路器正常,影响停堆断路器可靠性，有误停堆风险,已采取的行动措施1)oncall电气专业检查：2)关注其他7个断路器运行情况。建议后续行动：对剩余7台停堆断路器排香,48V柜内进线上游正端虚接松动导致脱口线圈失电，断路器跳匣,,反应堆八个停堆断路器分成四对，每对两个，四取二的逻辑关系触发反应堆停堆。单个或单对停堆断路器的脱扣不会触发反应堆停堆，只有四对停堆断路器满足四取二逻辑关系的情况下才会触发反应堆停堆
执行 F04-RPA-T-010 时 4RIS032VP 在 BUP 上故障灯亮,2018年11月06日早班，根据运工指令需执行定期试验 F04-RPA-T-010，试验会导致高压安注阀门4RIS032VP开启：试验前需手动隔离安注浓硼回路，产生RIS8的第一组IO。试验开始前，操纵员对试验将联锁动作的阀门进行状态检查，发现BUP盘上4RIS032VP“关闭”和故障”灯均亮起。但是KIC上检查阀门各状态正常，就地核实阀门电源处无故障报警,因执行试验会导致产生RIS8的第一组IO。如试验过程中4RIS032VP故障无法开启，或阀门开启后因故障无法关闭，则会产生另一个第一组IO，潜在风险较大,已采取的行动措施当班值暂停执行试验，oncall仪控人员进行检查查,经仪控人员检查，确认4RIS032VP无异常信号。状态正常。仪控人员反馈，BUP上故障灯亮起，可能阀门曾经因某种原因产生了“开启时间超时”而在BUP上故障灯亮，不影响阀门的开启和关闭。经仪控确认后，在仪控人员保驾的情况下，执行定期试验，试验过程无异常，且试验完成后（4RIS032VP有开启和关闭），4RIS032VP阀门显示正常，BUP上“故障”灯不亮,,"1) DCS 厂家 1E 级 DCS 实现设备故障报警的模块代码有缺陷, 在 PLM 试验后会误点亮 BUP 上部失效, 后续仪控执行 RPR/DAS 试验前和试验后, 运行都对 BUP 盘台进行一次检查。排查是否有误点相关, 实际不影响设备的动作, 此时需要在 DCS 二层上右键点击设备状态对话框, 确认设备无异常, 机组曾在仪控执行 DAST3 试验后部分设备在 BUP 上故障灯亮起, 涉及设备主要有: DVC501/502VAIEAS001/002PORCV001/002/003P0. RCV048/050VPVVP140/141/142VVRIS020/021/021以上故障原因为 DCS 厂家 1E 级 DCS 实现设备故障报警的模块代码有缺陷, 在 PLM 试验后会误点亮 (一般是大修时) 窗口进行 1E 级 DCS 软件下装。此次执行 F04-RPA-T-010 试验前, BUP 上仍有, 但实际对试验无影响"
"执行安注逻辑试验时, 3RIS013VP 显示故障, 3RCV034/375VP 未按预期动作",执行F03-RPB-T-016用RPB371KC进行安全注人逻辑试验规程时， 3RPB371KC打试验位后，3RISO13VP开启，全开30S后变大红色开启故障），3RCV034/375VP未按照逻辑正常关闭,QSR试验不合格,已采取的行动措施：1）现场检查配电盘无异常，OPEN灯亮；2就地检查3RISO13VP全开，无异常；3）联系电气和仪控人员检查,原因为3RISO13VP在接到3RPB371KC打试验位开启指令后开启，在电动头内部的全开限位（电气限位）触发后停止开启，但是此时机械全开限位SM3未触发。（即逻辑图中电动头内部的FO触发，但是SM3未触发）。在DCS内部会判断开启故障阀门变大红色,仪控处理反馈一一处理进展电气人员通过调整3RISO13VP电动头内部的电气限位开关，来调整阀门行程，使阀门的机械限位SM3触发。试验顺利完成,电动阀门一般有两种限位：1)电动头内部全开全关限位（FO/FC），用于KIC显示和配电盘上显示；2）阀杆上全开全关机械限位（SM3/SM5），用于逻辑控制
执行F04-RPB-T-045时4ASG014VD关限位未触发,"执行 F04-RPB-T-045, 用 ASG556KG 启执行 ASG 电动泵 002P0 试验规程时, 用 4ASG556KG 启动 4ASG002P0 时发现 4ASG002P0 未按预期启动",QSR 试验不合格,已采取的行动措施: 1)经查询逻辑图确认原因为 4ASG014VD 阀门关闭时关 限位未触发; 2) oncall 仪控检查,经维修仪控检查发现时 4ASG014VD 的 EP 压空供气压力较低导致,"仪控处理反馈 1)检修步骤: ①仪控确认 4ASG014VD 阀门关闭限位器无异常; ②就地检查 4ASG014VD 阀门的供气压力偏低, 基本确认是该原因导致阀门不能完全关闭; ③仪控开票调整: a.断开 EP 接线; b.调整供气压力到 40PSI; c.通过信号发生器分别模拟 4 mA、8mA、12 mA、16 mA、20mA 的信号, 检查阀门的线性满足要求; d.主控动作阀门确认阀门动作正常。2)故障原因分析: ASG012/013/014/015/016/017VD 都是气关阀, 但失气压空时阀门处于开启的安全位置, 当供气压力较低时可能导致阀门无法完全关闭, 因此就可能触发不到关限位。经维修仪控反馈这类阀门 EP 前供气压力在 40 PSI 左右, 不能低于 30 PSI, 通过 EP 调节为 3~15PSI (4~20, mA)。此次 4ASG014VDEP 前供气压力只有不到 20 PSI, 压力不够是导致阀门不能完全关闭的主要原因",1)根据运行技术规范，一个供水阀门维修不会导致 ASG 电动泵或者汽动泵不可用，但两个供水阀门（电动泵出口或汽动泵出口）不可用，其供水能力超过一台泵能力，即相当于一台汽动泵或者一台电动泵不可用；2)ASG 供水阀门如果关限位不能触发可能是限位问题，也可能是供气压力不足导致，需现场和专业核实。ASG 供水阀供气压力一般不能低于 30PSI；3）运行技术规范相关：维修仪控反馈在处理缺陷时需要占用 4ASG014VD，需拆除信号线，所以会导致 4ASG014VD 阀门无法接收保护信号，当班值考虑该阀门关闭后一台 SG 无法通过电动泵供水是否满足“ASG1 中的一台蒸汽发生器不能通过电动辅助给水泵或汽动辅助给水泵供水”而产生第一组 I0。后经查阅解释规范和问题汇编，确认一个供水阀隔离不会导致 ASG1 的第一组 I0
主控闪发3RPR790KA（保护组IVP信号质量位无效报警闪发）3RPR770KA（保护组IIP信号质量位无效报警闪发）,主控闪发3RPR790KA（保护组VP信号质量位无效报警闪发），3RPR770KA（保护组IIP信号质量位无效报警闪发）,质量位报警闪发及2、4通道KIC显示短时洋红，非真正的质量位触发,已采取的行动措施：oncall仪控检查,因交换机固件问题，通讯短时失效引起的。真正的质量位触发保护逻辑是在1E 级DCS 信号中实现，而质量位报警的逻辑是NCDCS 通过通讯取出了1E 级DCS 信号中仪表信号做出的，在通讯短时失效情况下，NCDCS 接收到的用来做质量位报警的仪表信号短时洋红，导致质量位报警闪发,仪控处理反馈：1 ）处理进展：仪控人员定位为NC DCS 的交换机配置有问题，在301 大修期间，对交换机进行固件升级解决（WOT : 00371228- 013/8KCP 交换机软件文件重新配置）后消除故障；2 ）故障原因分析： DCS NC 部分设计了通讯失效缺省值触发报警，故会在KIC 产生短时的报警,真正的质量位触发保护逻辑是在1E 级DCS 信号中实现，而质量位报警的逻辑是NCDCS 通过通讯取了1E 级DCS 信号中仪表信号做出的。DCSNC 用于通讯的FCP 固件版本问题，短暂的通讯信号丢失被缺省值逻辑捕获形成报警，因时间极短（约400ms ）主控仪表状态和趋势未见异常，不存在仪表失效或仪表正常但质量位逻辑谈触发的问题
仪控执行RPR 外部信号输出连接T3 试验（B 系列）过程中，2LHQ 应急柴油发电机组非预期启动,仪控执行RPR 外部信号输出连接T3 试验（B 系列）过程中，2LHQ 应急柴油发电机组非预期启动,2LHO非预期启动，存在设备损坏及工业安全风险,已采取的行动措施：根据2LHO就地显示屏记录，启动信号在最后一个试验信号消失时产生，3个试验信号都收到正常出现和消失的反馈，确认RPRT3试验已顺利通过,2LHQ误启动原因为：相邻二进制码序列间，有两位码变化，经硬接线传送和不同处理器采集和处理，存在先后采集到两位二进制码的情况，导致下游解码错误。输出错误试验脉冲，叠加原试验信号，满足三取二逻辑导致柴油机启动,仪控处理反馈1)处理进展：D更换对应的KCS机柜D0卡件和信号隔离器，送回实验室执行测试程序排查原因；2)在试验平台证实，来自Server测试命令经硬接线送到“列”采集先后不一致（随机出现），可能导致信号解码错误，产生两个输出信号，被柴油机控制柜侧继电器捕捉到，满足2/3逻辑触发柴油机启动。继电器响应速度比其他控制器响应速度快，所以只偶然触发柴油机启动，对其他试验信号回路没有出现同类问题；③经分析，其他RPR外部信号输出T3试验相关信号，因未使用（1，1)组合，不存在信号叠加导致误动设备风险。目前1E级DCS中其他需解码的硬接线传输信号，也不存在误动设备风险。2）后续措施：初步分析可在A1和B1软件中，对Server送来的二进制编码信号进行2个扫描周期（60ms）滤波，消除因输入通道采集信号延迟导致的解码错误；后续发函厂家对问题和解决方案进行确认。3）故障原因分析：热插拔更换2KCS106AR.002UC.SLOT2中的00卡件，备件状态切换成功；②更换2KCS106ARTB221BN-15、16隔离器，确认无异常信号产生；③编程进行离线测试，确认故障原因：故障原因为DI卡件各点位通道响应时间不一致。导致B1接收BS发送的测试选通工位数字量信号在00-11-00的切换过程中，两个DI点采集到短暂的不一致数字量（10或01），导致D0卡件未经复位即输出非预期试验信号，并且下游隔离器存在一定的关断时间，造成回时输出两个试验信号，柴油机侧3取2触发启动柴油机,真正的质量位触发保护逻辑是在1E级DCS信号中实现，而质量位报警的逻辑是NCDCS通过通讯取了1E级DCS信号中仪表信号做出的。DCS NC用于通讯的FCP固件版本问题，短暂的通讯信号丢失被缺省值逻辑捕获形
4PTR023VB 逆止阀卡涩导致RRA 系统满水备用时余热排出泵出口压力低,巡盘时发现余热排出泵出口压力4RRA004MP 显示为0 . 05MPa ，经对比相同机组模式下的3 号机组显示0 . 19 MPa 。由于RRA 系统退出运行后由乏池通过4PTR021VB、4PTR023VB 保持满水状态压力应显示0 . 19 MPa ，初步怀疑4PTR023VB 逆止阀卡涩导致,导致RRA 系统在退出运行后。导致乏池未能通过PTR 系统与RRA 系统连接管线来使RRA 保持满水状态,已采取的行动措施：1 ）主控对比相同机组模式下的3 号机组余排泵出口压力显示0 . 19 MPa 。初步怀疑4PTR023VB 逆止阀卡涩或是仪表4RRA004MP 故障，经查4RRA004MP 趋势未见明显异常；2 ）联系机械准备检查处理方案,4PTR023VB 逆止阀卡涩。导致乏池未能通过PTR 系统与RRA 系统连接管线来使RRA 保持满水状态,机械处理反馈：1 ）处理进展：10 月23 日早班进入核岛敲击逆止阀 4PTR023VB 后，余热排出泵出口压力恢复正常（4RRA004MP 示数显示0 . 19 MPa ）。2 ）工作过程：①确认设备位号，辐射防护人员确认环境剂量率；②执行4PTR023VB 逆止阀卡涩处理方案；③服务人员拆除保温；④对止回阀进行敲击；5 与主控确认4RRA004MP 压力显示读数正常，工作结,RRA 系统退出运行后由乏池通过4PTR021VB、4PTR023VB 保持满水备用状态
余排热交换器下游温度3RRA007MT 显示为负数,巡盘发现余排热交换器下游温度3RRA007MT（PAMSA 列）在KIC 中显示为负值-4 . 8 ℃，正常应该与3RRA031MT（PAMSB 列为20 . 2 ℃）显示基本一致,3RRA007MT 为PAMS A 列仪表，仪表不可用产生PAMS1 第二组10,已采取的行动措施：1 ）主控查看3RRA007MT 温度变化趋势，并和PAMSB 列余排热交换器下游温度表3RRA031MT 变化趋势比较，分析确认 3RRA007MT 故障；2 )onca11 维修仪控检查处理,3KCS043AR 机柜内的温度转换卡件故障，导致3RRA007MT 信号异常,"仪控处理反馈：1)缺陷描述：余排热交换器下游温度3RRA007MT在KIC中显示为负数，正常应该与3RRA031MT(20.2℃)显示基本一致。2)处理进展：经更换3RRA007MT温度转换卡件备件后，KIC/BUP/S-VDU上3RRA007MT恢复正常显示，I02消除。3）工作过程：①确认设备位号与工作内容一致：
②对3RRA007MT 绝缘及连续性检查，检查合格；③检查3RRA007MT 转换模块，发现模块故障；④领取新备件，更换3RRA007MT 转换模块，上位机显示正常：更换下来旧的3RRA007MT 转换模块进行报废处理：③工作结束，清理现场。4 ）影响分析：3RRA007MT 为PAMS 仪表，仪表不可用产生PAMS1 第二组I0 。5 ）原因分析：3KCS043AR 机柜内的温度转换卡件故障，导致3RRA007MT 信号异常",3RRA007MT 为PAMS A 列仪表，送往KIC、BUP、KDO、远程停堆站以及S- VDU 上显示。不参与控制逻辑
3号主泵高压冷却器设冷水流量3RRI155MD显示逐渐下降,3号机组早班11时01分开始，3号主泵高压冷却器设冷水流量3RRI155MD从31m/h持续逐渐下降，下降速率约每小时降低8m/h，11时50分已触发3RRI055KA（RCP003PO高压冷却器流量低）报警,1）结合3RRI001BA液位轻微下降趋势，可能为3RRI155MD仪表接管破口或渗漏，仪表位于岛内，需进岛处理，若破口增大，可能导致3RRI001BA液位不可控下降；2）若仪表为漂表，则将在3RRI227VN打至手动的情况下，无设备误动风险，但影响主控监视,已采取的行动措施：1）当班值立即查看主泵高压冷却器后轴封水温度等各项参数，未发现异常，且无明显变化趋势，同时间段1号、2号主泵高压冷却器冷却水流量稳定；2）现场排查3号主泵高压冷却器设冷水岛外部分在线，无异常；3）查看3RRI101LD/103LD/105LD，流量均为162m/h左右，无异常；4）查看RRI头箱液位及流量，发现3RRI001BA液位自11时左右有轻微下降趋势；5）考虑到3RRI155MD可能漂表，且该表涉及动作信号中仅有H1信号触发3RRI227VN自动关闭，已将3RRI227VN打至手动；6）oncall维修仪控人员。建议后续行动：1）当班值主控密切监视主泵各项参数及3RRI头箱液位、流量变化，就地密切监视3RRI105LD流量；2）仪控人员结合故障现象，尽快定位故障原因；3）缺陷处理可能需要进入核岛厂房内，请工业安全和辐射防护专业准备好后续进岛配合的工作,FBM201：卡件故障，导致其输出至TA 端子第3 通道的电压异常,仪控处理反馈：1 ）检修过程：①确认设备位号与工作包一致，与主控沟通说明工作内容与风险；②根据《3RRI155MD 流量异常检查处理方案》对机柜侧接线及信号进行检查；③确认接线牢固，检查TA 端子输出电流及电压；④确认电流异常，低于4 mA ，检查TA 端子输出电压，远低于24,"V(4~5 V之间);尝试更换TA端子和预制电缆,异常仍存在;③更换FBM201卡件,再次测量TA端子输出电流及电压,恢复正常;②恢复仪表接线,确认二层信号恢复正常,关闭机柜门,工作结束。2)故障原因分析:FBM201卡件故障,导致其输出至TA端子第3通道的电压异常
当RRI225VN(226VN、227VN)处于自动时,高压冷却器设冷水流量RRI151MD(153MD、155MD)≥35m/h时,RRI225VN(226VN227VN将自动关闭"
3RRI001BA 液位异常下降,主控巡检发现3RRI001BA 液位为1.43m ，与早班的巡检数据1 . 54m 相比下降了11cm （体积约748L ) ，经查3RRI001BA 液位趋势发现3RRI001BA 液位从9:26 分开始下降，下降速率为11cm /7 h （约100 L /h ）,,"已采取的行动措施1)立即对3RRI001BA进行补水操作,头箱液位上升,补水流量可以补偿泄漏量;2)安排主控和隔离办核实当天是否存在影响RRI液位的疏水阀、取样阀、排气阀操作的工作或是存在误碰阀门引起液位下降的工作;3安排现场检查当前存在漏水缺陷的8RRI356VN未见明显漏水情况;4)安排现场核查3RRI系统A列安全用户的疏水阀、取样阀、排气阀未见泄漏情况;5)当班值参考执行《F03-RRI-I-001缓冲箱水位在补水运行时缓慢下降处理规程》,将两列间公共用户切换到3RRI系统B列带载,发现切换后3RRI系统B列头箱3RRI002BA液位开始下降,确认公共用户存在泄漏;6)当班值将公共用户的三废负荷设冷侧切换到4号机RRI系统B列带载,发现4RRI系统B列头箱液位开始出现下降趋势,3RRI系统头箱无下降趋势,可确认三废负荷的设冷侧存在泄漏;7)通知化学加强和关注对3RRI系统磷酸三钠取样","经排查3RRI头箱液位降低原因为8RRI450VN(8TEP001EV疏水阀)未关严,当前已关闭,初步怀疑阀门被误碰(一字阀锁紧装置失效,存在被误碰动作的风险)",运行处理反馈:见干预行动,"类似异常缺陷:1)2019年02月20日,巡盘发现1RRI001BA液位有下降,2h下降0.05m,立即安排现场排查,发现1RRI395VN(疏水阀)在关闭状态下跑水,对应房间NE260有积水。现场检查1RRI395VN有关闭过头的迹象(90°球阀),汇报主控后将阀门稍往开启的方向回正一点,跑水现象消失。经初步核实,RRI液位下降开始的时间现场无相关工作,人员走动误碰导致阀门关闭过头可能性较高;2)oncall机械检查,发现1RRI395VN锁紧装置失效,考虑到该阀门的现场布置容易被误碰,开紧急工作许可证对锁紧装置进行了处理"
3号主泵电机空气冷却器出口RRI金属软管4RRI024FL漏水引起4JPI007BA液位缓慢升高,21：21．触发4JPI025KA（RCP泵房间的水进入废液箱），4JPI007BA液位自02月17日5:20，开始从232mm缓慢上涨，02月19日19:00上涨速率变快，当前4JPI007BA液位300.10mm，经计算当前进水速率约1.24L/h(见图1)201V01610002010/00/15222019/0021:000:0图14.JPI007BA液位上涨趋势,1)若漏点为主泵的RRI管线，则将影响主泵安全运行；2)若主泵消防在后续窗口真实启动，油水混合物将无法顺畅排到4JPI007BA，或通过溢流管线导致8TEU005/006BA进油；3）如按照当前的速率，约96.7天后，4JPI007BA液位将达到主控满量程(1900mm),已采取的行动措施，1)检查主泵消防未动作，且RX内JPI为干管，漏水可能性较小；oncal1拆除了4JPI055VE下游的堵头，查看了4JPI101VE下游的水量和压力，基本排出了壳外JPI通过JPI101VE-4JPI070VE-4JPI028/029/030VE-进入4JPI007BA的可能。另外主泵一级消防的,金属软管泄漏原因：软管与支架接触，管道振动过大，导致金属编织网损坏，内部波纹管破裂,"机械处理反馈，1）金属软管泄漏原因：软管与支架接触，管道振动过大，导致金属编织网损坏，内部波纹管破裂。2）调停期间工作安排：①分三组进行排查，排查后还要对漏点位置其他设备进行影响评估；
②ETY 吹扫结束后对有备件的破损金属软管进行更换；③对于无备件损坏的金属软管，经专题会讨论进行技术评估后引流至集水箱。3 ）最终处理：①排查岛内其他金属软管有无破损；②对4RRI024FL 进行更换；③对三个环路主泵金属软管加装防护措施",
TP3CRF52 试验导致热海水返流弓起RRI 系统设冷水温上涨，进而弓起主泵副推力瓦温度高,早班运行值配合执行调试试验TP3CRF52 在50 %FP 平台下停运一台CRF 泵（3CRF002PO )，试验结束后进行恢复操作。由于正值交接班，3CRF002PO 的重新启动工作交由下值继续执行，此时凝汽器水室真空泵3CRF601PO 正在运行。中班接班后，由于参与TP3GCT51 试验工会前的需要，当班值未能在启泵条件满足后第一时间启动3CRF002PO 。16 ：50 ，3 号主控3 台主泵相继出现主泵副推力轴承温度高报警并仍在快速上涨（此时机组50 ％功率平台运行）。当班值操纵员发现后立即核实系统参数，发现运行列（3RRI004PO ）设冷水热交换器出口设冷水温度37 . 2 ℃，对应列SEC 贝捕后温度36 . 58 ℃。进一步查看历史趋势发现从16 ：10 左右，海水温度从27 . 3 ℃开始快速上涨,,已采取的行动措施：1）值内决策先启动一台B列SEC泵，发现B列海水温度无下降，电话与1号机组沟通，海水温度无异常；2）主控随后决策启动A列SEC泵3SEC001PO，泵启动后海水温度27.6℃，主控决策立即执行设冷切列，切换完成后主泵轴承及电机相关温度渐渐恢复正常,"CRF的A、B列冷却海水在CC跌落井处汇集，经由CC跌落井排往大海，CC跌落井堤坝标高约-2m。而凝汽器钛管最大高度接近-7m（具体标高不详，根据现场情况假设），两者存在5m左右的高度差。故当一台CRF泵停运后，停运列会因为虹吸效应而产生倒流，海水从CC跌落井逆流至停运泵的吸入口处。
根据S 规程，停运一台CRF 泵后，虹吸破坏阀会自动开启避免上述虹吸效应：而再次启泵前要关闭虹吸破坏阀。因虹吸效应已破坏，再次启泵前，仅关闭虹吸破坏阀不足以建立虹吸（因此时停运列出口至CC 跌落井这段管道充满空气），所以再次启泵前，需要凝汽器水室真空泵抽真空以协助虹吸的建立，使准备再次启动的停运列管道内充满海水。可见，再次启动停运列之前，因为虹吸效应，CC 跌落并处的热水（运行列出口海水）会沿着管道逆向流至停运列的CRF 泵吸入口处。但及时启泵，建立正常流量后，上述虹吸效应再次消失，热水不会倒流至泵的取水口。此次执行完TP3CRF52 试验后，由于启动凝汽器水室真空泵3CRF601PO 较长时间未启动3CRF002PO ，虹吸效应一直存在，导致热水持续流向B 列取水口。而B 列SEC 泵与CRF0002PO 共享取水口，故热水被运行的3SEC002PO 吸人导致SEC 出口温度高，进而导致RRI 出口温度高，造成下游负荷得不到有效冷却",运行处理反馈：见干预行动,1 ）优化TP3CRF52 凝汽器半侧解列试验规程，试验前确认运行的SEC 泵与即将停运的循泵不同列：或者停泵后隔离对应海水侧阀门，待准备启动前再开启；2 ）在循泵启动规程中加人重要提示，准备再次启动循泵之前，启动水室真空泵和启动循泵操作要连续执行，避免虹吸形成导致热水返流；3 ）安全列设备严格保持分列运行，防止出现共模失效（如果当时SEC A 、B 列联通阀开启，则后果非常严重，3 、4 号机组SEC 联通阀2016 年9月24 日关闭）
执行安全壳喷淋信号逻辑试验时，3RRI002P0 未按预期启动,早班执行OSR 定期试验FO3-RPB-T-030 用RPB621KC 进行安全壳喷淋信号 （1 ）逻辑试验规程时，3RRI002P0 未按预期启动，3RRI002P0 在主控显示大红色停止位该现象证明3RRI002P0 已经收到启动信号但是未正常启动，初步分析怀疑为电气开关存在故障,1 ）导致FO3-RPB-T-030 用RPB621KC 进行安全壳喷淋信号（1 ）逻辑试验规程不满足验收准则，试验不合格，如不及时消除缺陷，该试验有超期风险；2 )3RRI002P0 不可用，产生第二组IO : RR11;3)3RRI004P0 成为临时SPV 设备,已采取的行动措施：1 ）将3RRI002P0 置于试验位置，可以正常启停，排除仪控方面问题；2 ）将3RRI002P0 上游电源3LHB113JA 拉出后重新送电，主控手动启动3RRI002P0 ，依然无法启动；3 ）暂停试验，并恢复到初始状态，消除因试验产生的第一组IO ;4 ）对3RRI004P0 走临时SPV 设备流程；5 )oncall 电气到现场检查,1 ）直接原因：配电柜本体底盘小车内摇动丝杆配套机械机构未动作到位，导致S6 位置开关的合闸辅助触点未有效动作，导致合闸回路无法导通；2 ）根本原因：中压开关接触器S6 开关支撑方式不当，采用单方向椭圆孔双螺栓固定，操作机构压板长期按压累积导致S6 开关固定位置偏移，开关动作不到位是缺陷发生的根本原因；3 ）促成原因：S6 开关状态分合动作状态缺少监测是促成原因,"电气处理反馈1 ）处理措施：经现场检查，接触器开关合闸回路未导通，无法正常启动。现场重新推入接触器小车至工作位置后，重新启动电机成功。2 ）直接原因：配电柜本体底盘小车内摇动丝杆配套机械机构未动作
3 ）根本原因：中压开关接触器S6 开关支撑方式不当，采用单方向椭圆孔双螺栓固定，操作机构压板长期按压累积导致S6 开关固定位置偏移，开关动作不到位是缺陷发生的根本原因。4 ）促成原因：S6 开关状态分合动作状态缺少监测是促成原因。5 ）技改实施方案：①优化改进原S6 开关支撑方式：从原来的单侧两个螺栓的固定方式修改为双侧三个螺栓的固定方式： ②接触器S6 开关动作状态信号引入报警监测回路，实现开关状态直观可视","核级中压开关接触器分检修位置、试验位置和工作位置。其状态切换通过手车操作手柄顺逆时针动作底盘小车前进后退实现。手车底盘内有一整套位置状态机械联锁结构，配合电气控制回路来实现小车的分合闸等操作，包括摇动螺旋丝杆、定位锁销、压板、S6 位置开关、相关联锁部件、航空插头等。接触器手车通过操作手柄顺时针旋转从检修位置转运行位置，手车丝杆转动压板平衡向前推进，到达工作位置压板下落，下压S6 位置开关顶部弹簧压片使S6 辅助触点闭合，见图1 ：接触器启动回路导通，S6 开关可靠动作触发合闸信号是接触器合闸的必要条件。图1 接触器手车底盘动作示意图控制回路：接触器控制回路图（包含启动回路），远方下达启动命令或就地启动命令004XR 继电器自保持得电后，启动回路得电，接触器合闸
变更1 ：接触器S6 开关支撑方式优化接触器手车S6 固定板进行了设计优化，升级后的固定板采用双边三孔固定（参见截图），采用双边三孔的S6 固定板，受力由“线”升级为“三角形”，如图，由此提供更为牢固的受力，紧固度进一步提高。新增固定位置需在接触器手车底盘侧面新增一个椭圆形固定孔（描述规格尺寸），如图2 ：接触器S6 开关支撑方式优化所示。／E0.2 +0.5 图2 接触器S6 开关支撑方式优化变更2 ：接触器S6 开关动作状态信号引入报警监测回路通过调整接触器板块DU 模块和"
4RRM003ZV电机轴承伸缩端振动(4RRM505MV)频繁闪发振动高,"4RRM003ZV电机轴承伸缩端振动(4RRM505MV)于05:10开始从2.8 mm/s上涨,此后多次达到5.5 mm/s触发4RRM003ZV电机轴承伸缩端振动高报警,最高振动5.79 mm/s",,1）已采取的行动措施：主控调取4RRM003ZV电机轴伸端、非轴伸端历史振动趋势：电机轴伸端振动值波动较大，且多次闪发超过报警值，非轴伸端振动值平稳，未出现异常变化，两端轴承温度稳定无变化，根据4RRM001ZV电机轴伸端闪发振动高报的处理经验，初步判断电机轴伸端测振探头4RRM505MV松动或测振回路中的转换模块故障的概率较大，4RRM003ZV电机轴伸端振动值闪发高报的问题不影响设备的可用性。目前4RRM003ZV电机驱动端振动值已回落至报警值以下，风机可保持正常运行。2）建议后续行动：①切换到4RRM001ZV运行；②维修电气、仪控完成工单准备。在调停窗口或大修窗口下维修电气对4RRM003ZV电动机振动情况进行检查处理：维修仪控对4RRM505MV测振探头及转换模块进行检查处理,振动探头性能不稳定,"维修电气处理反馈：401大修期间对4RRM003MV风机测振，振动值正常，建WOT-2工单对4RRM505MV振动探头及转换模块检查。维修仪控处理反馈：1)401大修期间，检查4RRM505MV振动探头，探头安装紧固，信号电缆航空插头未固定到位，重新进行固定：
2）打开4RRM103CR，对4RRM505MV转换模块D1信号端子进行紧固，更换振动探头及转换模块。3）4RRM003ZV主控显示振动正常",若振动值超过7 . 2mm /s （国标中对带减振器电机的振动限值）则建议切换风机
3号主控触发3RRM002ZV电机轴承非轴伸端振动高高报警同时触发3R530 房间火警,3号主控触发3RRM002ZV电机轴承非轴伸端振动高高报警同时触发3R530房间火警。风机停运后3RRM002ZV非驱动端温度3RRM504MT持续升高。最高升高到78.8℃。随后缓慢下降。进岛核实，现场无明火及浓烟，3RRM002MO目视无明显异常,1)RRM通风为控制棒驱动机构提供冷却，若RRM通风全部或部分失去导致控制棒驱动机构失去足够冷却，可能导致机组后撤；2)3RRM004ZV按临时SPV设备管控；3）若3R厂房发生明火火灾，根据EAL机组可能需要进入应急状态,已采取的行动措施：1）确认3R530正是3RRM002ZV所在的房间；2）启动3RRM004ZV，停运3RRM002ZV，同时将3RRM002ZV电源断开；3）启动消防二级干预队到8m气闸门待命，同时通知厂区三级消防队在17号汇合点待命；4）通知维修机械开启气闸门人员在8m气闸门待命；5）通知维修电气人员到厂准备对3RRM002ZV进行处理；6）联系辐射防护人员走紧急进入R厂房流程；7）机组暂停升功率（根据功率运行期间进入R厂房的辐射防护规定，需要保持反应堆功率稳定）,1)电机出厂时非驱动端轴承装配错误。电机非驱动端应为圆柱滚子轴承，厂家错误选配了深沟球轴承，径向负荷承载能力较原设计圆柱滚子轴承下降一半以上，同时由于深沟球轴承内、外圈之间允许轴向位移量较小，无法补偿电机轴系正常热膨胀产生的轴向位移，运行期间轴系热膨胀量无法释放。导致电机两端深沟球轴承同时承受额外轴向力；2）因非驱动端深沟球轴承需同时承受径、轴向叠加载荷，运行工况较驱动端深沟球轴承更加恶劣，电机运行期间非驱动端轴承外圈滚道面外侧与内圈滚道面内侧成,维修电气处理反馈：1）对电动机非驱动端进行解体检查，发现电机非驱动端轴承已损坏；2）领用备件完成电机更换，维修后试验合格,若振动值超过7.2 mm/s（国标中对带减振器电机的振动限值）则建议切换风机
8SRE001P0 手动和自动均无法启动,8SRE001P0 手动和自动均无法启动,泵无法启动，导致8SRE001BA 无法打循环，无法排放,已采取的行动措施：1 ）安排就地检查泵上游供电情况，未见异常： 2)oncall 电气检查处理,8SRE201AR 柜内001JS B 隔离开关B 、C 相熔芯熔断,维修电气处理反馈：1 ）检修过程：①与运行人员沟通，取得工作许可证： ②确认设备位置，验证离边界：3 ）对8SRE201AR 进行检查发现柜内 001JS 隔离开关B 、C 相熔芯熔断；④领取备件进行更换，测量8SRE001P0,"8SRE001PO的控制逻辑:液位高或8SRE201AR上001TO置于ON时,108SRE001BA8SRE001PO启动;2)8SRE001BA液位低或8SRE201AR上002TO置于OFF时8SRE001PO停运"
8TEG 系统就地含氧量高消除后，主控8TEG527KA（氧浓度高）报警一直存在,8TEG 系统就地含氧量高消除后，主控8TEG527KA（氧浓度高）报警一直存在,干扰主控对8TEG系统含氧量监视,已采取的行动措施：oncall 维修仪控检查处理,仪表报警触发信号有误仪表主板输出的报警开关量信号线接线错误,维修仪控处理反馈在运行将氧分析值降低至1.5%以下，主控报警仍然存在，检查就地仪表高报继电器灯亮，怀疑仪表报警触发信号有误，经检查是仪表主板输出的报警开关量信号线接线错误，重新接线后，验证报警功能正常,TEG氧含量浓度高报警定值为1.5%，氧含量高高报警定值为3.5%
3TEG001C0 启动后无出力，8TEG001BA 压力不降低,3TEG001C0 启动后无出力，8TEG001BA 压力不降低,影响TEG 系统废气压缩接收到衰变箱,,3TEG001C0隔膜油缸内缺油,"维修机械处理反馈,1)检查发现3TEG0001C0曲轴箱内润滑油过多,经确认为压缩机隔膜腔内油全回到曲轴箱所致;2)启动3TEG001C0,检查压缩机油压为0.45MPa,满足运行要求;3)打开补偿油泵出口活接排气,发现曲轴箱内的油仍无法正常注入隔膜腔内。4)维修人员给3TEG001C0隔膜腔进行补油后启动压缩机工作正常","正常运行时,一台压缩机选“正常”位置,另一台选“备用”位置,缓冲箱压力达到0.25bar时,置“正常”的压缩机自启动缓冲箱压力达到0.30bar时,置“备用”的压缩机自启动"
主控闪发9TEG001BA 氧浓度高报警,主控闪发9TEG001BA 氧浓度高报警,1)TEG001BA 氧浓度若真实超过限制，存在氢爆风险；2 ）仪表故障影响对于氧浓度的监视,已采取的行动措施：对TEG001BA 取样氧浓度,9TEG001MG 仪表申极氧膜脏污,,1）氧表测试的原理是利用电化学的原理实现对氧含量的测量，气体透过膜进入到电解池中，并溶解到电解液里。在阴极上发生了反应以后，会产生可测量的电流。这个电流与进入电解池中的气体的量成比例。2）氧表测量范围：0%~5%，高报1.5%；高高报3.5%。当废气中氧的含量大于1.5%时，KSN 上会有507KA 报警，KIC 上有527KA 报警：当氧的含量大于3.5%时 KSN 上会有505KA 报警，KIC 上有528KA 报警：当发生系统故障时，KSN 上会有506KA 报警，KIC 上有529KA 报警
3TEG 加热器（3TEG001RS）频繁异常启停,3TEG 加热器（3TEG001RS）频繁异常启停,1 ）湿度正常时将错误启动加热器，并持续长时间运行，进而可能导致加热器损坏；2 ）湿度高于定值时加热器不能启动，使排放气体不能达到排放要求，对下游设备和环境造成影响,已采取的行动措施：联系仪控检查,,仪控处理反馈：对已移交的3、4号机组同类湿度开关（3TEG、4TEG、4DVN共13块）进行检查，一共发现7块湿度开关接线错误，均进行了纠正。TEG系统控制电缆端接清单中该湿度开关端接标准为5C，标准中就地端接标识应为3、30、31，实际仪表侧端接标识为1、2、3,当3TEG001SZ探测到湿度大于40%时，若满足3TEG001ZV运行且3TEG001RS无温度高报警，则3TEG001RS自动启动
F08-DVN-T-002后8TEG503KA（含氧子系统故障报警）无法消除,1)DVN 风机第一次全停后，主控室出现8TEG503KA：含氧子系统故障报警：2)DVN 系统试验执行完毕，DVN 系统风机恢复正常运行后， 8TEG503KA 报警依然存在，就地查看8DVN001AR，上4TEG050LA 灯亮,影响主控报警监视,已采取的行动措施：主控要求就将地4TEG022CC（4TEG002ZV 控制CC） 打至停运位置4TEG050LA 灯灭，8TEG503KA 报警消失,"1)DVN 风机全停后，3TEG001ZV 保护停运，同时4TEG002ZV 触发应急启动命令4TEG002ZV 应急启动命令进一步触发应急启动记忆；
2）4TEG002ZV应急启动记忆存在，且3TEG001ZV和4TEG002ZV都未启动，则触发报警。DVN风机恢复运行后，3TEG001ZV自动启动恢复运行状态，但是4TEG002ZV的启动记忆自保持。4TEG002ZV启动记忆与4TEG001ZV在运行状态，触发报警。且8DVN001AR上4TEG050LA灯亮；3就地通过4TEG022CC置于停运位置复位4TEG002ZV的启动记忆",,见原因分析
1TEG001ZV轴承油密封故障,现场巡检发现1TEG001ZV运行噪音异常增大，且轴承处有甩油轴承温度超过100℃,1）风机轴封磨损，将导致设备损坏；2）厂房漏油有火灾风险,已采取的行动措施：1)根据《FQ9-TEG-C-019TEG含氧风机切换操作票》进行风机切换操作；2)完成风机切换并保持风机及其加热器开关1LKJ261JA.9DNN9948JA断开状态；3）主控立即onca11机械人员前来检查；4)记录第二组随机IO：DVN1，同时通知2号主控室记录相应的IO,轴承保持架毁损，油封掉落导致轴承甩油，风机运行噪音异常增大,维修机械处理反馈：机械人员确认风机非驱动端轴承保持架已经损毁，导致油封掉落开票进行轴承整体更换,
9TEP014P0在吸入口压力低报警触发5s后未能保护跳闸,9TEP014P0在吸入口压力低报警触发5s后未能保护跳闸,9TEP014P0存在损坏风险,已采取的行动措施：手动停运9TEP014P0,KSN二层中9TEP014P0启动信号为长信号，导致自动停运信号无法下发,,9TEP014P0 入口压力开关9TEP663SP 动作定位为3kPa，触发9TEP014P0 停运
1TEP425VA 在9TEP001DZ 启动过程中频繁出现洋红色，导致 9TEP001DZ 无法转状态,1TEP425VA 在9TEP001DZ 启动过程中频繁出现洋红色,导致9TEP001DZ 无法转状态,已采取的行动措施联系仪控检查处理,阀门开关限位接触不紧密,维修仪控处理反馈：1 ）现场检查发现阀门开限位触点位置不到位，需调整；2 ）对阀门开限位位置进行调整，确认调整合格，异常消失,
1TEP425VA 在9TEP001DZ 启动过程中频繁出现洋红色，导致 9TEP001DZ 无法转状态,1TEP425VA 在9TEP001DZ 启动过程中频繁出现洋红色,导致9TEP001DZ 无法转状态,已采取的行动措施：联系仪控检查处理,阀门开关限位接触不紧密,维修仪控处理反馈：1 ）现场检查发现阀门开限位触点位置不到位，需调整；2 ）对阀门开限位位置进行调整，确认调整合格，异常消失,
8TEP013BA 液位异常上涨,KSN 画面上显示8TEP013BA 液位8TEP405MN 缓慢上涨8TEP013BA 疏水阀8TEP351VL 自动开启至全开后，液位仍持续上涨。就地检查下游阀门8TEP353VL 和8TEP571VL 均为开启状态，排除在线不正确导致无法疏水。（当前8TEP001EV 处于状态6 ，且其加热蒸汽因处理8TEP343VV 调节不佳问题被隔离，此状态下无SVA 蒸汽，故8TEP013BA 应无凝结水，液位不应上涨）,若8TEP013BA 液位真实不明上涨，则有可能疏水管线存在堵塞，影响蒸发器正常运行,已采取的行动措施：1)8TEP001EV 近几日有启动至状态5 进行蒸发操作，未发现有8TEP013BA 液位异常现象，初步可排出疏水管线堵塞的可能；当前加热蒸汽隔离，随着8TEP013BA 被环境空气冷却，汽侧空间的蒸汽会冷凝，在汽侧空间形成负压，继而导致差压式液位计8TEP405MN 显示失真的可能性很大，通过开启8TEP403VV 与DVN 连通消除负压；2)8TEP403VV 在8TEP001EV 启动过程中需要开启，且SVA 正常无放射性，故开启 8TEP403VV 与DVN 连通风险可控：由于8TEP351VL 已全开，8TEP013BA 实际可能已经排空，与8SVA001BA 内气体连通。故开启8TEP403VV 前，需确认8SVA001BA 无放射性，联系辐射防护确认8KRT505MA 运行正常，且示数正常后，确认8SVA001BA 无放射性；3)KSN 上开启8TEP403VV ，使8TEP013BA 汽侧空间与DVN 连通后，8TEP405MN 显示恢复正常,8TEP013BA 汽侧空间形成负压导致液位计显示失真,,开启8TEP403VV 前，需确认8SVA001BA 无放射性，防止意外的放射性排放
9TEP001EV液位异常上涨,9TEP001EV液位异常上涨关闭上游SED供水总阀9SED255VD后，液位保持不变。而9SED255VD下游有三路向9TEP001EV#提供SED水的管线，对应阀门分别为9TEP405VD、9TEP393VD和9TEP329VD，无法确定是哪一路有漏,达到550mm后蒸发器会跳至状态0，使蒸发器无法保持在热备用状态,已采取的行动措施：1)9TEP405VD所在管线管径较大，且9TEP405VD为气动阀，相对而言阀门关闭不严造成内漏的可能较大：9TEP393VD也是气动阀，但9TEP329VD所在的管线管径较小，内漏的可能性较小。9TEP329VD为手动阀，内漏的可能性较小。综上，决定先按照9TEP405VD、9TEP393VD、9TEP329VD的顺序进行逐一验证；2）查漏前9TEP001EV液位较高，故先对9TEP001EV进行排水，以避免9TEP001EV因液位高高跳至状态0；3）之后保持9SED255VD关闭，将9TEP405VD手动破坏中性点关闭，保持9TEP393VD7和9TEP329VD在原状态。而后开启9SED255VD，并观察9TEP001EV的液位。观察30min后，9TEP001EV液位无上涨，确定内漏阀门为9TEP405VD,9TEP405VD 内漏导致蒸发器液位上涨,,9TEP001EV 达到550mm 后蒸发器会跳至状态0 ，使蒸发器无法保持在热备用状态
KSN，上远程开启8TEU083VB 后显示洋红色,KSN 上远程开启 8TEU083VB 后显示洋红色，需要检香处理,8TEU083VB 无法正常操作该阀门,已采取的行动措施：oncall 维修仪控检查,8TEU083VB 阀门卡涩，原因为阀门阀瓣球体有结晶。导致阀门球体卡涩,维修机械处理反馈：1 ）拆除 8TEU083VB 阀门气动头，检查执行机构和阀门，气动头动作正常，发现阀门卡死；2 ）解体清洗检查各零部件，发现球体上有少量结晶，导致阀门卡涩；3 ）更换必换件及易损件，用专用工具回装球体,三废工艺系统易发生硼结晶继而导致阀门无法动作
9TEU001EV 在状态5 时，9TEU253VL 会频繁大幅度开关动作,9TEU001EV 在状态5 时，9TEU253VL 会频繁大幅度开关动作，怀疑 9TEU102MN 漂表,,已采取的行动措施：oncall 维修仪检查,9TEU102MN 零点漂移,维修机械处理反馈：1）现场确认 9TEU001EV 在状态 6，确认 9TEU253VL 在手动关闭状态；2）对 9TEU102MN 进行零点校验并调整合格；3）投运仪表对其充水排气，恢复初始状态，显示正常,当蒸发器处于状态 5 时，出现冷凝罐 8TEU014BA 低液位（-142mm），8TEU102MN 测量后发出蒸发器都会跳到状态 6
8TEU001EV 由状态6 和状态0 启动频繁跳闸,1)2018 年08 月04 日夜班，由状态6 启动88TEU001EV 继续对8TEU016BA 进行蒸发。在启动8TEU001EV 蒸发时蒸发器状态突然返回状态0 ，此后重新从状态0 启动蒸发器，发现8TEU006P0 启动2 ~3min 跳闸，蒸发器也随即返回状态0 。而此时8TEU001EV 硼浓度为33618x10 -6 、钠硼比为0 . 244 ; 2 ）主控根据现场8TEU006P0 在运行后2 ~3min 后停运现象以及状态6 返回状态0 的现象，查阅逻辑图，发现最有可能的逻辑为8TEU108SP 触发,蒸发器跳闸至状态0 导致浓硼温度降低。有硼结晶风险,已采取的行动措施：1)oncall仪控人员进行校表；2）主控分析：由于8TEU108SP触发，8TEU006P0每次可运行125s。可将由状态0启动至状态2左右，并引入SVA蒸汽，在这段时间可以将对8TEU001EV进行加热。根据前期启动经验确认每次启动8TEU111MT会上涨3~5℃。因频繁启动蒸发器对设备不利，且消耗现场人力，故oncall仪控人员对8TEU108SP强制为0，并将蒸发器启动至状态5,8TEU108SP低漂,维修仪控处理反馈仪控人员将8TEU108SP信号强制为0后早班值顺利启动8TEU001EV至状态5，而后8TEU111MT也回升至100℃以上。而校表工作涉及RWP办理和现场铅皮的移动。耗费时间较长，整个校验工作从工作负责人到达主控办理许可证直至工作完工几乎需要5h左右。校验结果证明8TEU108SP低漂至0.13MPa,1)在出现8TEU006P0运行2min左右跳泵的情况时，基本可以确定8TEU108SP触发；2）在8TEV001EV硼浓度较高时，且状态跳至状态0时，需重点8TEU111MT的关注，避免浓硼结晶，联系化学给出结晶温度；3）如果是8TEU108SP问题，建议同时oncall校表和强制信号人员，在故障消除前或信号强制前。使用上述不断启动的方式，避免浓硼结晶
8TEU101MN漂表导致TEU蒸发器启动过程中跳状态,在执行《F08-TEU-C-019TEU蒸发器从状态0（停运）启动到状态5（生产）操作票》至蒸发器在状态2时，8TEU104MT达到100℃左右，8TEU103MT温度开始上升时（蒸汽开始进入8TEU001CS），出现8TEU101MN大幅波动，最终触发8TEU101MN高二报警（延时10s）蒸发器返回到状态0。分析认为可能为8TEU101MN平衡罐补水不足造成，随即对8TEU101MN平衡罐进行充水，并再次启动蒸发器，第二次启动蒸发器后，至状态2升温过程中和第一次启动出现状况相同，开始有蒸汽进入8TEU001CS时，8TEU101MN大幅波动、最终触发8TEU101MN高二报警（延时10s）蒸发器返回到状态0,蒸发器跳闸至状态0影响废液处理，且有硼结晶风险,已采取的行动措施：oncall仪控对8TEU101MN进行充水排气,8TEU101MN正压侧无水导致仪表大幅波动。8TEU101MN正压侧无水原因分析可能存在两种原因1）由于8TEU101MN进行检修，仪表管侧水进行了排空，检修完毕后未对仪表管进行充水排气。（后经与相关负责人确认，正压侧检修完毕后确实未进行充水排气，由于8TEP007PO检修工作未完成）；2）由于8TEP007PO检修工作，对泵前后管道进行了排空，导致液位计正压侧仪表管内液体被抽出，仪控检修8TEU101MN工作完结较早，故检修完毕未对仪表管进行充水排气,维修仪控处理反馈：对蒸发器进行状态摆放，仪控现场打开8TEU101MN正压侧，有几滴水流出后，再无液体流出，判断为仪表正压侧没水含气造成液位计大幅波动。随即仪控利用手压式水泵用SED水对8TEU101MN正压侧进行充水排气,当TEU蒸发器不存在状态“3”或状态“5”置位信号，且同时8TEU001CS液位高高延时10s时，TEU蒸发器跳至状态“0”
9TEU251VV 在蒸发器从状态0 启动时无法开启,执行9TEU001EV 从状态0 启动到状态6 的过程中，在状态1 到状态2 时，9TEU251VV 无法自动开启，现场手动也打不开,TEU 蒸发器无法进SVA 蒸汽导致蒸发器无法启动,已采取的行动措施：1)oncal1 机械专业检查：2）关闭上游手动阀9TEU250VV,阀门9TEU250VV，上下游压差过大导致阀门开启困难。在状态0 时，9TEU251VV 下游温度降低，蒸汽冷凝，就地压力表显9TEU015LP 示为负压，上游为SVA 母管蒸汽，压力0.4 MPa,维修机械处理反馈：机械拆除9TEU314VL 下游盲板，服务拆除管道保温（拆除部分即可）降温，开启9TEU314VL 泄压,9TEU251VV 下游温度降低，蒸汽冷凝导致压力降低
