异常缺陷名称,异常缺陷现象,风险或潜在后果,干预行动,原因分析,消缺行动,相关知识,故障图片
主控出现3SAP022KA（002DS 干燥器故障）报警，现场查看3SAP002DS 换塔失败,主控出现3SAP022KA（002DS 干燥器故障）报警。现场查看3SAP002DS 换塔失败，且无法复位,导致干燥器故障，影响压缩空气的品质,已采取的行动措施：1 ）查看和执行报警卡，并安排现场检查确认报警情况，确认为“3SAP002DS 换塔失败”；2 ）尝试进行复位无效，按报警卡停运3SAP002DS，启动3SAP001DS；3 ）oncall 仪控检查处理,3SAP002DS 左塔进气压力开关漏气,仪控处理反馈：1)检修步骤：①确认设备位号，与主控沟通说明工作内容及风险；②确认干燥塔已断电停运，进气已隔离；③做好拆接线记录，拆除压力开关接线，使用绝缘胶带包裹；④拆除3SAP002DS左塔进气压力开关，检查开关隔膜存在破损现象，更换备件并按拆线记录恢复接线；解除隔离后确认左塔进气压力开关状态正常且无漏气现象；⑤工作结束，清理现场。2）故障原因分析：3SAP002DS左塔进气压力开关漏气,"3SAP002DS出现故障，主要故障为：1）换塔失败：①进口阀门不切换；②计时器转动器或微动开关出现故障；③导向压力不正常：④气缸泄漏或堵塞。2）高露点：①净化流量太低；②进口空气压力低：③进口空气水分含量过大：
④进口空气温度过高：5 进口空气气量太大！？干燥剂被油污染；①露点设定值不正确。3 ）过滤器压差异常",
主控频繁闪发4LBJ004KA （002RD 古故障）报警,15:32 开始主控多次闪发 4LBJ004KA(002RD 故障）报警，就地存在整流器电源故障报警,影响4LBJ002RD 供电的可靠性,已采取的行动措施：1)查看和执行报警卡，安排现场检查确认故障情况，主控监视4LBJ母线运行情况； 2)oncall电气检查处理；3)将4LBJ002RD停运以配合电气检修处理,4LBJ002RD内部A071接口板损坏,,经验知识1)A071接口板升级导致原先的基准电压不适用与新的板卡，在更换A071板卡后需修改基准电压，并进行电压校准；2)A071接口板升级后板卡无法直接用于现场使用，有三个变压器需维修人员自行焊接后方可使用,
主控出现1DEL003KA：003GF 综合故障,05:43:36 主控出现1DEL003KA:003GF 综合故障，现场检查配电盘，AR 箱均未发现异常,导致风冷机组1DEL003GF 不可用，产生IO:GEN8,已采取的行动措施1)oncall1 机械进行检查；2）将1DEL003GF 隔离，以便机械进行补油；3）加油后，解除1DEL003GF 的隔离，现场验证无报警。发现1 号压缩机本体排油阀有渗漏,1 号压缩机本体排油阀渗漏，导致缺油,机械处理反馈：1 ）联系电气人员拆除1 号压缩机的油加热器接线；2 ）连接手动加油泵与机组加油阀门，接紧前手动加油排空；3 ）手动加油，关注油位大于2 /3 时停止加油（加油量8L）；4 ）联系运行恢复送电，报警消除,"产生 DEL003KA 报警的原因: 冷水机组的一个或两个制冷剂回路上的保护装置跳闸。双回路之一的故障将导致 DEL 003GF 机组 50%失效或由于事故而全部停机。若机组故障无法排除, 则意味着 DVC 系统失去冷源并将导致所服务的主控室 DCS 设备将无法正常运行, 进而会影响到整个电站的运行安全。在 H1 工况下, 储罐 DEL002BA 可维持 12~15 min 的时间: 在此之后, 应尽快排出故障并将 DEL003GF 启动",
3 号主控闪发3RGL001、002、006KA 报警处理反馈,主控闪发3RGL001、002、006KA 报警.持续时间约1 S,1 ）可能影响对应棒组（SD1 -1 ）的显示，不影响棒组控制：2 ）更换卡件过程中将导致棒位显示不可用产生第二组10,已采取的行动措施：1 ）查看和执行报警卡，按报警卡执行IRGL001；2 ）安排现场检查棒控电源柜（3RGL011AR~3RGL026AR）、棒控逻辑柜（3RGL001AR）、棒位测量柜（3RGL009AR）或棒位处理柜（3RGL010AR）设备是否存在故障报警信息：3 ）oncall 维修仪控人员检查处理,就地进行机柜检查，原因为3RGL006AR 内SD1 -1 棒束MCP10 卡件闪发故障,仪控处理反馈：1 ）缺陷描述：主控闪发3RGL001、002、006KA 报警，持续时间约1 s ;2 ）处理进展：3RGL001、002、006KA 报警为闪发，目前已消,3RGL006KA 报警产生的可能原因：棒控电源柜（3RGL011AR～3RGL026AR）、棒控逻辑柜（3RGL001AR）、棒位测量柜（3RGL009AR）或棒位处理柜（3RGL010AR）设备发生下列故障：D3RCS 运行故障：②3RPI 运行故障,
3 号主控闪发3RGL001、002、006KA 报警处理反馈,主控闪发3RGL001、002、006KA 报警，持续时间约1s,,已采取的行动措施：1)查看和执行报警卡，检查RGL系统KIC画面，查看控制棒棒位及运行状态未见异常；2)oncall仪控检查处理,就地进行机柜检查，原因为3RGL006AR内SD1-1棒束MCP10卡件闪发故障,"仪控处理反馈：1)缺陷描述：主控闪发3RGL001、002、006KA报警，持续时间约1s;2)处理进展：3RGL001、002、006KA报警为闪发，目前已消除；3)原因分析：就地进行机柜检查，原因为3RGL006AR内SD1-1棒束MCP10卡件输出不稳定，闪发故障；4)处理措施：由于更换卡件过程中产生第二组I0，目前无执行窗口。经与主控沟通走日常工单流程处理，已提WOT：01111750-01;5)影响分析：该报警为棒位系统报警且为闪发，不影响控制棒束动作和棒位监视；
6 ）工作过程（WOT : 01111750-01 ) : ①打开3RGL006AR 机柜门；②记录SA1-1 初始棒位为224 ，主电流值3 . 050V；③断开MCP10 电源；④对故障MCP10 卡件进行更换，并上电；③将SA1-1 的MCP10 主电流值调到3 . 050V；③确认SA1-1 棒位显示正常；?记录SD1-1 初始棒位为224 ，主电流值3 . 100V；③断开MCP10 电源；?对故障MCP10 卡件进行更换，并上电；0 将SD1-1 的MCP10 主电流值调到3 . 050V;①确认SD1-1 棒位显示正常；②关闭机柜门",3RGL006KA报警产生的可能原因：棒控电源柜（3RGL011AR~ 3RGL026AR）、棒控逻辑柜（3RGL001AR）、棒位测量柜（3RGL009AR）或棒位处理柜（3RGL010AR）设备发生下列故障：13RCS运行故障：②3RPI 运行故障,
4 号主控触发4RGL001、005、006、009KA 报警,22:57:02 时，4 号主控KIC 中出现：4RGL001KARGL 运行故障、 4RGL005KARCS3 运行故障、4RGL006KARGL 运行故障、4RGL009KAPWE 运行故障报警，主控室查看R 棒组和G 棒组棒位指示指示正常，一回路平均温度稳定,,已采取的行动措施：1）查看和执行报警卡，主控立即查看RGL系统所有控制棒，棒位均正常。根据报警卡执行F04-RGL-I-001，将R棒和G棒打手动；2）安排现场检查发现4RGL024AR（对应G1棒组）柜上紧急灯和双重保持灯亮；3）oncall1仪控进厂检查，仪控在仪控间（L749）查看4RGL030HC（RGL远程工作站），通过从“棒位系统”画面进入“报警窗”画面，在进入“RCS故障树”画面。在故障树画面中点击RGL009KA下方的查看，进入“电源柜紧急故障”画面，可看到G1棒“紧急故障”红色亮；4）R棒置于手动，无法进行温度自动控制，确认无影响一回路温度变化的工作，确认当前4STR无出力，SVA管网由2STR处理，确认一单元不要进行突然引起4STR出力增大的工作；5）主控密切监视一回路平均温度，核功率，电功率，控制棒棒位指示变化情况，加强对二回路负荷监控；6）仪控人员按照《FQY-MA-TD-I16002+3、4号机组RGL系统卡件更换》，执行第4节调节卡件更换。消除故障,通过故障现象，仪控现场开启4RGL024AR柜门检香发现为G1棒的第2束棒触发双夹持（保持线圈和传递线圈同时得电）。经检查分析为4RGL024AR(G1子组电源柜）G1-2棒束保持线圈（SC）调节卡件输出不稳定触发保持线圈（SC）小电流过小报警，触发了组进入双保持状态,仪控处理反馈：1 ）缺陷描述：对主控触发4RGL001/005/006/009KA报警，G1-2棒束SC 小电流过小报警触发双重保持报警；2 ）处理进展：4RGL001/005/006/009KA报警已消除；3 ）原因分析：报警触发原因是4RGL024ARG1-2棒束SC 调节卡件输出偏小，触发SC 小电流过小报警导致G1 棒组控制棒双重保持；4 ）处理措施：仪控维修人员按照工作方案对故障调节卡件进行更换，卡件工作正常，报警已消除,1 ）出现RGL 故障报警后，运行人员可到RGL 机柜核实对应的报警机柜及故障卡件，有助于仪控人员未到场时快速定位故障卡件；2 ）就地查找到RGL 相关的AR 箱出现报警时，可以参考《FQ4-RGL-T-002 电厂正常运行期间不用的棒束完好可用性核对试验规程》中棒组和AR 箱信息，对比知悉哪个棒组故障导致；3 )R 棒、G 棒置于手动期间，主控密切监视一回路平均温度，核功率，电功率，控制棒棒位指示变化情况，加强对二回路负荷监控，避免有可能引起机组负荷变化、温度变化的工作开展；4 ）控制棒被双夹持，控制棒无法正常动作，潜在风险后果：①机组临界过程中出现控制棒双保持，可能导致临界失败；②机组调试瞬态试验期间，如果出现,
主控触发1RGL001/005/006/009KA 报警,"20:29:58:1号主控触发1RGL001KA(RGL运行故障)1RGL005KA(RCS运行故障)、1RGL006KA(RGL运行故障)、1RGL009KA(PWE运行故障),查看1RGL控制棒状态正常,S/RG棒组在225步机组其他参数均正常","控制棒被双夹持,控制棒无法正常动作","1)已采取的行动措施:①执行报警卡,按照报警卡进入FQ1-RGL-I-001故障规程;②安排现场检查棒控电源柜、棒控逻辑柜、棒位测量柜或棒位处理柜设备是否存在故障报警信息,现场检查发现1RGL019AR上故障灯亮,对应N22子组;③根据故障规程将G棒组置于手动状态;④onca11仪控检查,初步判断N22子组输出电压瞬发故障,目前N22子组触发夹持线圈和传递线圈双保持状态(需进一步分析确认)。",线圈端电压偏高代表着MDP 真实输出偏高，表明缺陷直接原因为：MDP 内部整流电路硬件存在故障。故障MDP 目视检查无异常，根本原因需进一步分析,仪控处理反馈1）故障现象：1RGL019AR（N22子组电源柜）保持机箱第4 棒束MDP模块指示“小电流偏高”电流故障。触发N22子组电源柜运行故 障，主控出现1RGL001/005/006/009KA综合报警。2）检修步骤：以下检修内容均针对1RGL019AR：①手动强制双保持。②测量1RGL019AR保持第4 棒束MDP输出4.468V（小幅波动），高于正常范围（2.25~2.45V），其余MDP正常。③测量1RGL019AR第4棒束保持线圈端电压约172.1V（小幅波动），明显高于其他正常棒束（经验值约63V）。④综上确认报警MDP整 流电路硬件故障。5执行维修规程《FOX-RGL-M-I509》对MDP备件进行参 数下装与检查。执行维修规程《FQX-RGL-M-I506》更换故障MDP模块。① 执行维修规程《FQX-RGL-M-I505》对MDP备件进行稳态输出测试，确认正 常。3）处理进展：1RGL019AR保持机箱MDP报警消除，N22子组控制棒恢 复正常状态，主控1RGL报警消失。4）故障原因分析：线圈端电压偏高代 表着MDP真实输出偏高，表明缺陷直接原因为：MDP内部整流电路硬件存 在故障。故障MDP目视检查无异常，根本原因需进一步分析,MDP 模块（见图1）按照PLC 指令产生激励电流供给控制棒驱动机构线圈， 实现钩爪的啮合、摆出、提升与释放，进而带动控制棒驱动杆（其下端与控制棒连接）的保持、提升／下插与落棒。ALSYN 模块为MDP 提供用于整 流、实际电流监测的多路控制供电，同时为MDP 提供三相260V 的相位参 考信号RGL 电源柜RGL 控制逻辑单元PLC 提升线圈ALSYNMDP*4 块传递线圈保持RAMRTB 传递保持线圈提升图1MDP 模块示意图,
主控触发报警1CFI913KA(011DG 或013DG 格栅除污机故障），现场发现1CFI011DG 提升电机故障,主控触发报警1CFI913KA（011DG或013DG格栅除污机故障），现场发现1CFI011DG提升电机故障,导致格栅除污机1CFI011DG不可用,已采取的行动措施：1）查看和执行报警卡，安排检查1CFI011DG发现提升电机故障；2）oncall电气检查处理,1CFI011M0过载：导致热继动作,"电气处理反馈：1）故障描述：主控触发报警：1CFI913KA，现场发现1CFI011DG提升电机故障。2）原因分析：1CFI011M0过载，导致热继动作。3）检修步骤：①上限位触发，耙斗卡住，电机过载，导致热继动作，对热继进行复位，将切换开关打至停止位，调整上限位，格栅除污机打循环运行两次正常运行；②联系运行验证，发现1CFI011M0存在异音，耙斗上升过程中电机过载，导致1LKH231JA跳闸；③用万用表测量热继，发现热继两对触点全部导通，热继损坏；④对1LKH231JA下游负荷进行绝缘测量，绝缘合格；检查1CFI011M0，电机绝缘直阻正常；
③对热继电器进行复位，无法复位：7 用万用表测量热继电器常开触点与常闭触点：两对触点都导通，热继电器损坏；8 领取备件，对损坏的热继电器进行更换：9 联系运行验证，无异常，工作结束",格栅除污机（CFI011DG、CFI013DG）两侧液位差（CFI011MNCFI013MN）与其运行的关系：1 ) 2 个压差探头都测到液位差<0 . 12m 水柱时，两台格栅除污机按定时器自动交替启动运行：2 ) 1 /2 探头测到液位差≥0 . 12m 水柱时，同一系列2 个格栅除污机同时运行一个或多个循环，直到压差<0 . 09m 水柱：3 ) 1 /2 探头测到液位差≥0 . 25m 水柱时，主控发报警,
格栅除污机2CFI011/013DG 频繁启动,巡检发现2CFI011MN 压差计显示0 . 12m ，2CFI013MN 显示为-0 . 05m ，导致格栅除污机2CFI011/013DG 频繁启动,,已采取的行动措施：1 ）现场检查格栅除污机动作正常，未见松绳等报警情况。打捞未捞出海生物等杂物：2)oncall 仪控检查处理,2CFI011MN12CFI011MN2 零点不准,"仪控处理反馈：1 ）检修步骤：①打开2CFI115CR，根据端子排出线图对BNC 端子排上的1 、10 号端子进行标记：②经反复确认后拆除BNC 端子排上的1 、10 号端子：③在2CFI011ID 上进行参数修改，确认2CFI011MN1与2CFI011MN2 液位差在允许范围内；④持票观察确认2CFI011MN1与2CFI011MN2 示数稳定。
2 ）故障原因分析：2CFI011MN1、2CFI011MN2 零点不准",格栅除污机（CFI011DG、CFI013DG）两侧液位差（CFI011MNCFI013MN）与其运行的关系：1 )2 个压差探头都测到液位差<0 . 12m 水柱时，两台格栅除污机按时置自动交替启动运行；2 )1 /2 探头测到液位差≥0 . 12m 水柱时，同一系列2 个格栅除污机同时运行一个或多个循环，直到压差<0 . 09m 水柱3 )1 /2 探头测到液位差≥0 . 25m 水柱时，主控发报警,
主控触发4CFI612KA(032TF 鼓网反冲洗压力低）报警，备用泵 4CFI102P0 自动启动，压力低报警未消失,10:54 ，主控触发4CFI612KA(032TF 鼓网反冲洗压力低报警） （4CFI612SP≤0.19MPa)，备用泵4CFI102P0 自动启动，压力低报警未消失，就地检查4CFI652LP 压力0 . 34MPa ，鼓网反冲洗水喷头喷射正常，初步判断4CFI612SP 故障,导致备用的反冲洗水泵非预期自动启动,已采取的行动措施：1 ）查看和执行报警卡，检查原处于运行的泵 4CFI103P0 出口压力未见异常，泵未见异音和跑冒滴漏情况，泵出口阀门开度正常；2 ）安排现场检查备用启动的泵4CFI102P0 运行正常，检查反冲洗水就地压力表4CFI652LP 正常达到0.34MPa；3 ）安排现场检查反冲洗水沟反冲洗水流情况，未见异常。反冲洗水喷头喷射正常：4 ）oncall 仪控检查处理,4CFI612SP 仪表定值高漂,仪控处理反馈：1 ）工作过程：①拔下航空插头用胶带做好包裹；②拆除仪表管并做好封口工作，连接压力校验仪对仪表进行校验，在校验过程中发现仪表定值高漂：③对仪表进行调整，经多次调整后仪表校验合格：4 联系运行人员对4CFI612SP 进行冲水排气，恢复仪表管及航空插头，主控报警消失；5 工作结束，清理现场，归还工作许可证。2 ）故障原因分析：4CFI612SP 仪表定值高漂,1 ）反冲洗水泵自动启动信号：鼓网运行状态＋无停运反冲洗水泵信号＋本列另一台反冲洗水泵在运行且无停运命令延时30s ＋出现冲洗水压力低。2 ） 反冲洗水母管压力低的原因：①运行的泵出口阀门开度不够：②停运的泵出口阀门开度过大且逆止阀存在内漏：③反洗水泵去鼓网的出口阀（CFI611SP、612SP 下游）开度太大：④CFI611SP/612SP 仪表故障：③反冲洗泵出口压力低：可能是泵充水排气不够，需要多排会气。3 ）进行反冲洗水泵切换时，避免和处理出现反冲洗水母管压力低报警的方法：①D 在将需要停运的反冲洗水泵停运前，确认CFI001HXT 中无反冲洗水压力低的SP 触发的CFI611KS 或612KS 报警；②检查需要运行的泵启动后出口压力满足0.45~0.50MPa.g ，必要时适当调大出口阀开度；③检查反冲洗水泵去鼓网的冲洗水阀开度是否过大，若过大可参考另一列或另一个机组对应阀门适当关小；④检查格栅除污机反冲洗水阀门是否被误开启，若开启则按要求关闭；检查运行泵的运行声音和泵出口压力，若泵存在异音出口压力存在,
3 号主控触发3KRT011KA8(036MA 监测通道故障报警）,"18:38,3 号主控触发3KRT011KA8(036MA 监测通道故障报警）",3KRT036MA 故障不可用，产生双机组I02:KRT9,已采取的行动措施：1 ）查看和执行报警卡；2 ）安排辐射防护就地检查确认3KRT036MA：报警情况：3 ）安排现场检查3KRT036MA 上游供电未见异常； 4 ）反馈4 号机组主控，3KRT036MA 故障不可用，产生双机组I02:KRT9， 并请加强关注4KRT036MA 的运行情况5 ）oncall 仪控检查处理,3KRT036P0 内石墨刮片碎裂，导致 3KRT036P0 停运，3KRT036MA 取样流量低（气路故障），进而触发 3KRT036MA 故障报警,仪控处理反馈：1）缺陷描述：3 号机组突发 3KRT036MA 故障报警：2）原因分析：3KRT036P0 内石墨刮片碎裂，导致 3KRT036P0 停运，3KRT036MA 取样流量低（气路故障），进而触发 3KRT036MA 故障报警：3）处理措施：维修仪控、电气人员通力配合对电机进行检查，发现电机冷却风叶轮上的石墨片碎裂，然后对电机进行清理，更换合格的石墨刮片及滤芯，回装电机，启动 3KRT036P0，投运 3KRT036MA，分别调节 8 个取样管路的流量至 2.5m/h。确认其恢复正常后及时还票；4）后续行动：主动与电气人员协商，确定定期更换 3/4KRT036P0 石墨刮片 PM 工作的周期，全面提升 KRT 设备可靠性，确保机组安全稳定运行：5）影响评估：功率运行模式下，3KRT036MA 或 4KRT036MA 故障将触发 KRT9（双机组 I02），其运行可靠性是机组安全稳定运行的重要保证,1) KRT036MA 用于 DNN、DVK、DVW 系统通风管道空气 β 比活度的监测；2）KRT036MA 测量对象来自多个房间（3KRT036MA 有 8 个取样支路，4KRT036MA 有 7 个取样支路），以 3KRT036MA 为例，8 个取样支路对应 8 个房间，依靠各支路的电磁阀循环打开来扫描不同的房间，同一时间只有一个支路在工作中。假设当前工作在 A 支路，那么只有 A 支路的电磁阀是打开的，其他支路电磁阀关闭。工作 5 min 后，A 支路电磁阀关闭，B 支路电磁阀打开，再过 5min，B 支路关闭，C 支路打开。依次类推,
1 ．号主控同时触发1KC0024/034/044/064KA 报警,16:21 主控触发1KC0024/034/044/064KA 报警，就地检查 1KCS024/025/034/044/116AR 机柜报警灯亮,1KC0024/034/044/064KA 报警触发，机柜可靠性降低,已采取的行动措施：1 ）查看和执行报警卡，安排现场人员检查1KCS及 1KCP 机柜，发现1KCS024/025/034/044/116AR 故障灯亮；2 ）立即停止在KIC 上进行任何操作，同时优先检查1RGL、1RPN、1RPR 画面是否存在异常，随后检查所有系统画面及参数趋势未发现异常；3 ）参照《FQ9 -KC0 -I-0011~2 号机组DCS 机柜48V 失电故障规程》分析可能受到影响的系统及设备；4 )oncall 维修仪控人员检查、处理，经查原因为卡件,1KCS025AR.001UC. MPA 报 MANT1 故障并退出运行（报警代码为 ETSX64:Online diagnostic failure; ETSX39:MP has reset），下游 A 脚通讯模块 RXM 失去信道后均报 FAULT，因机架布置于不同机柜、不同通道中，导致多个 KCO 报警触发,仪控处理反馈1 ）检修步骤：①验证隔离边界，确认设备位置，检查初始条件，并根据需要建立检修场所；②EDM 检查确认1KCS025AR.001UC.MPA 卡件报MANT1 故障并退出运行（报警代码为 ETSX64:Online diagnostic failure; ETSX39:MPhasreset)，需更换备件；③执行规程《FQX-KCO-M-1529:TRICON 系统主处理器模件检修故障诊断与更换》更换MPA 卡件，故障卡件序列号：A11A2TU1；④检查确认MP 卡件故障消除；5 工作结束，清理现场，检查确认标牌完整，向运行人员报告工作完成情况。2 ） 故障原因分析：1KCS025AR.001UC.MPA 报MANT1 故障并退出运行（报警代码为 ETSX64:Online diagnostic failure; ETSX39:MP has reset)，下游A 脚通讯模块RXM 失去信道后均报FAULT ，因机架布置于不同机柜、不同通道中，导致多个KCO 报警触发,主处理器卡件为三重余设计，其包括MPA/MPB/MPC 三块处理器卡件，其中一块报警，不影响系统正常功能运行。若三块冗余的主处理器卡件，全部丧失功能，将导致该子系统的控制和显示功能丧失,
压力容器参考水位压差3RCP094/095MN 无法读取,压力容器参考水位压差3RCP094/095MN 无法读取，ICCMSSU 工作站上监视软件故障无法启动,大修期间可能影响压力容器水位监视,已采取的行动措施：oncall 维修仪控检查,软件与ICCMS 机柜通讯协议证书过期失效,仪控处理反馈一处理进展软件与ICCMS 机柜通讯协议证书过期失效。 （EOMM 手册中给出的证书有效期为15 年）由于EOMM 手册提供的问题解决信息有限，自前现场暂无法处理，需等待外方厂家技术支持。自前已就该问题与法国厂家进行了联系，初步分析原因为软件通讯协议证书过期失效导致SU 单元无法与系统建立通讯。2018 年4 月29 日依据厂家给出的方案完成软件通讯协议证书激活，SU 单元工作恢复正常，缺陷消除,RICSU 单元作为RIC 系统终端显示单元主要作用包括系统运行状态监视、内部数据显示及错误诊断等功能，其不参与系统逻辑运算及控制等功能。,
3 号主控室3KIC-0WP2 黑屏问题,"3 号主控机操站3KIC602WS 站故障不可用，其中001HV/002HV/003HV 屏幕黑屏，004HV/005HV 屏幕灰屏
14:00.4 号主控堆操站4KIC601WS-003HV 和4KIC601WS-004HV 出现黑屏，同时主控触发4KIC003KA1 报警(A 列SAR1/STR1 服务器故障)，KIC 中SRV 画面A 列STR1/SAR1 出现故障红色，B 列余显示正常","导致一台0WP 不可用，记录I02：KIC1
1)经与仪控确认，目前堆操站OWP 由允余的SAR2/STR2 服务器带载运行，仍然可用，不需记录KIC 第二组IO；2)堆操站和机操站OWP 由同一个B 列的SAR2/STR2 服务器带载运行，失去穴余，若数据量过大则有该列服务器失去的可能。如SAR1/STR1 和SAR2/STR2 同时失去，会导致两台OWP 不可用，需记录KIC2 第一组IO，24 h 内向NS/RRA 模式后撤；3)仪控反馈对故障服务器处理需要重启，重启过程中存在整个KIC 故障导致KIC 全部失效的可能。需记录KIC3 第一组IO。需切至BUP 控制，4 h 内向NS/RRA 模式后撤；
4 ）由于此时4 号机组302 大修进行辅变停役检修而产生限制条件，等同于存在第一组IO 。如果此时发生KIC 全部失效进入IKIC 规程将叠加第一组10 ，需立即执行后撤，即降功率10 ％然后手动停堆","已采取的行动措施：1)重新分配工作站：2)oncall 仪控检查处理
1 ）已采取的行动措施：D 立即检查堆操KIC 工作站，确认黑屏后已重新恢复可用，其他三个KIC 工作站均状态正常；②主控暂停一切不必要的KIC 操作；③通过BUP 盘台、ECP 盘台和可用KIC 工作站密切监视机组参数；④熟悉IKIC 规程，做好KIC 全部失效的准备：oncall 仪控人员检查；③鉴于机组出现该故障，暂停涉及KIC 操作的定期试验，反馈定期试验工程师重新安排；7 沟通仪控准备好工作方案与备件，在机组限制条件消除后立即开工；③主控减少不必要的KIC 画面切换以及操作。2 ）建议后续行动：①主控暂停一切不必要的KIC 操作，停止一切不必要的机组上操作；②为减少SAR2/STR2 的负荷，将值长和副值长站切换到操作权限供操纵员进行监盘和操作：堆操和机操画面仅用于监视，包括KIC","由于工作站硬件老化。导致显卡及主板出现故障，工作站黑屏死机
SAR1/STR1硬件故障","仪控处理反馈：1)处理进展：3KIC-0WP2 工作站正常可用；2)缺陷描述：3 号主控机操站3KIC602WS 站故障不可用，其中 001HV/002HV/003HV 屏幕黑屏，004HV/005HV 屏幕灰屏；
3 ）原因分析：由于工作站硬件老化，导致显卡及主板出现故障，工作站黑屏死机；4 ）处理措施：维修人员更换3KIC-0WP2 工作站主机，并进行软件部署，工作站恢复可用
仪控处理反馈：1）故障现象：4号机组堆操站4KIC601WS-003HV和4KIC601WS-004HV出现黑屏（A列SAR1/STR1服务器故障）。2）处理进展：12月23日早班已经按照方案完成SAR1-STR1服务器的更换，更换后的服务器启动和运行均无异常。当前KIC平台恢复正常。已确认故障原因为SARISTR1硬件故障。
3）处理措施：按照《4 号机组KIC 系统SAR1STR1 故障处理工作方案》进行服务器更换和启动，恢复KIC 平台运行正常。4 ）故障原因分析：堆操站3 /4 号屏幕出现黑屏是由于堆操站对应的主服务器SAR1STR1 故障停 运，导致堆操站自动切换至穴余服务器SAR2STR2 进行数据读取，通讯切换中短暂出现屏幕黑屏切换画面，因此闪发黑屏（穴余服务器切换正常现象）：SAR1STR1 服务器故障，根据日志排查确认SAR1STR1 服务器硬件故障，导致服务器直接停运",运行技术规范：RCD 模式下一台或两台0WP 不可用，记录第二组IO ： KIC1 ，重新分配工作站，检修必须在7 天内完成,
停运1DEG101GF 后主控触发1DEG001KA(101GF 冷冻机组综合故障）报警,执行F01-LHP-C-008需要停运1DEG101GF。当班值根据典操对1DEG101GF执行停运操作，当现场停运1DEG101GF后，主控出现报警：1DEG001KA（101GF冷水机组综合故障），现场反馈1DEG101GF就地控制屏上无任何故障报警显示,导致报警1DEG001KA（101GF冷冻机组综合故障）触发,已采取的行动措施：1 ）要求现场检查1DEG101GF 控制屏内是否有异常报警：2 ）同时要求电气现场在1DEG101GF 上游电源开关处检查有无异常报警；3 ）得到现场反馈均无异常后，要求现场检查1DEG105VN 关限位是否触发，并拍摄现场照片：4 ）结合现场照片以及逻辑分析，怀疑1DEG105VN 关限位未正常触发，导致触发报警，oncall 仪控检查处理；5 ）仪控检查发现1DEG105VN 关限位松动，已进行处理,1DEG105VN 关限位开关松动,仪控处理反馈1 ）原因分析：1DEG105VN 关限位松动；2 ）处理过程：现场确认设备后召开工前会，开工前通知主控：②对关限位开关通道检查，确认1DEG105VN 关限位松动③对关限位开关重新进行安装紧固，消除报警,1DEG001KA（101GF 冷水机组综合故障）触发逻辑：在关闭命令（1DEG102KG 在“OFF”）发出后，1)1DEG105VN1DEG105VN 非全关：或1DEG101C0 非正常停机（如1DEG101C0 供给电源丧失），延迟2 min 钟触发报警；2 ）冷水机组上的保护装置跳闸触发1DEG101C0 故障,
P320 内A102/102HS 至4KCP566AR 机柜内FBM2333 之间通讯节点故障，导致4 号机组闪发4GSE001KA：TGC 系统故障报警,"2019年10月17日-2019年10月22日，福清核电4号机组多次发生P320与DCS通讯故障，多次闪发4GSE001KA报警。10月17日16:05、16:16,4号机组闪发2次4GRE、4GSE、4GEX、4GGR、4GME大量仪控报警，闪发4GGR996KA(N选M选择器故障)，4GGR911KA(N选M选择器扰动)，系统画面短时显示洋红色。10月19日20:53:52主控闪发4GSE001KATGC系统故障报警，主控检查4GSE、GRE画面无异常，现场检查4KCP、4KCS、4GRE、4CSE柜子无异常。10月20日13:09:57主控再次出现4GSE001KATGC系统故障报警，持续4S后消失。10月21日21:41:38、21:43:20、21:43:23、22:51:26主控共闪发四次4GSE001KATGC系统故障报警。主控检查4GSE、GRE画面无异常，现场检查4KCP、4KCS、4GRE、4GSE柜子无异常。10月22日夜班再次闪发一次4GSE001KA报警。10月22日中班闪发三次4GSE001KA报警",报警为P320侧检测到短时备用通讯失去产生的综合报警，不影响P320运行,已采取的行动措施：1)立即查看主控4GSE系统画面，监视汽机参数，未发现异常报警；2)立即安排就地查看4GRE/GSE系统控制柜，当前未发现异常；3)发起oncall，要求仪控立即安排进行报警原因分析；4)运行做好事故预想，熟悉预案和规程《FOY-OP00-TD-19004P320系统CCL主备用控制器同时故障分析及机组运行控制方案》《FQ4-OP00-TD-180034STG主备用控制器同时故障分析及机组运行控制方案》《FQ4-OP00-TDT-17007福清核电4号机组P320与DCS中断期间升降功率应急预案》,P320内A102/102HS至4KCP566AR机柜内FBM233之间通讯节点故障,仪控处理反馈1)处理进展：维修人员通过FBM软件重启、硬件热插拔、光纤排查、光电转换模块与光纤熔接盒的检查，均未能彻底消除4GSE001KA报警。经维修人员讨论，办理TSD将两路通讯中的一路从HUB通过5E网线直连至DCS侧FBM233通讯卡，报警未再次出现。经仪控专业变更审查会同意：对4号机组P320机柜与DCS通讯链路进行变更，采用5E网线从HUB直连至DCS侧FBM233卡件。2)检修步骤：①根据《4号机,P320 机柜与DCS 通讯采用TCP/IP 的MODBUS 通讯协议，DCS 侧为主站，P320 侧TGC-S 为从站，从P320 侧，依次经过HUB 一光电转换模块一光纤熔接盒-DCS 侧光纤熔接盒-MC-FBM233 卡件进行通讯,
主控出现1GEX106KA、130KA、1GPA592KA、631KA，就地检查为发电机转子接地1 段故障报警,07:55 ，主控出现1GEX106KA（励磁系统综合报警）、1GEX130KA（发电机转子接地报警）、1GPA592KA（非电量保护装置故障）1GPA631KA（发电机转子接地报警），就地检查为发电机转子接地1 段故障报警,可能引起保护装置误动作，导致发电机跳闸的风险,已采取的行动措施：1 ）查看和执行报警卡：2 ）就地检查为发电机转子接地1 段故障报警3 )oncall 电气检查处理,电刷内部积累灰尘和杂质较大增加摩擦力，造成电刷不举，测量回路断开,电气处理反馈：1 ）工作过程：①验证励磁机停运，现场核对设备；②组织召开工前会，交代工作内容，对工作组人员进行分工；③按照《FOX-GEX-TD-E17049 发电机转子绝缘监测装置电刷卡涩处理工作方案》进行检修工作；a ．执行规程6 . 1 装置拆除和环境清洁；b ．刷架下敷设白布，防止异物落入电枢；c ．执行规程6 . 2 电刷改造及试验；d ．执行规程6 . 3 安装DMR 电刷；e ．测量电刷和滑环间隙；正极2 . 15mm ，负极2 . 0mm ，接地极2 . 0mm ；f ．电刷动作正常。④工作结束，清理现场，归还工作许可。2 ）故障原因分析：电刷内部积累灰尘和杂质较大增加摩擦力，造成电刷不举，测量回路断开,GEX106KA（励磁系统综合报警）是AVC 投入的闭锁条件之一，出现该报警，AVC 会自动退出,
主控巡盘发现 13CEX025VL 开度在 12%～20%之间跳变,主控巡盘发现 3CEX025VL 开度在 12%～20%之间跳变，现场发现 3CEX025VL 阀门振动大，3CEX025VL 开度真实波动，主控观察 3CEX001/002/003MD 在 1400~2700 m3/h 之间波动。3CEX002PO 和 3CEX003PO 电流在 106 A 和 145 A 之间波动,弓引起凝泵电流和出口流量剧烈变化，威胁凝结水泵运行安全,已采取的行动措施：1)手动干预控制除氧器液位，液位稳定后，重新恢复除氧器液位自动控制；2)加强关注凝结水泵电流、出口压力和流量波动情况以及泵运行参数；3)oncall维修仪控、机械检查处理,3CEX025VL阀杆联轴器与气动执行机构立柱间隙不均匀,机械处理反馈：1）处理过程：①仪控检查3CEX025VL阀门定位器功能正常无故障；②确认阀门处于失气状态，拆开阀杆联轴器连接螺栓；③对联轴器进行清理，两边进行倒角；④回装联轴器，对3CEX025VL阀杆联轴器与气动执行机构立柱间隙调整。2)故障原因分析：3CEX025VL阀杆联轴器与气动执行机构立柱间隙不均匀。故障原因分析：联轴器与支架之间，间隙不均匀匀,,
1ABP001HXT 中 1ABP003KT 显示××××，需检查仪表,1ABP001HXT 中 1ABP003KT 显示XXXX,导致使用1ABP003KT 无法监测1B 低加进口水温,已采取的行动措施：1 ）安排现场检查1ABP003KT 外观和接线情况；2 ）oncall 仪控检查处理；3 ）通过1CEX007KT 和1ABP0001KT 辅助监视1B 低加进口水温,温度元件接线脱落,仪控处理反馈：1 ）处理过程：①在DCS 机柜侧检查1ABP003KT 的接线，检查并未松动；②来到就地检查温度元件接线，发现有一根接线脱落，重新压线鼻子进行紧固，联系运行人员，1ABP003KT 显示正常；2 ）故障原因分析：温度元件接线脱落,1ABP003KT 只参与KIC 显示，不涉及报警和逻辑动作,
"1ABP201VL 阀门电动头显示“过力矩”报警, 无法操作",建立1CEX-ABP-ADG-CEX 的小循环时，1ABP201VL 主控显示洋红色，1ABP201VL 现场显示过力矩报警,导致无法操作1ABP201VL，影响1B/2B 低加水侧的投运，影响1CEX-ABP-ADG-CEX 小循环的建立,已采取的行动措施，1）安排现场检查确认1ABP201VL 电动阀供电情况，安排现场核实阀门的实际开关状态，检查确认电动头的报警情况：2）oncall 维修电气检查处理,电动阀门关限位偏差造成过扭矩报警,电气处理反馈：1）检修措施及步骤：①现场检查电动头显示1 ％位置时出现过扭矩报警；②手动摇动阀门将阀门关至全关位，重新设定电动头关限位③运行人员电动开、关操作阀门确认缺陷消除：④工作结束后，恢复开关原始状态，清理现场。2 ）故障原因分析：电动阀门关限位偏差造成过扭矩报警,ABP201VL1B 低加进水电动阀）的控制逻辑：1）开启条件：1/2B 低加高液位未触发＆lt;800mm；2）自动关闭：①1B 低加解列；②2B 低加解列；3）ABP201VL 未全开时，1 号、2 号低加旁路阀ABP008VL 将保护全开,
1ABP420VV 显示大红色故障，现场查看为关闭状态,执行F02-GTA-C-005时发现2ABP420VV大红色，现场检查已碰到开限位,"影响 1ABP420VV 阀门动作的可靠性，影响汽轮机抽汽管道的疏水
影响2ABP420VV阀门动作的可靠性，影响汽轮机抽汽管道的疏水","已采取的行动措施：1）安排现场检查确认阀门实际状态；2）oncall 仪控和机械检查处理；3）主控加强关注 1ABP113SN/114SN 的触发情况，若液位高触发阀门未自动开启，安排现场手动开启
已采取的行动措施：1）安排现场检查确认阀门实际状态：2） oncall仪控检查处理；3）主控加强关注2ABP113SN/114SN的触发情况，若液位高触发阀门未自动开启，则安排现场手动开启","联轴器偏移
2ABP420VV阀门开关位置出现偏移","机械处理反馈，1）处理过程：①对联轴器进行校正；②仪控配合安装限位连杆；③联系运行人员进行验收。2)故障原因分析：联轴器偏移
仪控处理反馈1）工作过程：①拆除2ABP420VV开关；②向2ABP420VV阀杆方向移动开关，且固定开关；③验证开关动作正常；④将限位开关反馈杆与阀杆重新连接并进行固定；联系运行人员验收。2）故障原因分析：2ABP420VV阀门开关位置出现偏移","ABP420VV:控制逻辑：1）ABP420VV（4A低加抽汽止回阀前疏水阀）自动开关信号：ABP113SN触发（4A低加抽汽止回阀前疏水袋前液位高）或4A低加抽汽止回阀关或汽轮机负荷小于30%FP或汽轮机跳闸，ABP420VV将自动开启，开启经一定延迟后自动关闭；2）ABP420VV（4A低加抽汽止回阀前疏水阀）保护开信号：ABP114SNT触发（4A低加抽汽止回阀前疏水袋前液位高）信号
ABP420VV（4A 低加抽汽止回阀前疏水阀）的自动控制逻辑：1 ） ABP420VV（4A 低加抽汽止回阀前疏水阀〉自动开关信号： ABP113SN 触发（4A 低加抽汽止回阀前疏水袋前液位高）或4A 低加抽汽止回阀关或汽轮机负荷小于30 %FP 或汽轮机跳闸，ABP420VV 将自动开启，开启经一定延迟后自动关闭：2 ）ABP420VV（4A 低加抽汽止回阀前疏水阀）保护开信号：ABP114SN 触发（4A 低加抽汽止回阀前疏水袋前液位高高）信号",
1ABP510VV 在主控 KIC 中显示洋红色，现场检查发现 1ABP510VV 开关限位同时触发,1ABP510VV（3A/B 抽汽母管止回阀前疏水阀）在主控 KIC 中显示洋红色现场检查发现 1ABP510VV 开关限位同时触发,导致无法在主控准确监视 1ABP510VV 阀门状态，影响 3A/B 抽汽母管止回阀前疏水阀动作的可靠性,已采取的行动措施：1)安排现场检查气动阀1ABP510VV阀门供气情况和现场实际开关状态；2)oncall仪控检查处理,1ABP510VV开关限位同时触发，关限位开关短路,仪控处理反馈：1）检修措施及步骤：①确认1ABP510VV阀门开关位置：②打开1ABP510VV关限位开关盖子：③对1ABP510VV开关关限位测量、处理：④1ABP510VV开关关限位处理后已不短路，已正常：5恢复1ABP510VV关限位开关盖子：③工作结束、清理现场。2)故障原因分析：1ABP510VV开关限位同时触发，关限位开关短路,ABP510VV(3AB抽汽母管止回阀前疏水阀)的控制逻辑：1）自动开启：①汽轮机跳闸；②发电机有功功率&lt;30%；③3A/B低加抽汽母管止回阀有保护关闭命令：④疏水袋水位高ABP111SN触发;2）保护开启：疏水袋水位高高ABP112SN触发；3）自动关闭：自动开启命令消失后2s,
1AC0106VL 电动头显示面板上显示“R5 -8 继电器硬件故障”,1AC0106VL 电动头显示面板上显示“R5 -8 继电器硬件故障,影响1AC0106VL 阀门的可靠性，威胁疏水箱1AC0301BA 的正常疏水排放,已采取的行动措施：1 ）现场检查确认阀门1AC0106VL 处于打开状态；2 ）和维修电气专业确认当前缺陷不影响阀门处于正常开启，提工作申请（WR ）由电气检查处理,电动头继电器板故障,电气处理反馈1 检修措施及步骤：①现场确认电动头显示面板上显示“R5 -8 继电器硬件故障”；②断开上游电源后对电动头继电器板进行更换；③送电后联系运行人员确认报警消除。2 ）故障原因分析：电动头继电器板故障,AC0106VL 的控制逻辑1 ）允许开信号：除氧器水位不高＆4A 低加出口阀全开；2 ）自动开启信号：AC0101P0 运行；3 ）自动关信号：除氧器水位高高或3A /4A 低加解列或AC0101P0 停运,
1AC0108/208VL频繁切手动,1AC0108/208VL频繁切手动,导致1AC0108/208VL无法自动控制，影响ACO泵小流量循环功能,已采取的行动措施：1）主控加强关注AC0301P0/302P0电流和出口压力流量波动和振动情况；2）加强关注和控制 1AC0301BA/302BA液位；3）oncall仪控检查处理,阀门定位器故障,仪控处理反馈：1）处理措施：定位器故障，确认故障信息后， 初始化定位器，恢复正常；2）故障原因分析：阀门定位器故障,疏水泵再循环阀AC0108VL根据泵出口流量自动调节,
1AC0301P0 触发电机轴承温度高,15:57 分，1 号机组出现1AC0035KA 报警：低加疏水泵A 电机轴承温度高（定值90℃），现场点温发现1AC0301M0 电机轴承温度确实比1AC0302M0 温度高。18 时04 分报警消失。通过仪控一层检查发现：1AC0301M0 电机轴承温度：1AC0409KT:89.36℃:1AC0410KT:86.47℃:1AC0302M0 电机轴承温度：1AC0419KT:50.80℃:1AC0420KT:60.48℃,）根据报管下安水求：如果电机轴承温度达到高高报警：95℃：需手动停泵；2）根据之前满功率运行时，1AC0301P0 停运经验反馈，1 台ACO 泵停运热功率将上涨10MWe,,,,,
1ADG005VL 故障，无法实现就地开关操作,1ADG005VL 打至LOCAL 位置后旋转OPEN、CLOSE 阀门均无反应，电动头上显示“旋钮硬件故障”,导致阀门无法置就地手动开关操作，影响二回路大循环运行,已采取的行动措施：1 ）确认阀门供电正常，检查电动头上存在“旋钮硬件故障”2 ）检查阀门供电离合装置在正确位置；3 ） oncall 电气检查处理,电动头上旋钮损坏,电气处理反馈1 ）检修内容及步骤：①检查1ADG005VL 电动头旋钮损坏；②安装新的电动头旋钮；③联系运行送电验证，电动头状态正常，关、合正常；④工作结束后，请运行人员验收后归还工作许可证。2 ）故障原因分析：电动头上旋钮损坏,除氧器紧急放水阀ADC0005VL的控制逻辑（无自动指令）：1）手动开启信号：KIC开启；2）手动关闭信号：KIC关闭,
1ADG023VL (STR 疏水冷却器疏水调节阀) 阀门显示开度在0%~25%之间波动,巡盘发现1ADG023VL 阀门显示开度在0 %~25 ％之间波动（要求开度为0 %），现场查看1ADG023VL 阀门为全关状态，阀门未动作，管线无振动,导致无法准确监视L1ADG023VL 阀门开度,已采取的行动措施：1 ）主控关注1STR001BA 液位在正常范围内； 2 ）安排现场检查1ADG023VL 阀门的实际开度，发现阀门处于全关状态；3 ）oncall 仪控检查处理,1ADG023VL 反馈信号线松动,仪控处理反馈：1 工作过程：①就地确认1ADG023VL 设备位置；②打开1ADG023VL 定位器检查反馈线无松动；③打开1ADG023VL 信号中间转接箱，发现反馈线松动；④紧固1ADG023VL 反馈线，就地定位器显示无波动；1ADG023VL 就地设备接线全面紧固：6 联系运行人员确认1ADG023VL 就地显示与盘前显示一致。2 ）故障原因分析：1ADG023VL 反馈信号线松动,ADG023VL 的自动关闭信号：除氧器水位高高或STR003VL 全开,
1ADG031VV（除氧器启动排气阀）在KIC 开启后显示红色，就地为全关,1ADG031VV 在KIC 开启后显示红色，就地为全关,影响阀门开关操作的可靠性，影响除氧器启动加热排气,已采取的行动措施，1 ）安排现场检查阀门实际开度，确认阀门就地处于全关位置；2 ）安排电气现场确认阀门供电正常，检查阀门电动头故障报警情况；3 ）oncall 电气检查处理,电动头内的继电器板故障,电气处理反馈：1 ）检修措施及步骤：①现场分析后确认电动头内的继电器板故障；②对电动头内的继电器板进行更换；③联系运行人员送电后确认无报警。2 ）故,"在除氧器冷态启动时, 使用 SVA 系统辅助蒸汽进行加热, 开启除氧器壳体至大气的启动排气阀 ADG030/031VV, 关闭除氧器至凝汽器的运行排气阀 ADG032/033VV。在除氧器热态启动时, 使用 VVP 系统的新蒸汽进行加热: 关闭除氧器的启动排气阀 ADG030/031VV, 开启除氧器至凝汽器的运行排气阀 ADG032/033VV",
1ADG163VV（五级抽汽总管止回阀后疏水罐疏水阀）动作过程中会显示洋红色，阀门开关动作结果正常,1ADG163VV动作过程中会显示洋红色，阀门开关动作结果正常,1ADG163VV动作过程中显示洋红色，导致主控无法准确确认阀门的实际开关状态,已采取的行动措施：1）安排现场观察阀门实际动作状态情况，确认阀门开关动作结果正常；2）提工作申请（WR）按计划处理,1ADG163VV阀门限位开关损坏,,ADG163 VV 阀门的控制逻辑：1)手动开启信号：KIC开启；2)手动关闭信号：KIC关闭；3)自动开启信号：汽轮机跳闸或汽轮机负荷≤30%或疏水袋液位ADG109SN高或关ADG001VV;4)自动关闭信号：汽轮机跳闸且汽轮机负荷30%且疏水袋液位ADG109SN高且关ADG001VV信号消失后2s;5)保护开启信号：疏水袋液位ADG110SN高高,
1AGM201AR 上出现转速传感器故障报警,1APA202PO 就地控制柜1AGM201AR 上存在“SPEED&DIRECTIONSENSORFAULT 报警,可能导致泵转速控制切换到手动,已采取的行动措施：1 ）主控加强监视给水泵B 的转速控制；2 ）尝试通过1AGM201AR 上的复位按钮复位报警，未能成功；3 ）检查1AGM201AR 的供电未见异常；4 ）oncall 仪控检查处理,1AGM201AR 转速传感器接线出现松动,仪控处理反馈：1 ）处理过程：D 在机柜检查，用螺丝刀进行紧固1AGM201AR 的X3 端子排上的端子；②处理后端子接线恢复正常： 2 ）故障原因分析：1AGM201AR 转速传感器接线出现松动,,
1APA302P0 液力耦合器油箱呼吸器1AGM301ZE 堵塞导致油含水量升高,2015 年04 月-08 月期间，1 号机组3 号主给水泵多次出现水含量升高事件，期间均伴有推力轴承回油视窗充满大量泡沫异常，且出现泡沫期间，油视窗有间歇性气流返涌现象,排气性能不良、油泡沫多将弓引起主给水泵输出速度存在不同程度的振荡或执行器和勺管周期的移动，影响APA 泵运行安全,已采取的行动措施：1 ）主控加强泵和电机轴承温度的监视；2 ）主控加强监视泵转速震荡情况；3 ）安排现场加强对液力耦合器油箱油位的监视4 ）安排机械利用滤油机进行滤油，和准备好备用新油，以便必要时进行换油；5 ）安排化学加强监测液力耦合器油箱内油的含水量，按化学技术规范进行跟踪控制,经分析出现泡沫的原因可能为液力耦合器油箱呼吸器堵塞。造成耦合器箱体憋压，导致其内部气体绕道回油管线从轴承室呼吸器排出，此过程中回油与排油反复搅浑，在回油管中产生泡沫。2015 年09 月-10 月2APA 系统1 /3 号泵均出现过类似泡沫问题。经现场验证，打开液力耦合器箱体侧面法兰盲板后（与大气相通），有大量油烟冒出，随后回油视窗泡沫迅速消失（1min 内），可确认耦合器箱体憋压导致泡沫产生，并初步判断为耦合器呼吸器堵塞导致。液力耦合器呼吸器主要由于平衡液力耦合器油箱与大气的压力，由于滤芯过密封采用折叠滤纸结构，极有可能导致滤纸吸附油烟和污物后堵塞网孔，导致排气阻力过大，无法实现其正常空气通流能力,机械处理反馈：1 ）处理措施：根据外电厂运行经验，通过变更改造将液力耦合器油箱呼吸器滤芯由3μm 的折叠滤纸型滤芯，更换为50μm 滤布式滤芯，以增加防油烟堵塞能力。2 ）原因分析：经分析出现泡沫的原因可能为液力耦合器油箱呼吸器堵塞，造成耦合器箱体憋压，导致其内部气体绕道回油管线从轴承室呼吸器排出，此过程中回油与排油反复搅浑，在回油管中产生泡沫。2015 年09 月-10 月2APA 系统1 /3 号泵均出现过类似泡沫问题。经现场验证，打开液力耦合器箱体侧面法兰盲板后（与大气相通），有大量油烟冒出，随后回油视窗泡沫迅速消失（1min 内），可确认耦合器箱体憋压导致泡沫产生，并初步判断为耦合器呼吸器堵塞导致。液力耦合器呼吸器主要由于平衡液力耦合器油箱与大气的压力，由于滤芯过密封采用折叠滤纸结构，极有可能导致滤纸吸附油烟和污物后堵塞网孔，导致排气阻力过大，无法实现其正常空气通流能力,液力耦合器呼吸器堵塞将导致油气分离效果差，引起油中含泡沫存在引起主给水泵转速震荡的风险,
1ARE059VL 主控KIC 中显示洋红色故障状态,10 : 22 分，主控KIC 中1ARE059VL 显示洋红色故障状态,,已采取的行动措施：oncall 仪控检查处理,阀门开限位端接松动，导致阀门限位反馈信号未收到,仪控处理反馈，1）检修步骤：①取得工作许可证，验证隔离边界、检修设备位置；②与主控交流，取得当班值长同意后开工；③在DCS一层工程师站检查，发现阀门无开反馈，就在地检查阀门电动头。状态正常，最后在机柜侧检查开限位端接。发现接线松动，紧固后故障恢复；④工作完成后，清理现场；③归还工作许可证，请运行人员验收。2）故障原因分析：阀门开限位端接松动，导致阀门限位反馈信号未收到,1ARE059VL为3号蒸发器主给水调节阀1ARE033VL上游的隔离阀,
1ARE243VL 阀门定位器背部3RELAY 漏气（压缩空气）,2018 年11 月30 日，经现场巡检发现1 号机组2 号蒸汽发生器主给水旁路管道调节阀1ARE243VL 定位器放大器（RELAY ）部件漏气,1ARE243VL 是2 号蒸汽发生器供水小阀，阀门失气关闭会影响2 号蒸汽发生器水位控制,1ARE243VL 阀门定位器背部RELAY 漏气,仪控处理反馈一一处理进展：1 ）经检查1ARE243VL 定位器放大器（RELAY ）部件漏气。故障的部件型号为83L 型放大器，初步分析属于设备本身原因故障，放大器共有4 层，各密封面采取特殊材料和工艺处理，不可现场维修；,,1ARE243VL为2环的旁路给水调节阀，在功率小于20%FP时给2号蒸汽发生器供水,
1 号主控触发发电机转子接地报警，1AVC 系统自动退出运行,06:14.1 号主控出现1GPA631KA（发电机转子接地报警）、1GPA592KA （非电量保护装置故障）、1GEX130KA（发电机转子接地报警）、 1GEX106KA（励磁系统综合报警）。1AVC 自动退出运行。就地检查发现1GEX001AR、1GPA005AR 上存在转子接地报警,导致1AVC 自动退出运行,已采取的行动措施：1 ）向电网汇报1AVC 退出情况：2 ）就地检查发现 1GEX001AR、1GPA005AR 上存在转子接地报警：3 )oncall 电气检查处理,,电气处理反馈：1 ）检查内容：对2 号发电机转子接地测量装置进行举刷试验，10 次试验中出现1 次报警。通过录波波形判断，接地检测碳刷存在卡涩情况。2 ）处理进展：报警复归，恢复投入1AVC 。3 ）故障原因：接地检测碳刷存在卡涩接触不良。4 ）后续行动：办理TCA ，修改发电机转子接地报警定值。5 ）工作过程（TCA 工单：01056672-01）：①将1GEX001AR 上215XZ 装置内转子接地一段定值由4000Q 修改为2500Q ；②检查确认转子接地一段定值已修改为2500Q ；③工作结束前状态检查；④请运行人员验收，归还工作许可证。注：TCA 实施原因，考虑到一段报警（R <4000 Q2 ），因碳刷卡涩已经不具备实际参考价值，为防止该报警对造成AVC 装置频繁退出，需临时修改转子接地保护一段定值,"1GEX001AR 转子接地保护设定值（I 段R <4000Q ，t , =5s ），每天进行一次转子接地电源检测，报警中1GEX106KA（励磁系统综合报警）是AVC 投入的闭锁条件之一，出现该报警，AVC 会自动退出",
1 号主控触发发电机转子接地报警，1AVC：系统自动退出运行,"06: 14, 1 号主控出现 1GPA631KA (发电机转子接地报警)、1GPA592KA (非电量保护装置故障)、1GEX130KA (发电机转子接地报警)、1GEX106KA (励磁系统综合报警)。1AVC 自动退出运行。就地检查发现 1GEX001AR、1GPA005AR 上存在转子接地报警","导致1AVC,自动退出运行",已采取的行动措施: 1)查看和执行报警卡; 2)就地检查发现 11GEX001AR、1GPA005AR 上存在转子接地报警; 3) oncall 电气检查处理,"经检香为发电机转子接地保护碳刷卡涩接触不良, 引起测量电流突变, 测量电阻降低, 触发报警","电气处理反馈: 1)处理措施: 对2号发电机转子接地测量装置进行举刷试验, 10次试验中出现1次报警。通过录波波形判断, 接地检测碳刷存在卡涩情况。2)处理进展: 报警已复归, 恢复1AVC投入。3)故障原因: 接地检测碳刷存在卡涩接触不良。4)后续行动: 办理TCA, 修改发电机转子接地报警定值。5)工作过程(TCA工单: 01056672-01): ①D将1GEX001AR上215XZ装置内转子接地一段定值由4000Q修改为2500Q; ②检查确认转子接地一段定值已修改为25002③工作结束前状态检查: ④请运行人员验收, 归还工作许可证。注: TCA实施原因, 考虑到目前一段报警(R&lt;4000 2), 因碳刷卡涩已经不具备实际参考价值。为防止该报警对造成AVC装置频繁退出, 需临时修改转子接地保护一段定值","1GEX001AR转子接地保护设定值(1段R&lt;4000Q, t=5s), 每天进行一次转子接地电源检测, 报警中1GEX106KA (励磁系统综合报警)是AVC投入的闭锁条件之一, 出现该报警, AVC会自动退出",
1CFI311BA 下游油管漏油缺陷处理,1号主控09:06出现1CFI311KA（031TF前轴承箱311BA液位低）报警，就地核实油位仅剩几厘米，12：03机械补油后报警消失。15：09报警再次出现怀疑管线存在漏油，联系机械人员补油并检查，经检查确认1CFI311BA至轴承箱加油管线存在破口,由于1CFI311BA 至轴承箱加油管线存在破口，导致润滑油持续流失，若补油不及时或1CFI311SN 损坏而又未及时发现缺油，将可能导致1CFI031TF 鼓网损坏，1CRF001PO 跳闸，失去A 列冷源，凝汽器真空恶化，机组不得不降功率运行，甚至导致停机停堆，给机组带来严重瞬态,1 ）已采取的行动措施：①在缺陷处理前，机械加强油位巡检并及时补油，同时运行加强巡检，发现油位低及时联系机械补油。经估算漏油速率约1.25L/h，约4~5h 补一次润滑油；②经核实润滑油泄漏点在鼓网腔室内侧中上部不可达位置，若检修需要在鼓网停运窗口搭设约10m 脚手架才能实施维修，因此机组功率运行状态无法实施；③为临时解决油箱下油管线漏油过快的缺陷，计划将原两条供油管线拆除，另加两路软管连接油箱与鼓网左轴承室注油口进行替代，以保证加油功能；④06 月01 日晚利用低潮位窗口，维修按计划实施替代油管安装工作，完成后重新加注润滑油，并现场检查各连接点无泄漏现象，持票观察了2 天；③为应对维修过程中可能出现的鼓网异常问题，当班值提前熟悉循泵跳闸、鼓网停运等故障规程及文件。2 ）建议后续行动：补油后约5h 报警再次出现，机械安排人员现场待命随时补油,1CFI311BA 至轴承箱加油管线存在破口导致漏油,"机械处理反馈1 ）风险控制：①由于鼓网大轴位于海平面0m 标高，而高潮位时海水淹没鼓网大轴数米，因此该工作需在低潮位期间开展；②由于现场作业环境恶劣，包括密闭空间、临边作业、地面湿滑等，因此需办理ISP ，相应防护措施如安全带、氧表等需配备齐全，工业安全人员全程监督；③由于查看06 月01 日低潮位为22 :50 ，保守估计该工作最长将耗时近3h 。因此工作人员提前就位，在海水下降至满足作业要求后即可开工，留有足够的作业时间。实际耗时1h 左右；④现场照明条件差，由
③敷设好的钢丝透明软管需检查不得弯折、扭曲。保证加油管线畅通；②软管接好后对油箱进行加油。加油完成后需观察油位情况以判断管线、接头是否存在泄漏并及时处理；8 作业过程中需严格进行防异物控制，避免异物进入油回路或进入海水系统影响系统正常运行；③经咨询厂家人员，切断鼓网大轴供油管线，大轴内部仍存有20L 油量。该润滑油正常消耗量较小，可保证鼓网继续运行较长时间。即使在无润滑油的极端情况下鼓网仍可运行48h 。2 ）处理措施：①在缺陷临时处理方案实施前，安排人员现场待命随时补油；②编制了临时处理方案，领取软管和加工油管接头后，在低潮位时实施TSD 安装临时供油软管；③103 大修时拆除了TSD 并更换金属输油管段。3 ）故障原因分析：1CFI311BA 至轴承箱加油管线存在破口导致漏油",1~4 号机组鼓网主轴承润滑油管，因原设计管路螺纹活接头数量过多，且运行期间受海水冲刷腐蚀严重并存在轻微的振动，易导致活接头密封失效，发生泄漏。润滑油管布置在鼓网腔室内侧，机组运行期间无法检修。变更情况：将部分螺纹活接头管件修改为承插焊连接的管件或煨弯管道，同时修改活接头的样式，便于管路拆装，将管路布置在楼梯过道边上，便于日常巡检及后续开展检修工作,
1CTE291LD/MD 流量显示异常,1CTE291LD/MD(1 号机CFI 加氯框前流量计）就地远传到上位机的流量，有时有对应的流量显示，有时直接变成0 ，反复变化,无法准确监视跟踪CTE 加药流量,已采取的行动措施：1 ）安排现场检查1CTE291LD/MD 流量计前后的阀门1CTE516VK524VK 在线情况，未见异常；2 ）检查流量计下游1CTE506GT 中加药水流正常；3 ）提工作申请（WR）跟踪处理,转换器电子元件损坏导致上位机显示异常,电气处理反馈：1 ）工作过程：①确认1CTE001CR 箱内1CTE9902JA 已隔离断电；②打开1CTE291LD 仪表表盖，检查转换器接线，确认无松动，对转换器进行检查，检查发现转换器电子元件损坏，对转换器进行更换；,③测量仪表电极及励磁线圈，确认正常，恢复1CTE291LD仪表表盖；④联系运行解除隔离，对仪表参数进行设置，确认与上位机一致；工作结束。2)故障原因分析：转换器电子元件损坏导致上位机显示异常,
启动1DEG201GF 时显示“冷却水断流”，1DEG201GF 无法启动,夜班执行《FQ1-LHP-C-0081LHP 启动前设备切换》时，启动 1DEG201GF 时显示“冷却水断流”，导致1DEG201GF 无法启动,导致1DEG201GF 无法启动，产生I02: DEG1,,,,仪控处理反馈：1 ）检修措施及步骤：①将1DEG203SP 退出投运状态；②对1DEG203SP 进行校验，发现定值负偏，并对仪表进行调整，调整后校验合格；③恢复仪表到初始状态，并投运仪表；④投运后1DEG203SP 显示正常；5 启动1DEG201GF ，对1DEG203SP 进行验证，1DEG203SP 功能正常。2 ）故障原因分析：对仪表进行校验，发现定值往负偏，怀疑是RRI 设冷水流量有点偏低，导致1RRI205VN 打开后1DEG201CS 前后差压不满足要求,
1DEL001CR 端子箱上冷冻水压力低报警,1DEL001CR 端子箱上冷冻水压力低报警,导致1DEL001CR 上显示冷冻水压力低报警,已采取的行动措施：提WR 按计划处理,因操作员使用过1DEL 系统中的冷冻水，导致系统压力降低， 1DEL009SP 触发低压报警，为系统真实压力低报警，运行人员使用完毕后对系统进行补水，KIC 和BUP 上报警消失，但1DEL001CR 上报警需用005CC 钥匙复位才能消除,"仪控处理反馈：1 ）检修措施及步骤：①与运行人员沟通后得知之前操作员有使用过1DEL 系统冷冻水，系统压力降低导致 1DEL009SP 触发报警，完毕后对其系统进行补水，报警正常消失，且1DEL009SP 与2016 年01 月29 日有过校验，故判断1DEL009SP 没有故障，为真实报警触发；②现场确认1DEL001CR ，报警灯为灭；
③现场确认仪表位号,对1DEL001LP进行检查,仪表正常;④与操作员沟通得知,操作员规程里只注明使用1DEL系统冷冻水后补水至BUP与KIC上报警消除,但没有注明需要用钥匙对1DEL001CR上的报警进行复位,提此缺陷前未对1DEL001CR上的报警复位,已建议操作员对此情况进行反馈并升版规程。2)故障原因分析:因操作员使用过1DEL系统中的冷冻水,导致系统压力降低,1DEL009SP触发低压报警,为系统真实压力低报警,运行人员使用完毕后对系统进行补水,KIC和BUP上报警消失,但1DEL001CR上报警需用005CC钥匙复位才能消除",1DEL001CR上报警需用005CC钥匙复位才能消除,
1DEL001GF 的压缩机电机001MO 油密封机构脱落；密封油流出,1DEL001GF 的压缩机电机001MO 油密封机构脱落，密封油流出,压缩机电机密封油流出，1DEL001C0 不可用：密封油流出考虑火灾隐患,已采取的行动措施：主控紧急联系安排人员将压缩机切到 1DEL003MO 运行，并联系维修机械将1DEL0001C0 打至手动，避免误启动,驱动端端盖密封圈未装到位，造成轴承润滑油流出,,,
主控出现1DEL010KA（冷冻水出口温度高），就地查看 1DEL001GF 因冷却水流量低跳闸，怀疑1DEL201VN 阀门控制调节回路故障,主控出现1DEL010KA，就地香看1DEL001GF 因冷却水流量低跳 闸，将1RRI085VN 由55 ％开至全开（目前已恢复初始开度），重新启动仍因冷却水流量低跳闸,导致1DEL001GF 距跳闸，无法启动，冷冻水出口温度高，引起 DVC、DVE、DVL 下游负荷温度上升,已采取的行动措施：运行（相应的启动B 列的J1SEC002P0 和1 切至1DEL002GF1RRI004P0) ;2) oncall 仪控检查处理,1DEL109SP 定值漂移。导致1DEL001GF 跳闸,义控处理反馈1 ）工作过程：①对1DEL109SP 进行校验，发现定值漂移很多，重新调整后，定值正常；②重新启动1DEL001GF 后验证合格。2 ）故障原因分析：1DEL109SP 定值漂移，导致 1DEL001GF 跳闸,,
在启动1DEL002GF 时，1DEL002AR 控制屏显示冷却水流量低报警，导致1DEL002GF 无法启动,1DEL002GF 在启动过程中出现冷却水流量不足报警，但是 1RRI212LD 流量正常,导致1DEL002GF 无法启动,,1DEL010SP 定值漂移,仪控处理反馈：1 ）检修措施及步骤：①现场核实确认设备位置： ②检查1DEL010SP 状态并做好拆接线记录，现场隔离仪表：③拆除1DEL010SP 进行校验，校验结果合格；④根据拆接线记录回装1DEL010SP 紧固接头，投运仪表；请运行启动1DEL002GF，1DEL002GF 正常启动，无异常报警。2 ）故障原因分析：1DEL010SP 定值漂移,,
1DEL002GF 就地控制屏出现告警，告警信息为“2 号电源保护开关断开”,1DEL002GF 启动之后有一台压缩机无法启动加载，就地显示“2#电源保护开关断开”。DEL 冷冻水只能维持在10℃,导致一台压缩机无法启动加载,已采取的行动措施：oncall 仪控检查处理,核实为1DEL011SZ 程序保护器故障,仪控处理反馈：打开1DEL002AR 箱，用万用表对1DEL011SZ 的输出进行检测，发现1DEL011SZ 的下游无输出而上游供电正常，故确认1DEL011SZ 故障，对1DEL011SZ 进行更换,,
1DEL102M0 电机有异音,1DEL102M0现场巡检有异音,"若不及时处理可能导致电机轴承磨损,机组将差生第二组I0",已采取的行动措施:oncal1维修电气人员检查处理,电机轴承缺油,,,
1DVS002ZV 启动后，KIC 上显示洋红色,1DVS002ZV 启动后，KIC 上显示洋红色,影响主控KIC 监视1DVS002ZV 的运行状态,已采取的行动措施：1 ）安排现场检查1DVS002ZV 供电开关是否存在异常： 2 ）联系仪控检查处理，仪控检查反馈风机开关限位都存在，怀疑电气开关限位问题转由电气处理,微动开关异常，导致风机开关限位都存在,电气处理反馈：1 ）工作过程：①开工前验明无电；②现场检查发现微动开关001SM 与003SM 之间的联动片缺失；③核对备件对001SM 和003SM 整体更换；④更换完毕，联系运行进行在线验证：③1DVS002ZV 启停正常，报警消除；2 ）故障原因分析：微动开关异常，导致风机开关限位都存在,DVS001/002ZV 为安全注入和安全壳喷淋泵通风系统送风机，为低压安注泵和安喷泵电机房间提供通风,
1GCT121VV 显示异常处理,1GCT121VV 开度主控KIC 画面显示×××，检查发现阀门的定位器处于黑屏状态，该阀门的定位器曾多次出现缺陷,由于1GCT121VV 阀门状态显示×××，导致无法监视GCT 的开度，若阀门异常开启，可能影响SG 的水位。另外会导致水汽母管压差变化，引起APA 转速改变，从而影响SG 液位，最终可能因为SG 液位波动较大引发停堆,已采取的行动措施：1 ）现场对1GCT121VV 的开度加强关注，如果阀门异常开启，则立即关闭供气小阀；2 ）主控关注蒸发器液位和汽水母管压差的变化,仪控检查确认是端子排接线松动引起该故障,仪控处理反馈：1 ）仪控需要检查1GCT121VV 控制回路接线，为防止误动，首先强制1GCT121VV 的允许电磁阀失电，避免1GCT121VV 阀门误开；2 ）提前安排常规岛现操到1GCT121VV 供气小阀处，若工作过程中1GCT121VV 误开，立即关闭供气小阀；3 ）若1GCT121VV 仍无法关闭，则立即关闭其上游手动隔离阀1GCT109VV ;4 ）若还是无法实现，可破坏1GCT121VV 中性点，手动关闭，避免由于 1GCT121VV 误开而引起SG 水位波动；5 ）对松动的端子排进行紧固，确认1GCT121VV 开度显示正常,"有效的冷凝器旁路排放系统的调节信号代表的排往冷凝器的新蒸汽流量，该信号须经GCT105、109、117和121VV的阀位来确认，其确认电路原理图1所示。如果GCT121VV和GCT117VV均关闭限位触发，则代表蒸汽旁路排放系统的信号将被切除，进而影响ARE主给水调节阀的水位整定值，以及影响旁路调节阀开度整定值。给水阀门的开度变化，将导致蒸汽发生器水位产生瞬态变化GCTc调节系统有效的GCT的调节信号流量参考值48 V422XR105VV全开117VV非全关
109VV全开121VV非全关图1GCT蒸汽流量信号确认电路",
1GCT123VV 在汽轮机打闸后非预期开启,凝汽器C 汽轮机旁路调节阀1GCT123VV 汽轮机打闸后非预期开启,影响一回路平均温度的控制,已采取的行动措施：1 ）稳定机组状态，控制一回路平均温度2 ） oncall 仪控专业检查处理,,仪控处理反馈。1) 停机后从KRG卡件到就地阀门进行全面检查，KRG的卡件检查没有问题；2) 对1GCT123VV阀门进行诊断测试分析，测试发现，阀门定位器设定值存在偏差，在4mA控制信号作用下，下气缸无法排空，上气缸无法饱和；3) 对零点调整后进行阀门整体控制检查，阀门动作正常,定位器故障漂移会导致阀门异常动作，在4号机组也出现过4GSS271VL定位器故障导致阀门异常动作的问题。巡检时注意关注阀门定位器是否距离高温物体太近。是否被阻挡和脏污的情况,
"主控出现 1GEX106KA (励磁系统综合报警)、1GEX130KA (发电机转子接地报警)、1GPA592KA (非电量保护装置故障) 1GPA631KA (发电机转子接地报警), 1 号机组 AVC 自动退出","05: 38 主控出现, 1GEX106KA (励磁",导致1AVC自动退出运行,"已采取的行动措施:1)向电网汇报1AVC退出情况;2)安排现场检查发现1GPA005AR上存在报警:发电机转子接地报警(I段);3)oncall电气检查处理;4)在报警消除后,获得电网同意后,重新投运1AVC",检查原因为发电机转子接地碳刷问题,,"2)GEX106KA(励磁系统综合报警)是AVC投入的闭锁条件之一出现该报警,AVC会自动退出",
"主控出现 1GEX106KA (励磁系统综合报警)、1GEX130KA (发电机转子接地报警)、1GPA592KA (非电量保护装置故障) 1GPA631KA (发电机转子接地报警), 1号机组 AVC 自动退出","05: 38, 主控出现 1GEX106KA (励磁系统综合报警)、1GEX130KA (发电机转子接地报警)、1GPA592KA (非电量保护装置故障) 1GPA631KA (发电机转子接地报警), 现场检查 1GPA005AR 上存在报警: 发电机转子接地报警 (I段), 1GEX001AR 上也存在报警, 1号机组 AVC 自动退出",导致 1AVC 自动退出运行,"已采取的行动措施: 1) 向电网汇报 1AVC 退出情况; 2) 安排现场检查发现 1GPA005AR 上存在报警: 发电机转子接地报警 (I段); 3) oncall 电气检查处理; 4) 在报警消除后, 获得电网同意后, 重新投运 1AVC","电刷正常拾起, 但接触不良, 测量电流畸变严重, 导致无法正确测量接地电阻值","电气处理反馈 1) 工作过程: ①召开工前会; ②根据《FQX-MA-TD-E16013发电机转子接地保护动作应急预案》执行; ③对发电机转子接地保护注入电流进行录波。分析原因为发电机转子接地碳刷接触不良问题; ④工作结束前状态检查; 工完料尽场地清; 场地清理、设备清洁、油漆防腐、标牌恢复、保温恢复、脚手架拆除等, 并确认工作结束。
2 ）检查内容：04 月17 日上午，对1 号发电机转子接地测量回路进行波形录制工作，试验过程中，电刷可以正常拾起，未见明显卡涩现象，但是录制所得波形畸变严重，且测量阻值在3000 到4000Q 之间波动，经多次举刷测试，随着举刷次数的增多，所测的最低电阻值每次都有升高，最后一次测量电阻最低值在39002 左右，原报警值设置为40000 以下报警，后因电刷经常卡涩或接触不良，执行TCA 将定值降低为2500Q 。根据波形畸变程度判断，此次报警原因为电刷接触不良导致测量回路电流畸变严重，从而影响装置对真实电阻的测量计算，报警时装置测量并计算所得的电阻值低于2500Q 所致。自前新型号电刷正在加工中，准备在104 大修中进行更换。3 ）影响评估：通过观察报警前后时间段，1 号机组各项参数未见异常及波动，判断此次报警为接地电阻测量偏差所致，一次设备运行良好无缺陷异常。4 ）故障原因：电刷正常抬起，但接触不良，测量电流畸变严重，导致无法正确测量接地电阻值。5 后续行动：保持观察，待104 大修更换新型号电刷","1CEX001AR 转子接地保护设定值（I 段R<4000Q2,t,=5s)，每天进行一次转子接地电源检测。1GEX106KA（励磁系统综合报警）是AVC 投入的闭锁条件之一，出现该报警，AVC 会自动退出",
1号机组P320与DCS通讯中断，主控触发1GEX112KA：定子电压定子电压达到最小，1GEX120KA：欠励磁限制动作，发电机电压下降至22.8kV,"03:59.1GGR、1GME、1GRE、1GSE、1GEX等画面中的设备与参数开始间断性出现洋红色失效状态。04:01,触发1GEX112KA:定子电压定子电压达到最小,1GEX120KA:欠励磁限制动作。查看发现励磁电流从83A突降至75A,发电机电压下降至22.8kV,发电机定子电流增大至35kA,发电机进相-137MVA,有功功率无变化。维修人员到场后配合运行人员多次执行手动增磁命令发电机电压恢复正常","1)导致1GEX、1GSE、1GRE、1GGR、1GME等系统KIC画面参数部分参数显示×××,部分阀门状态显示洋红色、开度显示×××,部分指示灯显示洋红色。汽轮机大量参数无法在主控监视,特别是GEX相关的参数(可以通过就地巡检和利用NCS进行辅助监视);2)导致发电机电压异常下降,发电机进相运行,危机汽轮发电机组安全","已采取的行动措施:1)查看和执行报警卡,检查发现1GEX、1GSE、1GRE、1GGR、1GME等系统KIC画面部分参数显示×××,部分阀门显示洋红色,部分指示灯显示洋红色;2)oncall仪控和电气检查处理:3)安排现场对出现异常的系统加强巡检;4)关注发电机机端电压,加强监视汽轮发电机组参数监视","1)DCS-P320通讯故障原因为DCS侧通讯参数配置错误;2)通讯中断导致发电机低励限制动作的原因是由于发电机外部电压给定值1GEX310SY及1GEX300SY跟踪异常引起。发电机机端电压下降到低励限制动作,限制发电机电压在95%UST(22.8kV)运行",,1 ）已通过技改对1 ~4 号机组GEX310SY、GEX311SY、GEX312SY 点位功能变更，因此理论上，这三个点位偶发P320 与DCS 通讯故障，不会导致发电机励磁电压下降的问题。2 ）机组DCS 手动增磁、减磁与AVC 自动增磁、减磁互相闭锁，必须在KIC 中退出机组AVC 后，才能手动增磁、减磁。若全站AVC 闭锁，各个机组AVC 功能失去，故在KIC 画面无法投退单台机组AVC ，此时需网控退出全站AVC 。才能手动调节机端电压,
1号机组P320与DCS通讯中断，主控触发1GEX112KA：定子电压定子电压达到最小，1GEX120KA：欠励磁限制动作，发电机电压下降至22.8kV,3:591GGR、1GME、1GRE、1GSE、1GEX等画面中的设备与参数开始间断性出现洋红色失效状态。4:01，触发1GEX112KA：定子电压定子电压达到最小，1GEX120KA：欠励磁限制动作。查看发现励磁电流从83A突降至75A，发电机电压下降至22.8kV发电机定子电流增大至35kA，发电机进相-137MVar，有功功率无变化。维修人员到场后配合运行人员多次执行手动增磁命令，发电机电压恢复正常,1）导致1GEX、1GSE、1GRE、1GGR、1GME等系统KIC画面参数部分参数显示×××，部分阀门状态显示洋红色、开度显示×××，部分指示灯显示洋红色。汽机大量参数无法在主控监视：特别是GEX相关的参数（可以通过就地巡检和利用NCS进行辅助监视）；2）导致发电机电压异常下降，发电机进相运行，危及汽轮发电机组安全,已采取的行动措施，1 ）查看和执行报警卡，检查发现1GEX 、1GSE 、 1GRE 、1GGR 、1GME 等系统KIC 画面部分参数显示××××，部分阀门显示洋红色，部分显示灯显示洋红色；2 )onca11 仪控和电气检查处理；3 ）安 排现场对出现异常的系统加强巡检；4 关注发电机机端电压，加强监视汽轮发电机组参数监视,1 )DCS -P320 通讯故障原因为DCS 侧通讯参数配置错误；2 ）通讯中断导致发电机低励限制动作的原因是由于发电机外部电压给定值1GEX310SY 及 1GEX300SY 跟踪异常引起。发电机机端电压下降到低励限制动作，限制发电机电压在95 %UST (22 . 8 kV ）运行,仪控处理反馈：1 ）检修步骤：①确认大修停机后、停盘车后执行；②执行工作方案《1 号机组DCS -P320 通讯故障处理方案》：③工作完成后，清理现场，归还工作许可证。2 ）故障原因分析：DCS -P320 通讯采用TCP -IP 协议，并配置亢余通讯路径，P320 方为从站，DCS 侧为主站，亢余控制器的切换由DCS 侧控制。根据P320 侧通讯接口设计文件《MODBUS SignalExchange List 》规定了已方通讯卡件的IP 地址及modbus 站地址。根据接口文件说明，DCS 在任意时刻只能与P320 侧的主通讯卡件通讯，即要求DCS 侧在任意时刻只能使用主卡件与P320 进行通讯.所以DCS 侧只能访问P320 侧的亢余IP 地址195 . 5 . 0 . 168 。这要求DCS 侧两个余卡件的亢余管理参数配置为“Ext_11 ink+UR=1000 ”，亢余卡件的IP 地址配置为“195 . 5 . 0 . 168 、195 . 5 . 0 . 168 ”。现场DCS 侧实际配置的内容并不满足上述要求，DCS 侧配置的余管理参数为“default ”，通讯卡件IP 地址为“195 . 5 . 0 . 40 、195 . 5 . 0 . 104 ”。仪控人员将通讯故障时DCS 侧日志记录和上述分析信息发函给DCS 厂家-（IOM ）确认，厂家回函确认DCS 侧配置错误应当按以上分析内容进行修改，并判定DCS -P320 通讯故障原因为DCS 侧通讯参数配置不符合设计文件要求所致。,1）已通过技改对1～4号机组GEX310SY、GEX311SY、GEX312SY点位功能变更，因此理论上，这三个点位偶发P320与DCS通讯故障，不会导致发电机励磁电压下降的问题；2）机组DCS手动增磁、减磁与AVC自动增磁、减磁互相闭锁，必须在KIC中退出机组AVC后，才能手动增磁、减磁。若全站AVC闭锁，各个机组AVC功能失去，故在KIC画面无法投退单台机组AVC，此时需网控退出全站AVC，才能手动调节机端电压；3）当发电机进相运行时，运行人员应严密监视，使其各项参数在允许范围内运行。监视发电机定子铁芯的温度（GRH051MTGRH062MT），防止发电机过热的发生。要保证发电机定子铁芯允许最高温度不超过130℃、绕组（GRH301MT-GRH348MT）允许最高温度不超过120℃，发电机定子电压（GEX404MU-GEX406MU）不低于额定值24kV的95%，应保持发电机定子电流（GEX408MI-GEX410MI）不超过额定值30 739 A。发电机进相运行时，应注意机组厂用电电压必须保持在6.27kV以上，机组电压未恢复至额定值之前，禁止操作6.6kV中压设备，应注意厂用母线电压偏低引起厂用电动机过电流问题，应密切监视厂用电动机各部温度不超过允许值,
主控持续触发1GGR996KA·（N 选M 选择器错误）：1GGR911KA （N 选M 选择器扰动报警）,"22:29,1 号主控再次持续触发1GGR996KA（N 选M 选择器错误），1GGR911KA（N 选M 选择器扰动报警），1GEX、1GSE、 1GRE、1GGR、1GME、1GSS 系统画面部分参数显示××××，部分门显示洋红色，部分显示灯显示洋红色",,已采取的行动措施：1)查看和执行报警卡，检查发现1GEX、1GSE、1GRE、1GGR、1GME、1GSS等系统KIC画面部分参数显示×××，部分阀门显示洋红色，部分显示灯显示洋红色：2oncall仪控检查处理；3）安排现场对出现异常的系统加强巡检,通讯卡件故障、DCS与P320通讯超时设置过短,仪控处理反馈1检修步骤：①在1KCP566AR中，分别将两个FBM233进行热插拔，通讯故障消失；②执行工作方案《修改DCS与P320通讯的超时时间工作方案》③工作结束，清理现场，请运行人员验收，归还工作许可证。2)故障原因分析：故障原因分析：通讯卡件故障、DCS与P320通讯超时设置过短,通讯控制器是P320TGC系统中非常重要的控制器，其主要功能是完成P320内各控制器之间以及控制器与LOCALHMI、DCS之间的通讯。由于该控制器在通讯中重要作用，该控制器采用余的方式。CCL是两列对称安装在同一底板上完全余的控制器，主要包括CPU模块、电源模块、余控制模块和网络通讯模块,
主控持续触发1GGR996KA（N 选M 选择器错误），1GGR911KA（N 选M 选择器扰动报警）,"22:29,1 号主控再次持续触发1GGR996KA（N 选M 选择器错误）， 1GGR911KA（N 选M 选择器扰动报警），1GEX、1GSE、1GRE、1GGR、 1GME、1GSS 系统画面部分参数显示××××，部分阀门显示洋红色部分显示灯显示洋红色",1 ）导致1GEX、1GSE、1GRE、1GGR、1GME、1GSS、1GPV 等系统KIC 画面参数部分参数显示×××，部分阀门状态显示洋红色、开度显示×× ×，部分指示灯显示洋红色。汽机大量参数无法在主控监视，特别是GEX 相关的参数，只能通过就地巡检和利用NCS 进行辅助监视：2 ）导致机组在KIC 上无法进行汽机升降功率控制，紧急情况下需要进入1 号主控旁L709 房间，在汽机工程师站1GRE001HC 上进行升降功率,已采取的行动措施：1 ）查看和执行报警卡，检查发现1GEX、1GSE、 1CRE、1GGR、1GME、1GSS 等系统KIC 画面部分参数显示××××，部分阀门显示洋红色，部分显示灯显示洋红色；2 )oncall 仪控检查处理；3 ）安排现场对出现异常的系统加强巡检,通讯卡件故障、DCS 与P320 通讯超时设置过短,仪控处理反馈：1 ）检修步骤：①在1KCP566AR 中，分别将两个FBM233 进行热插拔，通讯故障消失；②执行工作方案《修改DCS 与P320 通讯的超时时间工作方案》；③工作结束，清理现场，请运行人员验收，归还工作许可证。2 ）故障原因分析：故障原因分析：通讯卡件故障、DCS 与 P320 通讯超时设置过短,通讯控制器是P320TGC系统中非常重要的控制器，其主要功能是完成P320内各控制器之间以及控制器与LOCALHMI、DCS之间的通讯。由于该控制器在通讯中重要作用，该控制器采用余的方式。CCL是两列对称安装在同一底板上完全穴余的控制器，主要包括CPU模块、电源模块、穴余控制模块和网络通讯模块,
1 号主控触发报警 1KCP500KA (1 号机组 KCP/KSN 机柜失电综合报警)，现场检查发现 1KCP409AR 故障灯亮,"04: 05, 1 号主控触发报警 1KCP500KA (1 号机组 KCP/KSN 机柜失电综合报警), 现场检查发现 1KCP409AR 故障灯亮","可能导致 1KCP409AR 失去 48. V 电源, 其下游的 1DVW/1LHP/1JPV1JPV/1EVF/1JPL/1JPP/1RAZ/1LHA 系统相关设备将受到影响","已采取的行动措施: 1)查看并执行报警卡, 安排现场人员查看 1KCP/9KCP 机柜, 发现 1KCP409AR 故障灯亮; 2)根据《FQ9-KC0-I-0011~2 号机组 DCS 机柜 48V 失电故障规程》分析若 1KCP409AR 失电可能产生的影响, 并制定应对措施; 3)查看 1DVW/1LHP/1JPV/1JPV/1EVF/1JPL/1JPP/1RAZ/1LHA 系统画面, 未发现异常; 4)oncall 仪控人员进厂处理",1KCP409AR 继电器 R8 故障,"仪控处理反馈: 1)故障现象: 1 号主控触发 1KCP500KA (1 号机组 KCP/KSN 机柜失电综合报警), 现场检查机柜 1KCP409AR 柜门报警灯亮。2)处理进展: 就地报警及 1KCP500KA 消失。3)检修步骤: D 现场确认 1KCP409AR 故障灯亮, 打开柜门查看确认各电源供电正常; ②发现机柜内外部 48V 报警继电器 R8、R9 温度较高; ③测量继电器 R8 输出回路: 存在 48V 电压 (正常时继电器闭合端子无电压), 继电器 R8 工作异常; ④更换 R8 继电器: 5 因 R9 继电器温度较高, 为避免运行过程中也出现故障本次一并更换 R9 继电器; ③确认报警消失。4)故障原因分析: 1KCP409AR 继电器 R8 故障",1KCP500KA 为NC 机柜供电故障报警：包括1 ) NC 机柜失去220V 电源： 2 ) NC 机柜失去外部48V 电源,
1KCP500KA1 号机组KCP/KSN 机柜失电综合报警,主控触发1KCP500KA1 号机组KCP/KSN 机柜失电综合报警。主控检查各系统画面，未发现异常。安排现场检查1KCP/KSN 机柜状态，发现1KCP558AR 机柜报警灯亮,若1KCP558AR 失去所有48V 电源，将导致ACO 、ABP 相关阀门电磁阀失电：1)1ABP006VL 会失电开启，处于安全位置；2)1ABP403VV 、 1ABP405VV、1ABP501VV 会失电关闭；3) 1ABP415VV1ABP420VV1ABP425VV、1ABP510VV、1ABP301VV 失电开启；4) 1AC0101VL、1AC0102VL 失电开启；若上述阀门动作，最大风险为一回路超功率，且由于3 /4 低加失去抽汽加热，进入除氧器的给水温度下降，抽汽增加，可能导致管线振动加剧,已采取的行动措施：1 ）根据报警规程安排现场检查相关机柜状态，发现1KCP558AR 报警灯亮；2 ）查看1KCP558AR 接线图，确认该机柜影响 1ABP/1ACO 系统状态控制，确认两个系统运行正常；3)oncall 仪控专业检查发现1KCP558AR 的PS3 内部48V 电源模块故障；4 进行风险分析和准备应急预案后仪控将故障的48V 供电模块进行更换，更换后机柜恢复正常，报警消失,1KCP558AR 的PS3 内部48V 电源模块故障,仪空处理反馈：1 ）检修步骤：①断开供电，拆下故障的PS3 电源模块： ②更换新的电源模块备件：③合上电源刀闸，观察发现PS3 电源模块正常运行指示灯“DC0K”常亮。2 ）故障原因分析：电源模块老化故障,"1)1KCP558AR 内部有两路48V 电源模块，分别由两路220V 供电内部变压后供电，正常运行期间两路同时供电，失去一路电源时，另一路电源自动带所有负荷：2 ）若1KCP558AR 失去所有48V 电源，将导致ACO、ABP 相关阀门电磁阀失电：①1ABP006VL 会失电开启，处于安全位置：② 1ABP403VV、1ABP405VV、1ABP501VV 会失电关闭：31ABP415VV、 1ABP420VV、1ABP425VV、1ABP510VV、1ABP301VV 失电开启：；④ 1AC0101VL、1AC0102VL 失电开启；
若上述阀门动作，最大风险为一回路超功率，且由于3 /4 低加失去抽汽加热，进入除氧器的给水温度下降，抽汽增加，可能导致管线振动加剧",
1KRT011KA1“036MA监测通道故障报警”（气路堵塞）,1 号主控14:29 分出现1KRT011KA1036MA监测通道故障报警”辐射防护值班人员现场检查1KRT036MA，发现其电磁阀故障,导致1KRT036MA不可用，产生双机组第二组IO：KRT9,已采取的行动措施：1 ）查看和执行报警卡；2 ）安排辐射防护就地检查， 确认1KRT036MA存在电磁阀故障；3 ）安排现场检查1KRT036MA上游供电末,取样管路的第三道气路中滤纸被吸至管路口，将气路堵塞,仪控处理反馈：1）检修措施及步骤：1现场检查1KRT036MAi通道发现有气路故障和第三道电磁阀故障；②检查第三道气路的滤纸，发现滤纸被吸至管路口，将气路堵塞；③更换第三道气路的滤纸；④复位1KRT036MA，观察通道运行1h，通道运行正常2）故障原因分析：取样管路的第三道气路中滤纸被吸至管路口，将气路堵塞,"1) KRT036MA用于DVN、DVK、DVW系统通风管道空气β比活度的监测：
2)KRT036MA 测量对象来自多个房间（3KRT036MA 有8 个取样支路， 4KRT036MA 有7 个取样支路），以3KRT036MA 为例，8 个取样支路对应8 个房间，依靠各支路的电磁阀循环打开来扫描不同的房间，同一时间只有一个支路在工作中。假设当前工作在A 支路，那么只有A 支路的电磁阀是打开的，其他支路电磁阀关闭，工作5 min 后，A 支路电磁阀关闭，B 支路电磁阀打开，再过5min ，B 支路关闭，支路打开．依次类推",
1LGA110JA i 跳闸导致1LKR 母线失串处理,00:45 主控出现大量报警，经查看发现1LGA110JA 已跳闸，1LKR 母线已失电。自动动作情况如下1 )1CET101ZV 故障停运，1CET201ZV 自动启动； 2)1GSS190P0 故障停运，目前由应急疏水阀控制水位；3)1CVI201P0 故障停运，凝汽器真空未受影响；4)1AC0301P0 故障停运，目前由应急疏水阀控制水位，现场1AC0102VL 所在管道有振动，需关注；5 ）主控凝结水电导失去监测：6 ）封闭母线强迫风冷装置以及微正压装置自动切至另一列电源供电，现场确认无问题,1LGA110JA 已跳闸，1LKR 母线已失电,已采取的行动措施：1 ）由于ACO 及GSS 泵停运，导致机组热功率上升，GRE358KA 触发，降功率从1089MW 至1084MW 消除报警；2)onca11 电气张贵志开票检查；3 ）执行FQ1-LKR-C-001，将1LKR 母线停役,1LKR 变压器低压侧零序电流互感器二次线端子接触不良，导致互感器二次侧出现过电压及过电流，引发接地保护动作,电气处理反馈：1 ）故障描述：1LGA110JA 不明原因跳闸，导致1LKR 母线失电，需查明原因。2 ）原因分析：1LKR 变压器低压侧零序电流互感器二次线端子接触不良，导致互感器二次侧出现过电压及过电流，引发接地保护动作。3 ）处理过程：①测量1LKR 配电柜母线及馈线抽屉绝缘，绝缘合格；②检查发现零序互感器二次侧接触不良，进行了紧固，校验1LKR 接地保护结果合格：③恢复1LKR 及下游馈线负荷供电，母线运行正,1LKR001TB 零序过流保护整定值为 0.38A、0.4 s，出口方式为跳 6.6 kV 侧接触器 (1LGA110JA),
1LHA110JA(1ASG001P0 电动辅助给水泵A 开关）在试验位置合不上,1LHA110J(1ASG001P0 电动辅助给水泵A 开关）A 在试验位置合不上,导致1LHA110JA 在试验位置合不上,已采取的行动措施，oncall 电气检查处理,接触器限位开关S6 无法正常闭合,电气处理反馈：1 ）检修内容及步骤：①D 确认1LHA110JA 开关断开， 1LHA110JE 闭合／上锁：②将1LHA110JA 开关拉出柜外：③检查1LHA110JA 开 关，发现接触器限位开关S6 无法正常 闭合，调整限位开关S6 位置；④联系 运行人员分合闸操作开关三次，分合闸动作正确。2 ）故障原因分析：接触器限位开关S6 无法正常闭合,,
1LHB114IA 在试验盒位置无法合闸,1LHB114JA 在试验盒位置无法合闸,影响LHB 系统的可用性,已采取的行动措施：oncall 电气检查处理,二次插件回路和直流电源接触不良,电气处理反馈：1 ）检修内容及步骤：D 确认1LHB114JA 3 开关断开， 1LHB114JE 闭合；②将1LHB114JA 天开关拉出柜外：③检查二次插件回路和直流电源接触不好，紧固后，分合闸二次正常。2 ）故障原因分析：二次插件回路和直流电源接触不良,,
"在 1LHP 低功率试验将 1LHA 电源切至 1LGB 供电后, 1LHA001JA 显示洋红色","在 1LHP 低功率试验将 1LHA 申源切至 1LGB 供电后, 1LHA001JA 显示洋红色","影响 LHA 系统的供电的可靠性, 无法远程监视 1LHA001JA 的真实状态","已采取的行动措施: 1) oncall 电气维修检查处理; 2) 加强监视 1LHA 配电盘运行情况, 加强 1LHP 柴油机的巡检, 确保 1LHP 可用","1LHA001JA 航空插未插上信号节点闭合 (经检查发现二次小室内 S10 辅助触点松动接触不良), 导致分闸信号一直存在","电气处理反馈 1) 检修过程 (工单 00537625-01): ①现场验证隔离边界, 确认现场具备工作条件; ②检查 1LHA001JA 分闸反馈节点正常; ③检查 1LHA001JA 航空插未插上信号节点闭合, 导致分闸信号一直存在; ④提出 WR: 00227374, 待窗口处理 1LHA001JA 航空插未插上信号节点异常缺陷; ⑤工作结束后恢复现场, 归还工作票, 填写完工报告。2) 故障原因分析: 1LHA001JA 航空插未插上信号节点闭合, 导致分闸信号一直存在。3) 检修过程 (工单 00537964-01) ①检查 1LHA 停电; ②检查 1LHA001JA 处于隔离位置; ③对二次小室内 S10 辅助触点进行调整; ④检查 S10 出触点接触良好。4) 故障原因分析: 二次小室内 S10 辅助触点松动接触不良",,
"1LKJ481JA (1RPE033P0) 送电后, 故障灯亮","1LKJ481JA (1RPE033P0) 送电后, 故障灯亮",导致泵故障不可用,"已采取的行动措施: 1)拉出开关, 尝试重新送电, 故障灯仍存在; 2) oncall 电气检查处理",1RPE033P0 由于长时间未运,,4)没有手动停运命令：5)没有KRT051MA/052MA/053MA/054MA之一触发的放射性高2报警。同时存在上述信号时。泵将启动。否则泵将停运,
1LKJ481JA1(1RPE033P0）送电后，故障灯亮,夜班对1LKJ481JA(1RPE033P0）送电后，开关故障灯亮,导致泵故障不可用,已采取的行动措施：1 ）拉出开关，尝试重新送电，故障灯仍存在； 2)oncal1 电气检查处理,1RPE033P0 由于长时间未运行，泵轴结晶，启动时造成泵卡死运行电流瞬间升高，导致C 相熔丝烧毁，热继电器动作,"电气处理反馈：1 ）检修步骤：D 与主控沟通占用1LKJ481JA 并抽出放置检修场地：②检查发现热继电器过载保护动作，C 相熔丝烧毁：③复位热继电器：检查抽屉一次回路与二次回路接线完好，无烧灼痕迹；④检查各元器件完好，接线紧固，抽屉一次触头完好，无烧灼痕迹；③领取同型号熔丝备件，对C 相熔丝进行更换；③测量1RPE033P0 电机对地绝缘为
2 ）故障原因分析：1RPE033PO 由于长时间未运行，泵轴结晶，启动时造成泵卡死，运行电流瞬间升高，导致C 相熔丝烧毁，热继电器动作",KX 厂房地坑RPE022PS 疏水泵RPE033PO 的控制逻辑：RPE033PO 启动信号：DRPE022PS 坑高液位开关RPE181SN 液位高触发或就地控制箱上手动启动命令：②泵没有运行2 . 5min；③RPE022PS 坑低液位开关RPE191SN 液位低没有触发；④没有手动停运命令：5 没有KRT051MA 、 052MA/053MA/054MA 之一触发的放射性高2 报警。同时存在上述信号时，泵将启动，否则泵将停运,
1LKP453JA 综合故障，黄灯亮，现场检香其下游负荷1DVM204CR 失电,"1LKP453JA 综合故障．黄灯亮，现场检查其下游负荷1DVM204CR 失电
9LKP2161JA（9DWL002ZV供电开关）开关在试验位时，开关上故障灯亮
1LK0323JA(1GEV101AR高厂变A冷却器控制箱电源一)开关断开后，KIC上出现1GEV103KA高压厂变A冷却器电源II故障报警","1DVM414ZV 不可用
9DWL002ZV不可用
高厂变A冷却器失去1路电源，安全裕度降低","已采取的行动措施：oncall 维修电气检查
已采取的行动措施：填写工作申请WR按计划处理
已采取的行动措施：oncall电气人员检查","初步分析为1DVM414ZV 接线端子排端子受潮锈蚀绝缘不合格引起的 1LKP453JA 综合故障
001SM微动升天机械动作卡涩导致接触不良
1GEV101AR.箱内冷却电源二与冷却电源一电源进线位置接反引发的1GEV101AR冷却电源二触发故障报警","电气处理反馈：1 ）检修措施及步骤：D 开工前验电，确认1DVM204CR 控制箱内进线端无电后：对其1DVM204CR 下游负荷1DVM210ZV、1DVM212ZV、1DVM214ZV1DVM216ZV 绝缘排香时，1DVM214ZV 诱导风机接线端子排端子绝缘为0 . 1 MQ ，结论：不合格。其余为绝缘值大于2 MQ ，结论：合格：初步分析为1DVM214ZV 诱导风机接线端子排端子受潮锈蚀绝缘不合格引起的1LKP453JA 综合故障。其后对1DVM214ZV 诱导风机更换同型号的端子排端子后，绝缘恢复至2 . 2 MΩ ;②联系运行人员送电验证，其 1LKP453JA 下游负荷1DVM204CR 运行正常，运行电流1 . 98 A 左右，持票观察24 h 后，未见异常，经主控人员同意，可以还票：③定子二相绕组电阻不平衡度：合格；④工作结束后，清理现场。2 ）故障原因分析：初步分析为1DVM414ZV 接线端子排端子受潮锈蚀绝缘不合格引起的 1LKP453JA 综合故障
电气处理反馈，1)检修步骤：①开工前确认现场设备具备开工条件：②用万用表测量1GEV101AR箱内两路电源进线没电：③对1GEV101AR箱内两路电源进线进行更换，并确保A/B/C三相接线正确；④确认现场设备正常，接线良好；5清理现场，归还工作票。2)故障原因分析：1GEV101AR箱内冷却电源二与冷却电源一电源进线位置接反引发的1GEV101AR冷却电源二",,
1LLS001AP 运行期间冷却液发生泄漏,早班执行《F01-LLS-T-001LLS 柴油发电机无负荷试验规程》，启动1LLS001AP 一段时间后，1LLS008UC 温度调节器与1LLS001RF 散热器之间的连接软管接头处松动，冷却液发生泄漏，随即主控停运1LLS001AP ，停运后泄漏减小，缺陷消除前1LLS001AP 的冷却液液位已低于允许的最低值，经专业评估暂不影响可用性,,2 ）建议后续行动：①机械专业尽快处理漏点并补充冷却液：②历史上 1LLS001AP 冷却液多次出现液位低的异常（原因未查明），冷却液泄漏也多次出现，建议分析根本原因并处理，提高1LLS001AP 可靠性,,机械处理反馈：1 ）处理过程：①确认设备位号，对连接软管两端接头进行紧固，使用7 号扳手无法进行紧固，确认接头无松动；②添加防冻液（BASFG48-24）至防冻液槽上限位，约4L;③观察2h 无渗漏；同主控汇报后归还工作许可证。2 ）故障原因分析：连接软管启机时存在冲击力导致渗漏,柴油机冷却液位，应该离水箱散热器加水口3~5cm为宜,
1RCP003RS/061RS 稳压器电加热器投运时，上游供电开关出现跳闸,1 号机组一回路由80 ℃向115 ℃升温过程中。先后出现1RCP.003RS 故障（主控显示洋红色，现场检查1LKA3181JA 跳闸，故障灯亮）、 1RCP006RS 故障（主控显示洋红色，现场检查1RCP061RS 上游开关1LLD2181JA 跳闸，故障灯亮）,,已采取的行动措施：1）发现主控KIC中电加热器显示洋红色后，安排现场检查电加热器上游供电开关，发现1LKA3181JA（1RCP003RS供电开关）跳闸且故障灯亮，1LLD2181JA（1RCP061RS供电开关）跳闸且故障灯亮；2）oncall维修电气检查处理,一回路升温升压过程中加热器运行电流接近电源开关热跳闸电流，导致开关热脱口动作。开关容量选型偏小。1)1RCP061RS电加热器馈线抽屉内断路器容量选型偏小，抽屉内断路器型T3N250125A。1RCP061RS运行电流为114A（现场测量相同功率不同的电加热器运行电流为107A至114A，此故障加热器运行电流相比其他略大）。运行过程中随温度升高断路器会降容，导致断路器热保护动作；2)1RCP003RS上游1LKA3181JA抽屉内断路器选型过小，过热保护动作。1RCP003RS为比例式电加热器长期运行，断路器有明显过热痕迹。但此开关选型为T5N400400A，正常运行电流为320A（根据稳压器压力变化调动）。长期运行过程中随温度升高断路器会降容并产生热积累，导致断路器热保护动作（无调功输出时抽屉内断路器温度达45℃，运行中会高于这个温度）,"1 ）电气处理反馈：①工作过程（WOT：01388183-01,1RCP003RS 故障检查）：a ．办理紧急维修工作指令单，取得工作许可证，确认设备位置及先决条件：b ．现场对1LKA3181JA 进行检查抽屉主回路接线无异常；C ．对1LKA3181JA 检查主断路器的C 相接线处有轻微过热：d ．测量1RCP003RS 加热器绝缘直阻如下：1RCP321JA:AB:4.130AC:4.10BC:4.08 1RCP341JA:AB:4.040AC:4.040BC:4.0001RCP361JA:AB:4.00 2AC:4.030BC:4.010绝缘均为>；550MQ，绝缘直阻为合格；e ．绝缘直阻无异常后送电检查电流如下：1RCP321JA:A:102.7A.B:104.8A,C:106.5A.1RCP341JA:A:104.6A,B:三相线靠得太近，无测量，C: 107.8A,1RCP361JA:A:105.3A.B:107.5A.C:107.6A:f ．检查 1LKA3181JA 测得主断路器电流三相为A:314.5A,B:318.9A.317.0 A ;g ．对主断路器C 线有变色最新领取同型号断路器进行更换；h ．对主断路器进行更换后送电启动设备，设备正常运行i ．清理工作现场此工作无需召开工后会，归还工作许可证，填写完工报告。②检查结果：抽屉内主断路器的C 相接线处有轻微过热，接触面不均匀导致性能下降，③工作过程
f . 检查查确认抽屉内其他接线及元器件无异常。恢复抽屉。联系运行送电验证：g . 送电后测量三相电流：A -112 . 4A,B -114 . 8A,C -115 . 0A,三相电流平衡稳定，反馈运行后同意持票观察：h . 观察2 天后确认设备运行无异常，工作结束，清理工作现场，工完料净场地清，此工作未召开工后会，归还工作许可证。④检查结果：抽屉内主断路器的B 相接线处有轻微过热。接触面不均匀导致性能下降。5 故障原因分析：一回路升温升压过程中加热器运行电流接近电源开关热跳闸电流，导致开关热脱口动作。开关容量选型偏小。a . 1RCP061RS 电加热器馈线抽屉内断路器容量选型偏小，抽内断路器型T3N250 125A。1RCP061RS 运行电流为114A（现场测量相同功率不同的电加热器运行电流为107A 至114A 此故障加热器运行电流相比其他略大）。运行过程中随温度升高断路器会降容，导致断路器热保护动作。b . 1RCP003RS 上游1LKA3181JA 抽屉内断路器选型过小，过热保护动作。1RCP003RS 为比例式电加热器长期运行，断路器有明显过热痕迹。但此开关选型为T5N400 400A，正常运行电流为320A （根据稳压器压力变化调动）。长期运行过程中随温度升高断路器会降容并产生热积累，导致断路器热保护动作（无调功输出时抽屉内断路器温度达45 ℃，运行中会高于这个温度）。2 ）安工建议反馈：1RCP003/006RS 稳压器电加热器故障，影响一回路的压力和温度控制，针对抽屉内断路器容量偏低导致的偏差做好其他机组的排香和经验反馈","1 ) RCP003RS 的控制逻辑手动启动：KIC 画面将RCP003RS 打手动并手动启动+PZR 水位大于-4 . 63m ; 自动启动：根据PZR 补偿压差来调节RCP003RS 的功率（补偿压差范围在-0.1~0.1 MPa 之间）;手动停运：在KIC 画面将RCP003RS 打手动并手动停运：自动停运：PZR 水位低于- 4.63m ;2 ) RCP006RS 的控制逻辑：手动启动：在KIC 或BUP 上，将RCP006RS 打手动并手动启动。
自动启动：DRCP006RS处于自动状态+PZR水位比整定值高5%；②RCP006RS处于自动状态+PZR补偿压力小于-0.17MPa+PZR水位大于-4.63m。手动停运：在KIC或BUP上，现将006RS打手动，再手动停运。自动停运：①PZR水位低于-4.63m；②RCP006RS处于自动状态+PZR水位比整定值高5%信号不存在+PZR补偿压力小于-0.1MPa",
1RCV012MN 漂表缺陷处理,4 月28 日早班，堆操发现自动补给停运，但容控箱液位显示1.28m，不符合逻辑1.3m停运自动补给，随后调取趋势发现1RCV012MN 发生波动，随后低漂，最低至1.09m后，自动补给启动，1RCV012MN 上升至1.30m，自动补给停运，随后多次低漂，自动补给频繁启动,1RCV002BA 满水,已采取的行动措施1）自动补给频繁启动，若由于自动补给导致容控箱液位异常上升，可能导致1RCV011/012MN 仪表全部进水，确定容控箱液位到达1.7m前，手动停止自动补给，以便监视容控箱：2)oncall 维修仪控处理,1RCV012MN 仪表引I 压管坡度不足导致负压侧引I 压管线积水，造成仪表漂表,仪控处理反馈：1 ）检修步骤：D 在DCS 中将1RCV011MN、012MN 下游逻辑信号闭锁，运行配合将1RCV030VP 切换至手动；②拆除仪表接线，使用劲仪测量仪表电流信号；③检查引压管线坡度；④对负压侧管线坡度进行调整；③投用仪表，恢复接线；③恢复闭锁信号，运行配合对1RCV030VP 切换至自动；2 ）故障原因分析：负压侧管线有水，负压侧管线坡度错误,RCV012MN 参与逻辑：1)RCV012MN 低3 会导致容控箱出口隔离RCV0034VP 关闭，RCV375VP 关闭，打开RIS013VP，使上充泵从PTR001BA 取水;2 ） RCV012MN 低1 时，若主控切至KPRJ 则会导致REA003PO/004PO 启动3 ） RCV012MN 高1 会导致RCV401KA2/401AA 报警触发；4)RCV012MN 高2 会使RCV030VP 导向TEP；5)RCV012MN 控制REA 启动自动补给，当容控箱液位低至1 . 12m 时，启动REA 自动补给，当容控箱液位升高至1 . 3m 时，停运自,
1RGL001/005/006/007/009/031KAE报警触发,"01:20:41.1号主控触发1RGL001KA(RGL运行故障)、1RGL005KA(RCS运行故障)、1RGL006KA(RGL运行故障)、1RGL007KA(RCS故障)、1RGL009KA(PWE运行故障)1RGL031KA(RCS设备电源故障),查看RGL控制棒状态正常,S棒组在225步,R棒组和G棒组位于5步手动状态",控制棒被双夹持，控制棒无法正常动作,已采取的行动措施。1）查看和执行报警卡，按报警卡执行IRGL001；2）安排现场检查棒控电源柜、棒控逻辑柜、棒位测量柜或棒位处理柜设备是否存在故障报警信息；3）主控检查当时时刻一回路温度、核功率等各项参数均未见异常；4）立即oncall维修仪控进厂检查；5）仪控检查，初步确认为R2子组输出电压瞬发故障，R2子组触发夹持线圈和传递线圈双保持状态,综合ALSYN与MDP报警信息，判定始发因素为1RGL017AR提升机箱ALSYN模块本身偶发故障或干扰所致，导致其中一路输出电压（由于MDP未出现“设定值故障”与“内部故障”报警，极可能是用于MDP电流检测那一路）异常，触发R2子组双保持并产生主控报警。由于ALSYN输出给4块MDP的电流检测控制电失去MDP晶闸管电流检测单元发出“电流故障”。但“零电流偏低”不可信,仪控处理反馈1 ）检修步骤：①D 对1RGL017AR 故障现象进行分析，分析故障时刻锁存的模块面板信息：提升机箱ALSYN 报输出电压故障 outputvoltagefault，说明由ALSYN 产生并送往MDP 的控制电供电至少丧失过一路：提升机箱4 块MDP 同时报零电流偏大“电流故障 Currentfault”，但4 块MDP 实测输出均处于正常范围，结合ALSYN 输出电压故障，说明MDP 报警极可能由ALSYN 送来的控制电丧失导致，并非自身故障。根据20190319 处理1RGL017AR 保持ALSYN 相同缺陷及外部经验反馈，计划暂先复位报警信号，后续若再出现报警则更换该ALSYN 模块。②准备紧急维修工作指令单，值长同意暂先复位报警信号，暂不执行更换ALSYN 工作。③取得工作许可证：PT 票④组织工前会，明确角色分工。测量1RGL017AR 提升机箱MDP 输出电压处于正常范围，说明报警MDP 实际功能正常。③结合ALSYN 输出电压故障，MDP 报警由ALSYN 送来的控制电丧失导致，并非MDP 自身故障？手动复位报警信号，ALSYN 与MDP 报警信号均能被清除，说明ALSYN 与MDP 已从故障状态恢复正常，而模块的报警信息,"是故障时刻锁存的。8 再次测量1RGL017AR 提升机箱MDP 输出电压，确认处于正常范围。③观察设备无故障指示，确认设备恢复正常。10 工作结束。清理现场，异物检香无问题2)故障原因分析：综合ALSYN 与MDP 报警信息，判定始发因素为1RGL017AR 提升机箱ALSYN 模块本身偶发故障或干扰所致，导致其中一路输出电压（由于MDP 未出现“设定值故障”与“内部故障”报警，极可能是用于MDP 电流检测那一路）异常，触发R2 子组双保持并产生主控报警。由于ALSYN 输出给4 块MDP 的电流检测控制电失去，MDP 晶闸管电流检测单元发出“电流故障”，但“零电流偏低”不可信
控制棒被双夹持，控制棒无法正常动作：潜在风险后果：1)机组临界过程中出现控制棒双保持，可能导致临界失败；
2 ）机组调试瞬态试验期间。如果出现控制棒双保持，可能导致机组非计划停机停堆事件。造成3RGL 系统在控制棒动棒期间多次出现双保持导致控制棒无法正常动作的原因为，在动棒过程中产生了控制棒驱动机构线圈电流报警，触发RGL 系统紧急故障",
1RGL001/005/006/009KA 报警触发,"12:13:17时,触发1RGL001KA(RGL运行故障)、1RGL005KA(RCS运行故障)、1RGL006KA(RGL运行故障)和1RGL009KA(PWE运行故障),当时正在执行手动将R棒由5步提至55步的操作而实际上R1子组AP/DP变为6、R2子组DP变为6(AP未变)则不再变化","控制棒被双夹持,控制棒无法正常动作。产生I01:RGL1","已采取的行动措施,1)查看和执行报警卡,按照报警卡进入FQ1-RGL-I-001故障规程;2)查阅运行技术规范,记录NS/SG模式第一组I0:RGL1;3)安排现场检查棒控电源柜、棒控逻辑柜、棒位测量柜或棒位处理柜设备是否存在故障报警信息;4因控制棒无法正常动作,确认无影响一回路温度变化的工作,注意控制好一回路温度,不要进行可能引起一回路温度和负荷变化的操作;5)oncall仪控检查,初步确认为1RGL017AR提升线圈ALSYN模块故障,经由仪控复位后,将R棒插回至5步,消除第一组I0;6)仪控开票对1RGL017AR提升线圈的ALSYN模块进行了更换,重新提R棒,报警未再出现",1RGL017AR 保持机箱ALSYN 模块输出故障（用于供给MDP 模块监测CRDM 线圈电流的那一路控制电丧失，而用于MDP 整流的控制电供给正常），导致提升MDP 电流监测结果偏离预定范围（虽然实际线圈电流正常），MDP 发出电流故障，触发R2 子组双保持,仪控处理反馈：1 ）处理进展：仪控开票对1RGL017AR 提升线圈的ALSYN 模块进行了更换，重新提R 棒，报警未再出现。2 ）检修步骤：1D 对 1RGL017AR 提升机箱故障分析结果，根据20190604 处理1RGL017AR 提升机箱ALSYN 相同缺陷仅复位报警信号，决定对提升机箱（主要是该ALSYN 模块）性能进行测试确认故障原因，后再进行ALSYN 模块备件更换②准备紧急维修工作指令单，值长同意以上维修方案。③取得工作许可证：PT 票。4 组织工前会，明确角色分工，重点分析风险及其预防措施5 按照维修规程《FOX-RGL-M-I505_RGL 系统电源柜性能测试程序》执行1RGL017AR 提升机箱测试，发现4 块MDP 大、小、零电流整流输出正常，但电流监测单元指示为零电流，偏离设定范围导致触发双保持③结合提升ALSYN 模块发出,控制棒被双夹持，控制棒无法正常动作，潜在风险后果：1 ）机组临界过程中出现控制棒双保持，可能导致临界失败；2 ）机组调试瞬态试验期间，如果出现控制棒双保持，可能导致机组非计划停机停堆事件。造成3RGL 系统在控制棒动棒期间多次出现双保持导致控制棒无法正常动作的原因为，在动棒过程中产生了控制棒驱动机构线圈电流报警，触发RGL 系统紧急故障,
1RIC001AR 与 DCS 通讯故障,1RIC001AR 与 DCS 通讯故障,仪控检查后确认报警原因为对硬件进行监测的卡件出现问题，对系统功能无影响,已采取的行动措施：oncall 仪控检查处理,1KCP511AR 机柜内与1RIC 中子注量率系统通讯的FBM230 模块工作异常，通讯连接丧失,仪控处理反馈：1 ）检修步骤：①验证隔离边界，确认设备位置，检查初始条件，并根据需要建立检修场所：②在1RIC001AR 监测软件上核实与DCS 通讯的状态显示为“X”，代表与DCS 通讯失败；3 打开F1KCP511AR 机柜前门，找到工作对象，确认故障FBM230 模块编号是D51103；④使用长柄螺丝刀拧松D51103 通讯模块上下部的两个螺丝，拔出通讯模块：10s 后重新插入通讯模块，紧上下部螺丝，等待自动重启完成；③检查模块上第一,"组通讯指示灯TX和RX闪亮，代表通讯恢复；①在1RIC001AR上重启监测软件并自检，确认1RIC001AR与DCS通讯恢复；8工作结束，清理现场，检查确认标牌完整，向运行人员报告工作完成情况。2)故障原因分析：1KCP511AR机柜内与1RIC中子注量率系统通讯的FBM230模块工作异常，通讯连接丧失
1)1RIC001AR与DCS之间收发数据通过1KCP511AR中的一块编号为D51103的现场总线模块FB230实现，通讯机理为：进行通量图绘制的过程中，1RIC001AR向DCS发送数据传输请求后，DCS才向1RIC001AR传输机组运行数据。2)现场总线组件（FBM）是现场传感器/执行器与控制处理机的接口。部分FBM具有梯形图逻辑控制功能，是一种智能化的IO组件，FBM对现场设备使用的电气输入/输出信号进行适当转换使得通过现场总线能与这些装置通讯。现场组件可与控制处理机CP或运行I/ASeries综合控制软件的个人计算机连接，各种FBM与工厂中通常遇到的各种现场信号相匹配",
主控出现 1RIC714KA（堆芯冷却监测系统故障B系列）报警,主控出现 1RIC714KA（堆芯冷却监测系统故障B系列），仪控检查确认为 1RIC012AR内电源板卡故障（有两路电源，另外一路供电正常）,,已采取的行动措施：oncall 仪控检查处理,1RIC012AR 机柜 220VAC/24 VDC 转换模块 SPS4 故障,仪控处理反馈检修步骤：1)先决条件检查：其他穴余 SPS4 卡件供电正常：2)查看图纸确认该故障 SPS4 卡件上游供电开关为 F102；3)断开上游供电开关 F102，查看其他 SPS4 卡件状况，确认无异常；4)用一字螺丝刀拧松故障 SPS4 卡件上的 4 个固定螺丝：5)拔出故障 SPS4 卡件；6)将新的 SPS4 卡件插入对应的卡槽中，拧紧 4 个固定螺丝：7)合上上游供电开关 F102，查看机柜状态，确认所有 SPS4 卡件状态指示灯亮，机柜报警灯熄灭，机柜无异常；8)工作结束，清理现场，检查确认标牌完整，向运行人员报告工作完成情况,R0714KA 堆芯冷却监测系统故障(B系列)报警触发的可能原因1)电源故障。2)1RIC012AR(堆芯冷却监测机柜)的自检装置探测到故障。①至少一个模拟或逻辑输入信号失效：②机柜硬件检测到故障：③系统 RTE 检测到故障。3)定期试验,
主控出现L 1RPA232KA(ATWT-1号蒸汽发生器低流量)报警 1ARE049MD质量位触发,,1ARE049MD 质量位触发，导致该仪表不可用，产生随机的 I02:RPR18。ATWT 存在触发风险，若ATWT 信号触发，将产生以下后果：1）反应堆紧急停堆；2）启动 ASG(4 台泵）；3）汽轮机跳闸；4）闭锁GCTc 第三组排放阀；5）关闭SG 排污阀,已采取的行动措施：1）查看和执行报警卡，查看RPR 质量位画面确认质量位触发情况；2）执行《FQ1-RRC-I-001 核蒸汽供应系统控制装置和安全设施故障处理规程》；3）监视RPR024HXT 画面中ATWT 信号相关信号灯触发情况；4)oncall 仪控检查处理。建议后续行动：1）仪控分析故障根本原因和消除故障；2）加强对ARE050MD 和ARE051MD 的监视，做好ATWT 触发的事故预想,1ARE049MD 至ATWT 的信号通道1KCS015CR 中的第18 号隔离器故障。根本原因为：隔离器内的电流隔离传递元件（三极管）损坏，无法将电流传递到隔离的下游输出回路，该型号隔离器现场使用数百个，此次为首次故障,确认1KCS015CR中的第18号隔离器故障，对其进行更换为现场备用的36号隔离器。?恢复1ARE049MD信号回路状态。0确认 1ARE049MD信号状态，在NC和1E侧均显示正常。①将1ARE049MD在1E侧质量位、IA侧质量位信号闭锁解除。注：故障的隔离模块因拆除存在误碰风险需要在104大修期间进行拆除并进行更换。 2）故障原因分析：1ARE049MD至ATWT的信号通道1KCS015CR中的第18号隔离器故障。根本原因为：隔离器内的电流隔离传递元件（三极管）损坏。无法将电流传递到隔离的下游输出回路。该型号隔离器现场使用数百个，此次为首次故障,主给水流量ARE049MD、050MD、051MD三取二质量位触发或者LNC失电，且中间量程RPN013MA和023MA大于30%FP触发ATWT信号,
1RPE007P0 在手动模式下启动后无法停运,1RPE007P0 在手动模式下启动后无法停运,导致泵无法停运，存在故障损坏的风险,已采取的行动措施：将泵电源拉出,,"仪控处理反馈。1)检修步骤:①现场核实1RPE007P0设备位置,开工前通知主控:②现场确认1RPE007P0处于手动位置;③将1RPE147/148/149/150SN取出,翻转开关现场确认1RPE147/149/150SN动作正常、1RPE148SN接线松动,重新紧固后确认1RPE148SN动作正常;④对1RPE147/148/149/150SN开关定值进行检查,确认1RPE148/149/150SN定值合格、1RPE147SN定值往小偏移,向上调整5cm后合格;5对1RPE147/148/149/150SN安装位置进行检查,确认开关无设备阻挡,可以正常翻转;③请主控配合手动启动1RPE007P0,现场确认1RPE007P0可以自动停运。2)故障原因分析:①1RPE147SN定值往小偏移,向上调整5cm;21RPE148SN:接线松动,信号无法上传",RPE007P0 启停逻辑：1 ）手动启动：①就地控制＋手动控制＋就地启动 ②MIMICPANEL 控制+KIC-启动；③MIMIC PANEL 控制+BUP-启动。2 ）自动启动：就地控制＋自动控制＋非“BKSUMSHI.ACTY2ndSTEP”＋地坑液位 “高”3 ）手动停运：①就地控制＋手动控制＋就地停运；②MIMIC PANEL 控制+KIC-停运；③MIMICPANEL 控制+BUP-停运。4 ）自动停运：D 就地控制＋自动控制+BKSUMSHI.ACTY2ndSTEP”信号：②地坑液位“低”：3 ）地坑液位“低2 ”,
1RPE011P0）自动启动后无法自停,1RPE011PO自动启动后无法自停,导致1RPE011PO自动启动后无法自停。泵存在损坏的风险,已采取的行动措施：1）考虑暂时有来水较多，暂未手动停运泵2） oncal1仪控检查处理,1RPE137SN浮子卡涩，导致开关低液位未触发,"仪控处理反馈：1检修步骤：①D验证隔离边界，确认1RPE011PO处于就地控制和停运状态；②检查1RPE137SN发现，浮子有卡涩现象，多次缓慢翻转浮子均有卡涩现象；③领取新备件，对1RPE137SN进行更换；
④更换完成后，翻转1RPE137SN，浮子正常动作：将1RPE138SN 进行翻转，浮子正常动作；③将1RPE139SN 进行翻转，浮子正常动作：①请运行人员将1RPE011PO 在1RPE011CR 上打白动：8 经过长时间观察1RPE011PO 在液位高时启动，在液位低时停运；9 结束工作，结票。2 ）故障原因分析：1RPE137SN 浮子卡涩，导致开关低液位未触发","1RPE015PS 地坑泵1RPE011PO 的控制逻辑：1 ）自动启动：就地控制柜上211CC 置于AUTO 位置＆地坑高液位开关1RPE138SN 触发液位高，1RPE011PO 自动启动；2 ）手动启动：就地控制柜上211CC 置于MANU 位置＆就地控制柜上按下启动按钮211TO,1RPE011PO 启动；3 ）自动停运：地坑低液位开关1RPE137SN 触发液位低信号。1RPE011PO 自动停运（无论泵处于自动还是手动）；4 ）手动停运：就地控制柜上211CC 置于MANU 位置＆就地控制柜上按下停运按钮261TO,1RPE011PO 停运",
1TEP425VA 在9TEP001DZ 启动过程中频繁出现洋红色，导致 9TEP001DZ 无法转状态,1TEP425VA 在9TEP001DZ 启动过程中频繁出现洋红色,导致9TEP001DZ 无法转状态,已采取的行动措施联系仪控检查处理,阀门开关限位接触不紧密,维修仪控处理反馈：1 ）现场检查发现阀门开限位触点位置不到位，需调整；2 ）对阀门开限位位置进行调整，确认调整合格，异常消失,,
1TEP425VA 在9TEP001DZ 启动过程中频繁出现洋红色，导致 9TEP001DZ 无法转状态,1TEP425VA 在9TEP001DZ 启动过程中频繁出现洋红色,导致9TEP001DZ 无法转状态,已采取的行动措施：联系仪控检查处理,阀门开关限位接触不紧密,维修仪控处理反馈：1 ）现场检查发现阀门开限位触点位置不到位，需调整；2 ）对阀门开限位位置进行调整，确认调整合格，异常消失,,
1VVP002VV 全开限位未触发，主控室频繁闪发 1VVP203KA 报警,执行F01-VVP-T-002：主蒸汽隔离阀部分关闭试验规程时1VVP002VV 限位未触发，主控室频繁闪发 1VVP203KA 报警,导致频繁闪发 1VVP203KA 报警，导致定期试验暂停,已采取的行动措施：oncall 仪控检查处理,限位开关偏移,仪控处理反馈一一工作过程：1）现场确认1VVP002VVSMS 设备位置：2）确认开工条件，将1VVP002VVSMS 限位进行调整，联系主控进行验证，验证合格,可能产生VP203KA 报警的原因：1）正在进行部分关闭定期试验，开启限位开关VVP002SMS 没有连接上。2）电磁阀故障和/或油压减少。3）开启限位开关VVP002SMS 故障。4）在KIC 上关闭VVP002VV,
1VVP100VV 现场实际关闭，但主控出现1VVP600KA(SG1 安全阀VVP100VV 未关报警,1VVP100VV 现场实际关闭，但主控出现1VVP600KA(SG1 安全阀VVP100VV 未关）报警,导致报警误触发,已采取的行动措施：oncall 仪控检查香处理,检查1VVP100VV 时发现限位磁头与限位有错位现象,仪控处理反馈贵一工作过程：1 ）依次对安全阀限位进行检查，固定螺栓无松脱现象；2 ）检查1VVP100VV 时发现限位磁头与限位有错位现象，重新调整1VVP100VV 位移传感器，报警间距为 5.27mm ，消报间距为2 . 88mm ，回差间距为2 . 40mm ，调整后间距为,每条主蒸汽管线上的七只安全阀都直接装在主蒸汽管线上，所有的阀门都是常规的弹簧加载式安全阀。这些安全阀有助于：①防止蒸汽发生器和蒸汽管道超压破损；②通过排除反应堆冷却剂系统产生的热量来防止一回路侧超压和过热；③通过蒸汽排放量和排放速率来防止堆芯过冷。其整定值要使得在紧急工况和事故工况下蒸汽发生器和主蒸汽管线的最大压力不会超过其设计压力的110%，在考虑了主蒸汽管线的压降、阀门特性和整定值的误差之后，将其整定值设为8.7MPa.a和8.5MPa.a。分为两组：①第一组安全阀：每条管线2台阀门，整定值为8.5MPa（绝压）阀门编号为VVP100VV-105VV；②第二组安全阀：每条管线5台阀门，整定值为8.7MPa（绝压）阀门编号为VVP106VV-120VV,
2ABP402VV 全关后主控显示有2 ％开度，一直黄色闪烁：就地显示关扭矩报警,2ABP402VV（3A 低加进汽电动隔离阀）全关后主控画面显示有2 ％开度，该阀门在主控面面一直黄色闪烁。现场检查电动头显示关扭矩报警,导致阀门电动头显示关扭矩报警，影响阀门开关的可靠性，可能导致阀门损坏,已采取的行动措施：1 ）安排现场检查阀门开关动作情况和电动头报警情况2 ）oncall 电气检查处理,阀门关限位偏差造成关扭矩报警,"电气处理反馈。1) 检修内容及步骤: ①现场检查电动头显示关扭矩报警, 手摇阀门确认已是全关位; ②重新设定关限位, 联系主控开、关操作阀门确认报警消除; 2) 故障原因分析: 阀门关限位偏差造成关扭矩报警",ABP402VV (3A 低加进汽电动隔离阀) 的控制逻辑1) 开启条件: ①汽轮机未跳闸: ②3/4A 低加液位不高<38mm; (33/4A 低加进出水阀全开。2) 保护关闭: ①D汽轮机跳闸: ②3A 低加解列: ③4A 低加解列,
2AC0108VL 调节性能差。开度在 96％以上时，开度继续增大会导致 2AC0301P0 出口流量大幅波动,2AC0108VL(2AC0301P0 再循环流量调节阀）置于自动后， 2AC0301P0 出口流量出现大幅度波动，将2AC0108VL 置于手动后，在缓慢开大的过程中，开度大于96 ％ 后继续增加开度，泵出口流量突 增，怀疑2AC0108VL 调节性能线性,度较差，主控将2AC0108VL置于手动状态，控制开度在92%,弓引起泵出口流量大幅波动，不利于泵运行以及2AC0301BA液位控制,已采取的行动措施：1）安排现场检查和关注泵运行情况；2）安排现场检查2AC0108VL供气情况，确认无漏气情况；3）oncall仪控检查；4）为配合处理2AC0108VL缺陷，将2AC0301P0停运,阀门定位器故障 仪控处理反馈1）工作过程：D拆除2AC0108VL阀门定位器；②更换2AC0108VL阀门定位器；③整定2AC0108VL阀门；④就地操作2AC0108VL阀门正常；联系主控操作2AC0108VL阀门正常；③办理中止，运行启泵2AC0301P0；①主控手动操作2AC0108VL正常；③主控把2AC0108VL投自动，调节正常。2)故障原因分析：阀门定位器故障,,
2AC0301P0 泵运行时电机有异音,2AC0301BA 和 2AC0302BA:排空后再次充满进行打循环，启 动2AC0301P0 后现场反馈电机轴承端存在间歇异音,可能导致泵轴承磨损损坏,已采取的行动措施，1）现场对电机轴承点温，未见明显异常：2）oncall 维修电气检查处理,电机轴承缺油脂,仪控处理反馈1 ）工作过程：①对电机轴承添加油脂，观察轴承温度、声音和振动②经过多次少量添加油脂，驱动端约为8g ，非驱动端为5g ；③电机轴承声音正常，驱动端温度稳定；④工作结束后，请运行人员验收，归还工作票。2 ）故障原因分析：电机轴承缺油脂平,电机轴承异音的可能原因有：轴承磨损起开育；动静不平守致异音：轴承缺油脂引起异音：电流异常波动等,
2ADG003VV 主控画面上显示××××，对2ADG003VV 进行重新整定,2ADG003VV 主控画面上显示××××,导致无法查看2ADG003VV 的开度,已采取的行动措施：1 ）安排现场查看2ADG003VV 实际开度情况，检查阀门供气情况未见异常；2 ）oncall 仪控检查处理,2ADG003VV 反馈超差,仪控处理反馈，1）工作过程：①D 对 2ADG003VV 进行重新整定； ②对 2ADG003VV 进行五点校验；③确认 2ADG003VV 在主控画面中显示正常 2）故障原因分析：2ADG003VV 反馈超差,ADC003/005/007VV 的控制逻辑：1)作为 GCT 系统的第四组排往除氧器的阀门，ADG005VV 只接受来自 GCT 系统的快开信号；2) ADG003/007VV 还作为除氧器压力调节阀，接受来自 ADG 系统的压力调节模拟信号；3）允许开启信号：除氧器水位不高+ABP006VL 未关闭+无 P4 后延时 50s+无 P12；4）快开信号：允许开启信号+温度模式下出现 P4 且达快开整定值 407XU1 或温度模式下未出现 P4 且达 402XU2 且 C7B 与 406XU1 出现；5）除氧器水位 ADG001MN、002MN、003MN 中选值达到+650mm 时，将自动关闭 ADG003VV/005VV/007VV,
2ADG008VV 在阀门全开的情况下显示半开半关，阀门开限位未触发,2ADG008VV在阀门全开的情况下显示半开半关，阀门开限位未触发,影响2ADG008VV 主控状态的监视,已采取的行动措施，1）安排现场检查2ADG008VV 阀门的实际状态，确认阀门为全开状态；2）提工作申请按计划处理,2ADG008VV 阀门开限位开关接线端子触点接触不良,仪控处理反馈：1）工作过程：D 现场确认2ADG008VV 阀门实际在全开位；②打开2ADG008VV 限位开关就地接线盒盖子；③检查2ADG008VV 开关限位开关性能正常；④重新处理接线端线头和开限位接线端子排接线，并紧固：联系运行人员验证 2ADG008VV 阀门开限位触发，故障消除：?恢复接线端子盒盖： ②继续观察6h 后，故障未出现。2）故障原因分析：2ADG008VV 阀门开限位开关接线端子触点接触不良,当ADG004VV 全开且ADG003VV 非全关或ADG008VV 全开且ADG007VV 非全关时，蒸发器水位控制引L 入ADG 的排放负荷,
"2ADG163VV 自动关闭时, 在主控显示洋红色",,在关闭时显示为洋红色，导致主控无法准确监视阀门实际状态,已采取的行动措施：1)安排现场观察阀门实际动作状态情况，确认阀门开关动作结果正常；2)oncall 仪控检查处理,开限位损坏,仪控处理反馈1）工作过程：D发现2ADG163VV开限位开关损坏： ②2ADG163VV开限位开关；3确认2ADG163VV限位开关正常：④主控确认2ADG163VV阀位显示正确。2)故障原因分析：开限位损坏,ADG163VV阀门的控制逻辑：1)手动开启信号：KIC开启；2）手动关闭信号：KIC关闭；3）自动开启信号：汽轮机跳闸或汽轮机负荷≤30%或疏水袋液位ADG109SN高或关ADG001VV;4）自动关闭信号：汽轮机跳闸且汽轮机负荷≤30%且疏水袋液位ADG109SN高且关ADG001VV信号消失后2s；5）保护开启信号：疏水袋液位ADG110SN高高,
2AGM101P0 启动后主控KIC 画面中显示电流“×××”,"2AGM101P0 启动后，主控KIC 画面中显示电流“×××”
主控KIC画面中电动辅助润滑油泵1AGM201P0电机电流1AGM850MI3显示“××××”",导致主控KIC中无法准确监视1AGM201P0电机电流,"已采取的行动措施：1)安排现场检查供电开关故障情况，未见明显异常；2)安排现场检查润滑油压2AGM101LP正常，现场检查2AGM101PO泵电机运行未见异常；3)oncall维修电气检查处理
巨采取的行动措施：1）安排现场检查1AGM201P0供电，未见异常；2）oncall电气检查处理","2AGM101PO测量电流变送器输出端插件轻微变形
1LKG411JA 开关内电流测量回路二次插件松动所致","电气处理反馈：1 ）处理措施：与主控人员沟通后到就地2AGM101PO泵上游开关2LKF231JA 柜，对其2LKF231JA 内的电气测量回路进行检查发现为电流变送器输出插件轻微变形所致，然后对其插件进行矫正后，主控人员远方启动泵，KIC 显示电流值恢复正常；2 ）故障原因分析：2AGM101PO 测量电流变送器输出端插件轻微变形
电气处理反馈：1 ）处理措施：经检查分析为1LKG411JA 开关内电流测量回路二次插件松动所致，对其紧固后电流显示恢复正常；2 ） 故障原因分析：1LKG411JA 开关内电流测量回路二次插件松动所致","2AGM101PO 为主给水泵A 的交流电动机驱动的辅助润滑油泵，为容积式齿轮油泵。该卧式齿轮泵位于液力耦合器壳体内，其电动机安装在壳体外。泵入口处装有“吸油”管，它延伸到液力耦合器油池内低油位处。它作为主润滑油泵的备用泵。用于保证主给水泵在备用状态、启动和停泵过程中供应润滑油。辅助油泵也用于在应急情况下（润滑油压力低等）以及在倒转情况下启动
1AGM201P0 为主给水泵B 的交流电动机驱动的辅助润滑油泵，为容积式齿轮油泵。该卧式齿轮泵位于液力耦合器壳体内，其电动机安装在壳体外。泵入口处装有“吸油”管，它延伸到液力耦合器油池内低油位处。它作为主润滑油泵的备用泵，用于保证主给水泵在备用状态、启动和停泵过程中供应润滑油。辅助油泵也用于在应急情况下（润滑油压力低等）以及在倒转情况下启动",
2AHP119VL 开度异常增大,2AHP119VL 开度在KIC 上反馈已达83 ％开度，现场也达到83 ％开度，而且阀门振动较大，已联系性能测振，振动偏大但不影响正常运行，需要、密切关注。中班接班后2AHP119VL 阀门仍然在缓慢开大并最终开到100 ％开度,1 ）管线振动大可能导致阀门损坏或者管线断裂；2 ）高加达到高3 液位降导致高加解列，影响机组热效率，导致反应堆热功率超限,已采取的行动措施：1 ）主控室操纵员将2AHP119VL 和2AHP120VL 打手动，稳定液位；2 ）联系仪控、机械专业进行现场检查,1 ）当班值通过对比1 、2 、3 号机组各项参数，只是2AHP119VL 开度达到了100 %，其余机组在40 ％左右。另3 台机组的7A 、7B 进气温度相当。约226 ℃，但疏水温度：1 号机组和3 号机组 AHP010KT(7A 疏水温度）、AHP012KT(7B 疏水温度）在208 ℃，而2 号机组都在225 ℃。2 ）初步判断因7A 、7B 实际液位过低，导,,"1)AHP119VL(7A 高加正常疏水阀）由7A 高加液位中值控制。2)6A 高加液位H3>138mm ，关闭7A 高加正常疏水阀，控制切手动，7A 高加危急疏水阀取消偏置。3)7A 高加3 个液位计故障，正常疏水阀控制切手动。AHP120VL(7A 高加危急疏水阀）正常由7A 高加液位中值减去偏置控制，6A 高加液位H3>138mm ，取消偏置控制。 4)7A 高加液位H2>88mm ，全开危急疏水阀，控制切手动。57A 高加3 个液位计故障，正常疏水阀控制切手动
参考资料来源信息",
2APA100VL 主控开启时触发故障（大红色），现场检查存在过力矩报警,2APA100VL 主控开启时触发故障（大红色），现场检查存在过力矩报警,影响 2APA100VL 开关操作的可靠性,已采取的行动措施：1)安排现场就地检查阀门电动头，发现存在过扭矩报警；2)安排现场确认阀门限位触发情况：3) oncall 维修电气检查处理,关行程偏差造成过力矩报警,电气处理反馈：1 检修内容及步骤：①现场检查 2APA100VL 阀位在1%时出现关力矩报警；②确认阀门已至全关位，重新设定电动头关限位后报警消除；③对电动阀门进行开关操作，通知运行人员对阀门进行验证。2)故障原因分析：关行程偏差造成过力矩报警,2APA100VL 参与的 APA 控制逻辑：D2APA100VL 关信号触发 2APA102P0 跳闸：②2APA100VL 全开信号是主给水泵 A 允许启动信号之一,
2APA102P0 画面上的主给水泵A 转速就地控制柜工作正常灯 2APA105SY 灯不亮,2APA102PO画面上的2APA105SY（就地控制柜状态正常灯）灯不亮，现场检查就地控制箱有报警,影响主给水泵振动监测的可靠性,已采取的行动措施：1）主控KIC检查2APA102PO的各项温度和振动参数正常；2）安排现场检查2AGM101AR上故障报警情况，检查2APA101AR振动监测卡件VM600上的三个状态灯触发情况；3）oncall仪控检查处理,2APA106MV传动轴振动，前置器与振动探头连接处松动,仪控处理反馈：1）检修过程：①拆开2APA106MV检查前置器接线，发现前置器与振动探头连接处松动，紧固后2APA105SY显示已连接；②依照控制柜接线图纸紧固2APA102CR端子盒里2APA106MV的信号线；2）故障原因分析：2APA106MV传动轴振动，前置器与振动探头连接处松动,1）APA105SY/205SY/305SY为主给水泵转速就地控制机柜工作正常灯，当主给水泵转速就地控制机柜工作正常时灯亮。2）主给水泵转速就地控制机柜工作正常灯APA105SY/205SY/305SY灭的常见原因有：振动探头间隙电压异常；信号接线端子松动等,
2APA220VL 主控显示故障大红色全开，就地检查阀门全开,20：20，主控触发 2APA004KA（给水泵 B 小流量调节阀 2 手动调节）报警，查看画面 2APA220VL 显示大红色全开状态，查看趋势 2APA220VL 开度反馈由 0%突增至 100%（需求开度为 0%），现场检查阀门状态为全开，且主控无法手动关小该阀门。2APA201MD 由 3298 m/h 增加至 3759 m/h，2APA201MC 由 4360 r/min 增加至 4657r/min，电流由 829A 增加至 938A，蒸汽发生器液位未见明显异常波动。目前将 2APA212VL 关闭，2APA220VL 至手动,导致再循环阀 2APA220VL 故障全开，引 I 起主给水泵转速和流量增大存在泵超流量的风险，影响 SG 给水安全，可能导致 SG 液位波动,已采取的行动措施，1)查看和执行报警卡，确认 2APA220VL 故障情况；2)将 2APA212VL 关闭，将 2APA220VL 置于手动；3) oncall 仪控检查处理,定位器故障,仪控处理反馈：1)工作过程：①检查发现定位器故障，输出不稳定；②阀门保温包裹过厚，定位器温度过高，影响定位器正常工作；③检查定位器及反馈器接线；④更换定位器，且做好特性检查；⑤对保温进行拆装；⑥配合厂家进行诊断，且调整好气压；⑦联系运行人员验收，归还工作许可证。2)故障原因分析：定位器故障,1)再循环阀 APA220VL 参与主给水泵的允许启动正常信号，若再循环阀未全开将导致主给水泵无启动允许。2)给水泵允许启动状态正常「APA103KS (A 泵) 或 203KS (B 泵) 或 303KS(C 泵) 亮 1:,
2ARE053VL 在送电的情况下就地电动头仍没电,"2ARE053VL 在送电的情况下就地电动头仍没电, 电动阀门显示屏无显示",,品采取的行动措施oncall 电气专业处理,电动头动力接线插件松动,仪控处理反馈：1 ）检修步骤：①经现场检查发现电动头动力接线插件松动；2 ）对电动头动力接线插件进行紧固，送电后开关试验确认缺陷消除；③工作结束后，清理现场。2 ）故障原因分析：电动头动力接线插件松动,2ARE053VL为1号蒸发器主给水调节阀2ARE242VL上游的隔离阀,
2ARE055VL 阀门关闭过程中产生“过扭矩”报警，阀门电源空开跳开,执行2ARE/AHP 充水排气时，2ARE055VL 阀门关闭过程中产生过扭矩”报警，查看阀门电源发现空开跳开,导致阀门无法正常关闭,已采取的行动措施：oncall 电气检查处理,电机接线脱落,电气处理反馈1 ）检修步骤：①检查电机及电机接线，发现电机接线脱落；②重新连接电机接线；③试验电动头开关正常；④工作结束后，恢复开关原始状态，清理现场。2 ）故障原因分析：电机接线脱落,2ARE055VL 为主给水调节阀2ARE032VL 前电动隔离阀，在功率大于20 %FP 时给2 号蒸汽发生器供水,
2CFI012DG 提升阶段翻转电机不动作,(NQ)FQ2-CFI-T-001：拦污栅耙斗的限位开关和应急停止试验规程，2CFI012DG 耙斗上升过程中无法啮合,自动下降过程中以及手动啮合时能动作，自动提升时不动作。该缺陷使得2CFI012DG 除污功能失效,已采取的行动措施：1 ）暂停试验，现场检查确认故障具体情况；2 ）现场检查2CFI102AR 上故障情况；3 ）oncall 仪控检查处理,齿合延时继电器故障,,CFI101/102AR 格栅除污机成套控制柜，该柜中有格栅除污机的电机电源以及电加热器空开，在控制柜门上可以将所选择的格栅除污机打在现场／强制／自动这三个位置，来对格栅除污机的运行模式进行选择,
2CFI031TF 鼓网低速电机2CFI001M0 存在明显异音且其一级减速机油位计中油呈暗黑色,夜班巡检发现2CFI031TF 鼓网低速电机2CFI001M0 转轴存在明显“嘎岐嘎岐”的异音。且其一级减速机油位计中油呈暗黑色,1)2CFI001M0 与2CFI007/003/005M0 电机同轴，如果2CFI001M0 卡涩或故障，存在2CFI031TF 重鼓网停运，可能导致杂物无法得到有效清除，存在A 列冷源丧失风险；2 ）若电机转轴故障，导致2CFI031TF 鼓网停运，2CRF001P0 长时间运行，鼓网可能因前后压差过高而被吸变形损坏的风险，循泵可能因鼓网前后压差高跳闸，导致非计划降功率,已采取的行动措施：1 ）主控和现场重点关注监视2CFI001M0 运行情况确认2CFI007M0、003M0、005M0 可用无异常：2)oncall 维修机械和电气人员检查：3 ）做好切换2CFI031TF 鼓网低速电机2CFI001M0 到2CFI007M0 运行的准备,"1) 2CFI001M0 电动机非驱动端风扇罩个别螺栓松动, 风扇罩轻微变形, 风扇与风扇罩刮擦, 产生刮擦声; 2) 海水蒸汽通过风扇吸入电机后在电机非驱动端端盖与轴接触部位蒸发变成盐颗粒, 电动机轴转动过程中与盐颗粒摩擦, 产生间歇细微摩擦声","电气处理反馈: 1) 检查结果及处理措施: 1D 到达就地在未使用听针的情况下, 可以明显听出 2CFI001M0 电动机非驱动端风扇罩内有喻刮擦声音; 处理进展: 对风扇罩与电机本体螺栓进行紧固, 轻微按压风扇罩后, 风扇与风扇罩刮擦声消失; 原因分析: 5月14日解体 2CFI007M0 时频繁启停 2CFI001M0 造成 2CFI001M0 电动机非驱动端风扇罩个别螺栓松动, 风扇罩轻微变形, 风扇与风扇罩刮擦, 产生刮擦声。②为确定轴承状态使用听针检查 2CFI001M0 电动机驱动端、非驱动端轴承声音, 发现非驱动端除电磁噪声(多极机电正常运行声音)外伴有间歇细微摩擦声; 处理措施: 测量 1/2CFI001/002M0 (1、2号机组运行中的鼓网低速电机)振动、温度数据正常, 检查风扇罩螺栓都已紧固。表1鼓网低速电机运行的振动参数电动机测水平/垂直/轴向/振动标准电动机设备位码振方向(mm/s) (mm/s) (mm/s) (m/s) 运行参数驱动端2.31. 20.51CFI001M0 正常非驱动端1.31.00.5驱动端2.22.01.31CFI002M0 正常非驱动端0.71.80.9≤10驱动端2.31.50.32CFI001M0 正常非驱动端0.70.80.8驱动端1.21.20.42CFI002M0 正常非驱动端0.90.70.7",化学技术规范中关于润滑油的要求说明：应急柴油发电机 LHP/Q/S、CFI 等系统，由于油品颜色较深，黏度大，不作“外观”和“颗粒度”要求,
2CGR003P0 的上游开关2LKH321JA 所处的配电柜，在泵未运行的状态下存在电流显示，并且一直在波动,2CGR003PO 的上游开关 2LKH321JA 所处的配电柜，在泵未运行的状态下存在电流显示，并且一直在波动,影响 2CGR003PO 电流显示,已采取的行动措施。1）主控和现场检查确认 2CGR003PO 处于停运状态； 2)oncall 维修电气检查处理,电机综合保护器板卡损坏,电气处理反馈：1)检修步骤：①召开工前会，做好风险分析；②与运行联系，将抽屉抽出，打开电机综合保护器，将旧板卡拆除；③更换新的板卡，并紧固端子；4 联系运行将抽屉打至试验位，对电机综合保护器参数进行核对，定值正确；5 清理现场，归还工作票。2）故障原因分析：电机综合保护器板卡损坏,"2CGR003PO 的控制逻辑：在CRF001PO 给出启动指令后，只要油压≤0.13 MPa, CGR003PO 即自动启动：在油压＞0.2 MPa 时，CGR003PO 自动停运；另外在CRF001PO 停运指令发出后，003PO 自动启动并在运行10min 后自动停运",
2CTE001/002TR 绝缘低,2CTE001/002TR 绝缘低,,oncall 电气检查处理,变压器所在厂房环境潮湿,电气处理反馈1 ）检修步骤：①办理紧急维修指令单、领取工作许可证、现场召开工前会核对设备名称、编码，开工前验电；②检查2CTE001TR 高压侧绝缘电阻为5.2MQ、2CTE002TR 高压侧绝缘电阻为4.9MQ，绝缘偏低；③使用电热风机对2CTE001TR 变压器和2CTE002TR 变压器分别进行烘烤；④烘烤约15min 后2CTE001TR 高压侧绝缘电阻为67.3MQ22CTE002TR 高压侧绝缘电阻，35.6MQ2；5 以上2 个变压器本体完好、开始绝缘偏低是因为该厂房常年环境潮湿而引起、不影响变压器投运；③归还工作许可证、填写完工报告。2 ）故障原因分析：变压器所在厂房环境潮湿,CTE 系统由位于2 台海水泵CTE001/002P0（一用一备）抽取海水进入到两套电解槽CTE004BA、CTE005BA 中。其中两套电解槽水侧并联运行，电路侧串联运行。两台变压器／整流器CTE001TR/CTE001RD、CTE002TR/CTE002RD 将6.6kV 交流电转为直流电供给电解槽组。正常运行时通过调节通向电解槽的电流值来调节氯气产生量,
2CTE001RD 启动后因出现2CTE004BA1 槽压低（电解槽电压低）跳闸,2CTE001RD 启动后因出现2CTE004BA1 槽压低（电解槽电压低）跳闸,导致2CTE 一列制氯不可用,已采取的行动措施：1 ）恢复启动一列2CTE005BA 进行单列制氯； 2)oncall 电气检查处理,仪控槽压控制板损坏槽压信号反馈错误出现2CTE004BA 槽压低（电解槽电压低）报警，导致整流器跳闸,电气处理反馈：1）检修过程：D 联系运行人员配合启动整流器，测量2CTE004BA 的实际槽电压，确认槽压正常；②联系仪控人员配合检查槽压信号反馈是否正常，通过分析为槽压控制板故障，转仪控开票更换槽压板；③仪控人员更换槽压控制板后联系运行启动验证，2CTE001RD 正常运行；④归还工作许可证，填写完工报告。2）故障原因分析：仪控槽压控制板损坏，槽压信号反馈错误出现2CTE004BA 槽压低（电解槽电压低）报警，导致整流器跳闸,CTE004BA 电解槽电压控制逻辑：CTE004BA 电压低，自动停 CTE001RD ;CTE005BA 电解槽电压控制逻辑：CTE005BA 电压低。自动停CTE002RD,
2CTE002RD 启动后电流无法上调,2CTE酸洗完成后.启动2CTE时，2CTE001RD电流4800A，2CTE002RD电流无法增加，最高只有55A，且整流器面板卡死，无反应，0ncall电气人员，其反馈2CTE002RD整流器控制板损坏，需更换,导致丧失一列CTE制氯,已采取的行动措施：1）暂停启动2CTE，将2CTE002RD停运；2)oncall电气人员检查处理,整流器控制板损坏,电气处理反馈：1）检修步骤：①D 对拆除2CTE002RD 内的002CT 整流器控制板并做好拆线记录；②对回装2CTE002RD 内的002CT 控制板并按照拆线记录恢复接线；③联系运行人员对2CTE002RD 进行验证，验证电流能够正常上调；④归还工作许可证。2）故障原因分析：整流器控制板损坏,CTE 系统由位于2 台海水泵CTE001/002P0（一用一备）抽取海水进入到两套电解槽电TE004BA、CTE005BA 中。其中两套电解槽水侧并联运行，电路侧串联运行。两台变压器/整流器CTE001TRVCTE001RD、CTE002TR/CTE002RD 将6.6kV 交流电转为直流电供给电解槽组。正常运行时通过调节通向电解槽的电流值来调节氯气产生量,
2CTE002RD 整流器意外跳闸且控制柜上快熔故障指示灯亮,现场巡检发现2CTE002RD 跳闸且控制柜上快熔故障指示灯亮，联系电气进行检查，反馈为内部2CTE002RD 内部晶闸管损坏,导致2CTE002RD 跳闸，导致一列CTE 制氯不可用,已采取的行动措施：1)oncall 电气检查处理2 ）启动2CTE 单列运行,检查发现2CTE002RD 整流柜内两组快速熔断器损坏，一组晶闸管损坏,电气处理反馈：1 ）检修步骤：（WOT:00869968-01)①取得工作许可证，确认先决条件：②现场现场检查发现2CTE002RD 整流柜内两组快速熔断器损坏，一组晶闸管损坏，但是由于此工作票隔离不满足需求，已从新开紧急票（00870279-01）工单进行后续处理：③清理工作现场，归还工作许可证。2 ）检修步骤：（WOT:00870279-01)①开工前所有工作组成员根据工作包再次核对设备编码并进行开工前验电；②领取同型号,CTE001RD 快熔故障触发时，将在LCR上触发快熔故障报警灯亮，将触发CTE001RD 自动停运、触发CTE001TR 自动停运；CTE002RD 快熔故障触发时，将在LCR上触发快熔故障报警灯亮将触发CTE002RD 自动停运、触发CTE002TR 自动停运,
2CTE002RD 过流故障导致停运,04 月17 日中班现场巡检发现2CTE002RD 跳闸，电气人员检香反馈可能瞬时电流过大导致。18 日夜班启动后电流到4900A 后再次跳闸，跳闸后故障无法复位且上位机上电流显示值始终为跳闸时的10000A,导致丧失一列CTE 制氯,已采取的行动措施：1 ）将故障设备置于安全位置；2 ）oncall 电气检查处理,2CTE002RD 整流器内整流保护板损坏,电气处理反馈，1 ）检修步骤：①检查整流器内部的晶闸管直流电阻均在10Q 以上数据在合格范围内，晶闸管和速熔断路器完好；②测量001BN 的15 、16 号端子输出电流为：4 . 8mA ，17 、18 端子的输出电流为：4 . 9 mA （标准大于4 mA ）③根据厂家指导送上整流器控制电源开关测量整流保护板001CT 上线号600 端子与电阻之间的电压为：600 -R35 : 4 . 05 V600 -R94 : 6 . 83 V ，针对电压数据。判断600 与电阻R94 的电压偏高，确认保护板损坏需要更换；④拆借1 号机同型号整流器保护板对其进行了更换，同时从库房领用新的电流传感器对旧的电流传感器进行更换，更换完成后送电再次测量整流保护板001CT 上线号600 端子与电阻之间的电压为：600 -R35 : 3 . 81 V 、600 -R94 : 2 . 94 V ;③联系运行启动整流器进行验证，缺陷消除，验证合格；③确认工作现场已清理，召开工后会，工作许可证已归还，填写完工报告。2 ）故障原因分析：2CTE002RD 整流器内整流保护板损坏,CTE 系统由位于2 台海水泵CTE001/002P0 （一用一备）抽取海水，进入到两套电解槽CTE004BA 、CTE005BA 中。其中两套电解槽水侧并联运行，电路侧串联运行。两台变压器／整流器CTE001TRCTE001RD、,
2CTE422LP/MP 频繁触发2CTE004BA2 槽压高报警,中班启动2CTE 双列制氯时。2CTE422LP/MP 频繁触发2CTE004BA2 槽压高报警，导致2CTE 无法正常启动,,已采取的行动措施：1）现场检查阀门在线和电解槽前的流量计流量正常；2）oncall 仪控检查处理,2CTE422LP/MP 故障,仪控处理反馈1）检修步骤：①现场确认，检查2CTE422LP/MP 接线；②开启排污阀对2CTE422MP/LP 进行泄压，但2CTE422MP/LP 显示电流没有变化仍然显示22mA；③对2CTE422LP/MP 拆回实验室进行校验，发现其电流值不随压力变化而变化，其电流值一直保持在22mA。向系统工程师反馈后，领取新备件，校验仪表，仪表校验合格；④回装仪表，2CTE422LP/MP 显示正常，报警消失：工作结束。2）故障原因分析：2CTE422LP/MP 故障,1)3~4 号机电解槽槽压高的控制逻辑：①CTE413SP（电解槽CTE004BA1 差压表）差压高或CTE423SP（电解槽CTE004BA2 差压表）差压高或CTE513SP（电解槽CTE005BA1 差压表）差压高或CTE523SP（电解槽CTE005BA2 差压表）差压高时，分别在就地LCR 上触发差压高报警，并将导致CTE001RD 和CTE002RD 自动停机，CTE001PO 和CTE002PO 自动停运：②8CTE002UV 中的001TO 可以用于复位故障报警（包括槽压高报警）。2) 1/2 机组电解槽槽压高的控制逻辑：①CTE412LP/MP（电解槽CTE004BA1 口压力表）压力高或CTE422LP/MP（电解槽CTE004BA2 入口压力表）压力高或CTE512LP/MP（电解槽CTE005BA 入口压力）压力高或CTE522LP/MP（电解槽CTE005BA2 入口压力表）压力高时，分别在就地LCR 上触发槽压高报警，并将导致CTE001RD 和CTE002RD 自动停机CTE001PO 和CTE002PO 自动停运：②9CTE002UV/003UV 中的001TO 可以用于复位故障报警（包括槽压高报警）。3）处理3/4CTE 电解槽槽压高报警：（D 检查电解槽前的流量计流量是否较高，若流量过高，需要将电解槽入口流量计前的手动阀门调小：②检查海水泵出口阀开度，调节CTE 海水泵出口阀开度：③联系仪控检查差压表4 )3CTE 制氯时，若电解槽流量高，可能会导致电解槽压力高故障导致跳闸，3CTE 单列流量合适值为26~36m3/h，若流量低于24m /h 或高于38m3/h 则可能导致3CTE 跳闸，有如下几种方法调节。D 调节在运行海水泵（3CTE001/002PO ）出口流量。（出口压力在0 . 6 MPa 左右为合适）正常运行时，海水泵出口压力在0 . 58~0 . 63MPa 之间，出口阀开度在20 %~30 ％之间，出口阀过大会导致海水泵超流量跳泵：2 ）调节在运行的,
2DEG101GF 闪发综合故障报警,主控触发3 次2DEG101GF 综合故障报警。现场检查为蒸发压力低报警,导致2DEG101GF 综合故障报警闪发，存在冷冻机跳闸的风险,已采取的行动措施：1 ）安排现场检查确认为冷冻机蒸发压力低报警，现场蒸发压力约253kPa ，要求现场加强监视蒸发压力，若存在下降趋势及时反馈；2 ）oncall 机械检查处理,冷冻机冷媒不足,,,
2DEG203SP 误触发导致 2DEG201GF 无法启动,4DEG301GF在RRI设冷水流通情况下触发冷却水断水保护。仪控开紧急票更换4DEG303SP后，冷却水断水保护消失，IO已消除。但是在无设冷水流通的情况下，冷却水断水保护信号无法触发,"导致2DEG201GF无法启动产生随机的I02: DEG1
可能导致冷冻机组在失去设冷水情况下无法正确触发保护停机。进而导致冷冻机组损坏",已采取的行动措施，1)现场检查确认4DEG305VN关闭情况下，冷却水断水信号无法触发；2)oncall仪控检查处理,仪表定值存在漂移，仪表定值调整需在730kPa静压基础上进行调整，大气压力情况下调整定值会存在漂移,"2DEG203SP定值漂移,系统压力低导致2DEG203SP不能消报
仪义控处理反馈:1)检修措施及步骤:①D对2DEG203SP进检行校验,发现2DEG203SP顶针偏移,复位后重新校验,经调整后校验合格;②对2DEG203SP进行通道检查,通道正常;③投表后发现就地面板上仍然显示冷却水断,与主控沟通后启动2DEG201GF,启动过程中检查2DEG205VN限位与主控显示一致;④测量启动2DEG201GF时系统压力,2DEG203SP正压侧为100~110kPa,负压侧为78~88kPa,怀疑系统压力低于2DEG203SP恢复值(2DEG203SP定值为低报30kPa,恢复值为34kPa),无法消除报警导致就地面板上一直显示冷却水断;主控加大冷却水流量后,报警消除,就地面板显示冷却水通。2DEG201GF正常启动。2)故障原因分析:2DEG203SP定值漂移,系统压力低导致2DEG203SP不能消报
仪控处理反馈：1 ）工作过程：D 检查4DEG305VN 已关闭，4RRI943VN 打开状态，4RRI963VN 开度为4 格；②检查控制屏上冷却水断流信号当前状态：通：③关闭4DEG303SP 仪表阀，拆除仪表接线，将4DEG303SP 仪表拆除；④对4DEG303SP 进行校验，定值存在漂移，重新调整后恢复仪表状态：安装2 块精密压力表测量关阀状态下管道压力，正压侧： 0.7359MPa，负压侧：0.7358MPa;③经分析仪表存在730kPa 静压，仪表调整需要在静压基础上进行调整，重新调整后恢复仪表状态：①拆除精密压力表，回装4DEG303SP ，打开仪表阀投用仪表确认断流信号状态：断水；8 联系运行开启及关闭4DEG305VN ，通水及断水信号触发正常。2 ）故障原因分析：仪表定值存在漂移，仪表定值调整需在730kPa 静压基础上进行调整，大气压力情况下调整定值会存在漂移",DEG 冷冻机上装的水量差压控制器只起断水保护开关作用，不能测量和控制制水流量：DEG 冷冻机组冷冻水侧断水保护整定值为35kPaDEG 冷冻机组冷却水侧断水保护整定值为27kPa,
2DEL001-002GF 就地控制柜上所有显示和设定参数都为0 或者空白，无法启动冷冻机组,启动2DEL001/002GF 时发现两台冷冻机PLC 控制柜上所有显示和设定的参数都未0 或者空白，无法启动冷冻机组,导致冷冻机组无法启动，影响电气厂房冷风系统运行,,2DEL001/002GF 控制器打至stop 模式,仪控处理反馈：故障原因分析：2DEL001/002GF 控制器打至stop 模式,,
2DEL001GF 一台压缩机启动，另一台压缩机未启动，导致 DEL 冷冻水温度升高,2DEL001GF 备用压缩机无法启动,2DEL001GF 的备用压缩机无法启动。冷冻水温度升高,已采取的行动措施：oncall1 仪控和机械检查处理,2DEL471V0 电子膨胀阀电机坏，电子膨胀阀无法打开造成低压过低保护,,,
2DEL001GF 启动过程中出现冷却流量低报警,"执行 FQ2-DEL-C-002, 将 2DEL002GF 切换至 2DEL001GF 过程中发现 2DEL001GF 有冷却流量低报警导致 2DEL001GF 无法启动","导致 2DEL001GF 无法启动, 产生第二组 IO: DEL1",已采取的行动措施: oncall 维修仪检查处理,,仪控处理反馈：1 ）检修措施及步骤：D 现场对检查2DEL001AR 面板显示报警故障，确认为冷却水流量低，对应设备为2DEL109SP，关闭仪表一次阀2DEL439/441VQ，记录接线图，拆除接线并用绝缘胶布包裹，拆下仪表2DEL109SP；②现场对2DEL109SP 进行校验，仪表定值漂移，反馈班组后调整，再次校验结果合格，回装仪表，按照拆线前记录回装接线，打开仪表一次阀2DEL439/441V0恢复仪表在线；③联系运行人员，反馈仪控工作完成，后续配合启动2DEL001GF 确认2DEL001GF 正常启动后，反馈主控，主控通知还票。2 ）故障原因分析：2DEL109SP 定值漂移,,
2DEL009SP 在 2DEL001BA 压力低于 0.1 MPa 时没有在 KIC 上触发压力低报警,现场巡检时发现 2DEL001BA 就地压力约为 0.02 MPa 但主控没有触发压力低报警,2DEL001BA 压力低于 0.1MPa 时没有在 KIC 上触发压力低报警 2DEL001KA2 (冷冻水压力低),已采取的行动措施：提 WR 走计划处理,2DEL009SP 故障,电气处理反馈：1) 检修措施及步骤：关闭根阀 2DEL009VSP，拆下 2DEL009SP 并对其进行校验，校验无问题后安装好表，后发现问题仍未解决，去对应机柜侧用电压表测量发现机柜侧无问题，怀疑就地接线有问题，将就地接线问题处理好后发现 2DEL009SP 在 2DEL001BA 压力低于 0.1MPa 时会在 KIC 上触发压力低报警。2) 故,,
2DVE006ZV 风机开关跳闸主控显示大红色处理,2DVE006ZV 风机开关跳闸，主控显示大红色,1)2DVE006ZV 在主控显示大红色，就地检查已停运，导致蓄电池房间通风部分不可用，产生随机I02: DVE2;2)B 列蓄电池房间排风失去，蓄电池房间无法达到负压，造成可能产生的氢气的外泄,已采取的行动措施：关注房间负压情况：必要时打开A 、B 蓄电池间联通阀保持B 列蓄电池间的负压,2LLB2101JA 开关C 相接线松动，导致过流保护跳匣,电气处理反馈：现场检查抽屉内部接线及电气元器件正常，检查抽屉出线侧接线。发现C相接线松动，紧固接线后故障消除,2DVE006ZV是B列蓄电池间排风机，负责蓄电池间微负压的建立,
2DVK202MV(2DVK002ZV轴承非驱动端振动）频繁闪发振动高报警,主控频繁闪发2DVK102KA(2DVK002ZV振动和温度综合报警），就地核实为2DVK202MV 振动高。联系机械检查确认风机振动真实高,导致2DVK002ZV 风机轴承振动高，轴承存在磨损的风险,已采取的行动措施。1 ）安排现场检查核实，确认为2DVK202MV 振动高，要求现场加强监视风机轴承温度上涨情况，有异常及时反馈；2 ）立即将2DVK002/004ZV 切换至2DVK001/003ZV 运行；3 ）oncall 机械检查处理,基础垫铁发生了位移,机械处理反馈：1 ）检查内容：在线调整基础垫铁：2 ）处理结果：运行4h 无闪发振动高报警，最高振动2 . 8mm /s ，满足运行要求；3 ）故障原因分析：基础垫铁发生了位移,2DVK202MV 振动值大于5 . 5mm /s 时产生高报，大于6 . 3mm /s 时产生高高报，均触发2DVK102KA(2DVK002ZV 振动和温度综合报警）,
2EAS003PO（EAS化学添加剂混合泵）在KIC上无法手动启动,执行（Q）FQ2-EAS-T-004：氢氧化钠混合泵003PO性能试验规程时，连续两次都无法在KIC中手动启动2EAS003PO，查询趋势发现其自动启动均正常，第三次手动启动成功,影响2EAS003PO运行可靠性,已采取的行动措施：1）现场确认2EAS003PO供电正常；2）联系仪控分析处理，再次尝试启动成功,当手动启动2EAS003PO时，因2EAS003PO的运行反馈RP信号与计时器配合上存在问题。泵运行反馈RP信号为1时，计时块偶发不会及时清零的问题（根据分析，一般会在2s之后成功清零），此时产生2EAS003PO的停命令，导致2EAS003PO启动后又停运,仪控处理反馈：1）工作过程：①在工程师站下装脚本，修改2EAS003PO_L6内部逻辑；②临时修改2EAS003PO启停延时时间，手动启停该泵，验证该泵能正常手动、自动启停；③恢复2EAS003PO启停延时时间，工作完成：2）故障原因分析：当手动启动2EAS003PO时，因2EAS003PO的运行反馈RP信号与计时器配合上存在问题。泵运行反馈RP信号为1时，计时块偶发不会及时清零的问题（根据分析，一般会在2s之后成功清零），此时产生2EAS003PO的停命令，导致2EAS003PO启动后又停运,EAS003PO每8h启动一次，运行20min对EAS001BA内部碱液进行搅混,
2EAS013VB（地坑至EAS001P0隔离阀）阀门故障无法开启,执行（Q）FQ2-RPA-T-035：通过RPA378KC进行安全壳喷淋再循环信号试验规程时，2EAS013VB接收到开启信号后实际并未开启，超时后主控显示大红色故障,2EAS013VB故障无法开启，影响EAS系统A列的可用性，导致产生随机I01：EAS1,已采取的行动措施1)安排现场确认2EAS013VB实际未开启，检查阀门供电开关：2)暂停试验，oncall电气和仪控人员检查处理,2EAS013VB上游开关2LLC3121JA内三极负荷开关001JS内齿轮断裂，主回路无法接通，导致电动阀收到开阀信号后无法打开,"电气处理反馈：1)故障描述：电动阀2EAS013VB接收到开启信号后实际并未开启，超时后主控显示大红色故障：2）原因分析：2EAS013VB上游开关2LLC3121JA内三极负荷开关001JS内齿轮断裂，主回路无法接通，导致电动阀收到开阀信号后无法打开：3）处理过程：①仪控人员配合发出强制开阀命令，电气盘柜侧可以接收到信号，通道正常；②测量电动执行机构电机绝缘、直阻均正常；③将开关2LLC3121JA置于试验位，用试验盒开阀，可以听到接触器吸合声音，判断抽屉控制回路正常；
4 检香 2LLC3121JA 抽屉，发现三极负荷开关001JS 内齿轮断裂，领取备件更换；联系运行人员试验，电动阀开阀后主控显示洋红色，联系仪控人员检查处理后故障消除，开关阀均正常",通过RPA378KC 进行安全壳喷淋再循环信号试验规程，将RPA378KC 置于试验位置时，EAS013VB 将自动开启，EAS001VB 将自动关闭,
2ETY035KA（碘吸附器电加热器温度高）无法消除,执行2ETY 排放的过程中，2ETY035KA（碘吸附器电加热器温度高）出现后电加热器跳闸，但该报警始终存在,导致2ETY035KA（碘吸附器电加热器温度高）报警一直触发,已采取的行动措施，1 ）查看和执行报警卡；2)oncall 仪控检查处理仪表故障,,仪控处理反馈：1）检修措施及步骤：D 现场检查2ETY001ST 高报触发。 发现开关上的微动开关无法复位，而导致2ETY035KA 高报一直触发；②核实备件校验合格后对2ETY001ST 进行更换；③通知运行人员进行验证报警消除；2）故障原因分析：检查2ETY001ST 高报触发，发现开关上的微动开关无法复位，而导致2ETY035KA 高报一直触发,2ETY001ST≥70℃时。触发碘吸附器电加热器温度高,
主控触发2GPA631KA（发电机转子接地报警）2GPA592KA（非电量保护装置故障）、2GEX130KA（发电机转子接地报警）、2GEX106KA（励磁系统综合报警）。AVC 自动退出运行,06:26. 主控触发2GPA631KA（发电机转子接地报警）、2GPA592KA （非电量保护装置故障）、2GEX130KA（发电机转子接地报警）、 2GEX106KA（励磁系统综合报警）。AVC 自动退出运行就地检查发现 2GEX003AR 举刷报警,1 ）可能引起保护装置误动作，导致发电机跳闸的风险：2 ）导致AVC 退出运行,已采取的行动措施，1）向电网汇报2AVC退出情况；2）安排就地检查2GEX003AR发现举升报警；3）oncall电气检查处理；4）电气工作人员进行复位并进行举升，报警消除后。获得省调同意后重新投入AVC,电刷处于励磁机内部，容易堆积灰尘从而卡涩，使得转子接地电刷负极卡涩未举起,"电气处理反馈：1）处理措施：①在举刷回路介入录波仪；②执行举刷操作，同时录制举刷回路电流波形以及观察举刷动作情况，结果观察到负极电刷没有拾起；③将测量电刷由负极电刷更换到正极电刷；④执行举刷操作，同时录制举刷回路电流波形以及观察举刷动作情况，结果电流波形为正弦波但存在畸变，有效值为正常值，正极电刷正常动作：正、负极电刷互为备用，目前负极卡涩无法使用，电刷已更换到负极，电刷修复或更换工作需要停机窗口执行，已提交工作申请WR：00310981，保持跟踪；因2号发电机转子接地电刷卡涩，在举刷过程中没有抬起，暂时无法修复，需要临时TCA处理：将转子接地定值修改为2500（实施TCA：F02-GEX-TCA-3324，2GEX001AR转子接地保护定值和接线临时变更，将一段报警定值由4000Q修改为2500Q）。
2 ）故障原因分析：电刷处于励磁机内部，容易堆积灰尘从而卡涩，使得转子接地电刷负极卡涩未举起。3 ）大修停机窗口电刷维修工作：工作过程（WR/WOT:00310981/00756956-01):①装置拆除和环境清洁；②电刷改造及试验；③安装DMR 电刷，连接DMR 电刷航空插接线：测量电刷和滑环轴间隙：（正极：2 . 25mm ，负极：2 . 00mm ，接地极：2 . 25mm ，小于参考值2 . 5mm ，数据合格）：测量回路：（正极和接地极电阻值：为3100Q ， 负极和接地极电阻值：为3100Q ，数据合格）；④手动举刷，录取正极和接地测量回路波形正常：电刷动作正常，电阻值测量合格；③工作结束，确认无异物，清理现场；③请运行人员验收，签字确认，归还工作票","GEX001AR 转子接地保护设定值（I 段R <4000Q,t ,=5s)，每天进行一次转子接地电源检测，报警中GEX106KA（励磁系统综合报警）是AVC 投入的闭锁条件之一，出现该报警，AVC 会自动退出",
主控触发2GPA631KA（发电机转子接地报警）、2GPA592KA（非电量保护装置故障）、2GEX130KA（发电机转子接地报警）、2GEX106KA（励磁系统综合报警），AVC 自动退出运行,"06:26 ．主控触发2GPA631KA（发电机转子接地报警）、2GPA592KA（非电量保护装置故障）、2GEX130KA（发电机转子接地报警）、2GEX106KA（励磁系统综合报警）。AVC 自动退出运行，就地检查发现2GEX003AR 举刷报警
06:26，主控触发2GPA631KA（发电机转子接地报警）、2GPA592KA （非电量保护装置故障）、2GEX130KA（发电机转子接地报警）、 2GEX106KA（励磁系统综合报警）。AVC 自动退出运行，就地检查发现 2GEX003AR 举刷报警","1 ）可能引起保护装置误动作，导致发电机跳闸的风险：2 ）导致AVC 退出运行
1 ）可能引起保护装置误动作，导致发电机跳闸的风险；2 ）导致AVC 退出运行","已采取的行动措施1 ）向电网汇报2AVC 退出情况：2 ）安排就地检查2GEX003AR 发现举刷报警：3 ）oncall 电气检查处理；4 ）电气工作人员进行复位并进行举刷，报警消除后。获得省调同意后重新投入AVC
已采取的行动措施：1 ）向电网汇报2AVC 退出情况；2 ） 安排就地检查2GEX003AR 发现举刷报警；3 ）oncall 电气检查处理；4 ）电气工作人员进行复位并进行举刷，报警消除后。获得省调同意后重新投入AVC","电刷处于励磁机内部，容易堆积灰尘从而卡涩，使得转子接地电刷负极卡涩未举起
电刷处于励磁机内部，容易堆积灰尘从而卡涩，使得转子接地电刷负极卡涩未举起","电气处理反馈，1 ）检修步骤：①在举刷回路介入录波仪：②执行举刷操作，同时录制举刷回路电流波形以及观察举刷动作情况，结果观察到负极电刷没有拾起；③将测量电刷由负极电刷更换到正极电刷：④执行举
3）大修停机窗口电刷维修工作：工作过程（WR/WOT：00310981/00756956-01）：①装置拆除和环境清洁；②电刷改造及试验；③安装DMR电刷，连接DMR电刷航空插接线：测量电刷和滑环轴间隙：（正极：2.25mm，负极：2.00mm，接地极：2.25mm，小于参考值2.5mm，数据合格）：测量回路：（正极和接地极电阻值：为31002，负极和接地极电阻值：为3100Q，数据合格）；④手动举刷，录取正极和接地测量回路波形正常：电刷动作正常，电阻值测量合格；③工作结束，确认无异物，清理现场；③请运行人员验收，签字确认，归还工作票
④手动举刷，录取正极和接地测量回路波形正常：电刷动作正常，电阻值测量合格：③工作结束，确认无异物，清理现场；③请运行人员验收，签字确认，归还工作票","GEX001AR 转子接地保护设定值（I 段R<4000Q,t,=5s)，每天进行一次转子接地电源检测，报警中GEX106KA（励磁系统综合报警）是AVC投入的闭锁条件之一，出现该报警，AVC会自动退出
GEX001AR转子接地保护设定值（I段R<4000,ti=5s)，每天进行一次转子接地电源检测，报警中GEX106KA（励磁系统综合报警）是AVC投入的闭锁条件之一，出现该报警，AVC会自动退出",
主控触发2GPA631KA（发电机转子接地报警）、2GPA592KA（非电量保护装置故障）、2GEX130KA（发电机转子接地报警）、2GEX106KA（励磁系统综合报警），AVC 自动退出运行,22:52 ，主控触发2GPA631KA（发电机转子接地报警）2GPA592KA（非电量保护装置故障）、2GEX130KA（发电机转子接地报警）、2GEX106KA （励磁系统综合报警），AVC 自动退出运行就地检查发现2GPA005AR 存在转子接地报警,导致2AVC 自动退出,已采取的行动措施：1 ）向电网汇报2AVC 退出情况；2)oncall 电气进厂检查处理,经检香原因为转子接地保护碳刷故障引起,电气处理反馈：1 ）工作过程：D 召开工前会：②在2GEX415CR 柜内接入录波器，转子接地保护注入电流线上钳上录波器钳表并准备好录波；③在2GEX001AR 柜按下手动举刷按钮并录制注入电流波形；④对转子接地,报警中GEX106KA（励磁系统综合报警）是AVC 投入的闭锁条件之一，出现该报警，AVC 会自动退出,
"2号主控出现2GPA592KA、2GPA631KA、2GEX130KA、2GEX106KA报警,且2AVC自动退出",22:52，主控触发2GPA631KA（发电机转子接地报警）2GPA592KA（非电量保护装置故障）、2GEX130KA（发电机转子接地报警）、2GEX106KA（励磁系统综合报警），AVC自动退出运行。就地检查发现2GPA005AR存在转子接地报警。目前2号机组AVC已退出,导致2AVC自动退出,已采取的行动措施：1）向电网汇报2AVC退出情况；2）查看和执行报警卡，就地检查发现2GPA005AR存在转子接地报警；3）主控和现场密切监视汽轮发电机组的运行情况；4）oncall电气进厂检查处理,经检香原因为转子接地保护碳刷故障引起,电气处理反馈：1）检修步骤：①召开工前会：②在2GEX415CR柜内接入录波器，转子接地保护注入电流线上钳上录波器钳表并准备好录波；③在2GEX001AR柜按下手动举刷按钮并录制注入电流波形；④对转子接地报警进行复位；请运行人员验收，归还工作许可证。2）故障原因分析：经检查原因为转子接地保护碳刷故障引起,GEX106KA（励磁系统综合报警）是AVC投入的闭锁条件之一，出现该报警，AVC会自动退出,
2GRE012VV 故障关闭,"夜班04 : 43 ，主控触发2GRE325KA（2 号中压调节阀控制回路扰动）、2GRE355KA（调节阀控制回路一一扰动）2GSS010KA（测量故障报警）、2GRE358KA（限制控制器一开启）。查看主控KIC画面发现2GRE012VV 从100 ％开度逐渐关到0 ％开度，2GRE126MP 从12 MPa 先降至3MPa 又升至12MPa 后最终降到0MPa ，一回路热功率由2857MW 最高涨至2871MW,2GFR001BA 液位由410.89mm 上涨至415.48mm,2GSS190MD 显示xXX，超量程",,"立即采取的干预行动：1）根据报警规程，降功率到97%（电功率1056MW），同时将2RGL007KU进行同步修改避免G棒下插。降功率过程中2GRE358KA消除；2）在主控KIC画面确认汽轮机振动、轴承温度无明显变化；3）安排现场核实汽轮机运行情况（包括振动、异音等），并确认2GRE012VV阀门振动情况以及阀门状态，确认2GRE012VV调节油供油回路正常且无漏油等；
4)2GSS103BA 排水量增加，2GPV121VL已开启（后续需手动关闭），现场检查泵2GSS190PO运行无异常；5)oncall 维修仪控、维修机械进厂处理，并与其电话讨论隔离措施，避免2GRE012VV突然开启产生瞬态；6）现场定位2GSE623/624VH（2GRE012VV/2GSE012VV供油截止阀），以便瞬态情况下可及时关闭。检修处理时采取的干预行动1为防止2GRE012VV突开及检修过程中2GRE012VV开度变化对机组正常运行产生影响，需尽快实施安措关闭中压截止阀2GSE012VV。根据2GSE012VV的阀门本体图，油动机供油腔室中有一个泄油小孔与压力油泄油管线相连，以使得正常运行时
油动机内的调节油存在一定的流动性。关闭供油管线隔离阀 2GSE624VH 后，油动机供油腔内的调节油将会通过泄油小孔经泄油管线缓慢泄压，使2GSE012VV 缓慢关闭；2 ）当2GSE012VV 处于全关位置后，通过关闭2GFR622VH 、2GSE623VH ，隔离2GRE012VV 调节油回路，对2GRE012VV 进行隔离，保证维修人员检查2GRE012VV 比例伺服阀检修期间人身安全；3 ）隔离实施完成后维修人员通过使用新的比例伺服阀进行信号测量，最终确认为2GRE012VV 比例伺服阀故障检修完成后采取的于预行动：1 ）确认2GRE012VV 比例阀更换相关工作结束后，由仪控人员以每次变化5 ％的幅度逐步强制关闭 2GRE012VV 至0 ％开度；（每次变化5 ％的目的为防止强制对象错误，造成过大瞬态，强制过程中需密切关注所有调阀及截止阀状态，若发现异常，及时停止并恢复）；2 ）现场确认2GRE012VV 已处于全关状态；3 ）就地缓慢开启2GSE624VH 至全开，期间2GSE012VV 会逐渐开大约2min 后，2GSE012VV 开启至全开状态。开启过程中，主控关注2GFR 油压，确认油压稳定后，再继续开启2GSE624VH 至全开4 ）由仪控人员以每次变化5 ％的幅度逐步强制2GRE012VV 至100 ％开度。恢复过程中，二回路重点关注2GME 、2GSS 、2GFR 、2GRE 相关参数，一回路重点关注热功率、一回路平均温度及R 棒动作情","况:5)由仪控人员确认2GRE012VV已恢复至正常的自动状态
2GRE012VV阀门比例伺服阀故障
仪控处理反馈:1)检修过程:①在2GRE005AR柜中,测量比例阀主阀芯、先导阀范围供电电压;②确认2GRE005AR,拆除主阀位置反馈插头;③测量主阀芯反馈信号电阻值与新比例阀进行对比分析,确认故障的比例阀反馈1~2电阻54k2&lt;409kQ(新比例阀)2~3电阻9.6k2&lt;365k2(新比例阀);④机械配合拆除比例阀本体;5机械配合更换比例阀本体,仪控恢复比例阀指令和反馈以及试验电磁阀信号:","③仪控进行阀门试验（在调阀试验过程中，多次闪发2GRE455KA， 2GRE467KA);①仪控配合运行恢复隔离:8 确认工作完成、清理现 场，归还许可证。2 故障原因分析：2GRE012VV 阀门比例伺服阀故障
相关经验知识，1)2GRE012VV 关闭，会导致2GSS103BA 疏水量增 大，2GSS190MD 仪表超量程，同时2GPV121VL 将自动开启（后续需手动关闭）。2)2GRE012VV 调节油量可使2GFR001BA 上涨约5mm。3）关闭中压主汽门的供油截止阀可使其缓慢关闭。4)2GRE012VV 关闭导致一回路热功率上涨约14MW。5)2GRE012VV 关闭后汽轮机振动、 轴承温度等都无明显变化，且2GRE012VV 阀门本体振动也无明显变大趋势。6）关闭2GSE012VV 后核功率、电功率、蒸汽流量均无明显变化由此可知本次2GRE012VV 关闭后无较大内漏。7 ）关闭中压主汽门的供油截止阀的供油阀后，中压截止阀不会快速关闭，阀门将缓慢关闭。2GSE012VV 从全开到全关共用时12 min。8)2GSE012VV 关闭过程中2GFR001BA 油位由414mm 上升到421mm ，液位上涨约7mm 。 9)2CRE012VV 开启后，热功率从2825MW 降低到 2815MW2GRE001VV/002VV/003VV/004VV 开度由58 ％关小到56 %：左侧汽水分离一级再热器管板温度2GSS112MT 由185 ℃上涨到193 ℃，右侧汽水分离一级再热器管板温度2GSS211、212MT 由212 ℃降低到198 ℃，温度偏差小于20 ℃，2GSS911KA 报警消失。 10)2GRE012VV 开启后，2GSS103BA 排水量减小，2GSS190MD 流量从超满量程的112kg /s 降低到102kg /s ，2GSS010KA（测量故障报警）消失11)2GRE012VV 开启过程中，汽轮机振动、轴承温度无明显变",,
2GST015KU 因故障自动关小，2GST 冷却流量减小，触发2GRH004KA定子线圈层间温度过高报警,"08 月12 号早班15 : 04,2 号主控触发2GRH004KA 定子线圈层间温度过高报警，主控查看画面2GRH344MT 显示××X ，趋势显示参数在2s 内从62 ℃上升至满量程。主控立即查看2GRH 其他温度表，发现2GRH301~348MT 均缓慢上升（最高上涨至72 ℃）。查看GST 参数趋势，发现2GST 压力和水位上涨，2GST015VD 开度正在自动关小，最低关至14 %，同时2GST001MT 只有9 ℃（当前已下降至0 ℃，主控显示×××，就地LT 显示34 ℃）。主控立即将2GST015KU 置手动，并快速开大。15 : 11,2GRH301~348MT 开始缓慢下降，当前已恢复至瞬态前数值",影响发电机氢气和空气冷却，当发电机内氢气温度达到90 ℃时发电机由测量氢气冷却器气体入口温度的热电阻通过四取二通道使汽轮机脱扣,已采取的行动措施：1 ）主控手动控制2GST015KU，并快速开大， 恢复经过2GST 热交换器冷却流量，随后2GRH301~348MT 开始缓慢下降.当前已恢复至瞬态前数值；2 ）根据瞬态现象分析，初步判定2GST001MT 故障漂表：3 ）onca11 维修仪控人员排查2GST001MT 故障；4 ）现场检查：2GST 安全阀未动作，现场未发现其他明显异,2GST001MT 原探头短路,仪控处理反馈：1）维修仪控人员检查，2GST001MT 原探头存在短路情况：2）切至备用探头工作，2GST001MT 恢复正常：3）观察2GST001MT 稳定在36.8℃，将2GST015VD 投人自动,如果部分氢气冷却器因故障退出运行时，发电机必须降负荷运行当一台冷却器停运时，发电机功率应降至70％运行。两台冷却器停 运，只要不是同一端的两台冷却器都损坏，则发电机可降至65％运 行，但必须密切监测发电机氢气温度，防止发电机过热：若两台冷却器的损坏环发生在同一端，则发电机不能带功率运行，必须立即停机。为监测发电机和励磁机的温度，发电机氢气冷却系统设计有100多个温度测点，用热电阻对之连续测量，密切监测发电机的冷却情况。另外，每个氢气冷却器处安装两个热电阻，一个测量冷却器入口处的热氢温度，另一个测量冷却器出口处的冷氢温度。此 外，在氢气冷却器GRH101RF 和GRH301RF 氢气出口处设置两个热电阻GRH415MT 和GRH416MT ，用来测量冷氢温度并给温度调节阀 GRH001VD 提供控制信号以便调节冷氢温度，使其保持在34℃。励磁机出口空气温度是通过手动控制冷却器出口隔离阀开度，从而改变SRI 系统流量来进行调节的。当发电机内氢气温度达到90℃ 时，发电机由测量氢气冷却器气体入口温度的热电阻通过四取二通道使汽轮机脱扣，对发电机进行保护。目前运行二处技改：为避免GST001MT 低漂，运行无法及时发现增加进出口温度偏差报警。同时为避免GST015VD 运行无法及时干预，增加手自动切换功能,
主控频繁出现 2GSY025KA（封闭母线强迫风冷装置综合故障）,"2号主控频繁出现 2GSY025KA（封闭母线强迫风冷装置综合故障），现场检查报警为Hightemperatureairinlet（装置进风温度高报警），导致装置全部停运，复位报警启动之后又因报警再次触发而停运，如此反复。检查参数发现进风温度B7探头剧烈波动，最高达到109℃,经查询内部定值为60.5℃。现场紧急将进风温度定值改为150℃，防止报警再次触发导致风冷装置停运",根据《1～2号机离相封闭母线强迫风冷装置异常问题缓解措施指令单》如果强迫风冷装置全停且无法启动，需要30min内降功率至发电机定子电流为25kA（电功率约1022MW）,已采取的行动措施：1）主控立即联系维修电气专业进行响应，并同时根据《1～2号机离相封闭母线强迫风冷装置异常问题缓解措施指令单》开始响应；2）现场复位报警，尝试再次启动风机，数秒后报警再次触发，风机全停，多次尝试均出现以上现象；3）通过控制屏进入参数检查画面发现进风温度B7探头剧烈波动。最高达到109℃4）同时发现出风温度正常，且稳定在40℃左右，冷却水温度也正常，根据以上现象判断B7探头故障波动，导致报警触发；5）考虑到风机全停原因为B7探头异常波动导致，且系统其他参数均异常，当班值决定临时调高进风温度高报警定值，避免报警误发；6）通过控制屏进入配置画面，发现进风温度高报警定值为60.5℃，考虑B7波动范围，将定值修改为154℃。修改之后，报警不再触发，将风机重新启动。建议后续行动：核实原因，消除缺陷,,"运行处理反馈：1 ）考虑回风温度高报警此时相当于失效，现场需要加强风冷装置出风、冷却水等参数的监视；2 ）因更换探头在拆除 接线时测量温度会变成无穷大，会导致风机短时停运（更换时间可能5min 左右），考虑到夜间作业风险较大，夜班电气专业人员仅对探头接线进行了调整和紧固，紧固后探头温度基本稳定在42 ℃ 左右，没有大幅波动；3 )09 月09 日早班，将回风温度高报警的延时由原来的1 s 修改为999 s ，利用延时进行了B7 探头的更换
相 关 知 识",,
2 号主控触发2KCP500KA(2KCP/KSN 机柜失电综合报警）,21:28 ，主控触发2KCP500KA(2KCP/KSN 机柜失电综合报警）现场检查2KCP413AR 故障灯亮,"根据《FOX-MA03-BG5-I18006_福清1~2 号机组DCS 机柜48V 失电影响分析报告》，目前2KCP413AR 可能失去了其中一路48V 电，暂无明显影响，如果2KCP413AR 的两路48V 电全部失去，主要影响如下，
1 )2RIS 低压安注A 列不可用，产生第一组IO :RIS1 ，要求3 天内向MCS 模式后撤：2 )2RIS 再循环回路隔离，产生第一组IO :RIS8 ，要求24h 内向NS /SG 模式后撤；3 )REN 硼表不可用，产生第二组IO :REN1 ，要求停止稀释、检修7 天内完成、每天手动测量一次一回路硼浓度（此时手动取样也因阀门隔离而无法执行）",已采取的行动措施，1 ）查看和执行报警卡，安排现场检查发现2KCP413AR 故障灯亮：2 ）参考《FOX-MA03-BG5-I18006_福清1~2 号机组DCS 机柜48V 失电影响分析报告》进行风险分析：3 )oncall 维修仪控检查处理,2KCP413AR 中48V 电源模块PS3 故障,,2KCP413AR中48V电源模块。有PS3/PS4双路供电，两路均失电时其下游设备2SIR039VR、2SIR040VR、2SIR041VR阀门关闭，2REN101VP、 2REN102VP、2REN121VP、2REN122VP、2REN123VP2REN124VP、2REN161VB、 2REN162VB、2REN163VB、2REN231VY2REN235VY阀门关闭，2RIS206VP、 2RIS208VP阀门关闭，其他设备保持在当前状态（RIS等系统阀门，将导致RIS不可用）,
2 号机组触发2KCP500KA:2KCP/KSN 机柜失电综合报警,"23:16触发2KCP500KA:2KCP/KSN机柜失电综合报警,现场检查发现2KCP521AR故障灯亮","2KCP521AR主要影响2RCV阀门及2RCP电加热器、喷淋阀,如果两路48V电均失去,可能造成如下影响:1)2RCP001VP、002VP关闭,稳态下暂无明显影响瞬态下影响一回路压力控制;2)2RCV373VP关闭,2RCV002PO、003PO排气管线隔离;3)2RCV286VY关闭,容控箱无法排气;4)其余设备保持当前状态或导向RCV。与现要求状态一致,稳态下暂无明显影响,但因电磁阀等指令无法下发可能导致RCV相关阀门无法自动动作。产生第一组IO","已采取的行动措施:1)执行报警规程、故障规程;2)安排现场核实故障机柜,发现2KCP521AR故障灯亮;3)oncall维修仪控检查,发现2KCP521AR中的PS3电源模块故障,其中一路48V电失去;4)根据上述影响,提前考虑相关预案",2KCP521AR机柜的PS3电源故障,"仪控处理反馈:1 ）检修步骤:①打开2KCP521AR 机柜门,确认PS4 电源模块正常运行;②断开PS3 供电刀闸;③用万用表确认PS3 电源输入为 0V;④拆除故障的PS3 电源模块;？更换新的PS3 电源模块;③合上PS3 供电刀闸;？用万用表测量PS3 电源输出48V;8 关闭2KCP521AR 机柜门， 确认PS3、PS4 电源模块正常运行;③确认2KCP500KA 报警消除,机柜报警灯消除。2 ）故障原因分析:2KCP521AR 机柜的PS3 电源故障","2KCP521AR 机柜48V 供电段模块:有PS3/PS4 双路供电,两路均失电时， 其下游设备2RCP001VP2RCP002VP、2RCV154VP关闭,2RCV286VY、 2RCV373VP关闭.2RCV030VP、2RCV017VPRCV026VP、2RCV259VP导向RCV方向,其他设备保持当前状态",
2KRT032MA（2 号蒸汽发生器泄漏率）异常上升,2KRT032MA（2 号蒸汽发生器泄漏率）从0 . 4L /h 上涨到1 . 6L /h,,已采取的行动措施：1)安排辐射防护人员现场检查确认仪表故障情况； 2)主控建立2KRT032MA趋势进行监视，检查2号蒸发器的放射性监测仪表2KRT002MA和2KRT042MA未见异常上升；3)oncall仪控检查处理； 4)经核实由于探头处主蒸汽管道的保温层被拆除，导致探头环境温度上升所致，立即安排维修服务人员恢复保温层，回装保温层后，2KRT032MA仪表示数回落，恢复正常,2KRT032MA探头处主蒸汽管道的保温层被拆除导致探头工作环境温度突 升，导致2KRT032MA泄漏率升高,"仪控处理反馈，1)故障描述：2KRT032MA（2号蒸汽发生器泄漏率）从0.4L/h上涨到1.6L/h。2)处理过程：D检查2KRT032MA的LPDU工作状态正常，泄漏率为1.6L/h，比正常值0.5L/h高；②检查仪表参数，参考峰，都正常；③前往探测器所在房间，发现探测器附近蒸汽发生器管道保温层有拆除，用红外测温仪测得探测器表面温度最低处在45℃，最高处达到75℃，探测器的正常工作温度在30℃左右，用便携式剂量率表测得探测器附近环境本底为0.1μGy/h，属于正常环境本底范围；④判断因为蒸汽发生器管道保温层的拆除引起探测器温度升高，导致泄漏率上升：5通知主控，带运行人员确认现场，随后主控安排工作人员回装蒸汽发生器保温层：
③工作人员回装蒸汽发生器保温层后，泄漏率降低：观察一段时间，泄漏率稳定在0 . 5 L /h ，工作结束。3 ）故障原因分析：2KRT032MA # 探头处主蒸汽管道的保温层被拆除，导致探头工作环境温度突升，导致2KRT032MA 泄漏率升高。另外2 台SG 对应VVP 管道保温层也有被拆除，但是探头附近的保温层完好，探头环境温度没有突变，因此测量值稳定，没有上涨",用于测量蒸汽发生器中N -16 (KRT032MA/033MA/034MA）和惰性气体活度（KRT042MA/KRT043MA/044MA），以发现SG 一次侧向二次侧的泄漏，这些监测通道同PAMS2 系统连接，并同KRT002.003、004MA 互为余,
2LGD103JA(2CRF001P0 循环水泵A 开关）在合闸位置断路器柜门可以开启,2LGD103JA2CRF001P0 循环水泵A 开关在合闸位置断路器柜门可以开启,存在人员误入间隔引起触电,已采取的行动措施1 ）安排现场悬挂隔离带，警示标志，防止误入间隔引起触电；2 ）联系电气检查处理,柜门闭锁装置锁扣松动,电气处理反馈1 ）检修过程：①取得工作许可证，确认设备位置及先决条件；②与运行人员交流信息；③检查2LGD103JA 柜门闭锁装置，锁扣松动；④紧固锁扣固定螺栓，运行人员确认闭锁正常；②清理工作现场，归还工作许可证。2 ）故障原因分析：柜门闭锁装置锁扣松动,,
2LGD104A 开关无法摇至工作位置,2LGD104JA -开关无法摇至工作位置,2LGD104JA 开关无法摇至工作位置。影响主泵的正常启动,已采取的行动措施：oncall 电气检查处理,地刀分合闸操作部位变形，弹片无法恢复到位。导致开关摇进闭锁装置偏离，开关无法摇进,电气处理反馈：1 ）检修内容及步骤：①查找2LGD104JA 开关无法摇进原因；②确认2LGD104JE 地刀分合闸弹片无法恢复到位；③确认2LGD104JE 地刀分合闸操作部位变形，对变形部位进行修复；④2LGD104JA 开关摇进摇出正常，联系运行验证合格：工作结束，清理工作现场，归还工作许可证。2 ）故障原因分析：地刀分合闸操作部位变形，弹片无法恢复到位。导致开关摇进闭锁装置偏离。开关无法摇进,,
2LHA003JE 地刀联锁钥匙在地刀分闸的情况下仍然能拔下,2LHA003JE 地刀联锁钥匙在地刀分闸的情况下仍然能拔下,连锁失效，存在误动的风险。隔离占用2LHA003JE 时。影响附加柴油发电机接入给2LHA 的供电。导致产生GEN8,已采取的行动措施：oncall 电气维修检查处理,2LHA003JE 地刀联锁钥匙的连锁机构中弹簧压片卡涩,电气处理反馈：1 ）检修内容及步骤：①检查2LHA003JE 地刀联锁钥匙的连锁机构；②检查发现L2LHA003.JE 地刀联锁钥匙的连锁机构中弹簧压片卡涩；③调整2LHA003JE 地刀联锁钥匙的连锁机构中弹簧压片；④联系运行人员操作2LHA003JE 地刀联锁钥匙的连锁机构分合二次。钥匙联锁正常。2 ）故障原因分析：2LHA003JE 地刀联锁钥匙的连锁机构中弹簧压片卡涩,,
2LHA117JA、2LHA120JA无法摇进工作位置，摇半圈就卡住摇不动,,影响2LHA 复役工作的进展,已采取的行动措施：oncall 电气检查处理,手车与地刀连锁机构卡涩,电气处理反馈：1 ）检修内容及步骤：①核实隔离边界：②拉出接触器手车：③调整接触器手车与地刀轴的连锁机构，适当用锉刀打磨，涂抹润滑脂；④将接触器手车推入柜内，关闭柜门，并试验摇进摇出手车，均能正常摇进摇出；5 恢复设备，清理现场，归还工作票。2 ）故障原因分析：手车与地刀连锁机构卡涩,,
仪控执行RPR 外部信号输出连接T3 试验（B 系列）过程中，2LHQ 应急柴油发电机组非预期启动,仪控执行RPR 外部信号输出连接T3 试验（B 系列）过程中，2LHQ 应急柴油发电机组非预期启动,2LHO非预期启动，存在设备损坏及工业安全风险,已采取的行动措施：根据2LHO就地显示屏记录，启动信号在最后一个试验信号消失时产生，3个试验信号都收到正常出现和消失的反馈，确认RPRT3试验已顺利通过,2LHQ误启动原因为：相邻二进制码序列间，有两位码变化，经硬接线传送和不同处理器采集和处理，存在先后采集到两位二进制码的情况，导致下游解码错误。输出错误试验脉冲，叠加原试验信号，满足三取二逻辑导致柴油机启动,仪控处理反馈1)处理进展：D更换对应的KCS机柜D0卡件和信号隔离器，送回实验室执行测试程序排查原因；2)在试验平台证实，来自Server测试命令经硬接线送到“列”采集先后不一致（随机出现），可能导致信号解码错误，产生两个输出信号，被柴油机控制柜侧继电器捕捉到，满足2/3逻辑触发柴油机启动。继电器响应速度比其他控制器响应速度快，所以只偶然触发柴油机启动，对其他试验信号回路没有出现同类问题；③经分析，其他RPR外部信号输出T3试验相关信号，因未使用（1，1)组合，不存在信号叠加导致误动设备风险。目前1E级DCS中其他需解码的硬接线传输信号，也不存在误动设备风险。2）后续措施：初步分析可在A1和B1软件中，对Server送来的二进制编码信号进行2个扫描周期（60ms）滤波，消除因输入通道采集信号延迟导致的解码错误；后续发函厂家对问题和解决方案进行确认。3）故障原因分析：热插拔更换2KCS106AR.002UC.SLOT2中的00卡件，备件状态切换成功；②更换2KCS106ARTB221BN-15、16隔离器，确认无异常信号产生；③编程进行离线测试，确认故障原因：故障原因为DI卡件各点位通道响应时间不一致。导致B1接收BS发送的测试选通工位数字量信号在00-11-00的切换过程中，两个DI点采集到短暂的不一致数字量（10或01），导致D0卡件未经复位即输出非预期试验信号，并且下游隔离器存在一定的关断时间，造成回时输出两个试验信号，柴油机侧3取2触发启动柴油机,真正的质量位触发保护逻辑是在1E级DCS信号中实现，而质量位报警的逻辑是NCDCS通过通讯取了1E级DCS信号中仪表信号做出的。DCS NC用于通讯的FCP固件版本问题，短暂的通讯信号丢失被缺省值逻辑捕获形,
2LKD221JA 合闸时。主控显示洋红色,2LKD221JA 合闸时，主控显示洋红色,可能导致LNB 母线失去单路供电,,2LNB002JA RP、2LNB002JA TP 信号在一层均为 0 ，导致二层洋红色。在KCP 机柜发现两个信号外部接线错误应接在 2KCP501AR 内 212BN 的 12 、13 通道，现场却接到了该机柜内的 213BN 的 12 、13 通道上,电气处理反馈：1 ）隔离办开紧急票：2 ）在一层工作站中确认 2LNB002JARP、2LNB002JATP 信号在一层均为0 ;3 ）电气人员在盘柜侧确认接线位置正确，且无松动现象；4 ）在2KCP501AR 中检查两个信号的接线，发现212BN 的12 、13 通道没有接线，经检查为错误的接到了213BN 的12 、13 通道上；5 ）经查相关资料确认，213BN 的12 、13 通道上并无相关信号，然后将接到213BN 的12 、13 通道上的接线调整到212BN 的12 、13 通道；6 ）主控与运行人员确认二层2LKD221JA 显示正常,,
2LKD3201JA 就地合闸，主控显示分闸状态：就地分闸主控显示合闸位置,,影响开关状态判断，存在人因失误陷进,已采取的行动措施：提出工作申请（WR）按计划处理,设备停运导致2LKD3201JA 实际状态与主控显示不一致，设备投运后已恢复正常,电气处理反馈一工作过程，1）打开电缆小室柜门；2）就地模拟2LKD3201JA 合闸信号，主控显示合闸状态；3）就地模模2LKD3201JA 分闸信号，主控显示分闸状态，均正常；4）确认将2LKD3201JA 合闸后，主控显示合闸状态，状态一致；5）将设备恢复至初始状态,,
2LKG621JA 故障灯亮,2LKG621JA 故障灯亮，需检香处理,2CRF601P0 无法正常运行,已采取的行动措施：oncall 维修电气检查,下游设备卡涩造成热继电器动作；2CRF601P0 非驱动端轴承锈蚀严重，泵长时间不运行，泵体内部工作水过多造成各部件锈蚀严重，无法启动,"1 ）电气处理反馈：①现场检查抽屉开关内的热继电器动作；②对下游2CRF601M0 （水室真空泵电机）检查时发现泵本体卡涩严重；③联系机械
(5更换非驱动端轴承型号：-SKF212EC(1套)，填充EP2润滑脂，驱动端轴承未更换，清洗检查后填充EP2润滑脂，更换挡油环型号：VS-75;①泵各组件回装完毕，于动盘车灵活无卡涩现象；将泵体回装至基础座上，连接泵体附属管线：进行对中调整同轴偏差：0.035mm，圆周偏差：0.045mm;9连接联轴器，联轴器间隙：3.65mm；20再鉴定合格：泵驱动端振值：1.32mm/s；温度：39.3℃；非驱动端振值：1.43mm/s：温度39.8℃：泵入口压力：0.088MPa：盘根室漏水量在标准范围：管线接头无渗漏",,
2LKJ2181JA 故障导致 2DVN008ZV 主控 KIC 中显示为洋红色,主控 KIC 中显示为洋红色 2LKJ2181IA i 故障导致 2DVN008ZV,2DVN008ZV 不可用，产生双机组第二组 I0,已采取的行动措施：oncall 维修电气检查,2LKJ2181JA 抽展内 003SM【微动开关卡涩导致触点无法断开,电气处理反馈：1）工作过程：①办理紧急维修工作指令单：②现场召开工前会，讨论风险分析：③与主控沟通后将 2LKJ2181JA 抽屉抽出；④检查发现抽屉内 003SM 微动开关卡涩导致触点无法断开：5 现场对 003SM 紧固螺栓进行调整，调整后 003SM 触点动作正常；③由运行人员将 2LKJ2181JA 送电，主控启动下游风机后 KIC 上洋红色报警消除：①清理现场，填写完工报告。2）故障原因分析：2LKJ2181JA 抽屉内 003SM 微动开关卡涩导致触点无法断开,2DVN008ZV 为核辅助厂房通风系统碘排风机,
2LKJ2181JA 故障导致2DVN008ZV 主控KIC 中显示为洋红色,2LKJ2181JA 故障导致2DVN008ZV 主控KIC 中显示为洋红色,2DVN008ZV 不可用，产生双机组第二组IO,,2LKJ2181JA 抽屋内003SM 微动开关卡涩导致触点无法断开,电气处理反馈：1 ）工作过程：①办理紧急维修工作指令单：②现场召开工前会，讨论风险分析：③与主控沟通后将2LKJ2181JA 抽屉抽出：④检查发现抽屉内003SM 微动开关卡涩导致触点无法断开；5 现场对003SM 紧固螺栓进行调整，调整后003SM 触点动作正常；③由运行人员将2LKJ2181JA 送电，主控启动下游风机后KIC 上洋红色报警消除；②清理现场，填写完工报告。2 ）故障原因分析：2LKJ2181JA 抽屉内003SM 微动开关卡涩导致触点无法断开,,
2LKP 自大修复役后一直存在 2LKP001KA3 开关柜故障报警，检查报警回路,2LKPE 自大修复役后一直存在 2LKP001KA3 开关柜故障报警，检查报警回路,导致一直存在 2LKP001KA3 开关柜故障报警，影响报警回路对 110VDC 控制电源或其他馈线动力回路故障或故障监测,已采取的行动措施：填写 WR 发起工作申请,2LKP373JA 开关回路故障，造成主控室出现 001KA3 报警，850JA 开关辅助触点接触不良,,,
2LLS401UT（启动计时器）在执行F02-LLS-T-002（柴油发电机和水压试验泵无密封注水带负荷启动和运行试验规程（OSR))时无示数显示,早班执行（Q)FQ2-LLS-T-002：柴油发电机和水压试验泵无密封注水带负荷启动和运行试验规程时，发现2LLS401UT（启动计时器）无示数显示,1 ）导致试验过程中无法读取柴油机启动至额定电压以及额定转速的时间，导致无法判断试验是否满足要求；2）执行隔离2PW12828（2LLS401UT无显示，需检查处理），对2LLS001AP 进行隔离，导致其不可用，产生双机组I02:LLS1,已采取的行动措施，oncall 维修电气检查处理,2LLS401UT 启动计时器内置电池电压过低，导致屏幕无显示,电气处理反馈：1）工作过程：①D 办理紧急维修指令单、领取工作许可证、准备工器具，验证隔离、现场核对设备名称及编码：②组织召开开工前会、交代工作内容、对工作组人员进行分工、开工前进行验电；③检查2LLS401UT 启动计时器，接线正常但屏幕无显示，测得计时器内置电池电压只有2 . 6V（额定电压为3V);④领取新计时器备件，测得内置电池电压为3 . 17V；③短接3、4 端子，计时器工作正常，确认新备件合格可用：③对启动计时器进行更换，更换后将计时器归零，确认显示正,LLS401UT 启动计时器上可以读取柴油发电机启动到额定转速、电压的时间。启动计时器出现异常缺陷需要隔离时，可能需要隔离柴油机就地控制柜上游开关等设备，将可能影响水压试验泵应急柴油机的可用性，导致不可用而产生10,
2LSS 系统显示器卡顿、无法操作工控机硬件重启不成功,2 号主控18 : 17 ，触发2RPN436KA（LSS 故障或C21 试验）报警主控查看LOCA 监测系统计算机显示器画面卡顿，数据不刷新，鼠标动作缓慢随后间歇性无法动作。主控根据1 /2 号机组LSS 系统故障应急预案查看 2RPN006AR 中PLC 运行状态指示灯指示正常，但柜内显示器故障现象与主控室显示器一致。判断LOCA 处理计算机可用，堆芯跟踪模块CFM 或两台显示器不可用，记录RPN9 。仪控人员到场后，主控重启软件进程。仪控人员重启工控机，均无法重新启动系统。当前仪控人员正在领取备件，准备对工控机主机进行更换,堆芯跟踪模块CFM 或两台显示器不可用：记录RPN9,1 ）已采取的行动措施：①根据1 /2 号机组LSS 系统故障应急预案密切监视LOCA 系统PLC 运行状态，与专业共同确认当前LOCA 处理计算机运行正常；②oncall 仪控、设备管理、物理、安工进厂③根据RPN9 条款要求，执行要求采取的措施，每15 min 从KIC 上读取RPN 系统必要参数手动跟踪堆芯运行状态：④主控根据预案软件重启进程。仪控人员硬件重启工控机，均无法重新启动系统：2 ）建议后续行动：①维修部门分析制订方案、消除缺陷；②近期LOCA 计算机连续出现故障，本次故障后多次重启,工控机硬件性能不足,"仪控处理反馈：1）处理进展：更换工控机备件后，2LSS系统LOCA处理计算机已恢复正常，RPN9的I02已消除：
2 ）工作过程：①召开工前会，详述风险分析，着重强调检修仪影响 2RPN006AR 工控机（仅I02:RPN9，要求7 天内检修完成），工作期间保持对PLC 状态正常的确认；②闭锁C21 下游动作；③尝试调出任务管理器失败，无法退出2LSS 应用软件；④点击2LSS 工控机“重启”按钮；5 重启后工控机无法进入操作系统；③确认已镜像安装现场备份系统的工控机备件能够正常运行；①更换工控机备件：8 备件启动后，出于谨慎考虑，执行《FOX-RPN-T-I002: LSS 系统参数调整（磁盘参数）》重新下载2LLS 最新磁盘参数：核实2LSS 系统键盘参数正确；10 由于软件界面切换存在卡顿，对2LSS 软件历史数据文件进行清理；①D 与运行、物理、设备管理共同确认，目前2LSS 软件状态正常，特别是报警界面正常，且可正常获取历史趋势；②确认当前数据点处于运行图正常范围；13 确认C21 未触发，解除对C21 下游动作的闭锁；④向主管人员报告工作完成情况：3 ） 故障原因分析：工控机硬件性能不足",1 /2 号机组LSS 系统显示和计算单元是分开的，有两个服务器，显示卡 顿，重启显示服务器就行，计算服务器还在运行，只算第二组I03/4 号机LSS 系统重启服务器需要记录第一组I0,
2RAM001AP 电动发电机就地有功、无功显示为零,巡检发现2RAM001AP 电动发电机运行时就地有功、无功显示为零,,已采取的行动措施：1）主控检查2RAM001AP和2RAM001MO进线和出线开关处于正常闭合状态；2）主控检查KIC画面中2RAM001AP和2RAM001MO各项温度和振动趋势稳定；3）安排现场进入发电机参数画面中查看发电机视在功率、频率、功率因数、励磁电压、励磁电流、相间电压、相电流等参数是否正常；4）oncall电气检查处理,2RAM004TB中端子排006BN中部分端子接线松动，CT采集的电流信号未正确送至多功能显示表计402ID，导致2RAM001AP发电机发电机就地有功、无功显示异常,"电气处理过程：1）工作过程：1召开工前会，交代工作内容。风险分析与预防措施。建立工作区域；②按工作方案《FQ2-MA-TD-E16025 2RAM001AP就地有功无功显示为0故障处理方案》执行；3对2RAM001TB3多功能显示表计402ID至2RAM004TB中CT侧回路进行检查：④检查2RAM001TB中多功能显示表计402ID、端子排403BN、三相过流继电器403XI、逆功率继电器401XW、差动保护继电器402XI外观及接线，未发现明显异常；5断开403BN两端接线连接，检查403BN至表计侧回路，未发现异常，检查403BN至CT侧回路，发现回路阻值较大，存在异常；
③检查2RAM004TB 中端子排006BN 至CT 侧，发现006BN 中部分接线端子存在松动，接触不良，对006BN 中接线端子进行紧固处理；②测量各相CT 线圈直阻，三相直阻平衡，检查CT 线圈接地侧确认接地良好；8 在403BN 上外加1A 三相电流信号，观察402ID 三相电流显示均约180A （CT 变比900/5)，显示正常；③清理工作现场，归还工作许可证：2 ）故障原因分析：2RAM004TB 中端子排006BN 中部分端子接线松动，CT 采集的电流信号未正确送至多功能显示表计402ID，导致2RAM001AP 发电机发电机就地有功、无功显示异常",在RAM001TB 上的411HV 液晶触摸显示屏上点击“发电机参数”进入发电机参数画面，可以查看视在功率、有功功率、无功功率、频率、功率因数、励磁电压、励磁电流、相间电压、各相电流等参数,
2RCP360MC 质量位短时触发,"08:32:23 和9:36:20,2 号主控先后两次闪发2RCP000KA（主泵跳闸信号单通道触发）报警，持续时间约2.5s，查看趋势2RCP360MC 在此期间显示洋红色，初步判断2RCP360MC 质量位短时触发。期间，2RCP031P0（3号主泵顶轴油泵）自动启动2RCP972VP(2RCP003P0应急密封注入隔离阀）自动开启，3号主泵轴封注入流量由2.3m /h 增大至2.8m /h 。主控手动关闭2RCP972VP 时2RCP972VP 显示半开半关故障大红色，无法关闭，就地试验盒也无法关闭",12RCP360MC 参与主泵跳泵逻辑，若质量位触发同时2RCP140MY 故障，将导致3 号主泵跳泵，导致停机停堆；2)2RCP972VP 无法关闭导致轴封注入流量分流，影响主泵正常轴封注入；3）当前3 号主泵轴位移高报警闪发频率明显增高，查看趋势2RCP350/351MM 读数有所增大，目前稳定于略低于报警值250μm,已采取的行动措施：1）手动停运2RCP031P0（3号主泵顶轴油泵）； 2)oncall1机械、电气、仪控专业人员检查确认2RCP972VP无法关闭原因并处理；3）联系保健物理处评估2RCP972VP现场环境剂量率，做好进岛手动操作2RCP972VP的准备；4)根据设备管理建议调高主泵轴封注入流量（1/2号主泵轴封注入流量调高至2.45m/h），调高流量后3号主泵轴位移略有降低；5）设备管理专业工程师初步评价当前状态2RCP003P0可以保持运行；6)oncall1仪控专业人员检查2RCP360MC短时触发质量位的原因并处理,1)2RCP972VP阀门故障原因为阀门电动装置力矩开关不可靠，阀门关闭过程中存在抖动现象，同时阀门在关行程三分之一处存在轻微卡涩，导致阀门无法正常关闭。专业初步判断2RCP972VP无法正常关闭的原因为电动头过力矩保护动作导致；2)维修仪控专业初步判断岛内偶发故障导致2RCP360MC闪发质量位,仪控处理反馈:1)处理进展：1通过短接关力矩限位方式使阀门关闭。针对该问题在203大修时进行了彻底检查处理；2)针对2RCP360MC闪发质量位问题，实施TCA使用2RCP340MY转速信号替代故障2RCP360MC； ③2RCP360MC闪发质量位问题大修期间更换了2RCP360MC放大器，并对转速表的仪表输出电压进行调整后，消除缺陷；2)检修步骤：①打开2RCP350CR，拆下2RCP360MC前置放大器接线，并做好接线记录；②测量2RCP360MC的电压为-11.01V，拆下2RCP360MC的放大器，更换新的备件后，测量2RCP360MC的电压为-16.83V；③进行传感器检查的调整：④打开2RCP350CR，测量2RCP360MC的电压为-12.61V，不满足验收标准-10~-8V，重新进行调整后输出电压为-9.51V，满足验收标准,主泵零转速表逻辑：1）RCP160MC或RCP260MC或RCP360MC高高1750r/min触发RCP000KA；2）RCP160/260/360MC高高1750r/min与_上对应的RCP140/240/340MY高高1750r/min触发RCP981/983/985KA，导致对应主泵停运；3）RCP001/002/003P0启动8_s后且1h内，若RCP160/260/360MC小于200r/min，导致对应主泵停运；4)RCP160/260/360MC任一仪表低至200r/min会自动开启对应主泵的再循环阀RCP912/942/972VP；5）RCP160/260/360MC任一仪表低至1200r/min与上RCP160/260/360MC不为0r/min，启动对应主泵顶轴油泵RCP011/021/031P0:6）（RCP160/260/360MC高于1400r/min或RCP160/260/360MC低至0r/min与上无RCP011/021/031P0启动命令，允许在KIC上手动停运对应主泵顶轴油泵RCP011/021/031P0；7)RCP160/260/360MC任一仪表低至0r/min与上,
2RCV002MT 成锯齿形波动,主控巡检发现2RCV002MT 一直在波动（成锯齿状），怀疑2RRI155VN 调节性能不佳：对比1 号机1RCV002MT 变化平稳,下泄管线温度波动，导致管道热应力,已采取的行动措施：oncall1 维修仪控检查,2RRI155VN 调节性能不佳,"仪控处理反馈一检修步骤1 ）找到2521UC：2RCV_N5：402RG;2 ）记录调整前的PID 参数P ：100, I :1;3 ）开始调节该阀门的PID 控制参数； 调整后P :150, I :5;4 ）观察该阀门的调节性能；
5 ）调节稳定后，将正确的PID 参数写入软件，完成工作。注： 2RRI155VN 在DCS 中有最小最大开度设置，PID 调节过程中不会导致阀门全开或者全关：如果下泄温度超过50 ℃，需操纵员手动干预 2RRI155VN 开度",2017年10月25日，1RCV002MT温度在32～38℃之间周期性波动，同样对PID参数进行了调整，调整前P=150，I=1，调整后P=150，I=5，调整后持票观察两天，1RCV002MT不再出现周期性变化,
2REA003P0 自动启动运行后，不能自动停运,通过2REA003P0 硼化降功率，2REA003P0 自动启动运行后，不能自动停运。主控画面上显示大红，其供电开关2LLN281JA 显示ON ，泵本体运行,导致2REA003P0 无法正常停运,已采取的行动措施：1 ）安排现场查看泵本体，确认泵处于运行状态； 2 ）手动停运2REA003P0 将其置于手动，将2REA004P0 置于自动：3 ） oncall 电气检查处理,供电开关内停运继电器002XR 故障损坏,"电气处理反馈，1 ）工作过程：①办理工作票，现场核对设备名称、编码；
②确认工作边界，召开工前会，开工验电；③检查发现抽屉002XR 停运继 电器不动作，进行更换；④联系运行人员进行确认：因启动时没有命令信号，联系仪控处理后设备运行正常；5 清理工作现场，归还工作票，填写完工报告；2 ）故障原因分析：供电开关内停运继电器002XR 故障损坏",2REA003P0/004P0 为2 号机硼和水补给系统的硼酸泵，正常自动补给时， 2REA003P0/004P0 一台泵置于手动位置，一台泵置于自动位置,
2号主控触发2RGL001KA（RGL运行故障）、2RGL007KA（RCS故障）、2RGL031KA（RCS设备电源故障）,"14：38：20.2号主控触发2RGL001KA（RGL运行故障）2RGL007KA（RCS故障）、2RGL031KA（RCS设备电源故障）
23：01：40时，主控出现“4RGL001KARGL运行故障”“4RGL005KARCS运行故障”“4RGL006KARGL运行故障”“4RGL009KAPWE运行故障”","1）当前RGL报警存在，需待专业定位故障以判断影响；2）R棒组及G棒组处于手动控制状态，机组出现瞬态情况时无法及时跟踪，需要持续监视一回路温度偏差及堆机功率变化情况
影响4RGL控制棒系统的可靠性，导致控制棒不能正常动作","1）已采取的行动措施：①立即进行2RGL画面及参数巡视，显示无异常； ②立即联系仪控人员现场检查；③执行RGL报警卡，并按照报警卡要求执行F02-RGL-I-001.将R棒组与G棒组置于手动控制状态；2）建议后续行动：①仪控查明故障情况并开票处理；②在仪控查明故障后判断是否影响R/G棒组动作后再确定是否及时恢复自动
1）已采取的行动措施：D查看和执行报警卡，按报警卡执行IRGL001，确认R棒和G棒处于手动，检查4RGL各KIC画面，发现4RGL701KS（RGLfault）灯亮，未见其他异常：
②安排现场检查棒控电源柜（4RGL011AR~4RGL026AR）、棒控逻辑柜（4RGL001AR）、棒位测量柜（4RGL009AR）或棒位处理柜（4RGL010AR）设备是否存在故障报警信息，发现4RGL025AR（对应SD1 棒组）双重保持和紧急故障灯亮；③由于R 棒无法正常动作，确认无影响一回路温度变化的工作，注意控制好一回路温度，不要进行可能引起一回路温度和负荷变化的操作；④主控密切监视一回路平均温度。核功率，电功率，控制棒棒位指示变化情况，加强对二回路负荷监控；③立即oncall 维修仪控进厂检查。2 ）建议后续行动：①建议仪控分析故障根本原因，避免重复故障缺陷发生：②运行继续并密切监视RGL 主控室画面及机组状态","故障原因为2RGL022AR P内015BN端子200接线松动
4RGL025AR 机柜内SD1 -2 棒组SC 调节卡片件闪发异常，导致电流偏小触发“小电流过小”和“保传为零”报警","仪控处理反馈：1）处理进展结果：紧固松动接线后，故障报警消除。2）工作过程：①D对2RGL系统电源柜进行检查，确认仪2RGL022AR“电源故障”继电器指示灯熄灭，其余电源柜均无异常；②取得工作去可证：PT票，与运行人员交流信息；③组织工前会，明确角色分工，着重分析误操作风险、设备误碰风险及其预防措施；④确认2RGL022AR设备位置，确认设备标牌与端子位置，建立检修场所；测量2RGL022AR“电源故障”继电器001XR端子端电压为0V说明故障根源在信号上游通道；6检查信号端子
仪控处理反馈：1 ）处理进展结果：对SC 调节卡片件进行更换后报警消除。2 ）工作过程：①确认故障位置为4RGL025ARSD1 -2 棒束SC 机箱；②将机柜人机接口面板的双重保持开关由“正常”打到“强制双重保持”位置；③确认MC 和SC 机箱调节输出值在2 . 25~2 . 45V 范围内；④依次将故障调节卡片件","1)2RGL001KA(RGL 运行故障）报警触发的可能原因：棒控棒位系统设备（逻辑柜2RGL001AR ，测量柜2RGL009AR ，处理柜2RGL010AR ，电源柜2RGL011AR~2RGL026AR）发生故障或失电。2)2RGL007KA(RCS 故障）报警触发的可能原因：棒控电源柜（2RGL011AR~2RGL026AR ）或棒控逻辑柜（2RGL001AR ）等设备发生下列故障：①电源柜或逻辑柜电源故障：②电源柜非紧急故障：③CCS 命令故障：④测量值超范围：定值故障；6P4 信号故障
控制棒被双夹持，控制棒无法正常动作潜在风险后果，1 ）机组临界过程中出现控制棒双保持，可能导致临界失败；2 ）机组调试瞬态试验期间，如果出现控制棒双保持，可能导致机组非计划停机停堆事件。造成3RGL 系统在控制棒动棒期间多次出现双保持导致控制棒无法正常动作的原因为，在动棒过程中产生了控制棒驱动机构线圈电流报警，触发RGL 系统紧急故障",
2RGL009AR-A 失电故障,,产生I01：RGL6，导致无法监视N2/N1/G2/G1/SA/SB/SC/SD/R棒组中部分棒束的棒位,"已采取的行动措施：1)根据电功率、热功率、RIC、轴向功率分布及一回路温度压力等参数确认控制棒未下落，初步判断为显示故障；2)执行报警卡并进入F01-RGL-I-001故障规程；3根据运行技术规范和安工讨论，记录RP模式第一组I0：RGL6；
4）根据缓解措施要求，oncall 1 技术支持人员进行堆芯通量测量：5 ） oncall 1 仪控人员检查，确认只影响显示，不影响控制：现场检查初步确认为2LGR009AR-A 机柜失电：仪控人员开票查找故障点并着手故障处理；6 ） 运行加强对2RGL、2RIC、2RPN、2LSS 及RCP 系统各项参数的监视，同时严格执行技术规范缓解措施。2 号机不安排第一组I0 的计划工作，1 号机组禁止进行产生双机组I01 工作",,"仪控处理反馈：1）检修步骤：①根据故障设备信息，准备工器具、文件（测量柜接线图、紧急维修工作指令单与紧急维修工作步骤单），获值长批准；②组织工前会，明确角色分工，着重分析I01缓解措施、防触电措施；③将2RGL009AR-A柜全部19个MCP11置于0FF位置；④检查发现BNAa101BN第27号（外）接线熔断，其与第5号端子接通，为机柜单相交流供电线中的一条；③同时注意到27号接线周边接线、线皮、端子存在高温熔化痕迹；③断开2RGL009AR-A柜断路器2RGL051JA；②发现图纸中并联的分流供电跨接线（应由5接6，4接7）实际未端接，所以仅27号接线熔断即导致机箱失电；③更换存在高温老化痕迹的接线与端子；③按照测量柜接线图核实接线连接正确，确认供电回路火线端子、零线端子、地线端子各自接通，且端接牢靠：确认供电回路中火线、零线、地线间互相不存在短接；
①检查确认熔丝37、38、39、40 均未熔断；②闭合2RGL009AR-A 柜断路器2RGL051JA；③机柜风扇启动并正常运转；④将2RGL009AR-A 柜全部19 个MCP11 置于ON 位置，且“正常运行”指示灯稳定常亮；(52RGL009AR-A 柜涉及的19 个测量棒位均恢复正常棒位，RGL 报警信号消失；16 使用红外热成像仪确认供电接线及端子不存在明显异常高温：异物检查无异常，确认恢复设备到正常运行状态。2 ）故障原因分析：根据电功率、热功率、RIC 热电偶温度、轴向功率分布及一回路温度压力等参数确认控制棒未下落，初步判断为测量棒位缺陷。从故障现象分析，2RGL009AR-A 柜“电源正常”指示灯亮，说明机柜220V 供电正常供入；“正常运行”指示灯灭、风扇停转，说明柜内电源分配线路存在断路。根据检查结果。原因确定如下：直接原因：第27 号端子接线高温熔断。根本原因：2RGL009AR 供电端子接触电阻偏大，供电端子设计／选型不合理（线径偏小端接太密，高温在局部区域集聚）。促成原因：并联的分流供电跨接线末端接",1 ）对于一个分棒组内有两个棒位指示器故障根据技术规范记录I01 ： RGL6 ，同时注意通知相邻机组不要进行双机组I01 工作。2 ）对于多束控制棒同时插入堆底，及时根据机组核热功率等参数判断是否为指示故障。3 ）对于各分棒组大部分为第一束棒插入堆底，控制柜失电的可能性较大，及,
2RPE011P0 手动和自动均无法启动,2RPE011P0 手动和自动均无法启动,导致2RPE011P0 不可用，2RPE015PS 坑无法排水有满溢的风险,已采取的行动措施：oncall 电气检查处理,仪控低液位信号浮子卡涩,电气处理反馈：1）检修步骤：D 测量泵电机直阻和绝缘均正常；②检查开关柜无异常；③检查发现仪控低液位信号浮子一直处于通的状态，怀疑浮子卡涩；④摇动浮子后，低液位信号浮子状态显示正常，将情况反馈业主和主控：5 联系运行现场启动设备，泵自动和于动启停均正常。2）故障原因分析：仪控低液位信号浮子卡涩,"2RPE015PS 地坑泵2RPE011P0 的控制逻辑：1 ）自动启动：就地控制柜上211CC 置于AUTO 位置＆地坑高液位开关2RPE138SN 角触发液位高， 2RPE011P0 自动启动；2 ）手动启动：就地控制柜上211CC 置于MANU 位置＆就地控制柜上按下启动按钮211T0,2RPE011P0 启动；3 ）自动停运：地坑低液位开关2RPE137SN 触发液位低信号。2RPE011P0 自动停运（无论泵处于自动还是手动）；4 ）手动停运：就地控制柜上211CC 置于MANU 位置＆就地控制柜上按下停运按钮261T0,2RPE011P0 停运",
2RPE018P0 在地坑液位低时无法自动停运,11:37，9RPE001PS H1 触发2RPE018P0 启动，H1 消失后（L1 一直存在）泵无法自动停运。11：58，2RPE018P0 显示洋红色，就地打自动泵无法停运，打手动后一段时间泵上游电源跳闸。同时LKJ 总故障报警出现，现场检查2LKJ421JA 故障，已将开关拉出。查看趋势，怀疑9RPE001PS 液位低信号2RPE102SN 一直持续触发，导致2RPE018P0 启动后无法收到停运脉冲信号导致无法手自动停运,导致2RPE018P0 不可用，产生双机组GEN8,已采取的行动措施：1 ）泵上游电源跳闸后，就地拉出泵电源开关； 2)2RPE018P0 不可用后，通知1 号机组记录GEN8;3)oncall 仪控检查处理2RPE102SN4)oncall 电气检查处理2LKJ421JA 故障报警,2RPE102SN 卡涩损坏，导致2RPE018P0 潜水泵在液位低时无法自动停运，进而引起2LKJ421JA 热继电器动作报警,"仪控处理反馈：检修步骤：（检查处理2RPE018P0 在地坑液位低时无法自动停运，WR/WOT00268318/00654943-01):1 ）确认2RPE018P0 已打至手动，验证隔离边界；2 ）拆下旧的2RPE102SN，更换新的合格的备件；3 ）经过运行再次启动2RPE018P0 后，在地坑液位低时可以自动停运。电气处理反馈：1 ）检修步骤：（检查处理2LKJ421JA 故障报警，WR/WOT：00268357/006.54932-01):①D 检查2LKJ421JA 抽屉柜发现热继电器已经动作；②检查2RPE018P0 潜水泵测得三相直流电阻U -V :3 . 4Q ,V -W :3 . 4Q ,U -W :3 . 4 Q 、三相对地绝缘电阻40 . 1MQ2 、潜水泵完好无异常；3 ）③运行反馈抽屉柜出现报警是因为潜水泵抽水到低液位时无法自动停运、导致热继电器动作；④对2LKJ421JA 抽屉柜热继电器进行复位、抽屉柜报警消",X /YRPE005/006/007/008/009/010P0RPE017/023P0.RPE018/024P0 泵在U2 事故规程中要求可用，用于安全壳完整性部分丧失的情况下将反应堆厂房外地坑水重新打回反应堆厂房。当其功能不可用时，需要记录GEN8 （从RP 模式至RCS 模式下适用）,
2SAP001C0 启动后因“浓缩液排放故障”跳闸,早班执行临时操作票《验证2 号机组应急空压机可用性临时操作票》， 以验证2 号机组应急空压机可以长期保持运行。13 : 282SAP001C0 启动， 14 : 54 因“浓缩液排放故障”跳闸，重新启动后再次跳闸,导致2SAP001C0 不可用，产生102 : SAP1,已采取的行动措施：1 现场检香2SAP001C0 跳闸报警情况发现存在“浓缩液排放故障”报警：2 ）暂停执行临时操作票，确保无2SAP002C0 相关的工作开展，避免两台压空机不可用：3 ）oncall 电气检查处理,电磁阀与排污管道连接处堵塞,电气处理反馈：1 ）检修步骤：①到主控与运行沟通开紧急工作许可证： ②准备好工器具，验证隔离边界、检修设备位置：③召开工前会，做好安全防护措施；④就地停机报警显示“浓缩液排污AC 不正常”，在2015 年07 月09 日出现一样的报警：③联系厂家，厂家对排污阀和管道进行解体，打开排污阀与管道发现排污阀和管道的连接处有堵塞现象，后厂家对排污阀和管道进行去污及清洗，完成后进行回装。回装后故障报警消除；③联系运行启动验证，运行1h 后验证正常，无报警出现：②运行验证合格，清洁现场，整理好工器具：③归还工作许可证，填写完工报告。2 ）故障原因分析：电磁阀与排污管道连接处堵塞,技术规范要求，RP 模式下，如果一台应急空气压缩机不可用，将产生第 二组IO : SAP1 ，所采取的措施：检修必须在14 天内完成。如果两台应急空气压缩机不可用，将产生第一组IO : SAP2 ，所采取的措施：①检修必,
2SEC003P0 在主控室KIC 中无法启动，对其电源2LHA111JA 进行检查,夜班执行《F02-RRI-C-0092RRI003RFSEC 侧充水排气运行操作票》进行2RRI003RF 维修后充水排气工作时，KIC 启动2SEC003P0 ，显示大红色，启动失败，就地检查开关无异常,2SEC003P0 主控室无法启动，导致2SEC003P0 不可用，产随机I02:SEC1,已采取的行动措施：1 ）安排现场检查2SEC003P0 供电开关2LHA111JA 未见明显异常；2)onca11 维修机械、电气、仪控检查；3 ）运行检查 2SEC001/003P0 在线无异常；4 ）仪控检查2SEC003P0 在KIC 的启动命令可正常下发；5 ）在电气专业监护下，运行重新对2SEC003P0 断电、送电，仍无法启动；6 ）维修电气办理紧急工作许可证，对2SEC003P0 开关 2LHA111JA 检查；7 ）继保专业检查当前2LHA111JA 有启动命令存在，已,1）直接原因：2LHA111JA配电柜接触器本体S6位置开关固定板位移，固定螺丝松动，S6开关触点无法有效动作，导致合闸回路无法导通；2）根本原因：中压开关接触器S6开关支撑方式不当，采用单方向椭圆孔双螺栓固定，操作机构压板长期按压累积导致S6开关固定位置偏移，开关动作不到位是缺陷发生的根本原因；3）促成原因：S6开关状态分合动作状态缺少监测是促成原因,"电气处理反馈1 ）处理措施：现场部分解体检查接触器底盘车发现，当接触器手车位于工作位置时，接触器手车位置开关S6 顶部弹簧压片垂直方向无法动作到位，以满足S6 触点闭合的行程，开关触点无法有效动作，合闸回路无法导通，现场电机不能启动。现场调整S6 固定板固定螺丝并紧固，S6 辅助触点闭合，合闸回路导通。2 ）工作过程：D 断开 2LHA111JA ，闭合2LHA111JE ;②将2LHA111JA 拉出柜外检查合闸线圈直流电阻为6 . 0Ω，对地绝缘为550m2 ；③将2LHA111JA 接触器置工作位置，测量2LHA111JA 工作位置行程位置接点不通，合闸回路不通；④检查发现接触器底盘限位微动开关在接触器摇到工作位置时未动作造成合闸回路不通：调整接触器底盘限位微动开关支撑架重新将接触器摇到工作位置时合闸回路正常；③运行配合2LHA111JA 工作位置合闸正常；②工作结束，清理工作现场，归还工作许可证；8 向主管人员报告工作完成情况。3 ）直接原因：2LHA111JA 配电柜接触器本体S6 位置开关固定板位移，固定螺丝松动，S6 开关触点无法有效动作，导致合闸回路无法导通。4 ）根本原因：中压开关接触器S6 开关支撑方式不当，采用单方向椭圆孔双螺栓固定，操作机构压板长期按压累积导致S6 开关固定位置偏移，开关动作不到位是缺陷发生的根本原因。5 ）促成原因：S6 开关状态分合动作状态缺少监测是促成原因。6 技改实施方案：1 优化改进原S6 开关支撑方式：从原来的单侧两个螺栓的固定方式修改为双侧三个螺栓的固定方式②接触器S6 开关动作状态信号引人报警监测回路，实现开关状态直观可视
相关知识",接触器手车通过操作手柄顺时针旋转从检修位置转运行位置手车丝杆转动压板平衡向前推进，到达工作位置压板下落，下压S6位置开关顶部弹簧压片使S6辅助触点闭合，见图1：接触器手车底盘动作示意图，接触器启动回路导通，S6开关可靠动作触发合闸信号是接触器合闸的必要条件。图1接触器手车底盘动作示意图控制回路：接触器控制回路图（包含启动回路）：远方下达启动命令或就地启动命令004XR继电器自保持得电后，启动回路得电，接触器合闸。变更1：接触器S6开关支撑方式优化接触器手车S6固定板进行了设计优化，升级后的固定板采用双边三孔固定（参见截图），采用双边三孔的S6固定板，受力由“线”升级为“三角形”，如图，由此提供更为牢固的受力，紧固度进一步提高。新增固定位置需在接触器手车底盘侧面新增一个椭圆形固定孔（描述规格尺寸），见图2（接触器S6开关支撑方式优化）。//0.20.2+0.554062.5图2接触器S6开关支撑方式优化,
2SEC003PO 在主控室KIC 中无法启动，对其电源2LHA111JA 进行检查,夜班执行《F02-RRI-C-0092RRI003RFSEC 侧充水排气运行操作票》进行2RRI003RF 维修后充水排气工作时，KIC 启动2SEC003PO ，显示大红色，启动失败，就地检查开关无异常,2SEC003PO 主控室无法启动，导致2SEC003PO 不可用，产生随机 I02:SEC1,已采取的行动措施：1 ）安排现场检查2SEC003PO 供电开关2LHA111JA 未见明显异常：2)oncall 维修机械、电气、仪控检查；3 ）运行检查 2SEC001/003PO 在线无异常；4 ）仪控检查2SEC003PO 在KIC 的启动命令可正常下发；5 ）在电气专业监护下，运行重新对2SEC003PO 断电、送电，仍无法启动；6 ）维修电气办理紧急工作许可证，对2SEC003PO 开关2LHA111JA 检查；7 ）继保专业检查当前2LHA111JA 有启动命令存在，已安排人员配合断开控制电进行复位，进行一次开关重新送电前务必检查是否有合闸命令存在，避免设备误动,"1 ）直接原因：2LHA111JA 配电柜接触器本体S6 位置开关固定板位移，固定螺丝松动，S6 开关触点无法有效动作，导致合闸回路无法导通：
2 根本原因：中压开关接触器 S6 开关支撑方式不当，采用单方向椭圆孔双螺栓固定，操作机构压板长期按压累积导致 S6 开关固定位置偏移，开关动作不到位是缺陷发生的根本原因；3）促成原因：S6 开关状态分合动作状态缺少监测是促成原因",电气处理反馈，1)处理措施：现场部分解体检查接触器底盘车发现，当接触器手车位于工作位置时，接触器手车位置开关 S6 顶部弹簧压片垂直方向无法动作到位，以满足 S6 触点闭合的行程，开关触点无法有效动作，合闸回路无法导通，现场电机不能启动。现场调整 S6 固定板固定螺丝并紧固，S6 辅助触点闭合，合回路导通，2）工作过程：①断开 2LHA111JA，闭合 2LHA111JE；②将 2LHA111JA 拉出柜外检查合闸线圈直流电阻为 6.0Ω，对地绝缘为 550m；③将 2LHA111JA 接触器置工作位置，测量 2LHA111JA 工作位置行程位置接点不通，合闸回路不通；④检查发现接触器底盘限位微动开关在接触器摇到工作位置时未动作造成合闸回路不通；5 调整接触器底盘限位微动开关支撑架重新将接触器摇到工作位置时合闸回路正常；③运行配合 2LHA111JA 工作位置合闸正常；③工作结束，清理工作现场：归还工作许可证：8 向主管人员报告工作完成情况。3）直接原因：2LHA111JA 配电柜接触器本体 S6 位置开关固定板位移，固定螺丝松动 S6 开关触点无法有效动作，导致合闸回路无法导通。4）根本原因：中压开关接触器 S6 开关支撑方式不当。采用单方向椭圆孔双螺栓固定。操作机构压板长期按压累积导致 S6 开关固定位置偏移。开关动作不到位是缺陷发生的根本原因。5）促成原因：S6 开关状态分合动作状态缺少监测是促成原因。6)技改实施方案：1 优化改进原 S6 开关支撑方式：从原来的单侧两个螺栓的固定方式修改为双侧三个螺栓的固定方式；②接触器 S6 开关动作状态信号引报警监测回路：实现开关状态直观可视,"//0.210.23+0.554062.5A 图 2 接触器 S6 开关支撑方式优化变更 2: 接触器 S6 开关动作状态信号引 L 入报警监测回路通过调整接触器板块 DU 模块和 S6 开关位置, 单独引出 S6 开关接点信号, 通过航空插针备用回路将开关动作状态引入报警回路。2) 泵启动失败后, 需要及时复位泵启动命令, 避免故障处理好后直接送电引起泵非预期误启动",
"2SEN001FI 主控显示大红色, 且无法停运",2SEN001FI 主控显示天红色: 且无法停运,"执行典操停运 2SEN, 停运过程中 12SEN001FI 显示大红色: 无法停运","已采取的行动措施。1) 安排现场检查电动滤水器 2SEN001FI 供电开关, 未见异常; 2) oncall 维修电气人员检查处理",2SEN001AR 控制柜内 PLC 程序故障,"电气处理反馈: 1) 设备缺陷描述: 2SEN001FI 主控显示大红色, 且无法停运。2) 工作过程: ①对 2SEN001AR 控制柜内的报警信号进行测量及接线端子紧固; ②经检查发现 2SEN001AR 控制柜内 PLC 程序故障; ③对 2SEN001AR 控制柜内 PLC 程序复位, 主控报警消除; ④清理工作现场, 归还工作许可证: 向主管人员报告工作完成情况。3) 故障原因分析: 2SEN001AR 控制柜内 PLC 程序故障","1) 2SEN001AR 控制柜上有如下就地控制按钮及信号灯: ①“开阀按钮”: 开启电动排污阀, (正在开阀时, 绿色开阀灯闪亮, 阀门全开后常亮); ②“关阀按钮”: 关闭电动排污阀, (正在关阀时, 红色关阀灯闪亮, 阀门全关后常亮); ③“滤网按钮”: 滤网转动一格 (正在转动时绿色滤网灯常亮, 停转时红色清洗灯常亮)。2) 远方 DCS 程序控制操作: 在控制柜上将旋钮打到远程、自动位置, 设备即进入 DCS 远程控制。3) 时间设定: 就地控制柜断电后, 电动滤水器的冲洗时间将会恢复至初始状态, 即滤网转动一格停留时间为 1 min, 排污阀开时间为 10 min, 排污阀关时间为 30 min。
触屏上将“远程/就地”旋钮切换至“就地”位置, 然后即可通过触屏或控制柜内按钮就行参数的设定。将“定时/工作”旋钮切换至“定时”位置, 即进入参数值的设定状态。按需求将参数设定结束后将旋钮打到“工作”位置, 按运行需要选好“远程/就地”位置后, 电动滤水器即按照设定参数和选定的控制方式进行运行和控制",
主控频繁触发报警4DEG004KA(301GF 冷水机组综合故障），现场检香为A37 导叶开度断线报警,15日19:56主控出现4DEG004KA301GF冷水机组综合故障现场检查为A37导叶开度断线报警，导叶处于手动位置，复位后报警消失，通过手动控制导叶未再出现报警，现已将导叶恢复自动；16日早班闪发报警2次，现场复位后报警消失,导致冷冻机导叶切换到手动控制,1）已采取的行动措施：①安排现场检查发现存在导叶开度断线报警；②现场复位报警后，恢复导叶自动控制；③联系维修电气检查，电气反馈处理该问题工作方案会产生DEG1的I0，鉴于当班期间I0数量控制要求且当前报警复位，后续按计划安排处理；2）建议后续行动：运行现场加强对冷冻出温的监视，必要时将导叶切手动调节开度,申动执行机构开反馈电流波动,"电气处理反馈：1）工作过程：①领取工作许可证，确认设备位号：
②确认4LHB116JA 处于断开／上锁状态、4LHB116JE 处于闭合／上锁状态、 4LLD521JA 处于闭合状态：③断开4DEG301AR 进线电源开关，.用万用表验证无电，对柜内接线进行检查，紧固，确认牢固；④确认4DEG301GF 导叶执行机构4DEG301MZ 初始状态在全关位置，打开4DEG301MZ 接线罩，用万用表验证无电，并对接线进行紧固；5 用信号发生器串联到4DEG301AR 柜4DEG301MZ 的开度反馈回路中，并做好拆接线记录：③闭合4DEG301AR 控制电源，导叶阀在全关的状态电流值为4.49mA ，观察半小时后电流无突变，用信号发生器验证导叶断线报警电流值为3 . 17mA 以下，当电流值为3 . 19mA 以上时，导叶断线报警消失；②与业主班组进一步讨论，确认需要更换导叶执行机构：8 对新备件进行检查，确认与现场执行机构型号一致：③断开4DEG301AR 电源进线开关，拆除4DEG301MZ 接线，做好拆接线记录，并分相包扎：10 联系机械人员配合拆除导叶连杆，并做好标记：D 确认备件电动执行机构在全关位置：开度指示为0 在SHUT 方向，将备件执",冷冻机组的压缩机进口导叶调节机构的作用制冷量控制是用装在压缩机进口处导叶的开度大小来控制压缩机吸入制冷剂蒸气的流量。从而控制制冷机的制冷量。该可调导叶根据需保持冷水出水温度恒定，由微机控制系统通过采集的温度变化信号输出指令，控制电动执行器的机械旋转方向，通过连杆和齿轮来实现导叶的开、闭动作，亦可手动操作，最终实现对制冷量的调节,
主控出现3KC0200KA 常规岛重要调节器切手动报警。3AGM001VN 切手动显示开度-3 ％,13:14 ，主控出现3KC0200KA 常规岛重要调节器切手动报警，3AGM001VN 切手动并显示-3 ％开度（对应的主给水泵3APA102P0 当前处于运行状态），现场实际开度为全开。13 ：50 分3AGM001VN 自动恢复到需求开度58 ％,,"1）已采取的行动措施：D主控执行报警卡进行检查，KIC画面检查发现3AGM001VN切至手动并显示-3%开度，立即通过手动尝试开大 3AGM001VN，发现无法手动开大。主控KIC中实际需求开度为58%，主控在3AGM001VN手动控制中输入开度58％。②立即安排现场检查 3AGM001VN实际情况及故障情况，现场核实实际开度为全开（与阀门故障全开逻辑一致），就地阀门开度显示器上失电，无显示。③主控监视1号主给水泵工作油温度3AGM118MT显示73.9℃主控监视温度变化趋势，安排人就地做好手动干预的准备。④主控和现场巡视1号主给水泵各项运行参数未见异常。立即oncall仪检查处理。③在13：503AGM001VN自动恢复到需求开度58%，确认实际开度和需求开度一致，并经仪控评估可用后，恢复阀门自动控制。
2 ）建议后续行动：①请仪控分析故障根本原因，并采取措施消除缺陷：2 ②运行保持关注3AGM001VN自动控制运行情况",3AGM001VN 阀门转接盒内指令线线鼻子损坏,仪控处理反馈：1 ）检修步骤：①经检查3AGM001VN 阀门反馈装置无松动；②经检查3AGM001VN 阀门气源管路及接头部分无漏气；③检查过滤减压阀压力值为2 . 6bar ;④经检查阀门气动部件、电缆套管及定位器的外观无损坏：打开 3AGM001VN 阀门定位器盒盖，接线检查无松动，接线盒内指令线线鼻损坏：③更换3AGM001VN 阀门定位器及转接盒内接线线鼻；7 将定位器切换至手动模式，就地操作3AGM001VN 阀门全开、全,3KC0200KA 常规岛重要调节器切手动报警（质量位触发），模拟量输入信号均设置了高、低限值的质量位判断，值为量程的5%,
3AGM301P0 主控启动后30S 跳闸，在配电盘试验位验证启动后也跳闸,执行3D28B-31APA302P0 油回路在线启动（保持3AGM301P0 启动投运状态）时，3AGM301P0 主控启动后30s 跳闸，在配电盘试验位验证启动后也跳闸,导致3AGM301P0 无法启动，泵不可用,已采取的行动措施：1 ）安排现场检查泵供电开关，未见明显异常；2 ）尝试试验位置启动时也出现跳闸现象；3 ）oncall 电气检查处理,辅助接点错位,电气处理反馈：1 ）工作过程：①D 检查3AGM301P0 电机电源： 300MQ ，对电机三相直阻测量、三相直阻不平衡率均合格；②对 3AGM301P0 电源开关3LKG421JA 检香发现回路保持辅助接点错位， 并复位；③重新送电，启泵运行正常，归还工作许可证。2 ）故障原因分析：辅助接点错位,3AGM301P0 为主给水泵C 的交流电动机驱动的辅助润滑油泵，为容积式齿轮油泵。该卧式齿轮泵位于液力耦合器壳体内，其电动机安装在壳体外。泵人口处装有“吸油”管，它延伸到液力耦合器油池内低油位处。它作为主润滑油泵的备用泵，用于保证主给水泵在备用状态、启动和停泵过程中供应润滑油。辅助油泵也用于在应急情况下（润滑油压力低等）以及在倒转情况下启动,
主控 3APA003HXT 画面中 3APA205SY (给水泵 B 控制柜工作正常灯) 灯不亮,"巡盘发现主控 3APA003HXT 画面上 3APA205SY 灯不亮, 仪控检查为柜内 4 个串联的卡件接线松动导致送到 DCS 的信号断线从而 3APA205SY 熄灭",影响主控对主给水泵 B 控制柜状态正常的监视,"已采取的行动措施。: 1) 主控 KIC 检查 3APA202PO 的各项温度和振动参数正常; 2) 安排现场检查 3AGM201AR 上故障报警情况, 检查 3APA201AR 振动监测卡件 VM600 上的三个状态灯触发情况; 3) oncall 仪控检查处理",3APA205SY 至 DCS 机柜 3KCP553AR 的信号通道 355313 的 A13、B13 接线端子中的 B13 端子接线存在虚接。导致主控 3APA003HXT 画面上 3APA205SY 灯不亮,"仪控处理反馈: 1) 工作过程: ①打开控制柜 3APA201AR, 万用表直流电压档测量 TB20 端子排的 43、44 端子, 未测量到电压; ②拆开 3APA201AR 机柜内 TB20 端子排的 43 外部端子接线, 并做好拆线记录, 测量已拆下的 43 外部端子接线与 44 端子电压为 25V; ③用万用表测量 3APA201AR 中内部继电器触点接线 1501、1505 处于导通状态, 检查接线牢固可靠; ④检查信号 3APA205SY 至 DCS 机柜 3KCP553AR 的信号通道 355313 的 A13、B13 接线端子, 检查发现 B13 端子接线存在虚接, 紧固 B13 端子的接线;
5 确认 3APA201AR 中内部继电器触点接线 1501、1505 处于导通状态, 恢复 TB20 端子排的 43 端子接线, 并做好接线记录; ③与主控沟通确认 3APA00HXT 画面上 3APA205SY 灯亮, 状态正常。2) 故障原因分析: 3APA205SY 至 DCS 机柜 3KCP553AR 的信号通道 355313",1）APA105SY/205SY/305SY 为主给水泵转速就地控制柜工作正常灯，当主给水泵转速就地控制机柜工作正常时灯亮；2）主给水泵转速就地控制柜工作正常灯APA105SY/205SY/305SY 灭的常见原因有：振动探头间隙电压异常：信号接线端子松动等,
3APA100VL 主控画面显示大红色半开半关,3APA100VL 阀门关闭后，3APA100VL 主控画面显示大红色半开半关,导致主控无法确认3APA100VL 实际开关状态：影响3APA100VL 开关操作的可靠性,已采取的行动措施：1 ）安排现场就地检查阀门电动头；2 ）安排现场确认阀门限位触发情况：3 ）oncall 维修电气检查处理,3APA100VL 阀门关闭后关闭限位未触发,电气处理反馈。1 ）检修内容及步骤：①就地合上电源开关后操作阀门发现阀门无法触发关限位；②机械配合重新调整关限位；③就地远方操作阀门正常无报警，工作结束。2 ）故障原因分析： 3APA100VL 阀门关闭后关闭限位未触发,3APA100VL 参与的APA 控制逻辑：(3APA100VL 关信号触发 3APA102P0 跳闸：②3APA100VL 全开信号是主给水泵A 允许启动信号之一,
3APA101P0(3APA102P0前置泵）运行时存在异音,01 月08 日至01 月12 日停泵前：泵体异音强度低于泵本底噪音强度、没有明显的周期性规律，异音主要从泵壳下部传出。泵体两端轴承处无异音。已连续观察5 天，异音强度、频度没有上升趋势。01 月12 日3APA102P0 停运过程中，前置泵3APA101P0 在降速过程中有巨大异音（类似异物碰磨刮擦），异音强度、频率增加明显，金属碰撞声明显，振动也随之增加。且惰转时间偏短。基本确定泵内存在异物造成动静碰磨,影响APA 系统运行的可靠性，导致A 泵不可用无法作为备用，若再出现一台APA 泵跳闸，存在引起SG 供水不足而停堆的风险,已采取的行动措施：1 ）主控检查主给水泵A 的各项温度振动参数未见明显异常；2 ）安排现场检查主给水泵A 泵组的轴承油流正常；3 ）联系机械和设备进行检查确认异音来源；4 ）经过运行决策后，将3APA102P0 切换到3APA202P0 运行，停运3APA102P0 并隔离。运行决策：保持当前功率运行，运行值加强对,前置滤网破损导致滤网碎片进入泵体产生异音,机械处理反馈1 ）处理措施：D 解体检查3APA101P0、3APA101FI （3APA101P0 人口滤网）3APA102FI(3APA101P0 出口滤网);滤网解体检查：拆卸出3APA102FI 中压滤网，检查该滤网未发现损坏现象（确保了压力级泵的安全），但发现10 个来自于上游的滤网碎片异物。入口滤网3APA101FI 已经打开，由于滤网网格部分与管道固定架脱开，网格部分落入垂直主管道中，已取出。前置泵解体检查：a 。驱动端、非驱动端轴瓦及叶轮口环间隙测量（均合格）;b .叶轮损伤部位（异物撞击造成），PT 检查有线性缺陷裂纹更换叶轮；C .轴承室、转子组件等各零部件清洁，除叶轮叶片吸入口部位有损伤外（8 处），其他零部件未见异常：d .在前置泵体内分别发现约6 块疑似为滤网构件的异物（泵入口侧分别存有大约2 个网片加1 个筋板，泵出口侧的壳体存在1 个网片）。②管线高压水冲洗工作：③将破损滤网切割开与收集到的异物碎片进行对比分析2 ）故障原因分析：前置滤网破损导致滤网碎片进入泵体产生异音,APA101FIV201FI/301FI 分别为主给水泵A /B /C 前置滤网，也为临时滤网，布置在前置泵入口管线上，用于机组调试等水质差的工况下。APA102FI/202FI/302FI 分别为主给水泵A /B /C 的永久滤网， 布置在压力级泵入口管线上,
3APA102P0 启动后零序过流保护跳匣,"3 号机组执行 3APA202PO 切换至 3APA102PO 运行操作过程中, 3APA102PO 启动后 2s 由于零序电流保护跳闸, 就地配电盘产生报警, 主控泵本体显示洋红色",导致主给水泵启动失败,"已采取的行动措施: 1) 安排现场检查主给水泵就地配电盘报警情况, 确认存在零序电流保护; 2) 暂停主给水泵切换; 3) oncall 维修电气检查处理","3APA102PO 电机零序保护原设计给定值偏小, 不能躲过现场启动时的不平衡电流, 即如果电机启动时有相关干扰, 现场的实测零序电流可能不能躲过零序电流整定值, 造成跳闸。3APA102PO 启动失败的原因为 3LGE102JA 盘柜 SPAM150C 继电器接地零序保护动作出口导致。实际在零序保护临时退出后, 电机可以正常启动, 并重新投入零序保护后, 电机仍可以正常运行","电气处理反馈: 1) 检查过程: ①主给水泵 3APA102PO 启动失败, 检查确认为零序保护动作, 装置记录跳闸零序电流值为 10.1%, 设定值为 10%, 0.5s; 2017 年 02 月 09 日, 再次启动 3APA102PO 仍失败, 装置记录跳闸零序电流值为 11% (一次值为 5.5A)。②通过现场维修排查处理, 未发现回路有接地点, 或电动机三相不平衡情况, 也排除了保护装置误动作的可能性, 且调试期间也出现类似情况, 通过调整零序定值进行了解决。因此初步判断为电机启动时存在干扰导致零序保护动作出口。③02 月 10 日, 通过执行 TCA, 临时退出零序保护出口压板, 启机成功, 电机运行稳定后解除 TCA, 重新投入零序保护, 监测电机运行正常, 无异常情况。2) 处理措施: 经设计院同意, 保持 APA 电机零序保护定值不变, 出口方式由跳闸改投报警, 退出零序保护跳闸压板 105JS; 3) 故障原因分析: 3APA102PO 电机零序保护原设计给定值偏小, 不能躲过现场启动时的不平衡电流, 即如果电机启动时有相关干扰现场的实测零序电流可能不能躲过零序电流整定值, 造成跳闸",,
3APA200VL 远程及就地操作无法触发关限位，主控显洋红色报警，就地手轮操作可以触发关限位并消除报警,,导致主控无法确认 3APA200VL 实际开关状态，影响 3APA200VL 开关操作的可靠性,已采取的行动措施：1)安排现场就地检查阀门电动头；2)安排就地手轮操作，可以触发关限位并消除报警3) 提工作申请（WR）按计划处理,3APA200VL 电动阀关限位设置不准确,电气处理反馈，1)检修过程：①开工前验明设备无电压；②送上 3APA200VL 电源开关；③就地操作关闭 3APA200VL，发现关限位没有触发；④将手轮逆时针摇半圈，重新设定关限位；就地、远控分别开关 3APA200VL，确认就地开关限位正常主控显示正常无报警。2)故障原因分析：3APA200VL 电动阀关限位设置不准确,3APA200VL 参与的 APA 控制逻辑:1)3APA200VL 关信号触发 3APA202PO 跳闸；2)3APA200VL 全开信号是主给水泵 B 允许启动信号之一,
3APA302P0 转速异常下降,"09:28】3APA302P0 转速仅7s 就从4085r/min 突然降至 620r/min,59s 后转速又突然上升，仅3s 就上升至 4359.8r/min,后自动调整恢复至4085r/min。期间SG 液位基本保持稳定。09:28】水／汽压差从0.43MPa 最低降至0.32MPa，转速突升后又最高升至1.56MPa，然后恢复至0.43MPa 。主控短时触发如下报警：水汽压差小于5 %(3ARE411KA)，大于5 ％ （3ARE410KA）报警，三台SG 的ATWT 给水流量低（3APA232、 233、234KA)；三台SG 给水流量低（3RPR554、555、556KA）报警",1 ）给水泵C 转速和电流、出口压力大幅波动，对泵运行产生不利影响；2 ）引起水汽压差、ARE 给水流量、SG 水位的波动,已采取的行动措施：1 ）主控关注SG 水位波动情况；2 ）关注给水泵C 转速和电流、出口压力波动情况，加强关注给水泵C 的轴承温度、振动等各项运行参数，确认无异常；3 ）安排现场检查 3APA302P0 就地转速控制柜上是否存在异常报警，未见明显异常；,"4) oncall 仪控检查处理
直接原因：勺管位置传感器BALLUFF的供电+24VDC短时失去导致勺管下插至0%；根本原因：勺管位置传感器BALLUFF的供电端子X16的1号端子虚接
仪控处理反馈：1）排查及验证情况：3AGM301AR液力耦合器转速供电回路，设定值回路以及勺管位置反馈回路工作异常，对相关设备进行了排查。2）原因分析：直接原因：勺管位置传感器BALLUFF的供电+24VDC短时失去导致勺管下插至0%。根本原因：勺管位置传感器BALLUFF的供电端子X16的1号端子虚接。3）验证方式：通过勺管位置传感器BALLUFF供电回路掉电对故障进行复现，与故障现象一致，失电后勺管降至0%。恢复供电后勺管恢复到设定值
电动主给水泵转速控制相关的故障触发时，勺管动作情况：1）勺管位置传感器BALLUFF供电回路掉电时，失电后勺管降至0%，恢复供电后勺管将恢复到设定值；2）执行机构VESH失去24VDC，勺管位置下插至0%；3）执行机构VESH失去转速设定值（4~20mA，两线制）信号+端，勺管位置下插至0%；失去转速设定值（4~20mA）信号-端（GND，为公共端），勺管位置保持当前位置；4）勺管位置传感器BALLUFF失去位置反馈（4~20mA，两线制）信号+端，勺管位置下插至0%；失去位置反馈（4~20mA）信号-端（GND，为公共端），勺管位置保持当前位置",,,
3 号机2 号SG 液位为-0.86 m.3ARE020MN 显示XX 。且质量位触发,"2 号SG 液位为-0.86 m,3ARE020MN 显示×××，且质量位触发",3ARE020MN 无法准确监测2 号SG 液位,已采取的行动措施：oncall 仪控检查处理建议后续行动：通过无故障液位计密切监视SG 水位,仪表投用前，蒸汽发生器内水位过低，无法对正压侧仪表阀上游的管路内进行充水排气，管路内集聚气体过多，不能正确感知压力，导致仪表显示异常,仪控处理反馈：1 ）检修过程：①D 确认设备位置，核对位号；②确认仪表三阀组状态：③打开仪表盖，用万用表测量仪表输出电流；④缓慢拧松正压侧排气堵头，等待管路内气体排出；③排气完成后，紧正压侧排气堵头；③再次用万用表测量仪表输出，确认其输出正常；？向主控报告工作完成，并确认KIC 画面3ARE020MN 显示正确；③拧紧仪表盖，清理现场，工作结束。2 ）故障原因分析：仪表投用前，蒸汽发生器内水位过低，无法对正压侧仪表阀上游的管路内进行充水排气，管路内集聚气体过多，不能正确感知压力，导致仪表显示异常,3ARE020MN 属于非PAMS 仪表：其参与4 取2 液位高高保护停堆,
3ARE032VL 在核功率0 . 7 %Pn 时显示全开，而3ARE031/033VL 显示全关,3ARE032VL 在核功率0 . 7 %Pn 时显示全开，而3ARE031/033VL 显示全关,影响升功率后（在主给水调节阀下游隔离阀打开）的SG 水位的控制,已采取的行动措施：oncall 联系仪控检查处理建议后续行动：通过无故障液位计密切监视SG 水位,低功率水平下，主给水流量表和主蒸汽流量表均存在一定的测量误差，在控制器的积分作用下，会导致主给水调节阀全开,仪控处理反馈：1 ）检修过程：①验证隔离，召开工前会，明确修改内容及风险；②打开DCS 一层工作站；③按照脚本执行TCA； ④核对确认修改无误：5 关闭DCS 一层工作站，工作结束。2 故障原因分析：低功率水平下，主给水流量表和主蒸汽流量表均存在一定的测量误差，在控制器的积分作用下，会导致主给水调节阀全开,当机组负荷增加到0 . 2 %Pn 以上时，蒸发器供水切换至ARE 。而负荷在低于20 ％Pn 时，主给水调节阀全关，蒸发器水位通过旁路给水调节阀控制。主给水调节阀下游隔离阀保持关闭，直到旁路给,
3ARE055VL（2号蒸汽发生器给水管线电动隔离阀）闪发阀门硬件故障报警,3号机组频繁闪发3ARE700KA（ARE故障），主控检查阀门3ARE055VL闪发故障红色，就地检查阀门3ARE055VL（2号蒸汽发生器给水管线电动隔离阀）闪发阀门硬件故障报警,影响阀门动作，有误动停堆风险,已采取的行动措施：实施运行隔离对电动头断电防止误动建议后续行动：实施TCA将3ARE055VL主控报警屏蔽,3ARE055VL电动头编码器故障、主控制板故障,"电气处理反馈：1）故障现象：3号机组频繁闪发3ARE700KA（ARE故障），主控检查阀门3ARE055VL闪发故障红色；2）处理进展：①由维修电气准备该故障的处理方案，确定维修窗口；②在不影响其他设备的情况下对主控3ARE055VL故障报警进行屏蔽，实施TCA；③停机窗口进行编码器更换。3）检修过程：①验证隔离边界，确认设备位置，检查建立检修场所；②断开3ARE055VL上游电源3LKF99111JA，拆开端盖验电；③对3ARE055VL电动头内部检查接线、板卡，并紧固；④送上3LKF99111JA电源，检查无报警；断开3ARE055VL上游电源3LKF99111JA，验电；
③对3ARE055VL 电动头更换主板、编码器板：7 送上3ARE055VL 上游电源3LKF99111JA，电动头就地远控无报警；8 回装 3ARE055VL 端盖，恢复初始状态",3ARE055VL 为主给水调节阀3ARE032VL 前电动隔离阀，在功率大于20 %FP 时给2 号蒸汽发生器供水,
3CEX025VL/026VL在一层切至手动，导致3ADG除氧器液位持续降低,13：26，KIC触发3ADG004KA，除氧器液位低报警，操纵员迅速查看ADG画面，确认除氧器液位从初始300mm下降至150mm；经检查当前阀门状态，确认3CEX026VL开度20%，3CEX025VL开度为0，3CEX025VL/026VL，3ADG002KU均在手动位置（MCTRL）,导致除氧器液位无法自动控制，如果不及时采取措施进行干预ADG液位下降至-850mm时将触发APA泵全停，进而导致SG液位触发反应堆停堆,已采取的行动措施：1）当班值立即响应，操纵员立即执行报警卡，查看3CEX025/026VL开度情况，根据无扰切换的TOI(TOI-3-ADG-16-025除氧器液位手动切自动规定），准备将3CEX025VL手动开大，将水位调整至300mm后，再将控制器切回自动控制，但发现无法开大阀门，除氧器液位还在持续下降。2）阀门无法开大可能是就地阀门卡死，立即安排现场人员去就地核实3CEX025VL状态，确认是否卡死。就地确认气动阀供气状态正常，阀门没有异常：3）安排人员至旁路电动阀3CEX011VL就地待命，在各种方式无法都远控调节ADG除氧器水位时，随时准备与主控建立热线联系，就地操作电动阀调节开度进行干预，保证除氧器流量供应：4）为避免除氧器液位继续下降，下插控制棒，降低反应堆功率，减少SG的给水流量，维持ADG除氧器液位。反应堆功率由9%Pn下降至,,仪控处理反馈：1 ）处理进展：除氧器液位控制恢复自动。2 ）处理措施：将3CEX025VL 输出模块恢复自动后，反馈主控调整除氧器液位到正常水位后，恢复3CEX025VL/026VL 和3ADG002KU 自动控制。3 ）故障原因分析：3CEX025VL 输出模块被处于手动，进而水位调节器及3CEX025VL/026VL 自行进入手动保持状态,当由于某种原因（如液位偏差大于100mm ）导致3ADG002KU 和3CEX025VL 同时由自动切至手动后，进行切回自动时：1 ）通过手动控制3CEX025VL 调节3ADG 液位至整定值（300mm ）；2 ）根据3CEX025VL 计算出3ADG002KU 输出值并在00M 中输入该值；3 ）将3CEX025VL 置于自动，然后再将3ADG002KU 置于自动。说明：3CEX026VL 无手动，直接通过3ADG002KU 控制。3ADG002KU 输出值=0.8x3CEX025VL 开度+8%（计算时以3CEX025VL 开度输出值为准）,
3CEX025VL/026VL在一层切至手动，导致3ADG除氧器液位持续降低,"13:26, KIC 触发3ADG004KA，除氧器液位低报警，操纵员迅速查看ADG 画面，确认除氧器液位从初始300mm 下降至150mm ；经检查当前阀门状态，确认3CEX026VL 开度20 %，3CEX025VL 开度为0 ， 3CEX025VL/026VL,3ADG002KU 均在手动位置（MCTRL）",,"已采取的行动措施：1）当班值立即响应，操纵员立即执行报警卡，查看3CEX025/026VL开度情况，根据无扰切换的TOI（TOI-3-ADG-16-025除氧器液位手动切自动规定），准备将3CEX025VL手动开大，将水位调整至300mm后，再将控制器切回自动控制，但发现无法开大阀门，除氧器液位还在持续下降：2）阀门无法开大可能是就地阀门卡死，立即安排现场人员去就地核实3CEX025VL状态，确认是否卡死。就地确认气动阀供气状态正常，阀门没有异常：3）安排人员至旁路电动阀3CEX011VL就地待命，在各种方式无法都远控调节ADG除氧器水位时，随时准备与主控建立热线联系，就地操作电动阀调节开度进行干预，保证除氧器流量供应：4）为避免除氧器液位继续下降，下插控制棒，降低反应堆功率减少SG的给水流量，维持ADG除氧器液位。反应堆功率由9%Pn下降至7%Pn，ADG除氧器水位稳定不再下降；5立即oncall仪控、机械维修人员进行排查，经仪控人员排查，3CEX025VL阀门输出模块在一层被置为手动，导致无法在二层对3CEX025VL进行控制；
6 ）经确认无其他异常后，要求仪控人员将3CEX025VL 输出切回自动控制；7 ）主控操纵员通过调节3CEX025VL 开度，将3ADG除氧器水位恢复至300mm 后，将3CEX025VL/026VL、3ADG002KU切回自动；8 ）经过观察，除氧器水位自动控制功能恢复，没有异常；9 ）恢复反应堆功率至9 %，异常结束",3CEX025VL 输出模块被置于手动进而水位调节器及 3CEX025VL/026VL 自行进入手动保持状态,仪控处理反馈：1 ）处理进展：除氧器液位控制恢复自动。2 ）处理措施：将3CEX025VL 输出模块恢复自动后，反馈主控调整除氧器液位到正常水位后。恢复3CEX025VL/026VL 和3ADG002KU 自动控制。3 ）故障原因分析：3CEX025VL 输出模块被处于手动，进而水位调节器及3CEX025VL/026VL 自行进入手动保持状态,当由于某种原因（如液位偏差大于100mm ）导致3ADC002KU 和3CEX025VL 同时由自动切至手动后，进行切回自动时：1 ）通过手动控制3CEX025VL 调节3ADG 液位至整定值（300mm ）；2 ）根据3CEX025VL 计算出3ADG002KU 输出值并在00M 中输入该值； 3 ）将3CEX025VL 置于自动，然后再将3ADG002KU 置于自动。说明：3CEX026VL 无手动，直接通过3ADG002KU 控制。3ADG002KU,
3CFI004M0 的电源柜在I 位置故障灯亮：且耳主控显示洋红报故障,3CFI004M0 的电源柜在I 位置故障灯亮。且主控显示洋红报故障,导致3CFI004M0 无法正常启动，使得B 列鼓网存在失去中速电机的风险,已采取的行动措施：3CFI004M0 主控显示洋红色，检查为MCC 故障， oncall 电气处理,微机电动机监控装置异常,电气处理反馈：1 ）验证隔离边界，确认设备位置，建立检修区域；2 ）拉出3LKH221JA 抽屉，核对柜内接线与图纸一致；3 ）推入3LKH221JA 抽屉，微机电动机保护装置显示异常，且故障灯亮；4 ）用备件更换微机电动机保护装置：5 ）备件更换完后，重新推入3LKH221JA 抽屉并合闸，指示正常：6 ）找运行人员验证，主控显示正常：7 ）工作结束，清理现场，将设备恢复至初始状态,,
3CFI014MN（3CFI014DG格栅前后液位差压计）液位差达0.22~0.25m，但3CFI014DG并未自启,3CFI014MN（3CFI014DG格栅前后液位差压计）液位差达0.22~0.25m，但3CFI014DG并未自启，同时将3CFI014DG置于手动并循环打捞3次，均未捞出异物，且3CFI014MN读数未有下降趋势怀疑仪表故障,仪表故故障导致无法真实反馈格栅前后液位差,已采取的行动措施：1)将3CFI014DG置于手动并循环打捞3次，均未捞出异物；2)oncall仪控检查处理,探头被堵塞,仪控处理反馈：1)检修步骤：①就地模拟液位变送器高1报警触发，观察格栅除污机可正常启动；②将模拟值恢复初始状态，拆除3CFI116CR箱内BNC端子排上的4号和13号端子外侧接线，并做好拆线记录；③使用撬棍打开水泥盖板，取出3CFI014MN1探头；④检查并清理探头污渍，将探头静置，检查就地箱3CFI116CR对应ID指示进行清零；检查指示仪表参数正确；⑤将探头恢复安装，恢复水泥盖板；使用撬棍打开水泥盖板，取出3CFI014MN2探头；8检查并清理探头污渍。将探头静置检查就地箱3CFI116CR对应ID指示进行清零；⑥检查指示仪表参数正确；0将探头恢复安装，恢复水泥盖板，在3CFI116CR中查看3CFI014MN液位差，对偏差进行调整，确认ID上显示正常；D根据拆线记录恢复3CFI116CR箱内BNC端子排上的4号和13号端子外侧接线并做好接线记录。2）故障原因分析：探头被堵塞,,
主控触发3CFI313KA C 3CFI313BA 液位低报警）现场核实3CFI313BA 液位正常,主控触发3CFI313KA (3CFI313BA 液位低报警），现场核实3CFI313BA 液位正常，怀疑3CFI313SN 故障,报警误触发，影响正常的液位监视,已采取的行动措施：1 ）查看和执行报警卡，安排现场检查确认 3CFI313BA 液位正常。现场检查油路未见异常漏油情况：2 ）oncall 仪控检查处理,仪表绝缘性降低,"仪控处理反馈：1 检修步骤：①断开3CFI313SN 上游电源3CFI1031CR 中001JS;②拆除防火布，打开仪表接线盖，用万用表测量电压确认仪表电源已断开，做好拆线记录，拆除仪表接线并用绝缘胶带包裹好；③用扳手松开仪表锁紧螺栓，将仪表取出，用白布包裹好开口；
④用万用表测量仪表节点，模拟仪表动作，确认仪表功能不正常（仪表电阻一般为302 )，使用兆欧表检查发现仪表干簧管仪表绝缘性降低；根据旧仪表对比定值与新备件一致，更换新备件，模拟仪表动作正常，恢复仪表接线／仪表盖及防火布，恢复仪表电源001JS ，确认仪表显示正常。2 ） 故障原因分析：仪表绝缘性降低",右轴油箱3CFI313BA 液位计3CFI313SN≤50 ％时，触发 3CFI313KA3CFI031TF 鼓网右轴油箱3CFI313BA 液位低,
3CTE001RD 柜体右侧的进风风扇不转,3CTE001RD(3CTE1 号整流器）柜体右侧的进风风扇不转，柜体打开后温度比别的整流器略高,威胁3CTE001RD 安全稳定运行。可能导致整流器损坏,已采取的行动措施：1 ）停运3CTE 双列制氯；2 ）联系电气检查处理,电容烧毁导致风扇不可用,电气处理反馈：1 ）检修步骤：D 打开3CTE001RD 柜门，对风扇进行目视检查，确认无异常；②拔下风扇接下插头：对风扇进行直阻测量：1242 绝缘测量：2.46M2 （标准：大于0.5M2 )，结果合格；③拨动风扇扇 叶，确认无卡涩；④拆下风扇进行检查，发现风扇电容烧毁；5 使用同容量的电容进行更换，回装风扇；③确认风扇恢复正常可用：7 工作结束，归还工作票。2 ）故障原因分析：电容烧毁导致风扇不可用,CTE 系统由位于2 台海水泵CTE001/002P0(一用一备)抽取海水。进入到两套电解槽CTE004BA、CTE005BA中。其中两套电解槽水侧并联运行，电路侧串联运行。两台变压器/整流器CTE001TRVCTE001RD、CTE002TR/CTE002RD将6.6kV交流电转为直流电供给电解槽组。正常运行时通过调节通向电解槽的电流值来调节氯气产生量,
3CTE001TR 变压器运行温度偏高。约100 ℃，风扇未正常运行,专业巡检反馈3CTE001TR 变压器温度偏高，约100 ℃，但风扇未运行,威胁3CTE001TR 安全稳定运行，可能导致变压器损坏,已采取的行动措施：1 ）立即停运3CTE 双列制氯；2 ）oncall 电气检查处理,风机长时间高温运行致使绕组烧毁熔断器熔断,"电气处理反馈：1 ）检修步骤：D 打开变压器柜门，与0C 检查无异物，验电，无电；
②检香风机控制回路发现有一熔断器熔断，用合格备件进行更换；③检查7 台风机绝缘电阻、直流电阻均合格，只有一台绕组30MZ ．拆开发现绕组两相烧毁短路致使熔断器熔断，用合格备件对风机进行更换已验证合格； ④检查柜内无异物关闭变压器柜门；5 与运行沟通还票，工作结束，清理现场。2 ）故障原因分析：风机长时间高温运行致使绕组烧毁熔断器熔断 CTE 系统由位于2 台海水泵CTE001/002P0 （一用一备）抽取海水。进入到",,
3CTE001TR 温控器无显示。现场风扇停运,,3CTE001TR 温控器无显示。现场风扇停运,Oncall 电气检查处理,变压器上的温控器内部电源接线松动导致温控器失电,电气处理反馈：1）处理过程：①验明无电后检查柜内元件无异常，对接线端子进行紧固；②检查发现变压器上的温控器内部电源接线松动导致温控器失电，对内部接线进行紧固后上电验证功能正常；③恢复设备到初始状态，确认无异物残留。2）故障原因分析：变压器上的温控器内部电源接线松动导致温控器失电,CTE 系统由位于2 台海水泵CTE001/002P0（一用一备）抽取海水。进入到两套电解槽CTE004BA、CTE005BA中。其中两套电解槽水侧并联运行，电路侧串联运行。两台变压器/整流器CTE001TR/CTE001RD、CTE002TR/CTE002RD 将6.6kV交流电转为直流电供给电解槽组。正常运行时通过调节通向电解槽的电流值来调节氯气产生量,
3CTE004BA 电解槽槽压低,现场巡检发现3CTE0004BA 跳闸，故障为槽压低，现场通过关小出口阀3CTE428VC 仍无法使压力上升，无法重新启动双列制氯,导致3CTE 丧失一列制氯,已采取的行动措施：1 ）现场通过关小出口阀3CTE428VC 仍无法使压力上升；2 )oncall 电气检查处理：3 ）启动3CTE005BA 单列制氯，根据处理进展情况将3CTE004BA 电解槽排空,槽压信号预处理器插头松动,仪义控处理反馈：1 ）检修步骤：（WOT:00562370-01):①确认 3CTE004BA 电解槽和3CTE001RD 已停运；②打开3CTE401BC、3CTE402BC 箱，对接线进行检查，做好拆线前记录，逐根拆除并用绝缘胶布包裹；③使用方用表测量电解槽槽压，确认无异常，根据拆线记录恢复 3CTE401BC、3CTE402BC 接线并关闭3CTE401BC、3CTE402BC 箱；4 打开8CTE001AR 柜，根据图纸确认3CTE401CT、3CTE402CT 卡件位置；5 使用螺丝刀对3CTE401CT、3CTE402CT 接线进行紧固并测量，确认无异常，关闭8CTE001AR 柜；③因在就地无法模拟电压值，已建03 工单，更换槽压信号预处理器；②工作结束。2 ）检修步骤：（WOT:00562370-03):①确认隔离边界，确认设备位号，与主控说明工作风险；②打开8CTE001AR 柜，确认3CTE401CT 和3CTE402CT 位置；③拆下3CTE401CT 和3CTE402CT 接线插板并做好记号，将3CTE401CT 和3CTE402CT 位置互换回装；④运,CTE004BA 电解槽电压控制逻辑：（CTE004BA 电压低，自动停 CTE001RD:CTE005BA 电解槽电压控制逻辑：CTE005BA 电压低，自动停 CTE002RD,
3CTE411LD/MD 波动较大导致3CTE001RD 停运,"3CTE411LD/MD 在电解槽 004BA 电流大于 1100 A 左右时, 流量会迅速下降且波动较大导致 3CTE001RD 停运",导致 3CTE001RD 故障停运,oncall 仪控检查处理,3CTE411MD 仪表接地方式错误,"仪控处理反馈: 1)检修步骤: D 验证隔离边界, 确认仪表初始状态, 核实 3CTE001RD 处于停运状态; 2)更改前接地方式为仪表本体接通接地网, 更改后的接线方式为拆除连通接地网导线; 3)运行配合启动电解槽并给定电流在 4400A, 仪表流量稳定持票观察 24h, 期间再无发现 3CTE411MD 流量低触发 3CTE411MD 跳机现象。2)故障原因分析: 3CTE411MD 仪表接地方式错误","1) 3CTE411LD/MD (3CTE004BA1 流量) 小于 23.8 m/h 时, 延迟 10 s, 将在就地 LCR 上触发流量低报警, 联锁 3CTE0001RD 自动停运, 并闭锁启动; 2) 3CTE421LD/MD (3CTE004BA2 流量) 小于 23.8 m/h 时, 延迟 10 s, 将在就地 LCR 上触发流量低报警, 联锁 3CTE001RD 自动停运, 并闭锁启动; 3) 3CTE511LD/MD (3CTE005BA1 流量) 小于 23.8 m/h 时, 延迟 10 s, 将在就地 LCR 上触发流量低报警, 联锁 3CTE002RD 自动停运, 并闭锁启动; 4) 3CTE521LD/MD (3CTE005BA2 流量) 小于 23.8m/h 时, 延迟 10 s, 将在就地 LCR 上触发流量低报警, 联锁 3CTE002RD 自动停运, 并闭锁启动",
3CVI011SN 触发H2 保护停运3CVI101P0 并联锁启动3CVI201P0,3CVI101P0 的分离罐液位开关3CVI011SN 触发H2 延时10 min 导致3CVI101P0保护停运，3CVI201P0联锁启动,3CVI101P0 一直存在保护停泵信号，抽真空泵失去一台备用泵几余度降低,已采取的行动措施：1 ）现场检查3CVI201P0运行正常，主控复位3CVI201P0联锁开关；2 ）主控查阅历史趋势分析保护停泵原因，初步判断为分离罐液位设定值较高，接近H2 开关触发定值（350mm），系统运行时液位小幅波动，3CVI011SN 频繁触发导致液位开关卡涩，最终保持在触发状态，延时10 min 保护停泵；3 ）现场对3CVI101P0分离罐排水至285mm，3CVI011SN 未复位，怀疑液位开关存在故障；4 ）oncall 维修仪控人员进厂检查。建议后续行动：仪控对3CVI011SN 进行手动复位并对液位开关进行检查,3CVI011SN 触发后卡涩，分离罐液位降低后无法自动复位,仪控处理反馈：经验证该液位开关在250 mm 时仍旧无法自动复位，更换液位开关后故障消除,分离罐液位在H2 开关触发定值(350 mm) 时，延时10 min 保护停泵,
3DEG 冷冻机冷却水断水保护触发导致跳闸,,DEG冷却的核岛相关通风系统的厂房温度上升且湿度升高,已采取的行动措施：1 ）现场检查冷冻机设冷侧在线未见异常：2 ）启动核岛设备冷却水系统B 列的另一台泵，启动后3DEG203SP 实测压差从约14 kPa 上升至约27kPa ，断水报警已经消除3DEG201GF 恢复可用,核岛设备冷却水系统（RRI )B 列只有一台设冷泵带公共列和投运的RRA 热交换器，导致DEG 的RRI 流量不够，该流量通过压差表3DEG203/303SP 触发断水跳机,运行处理反馈，考虑到余排系统RRA 已投运。核岛设备冷却水系统B 列只有一台泵运行，可能导致DEG 的RRI 流量不够。于是启动核岛设备冷却水系统B 列的另一台泵，启动后3DEG203SP 实测压差从约14kPa 上升至约27kPa ，断水报警已经消除，3DEG201GF 恢复可用,余排投运后，带公共用户的RRI 列一般需要启动两台RRI 泵，以确保各用户有足够的冷却水流量,
3DEG 冷冻机切换过程中导致3RRI225VN 关闭,执行 FQ3-DEG-C-001 将 DEG 冷冻机由 3DEG101GF 切换到 3DEG301GF 单台运行时，切换过程中专工反馈当前机组热负荷较低，若按操作票先启动冷冻机组3DEG301GF 再停运冷冻机组3DEG101GF ，将会由于冷冻水出口温度低导致冷冻机导致冷冻机组停运。故建议先停运3DEG101GF ，再启动3DEG301GF 。14 ：30 分主控停运3DEG101GF 后点击3DEG102KG-STOP ，3RRI105VN 关闭，3RRI021MD 流量瞬间由 2174m /h 降至 1700m3 /h 。导致3RRI151MD/153MD/155MD 流量升高。3RRI151MD 流量增至35m /h 导致3RRI225VN 自动关闭,导致主泵高压冷却器短时丧失冷却水：若未能及时开启。存在导致轴封注入水温度高引起主泵跳闸的风险,,3DEG101GF停运时，引起3RRI105VN关闭，设冷水流量下降，主泵高压冷 却器设冷水入口压力上升，使得通过的流量增大超过35m/h，导致 3RRI225VN自动关闭,运行处理反馈：1操纵员将3RRI225VNT打手动开启，冷冻机切换后恢复 3RRI225VN重新打回自动；2）升版DEG冷冻机切换操作票，增加该风险分 析和注意事项,冬季因RRI部分用户负荷小（例如RRI155VN开度比夏季小等），会导致 机组主泵高压冷却器设冷侧水流量比夏季大，更容易接近冷却器设冷水隔 离阀动作定值；若RRI系统存在引起设冷水流量波动的操作（如DEG冷冻 机切换操作、DEG意外跳闸、试验导致RRI泵启动等），都可能导致主泵 高压冷却器设冷侧流量大于35m/h，进而导致RRI225VN/226VN/227VN关闭,
3DEG101/201/301GF连续停运,中班21：40，3DEG201GF停运：当班值于22:01，启动3DEG101GF22：19，启动3DEG201GF：22：35，3DEG201GF再次停运：当班值于22:49，现场启动3DEG301GF：启动后22：55，3DEG301GF停运；22：58，3DEG101GF再次停运：23：03，现场重新启动3DEG101GF,导致DEG冷冻机停运，影响DEG系统的可靠性,已采取的行动措施：组织专业分析和处理故障,1)3DEG301GF停运原因为该冷冻机组的冷媒蒸发压力过低触发停机信号，造成3DEG301GF蒸发压力低跳闸的原因为，冷冻出温过低，冷冻机组负荷过小；2）当冷冻机组的冷冻出温冷冻出温&lt;暂停温度（8℃）且导叶开度&lt;20%时，系统会进入暂停状态,"综上所述当冷冻机组的冷冻出温冷冻出温<暂停温度（8℃）且导叶开度 <20 ％时，系统会进入暂停状态，该状态非故障状态，故不会出现报警。而当冷冻出温＞恢复温度（15℃）时，系统自动启动，但现场受制于 3DEG105/205VN 在冷冻机停运90s 后关闭（系统暂停对于DCS 与主机停运信号一致，逻辑中并未涉及单独状态表征系统暂停）。故在冷冻出温＞恢复温度（15℃）时，就地PLC 系统内启动逻辑触发，在判断启动条件时因3DEG105/205VN 关闭，触发冷却断水和RRI 阀联锁报警。2 ）缺陷评价：此缺陷非设备故障导致。而是由于近期天气转冷。冷冻机组负荷过低。在导叶开度较小时（＜20 % ) ，冷冻出温即可达到需求温度（10 ℃）甚至更小至暂停温度（8 ℃）。3 ）缺陷处理进展：维修与运行人员沟通，需运行、维修双方共同加强检查。保证冷冻机组工作在较为适宜的状态（冷冻出温不宜过低）；冷冻机组设冷水供给阀（3DEG105/205/305VN ）内部逻辑存在不合理之处，在冷冻机组暂停后90s 后关闭（冷冻机组暂停后再次启动至少需要等待900s 即15min ) 4 ）制约因素和后续计划：①D 咨询厂家对于冷冻机组暂停运行的设计初裹，由设备管理处评估此设计是否为必要设计：②针对3DEG105/205/305VN 内部逻辑设计不合理之处发起设计澄清，得到设计回复后对阀门逻辑进行优化5 ）处理措施：经运行、维修、设备管理一起就DEG 跳闸问题进行了讨论。明确了以下事项，请知悉：3DEG 冷冻水出口温度低于8 ℃进入停机模式：是设备正常功能，但是停机后无法自动重新启动，需手动启动，属于设计问题，通过触发技改流程解决：②当前技改未实现前，需加强就地巡检，确保就地显示屏上冷却水出温不低于 8 ℃，温度低时及时调节导叶开度，尽量避免DEG 进入停机模式：③运行生效DEG 进入停机后重新启动的操作票，以便发现休眠停机后，执行典操：
当前季节气温较低，运行保持一台DEG 冷冻机组运行即可两台同时运行容易导致温度过低进入停机模式。6 ）运行控制优化（冬季）：每班巡检3 次DEG 系统就地冷冻水出口温度，发现温度低于9 ℃时反馈主控调节导叶开度，保证就地冷冻水出口温度在10 ℃左右。背景：DEG 冷冻水出口温度低于8 ℃会进入停机模式，停机后无法自动启动，需加强关注，尽量避免进入停机模式",1 ）当单台冷冻机组的冷冻出温＜8 ℃（主控显示的3DEG002MT 温度约比单台冷冻出温高2 ℃（此为经验值））且导叶开度＜20 ％时，对应冷冻机组会进入休眠模式，该状态非故障状态，故就地屏幕上不会立即出现报警： 2)3DEG105/205/305VN 冷却水阀门在对应冷冻机体眠后延迟90s 关闭，当单台冷冻出温＞15 ℃时触发冷却断水保护；3 ）冷冻机组若发生休眠，由于自保护功能需15 min 后才能重启,
3DEG101GF 反复出现3DEG001KA(101GF 冷水机组综合故障），就地核实为导叶开度断线故障报警，导叶自动跳至手动并关闭,夜班出现 3DEG 系统综合报警（导叶开度断线），现场人员核实系统参数在正常范围以后复位了报警：早班 07：38 再次触发 3DEC001KA（101GF 冷水机组综合故障），就地核实为导叶开度断线故障。复位后报警消失，该报警会导致导叶自动切至手动控制，目前已将导叶恢复至自动。oncall 维修电气检查反馈，需要对导叶进行检查，工作过程中可能导致导叶误关。需准备方案按计划处理。中班 22 时 30 分再次触发 101GF 综合故障报警，导叶转为手动全关，经现操检查发现存在导叶断线故障报警，报警复位后已经消报，导叶恢复正常,导致导叶会自动跳至手动并关闭,,执行机构电位器零位和满位漂移,电气处理反馈1）工作过程：①验证隔离边界，确认设备位置，召开工前会；②对3DEG101MZ导叶执行机构进行清洁，确认外观良好；③打开3DEG101MZ控制接线盒及电机接线端子盒，进行验电，确认无电；④对电动执行机构3DEG101MZ控制回路进行检查，无异常，紧固端子接线，插件牢固可靠，接线与图纸一致；③用万用表测量3DEG101MZ导叶执行机构电机直阻，阻值为：419.36 2，用500V兆欧表测量电机相一地绝缘阻值，阻值为：&gt;550 MΩ（标准&gt;0.5MΩ），结果合格；③将信号发生器串接入反馈回路中，确认接线正确，无松动；②将控制开关合闸，确认导叶执行机构在全关位置，导叶开度为“0%”关反馈电流为4.152mA，将关反馈电流调至3.936 mA，导叶开度为“0%”：将执行机构打到全开位置，导叶开度为“98.6%”开反馈电流为19.873mA，将开反馈电流调至20.027 mA，导叶开度为“100.3%”：8 反复开关阀3 次，无报警出现；③恢复电动执行机构接线罩，将设备恢复初始状态，工作结束：2）故障原因分析：执行机构电位器零位和满位漂移,冷冻机组的压缩机进口导叶调节机构的作用，制冷量控制是用装在压缩机进口处导叶的开度大小来控制压缩机吸入制冷剂蒸气的流量，从而控制制冷机的制冷量。该可调导叶根据需保持冷水出水温度恒定，由微机控制系统通过采集的温度变化信号输出指令，控制电动执行器的机械旋转方向，通过连杆和齿轮来实现导叶的开、闭动作，亦可手动操作，最终实现对制冷量的调节,
3DEG201GF 异常停运导致主泵高压冷却器设冷水阀门因流量高自动关闭,17:01 时主控突然闪发3RRI031KA （3RCP001P0 高压冷却器冷却水流量高）和触发3RRI051KA(3RCP001P0 高压冷却器流量低报警），堆操当即查看RCP 系统画面，发现3RRI225VN 自动关闭。机操立即查看RRI 系统画面，发现3RRI 总流量和公共用户流量分别约1800m /h 和1600m /h ，较之前巡检降低约400m /h 。通过检查公共用户，发现3DEG201GF 已跳闸。在异常出现13min 后，现场将3DEG301GF 启动恢复冷冻水供应。期间3DEG 下游用户3EVC 最高温度上涨到了59.9℃，3DEG 下游其他用户系统温度保持平稳,导致1 号主泵高压冷却器设冷水侧电动隔离阀自动关闭，若不及时开启，将会导致主泵轴封水得不到冷却，主泵因轴封注入水温度高跳闸，轴封存在因温度高损坏的风险,已采取的行动措施：1)立即将3RRI225VN手 动打开；2)立即安排现场人员紧急启动 3DEG301GF恢复核岛冷冻水供应；3）主控密 切监视DEG用户的温度，特别是3EVC的温度 变化情况；4)DEG恢复正常后，主控重新将 主泵高压冷却器设冷隔离阀3RRI225VN恢复 自动,1)3DEG201GF跳闸导致3DEG205VN自动关 闭，使得核岛设备冷却水系统RRI的公共用 户中其他用户设冷水流量上升，主泵高压冷 却器流量上升达到35m/h自动关闭 3RRI225VN；2)3DEG201GF跳闸原因初步怀疑 为蒸发压力低所致,,冬季春季等环境气温低的季节，因RRI 部分用户负荷小（例如RRI155VN 开度比夏季小等），会导致机组主泵高压冷却器设冷侧水流量比夏季大，更容易接近冷却器设冷水隔离阀动作定值。若RRI 系统存在引起设冷水流量波动的操作（如DEG 冷冻机切换操作、DEG 意外跳闸、试验导致RRI 泵启动等），都可能导致主泵高压冷却器设冷侧流量大于35m /h ，进而导致RRI225VN/226VN/227VN 关闭,
3DEG201GF 跳闸后，重新启动3DEG201GF 过程中，出现供油油温高和供油压差低报警跳闸,"9:40 时3DEG201GF 跳闸，现场查看报警为RRI 阀门联锁跳闸。后接主控令，启动3DEG201GF ，在启动过程中，出现供油油温高和供油压差低报警跳闸。oncall 机械和仪控到现场后，待油温下降到正常温度时，再次启动，供油油温快速升高，手动停运冷冻机组，机械继续处理。现3DEG101GF 运行，导叶开度：21 . 5 %，冷冻水出温15 . 0 ℃
1DEG101GF启动后主控KIC上电流指示1DEG101MI_1为XXX但OM框中有示数","导致冷冻机组无法重启
导致无法通过1DEG101MI1监测1DEG101GF 运行电流","已采取的行动措施：1 ）现场检查确认故障报警：2 ）切换到3DEG101GF 运行；3 ）oncall 机械和仪控检查处理
已采取的行动措施：安排现场加强监视1DEG101GF 的各项运行参数",DCS 一、二层数据不一致,"机械处理反馈，1）检修过程：①领取工作许可证，与运行交流工作信息； ②现场确认设备标牌正确；③关闭3DEG216/218VQ；④拆卸3DEG201FI盖板，清洗冷媒滤芯；滤芯堵塞较严重；③更换新滤芯，回装盖板，螺栓锁紧力矩10N·m；②清理现场，结束工作；③临时摘牌起机验证，冷水机组运行正常，润滑油温度46.7℃；2）故障原因分析：润滑油冷却回路制冷剂滤网堵塞，润滑油无法正常冷却
机械处理反馈：1 ）检修步骤：①现场验证工作边界，确认设备位置与设备标牌：②输人工作站密码，登陆工作站；③登陆软件工程师权限，进入ICC；④找到洋红色的模块，进行DELETE&UNDELETE 操作：5 退出ICC ，恢复工作站初始权限：2 ）故障原因分析：一、二层数据不一致","油温的调整：制冷机运行中用油温调节阀（3DEG127VQ/227VQ/327VQ）将供油温度调节在35 ~55 ℃范围内。油温调节阀（3DEG127VQ/227VQ/327V0 ） 的开度在现场调试时根据机组运行的工况已整定好，在机组运行的过程中，随工况的变化，供油温度一般会出现波动，若在允许的35 ~55 ℃范围内，现场一般不再作调整：若供油温度超出正常范围则有必要进行调节。供油温度过高，到57 ℃时报警，62 ℃冷冻机停止运行。油温调节阀 （3DEG127V0 /227V0 /327V0 ）是调节供给油冷却器的冷媒液的量来调节油温，用手动调节时，关小油温调节阀，冷却效果将急剧降低，油温将上升；若开大油温调节阀（3DEG127VQ/227VQ/327VQ )，油温将降低。制冷机停机期间，保持油箱中油温在50 ~55 ℃之间。电加热器在制冷机运行中自动切断加热，而当制冷机停机后又自动进入加热状态。机组初次安装投运时或机组长期断电停机后应提前12h 使油加热器投入工作（机组通电后油加热器就自动投入工作），将油温保持在45 ~55 ℃之间。启动前最好先启动油泵运行2 ~3min ，使油箱内油温分布均匀
1 /2DEG 冷冻机驱动电机额定电流为58A (3 /4DEG 驱动电机额定电流为51.4A )，电机电流与导叶间的控制联锁关系如下：1 ）主电动机达到满转速后约30s ，进口导叶自动打开，并按所需冷冻水出水温度自动调节制冷量。刚开机时由于冷冻水进口温度比较高。机组内制冷剂吸人流量大。负荷大。若进口导叶尚未开到100 ％开度，主电动机就已达到额定电流时，导叶开的动作将会自动停止：若在此状态下负荷再增大至额定电流的105 ％时，将会实现强制关闭导叶的动作，以防止主电动机超负荷；2 ）当主电动机的电流降至额定值的95 ％以下时，导叶再恢复自动开大动作，直至达到所需冷冻水出水温度及制冷量；3 ）当用手动“开”导叶时，主电机负荷限制仍然在起作用，主电动机一旦达到额定电流，这时若还在继续手动操作“开”，导叶也不会再继续打开，这时应停止“开”操作，应等主电动机的电流降至额定值的95 ％以下以后，再继续做“开”操作",
3DEL001LP 压力为0.18MPa ，但主控出现3DEL001KA2 （冷冻水压力低）报警。怀疑3DEL009SP 不准或需充水排气,3DEL001LP 压力0.18 MPa ，但主控仍有3DEL001KA2 ：冷冻水压力低报警，且无法复位，怀疑仪表中有气,导致产生报警3DEL001KA2 ：冷冻水压力低报警,已采取的行动措施：oncall 仪控检查处理,仪表3DEL009SP 定值恢复值高漂,"仪控处理反馈：1 ）工作过程：①确认3DEL009VSP 已关闭隔离；2 ②拆除3DEL009SP 接头，连接压力校验仪对3DEL009SP 进行校验；
③根据校验数据判断仪表不合格，对仪表进行调整，调整后，仪表定值合格。恢复值超差，经与系统负责人沟通判断仪表满足系统工艺要求；④拆除压力校验仪，恢复3DEL009SP接头，在恢复过程中发现仪表引压管卡套内螺纹滑丝，需更换；重新加工仪表引压管进行更换；6工作结束。2）故障原因分析：仪表定值恢复值高漂",DEL009SP压力低报警定值为0.1MPa。冷冻水压力正常大于0.15MPa,
3DEL003GF 在KIC 上不能启动，且启动命令发出后延时30S 变洋红色，当切到就地后，就地可以启动,3DEL003GF 在KIC 点击启动30S 后变为洋红色，现场实际未启动，切至LOC 位置时，可以启动，运行正常,无法在KIC 中启动3DEL003GF,已采取的行动措施，提WR 按计划处理,可能机柜侧接线未接紧，导致KIC 上显示洋红色,电气处理反馈：1 ）工作步骤：D 在就地侧将3DEL003GF 上开关打到接收KIC 上的启动，并且在3DEL003GF 就地操作屏上点击接收KIC 上的控制信号；②联系主控运行人员在KIC 上发出3DEL003GF 开启信号；③和主控运行人员确认3DEL003GF 在KIC 上已启动。 2 ）故障原因分析：可能机柜侧接线未接紧，导致KIC 上显示洋红色,,
3DVE004AR 内 0010F 打到 I 位立即跳闸,主控出现 3DVE006RS 故障报警，现场查看 3DVE004AR 电气故障灯亮，柜内 0010F 跳闸,3DVE006RS 无法投入：A 列蓄电池间温度和湿度受影响,已采取的行动措施：1)对 A 列蓄电池房间温湿度加强巡检；2)oncall 维修检查处理,3DVE004AR 柜内 006CS 元器件损坏,电气处理反馈：柜内 006CS 原件故障有烧痕，进行元器件更换后故障消除,3DVE006RS 为3DVE015ZV 入口风管电加热器，用于降低风机人 口空气的湿度,
3DVF010VAF、003VAF主控、就地JDT 按钮无法开启,FQ3-DVF-T-002 定期试验期间发现3DVF010VAF、003VAF在主控KIC、就地JDT 按钮均无法开启,1 ）真实发生火灾后，将无法开启DVF 排烟阀对相应房间烟气进行排放；2 ）导致QSR 定期试验不合格；3 ）产生I02: DVF1,已采取的行动措施：联系维修机械、维修仪控对该缺陷处理,3DVF010VAF、003VAF 电磁阀机构卡涩,仪控处理反馈：1 ）运行任意模拟开阀信号，开启就地阀门百叶窗；2 ）打开3DVF010VAF、003VAF 电磁阀外罩，检查发现电磁阀机构卡涩，使用松动润滑剂进行润滑；3 ）确认电磁阀机构无卡涩现象，回装电磁阀外罩，运行多次验证阀门无卡涩，限位正确，手动复位百叶窗,,
3DVG002AR001RS 高温故障多次出现,3DVG002AR 出现 001RS 高温故障，现场复位故障消失：一段时间后该故障重新出现，再次复位故障未能消失,辅助给水泵、RAM［电机和RGL 柜房间温度受影响,已采取的行动措施提出WR 排计划处理,3DVG002AR 箱中FX15 温度参数设置有误,电气处理反馈：对箱中FX15 中的温度设置进行检查，在检查中发现FX15 中的温度设定值与文件中的要求设定值不符合，文件清单中要求高报26 ℃，低报为17 ℃，加热器温度设定值为20 ℃，现场查看温度设定值为，高报25 . 2 ℃，低报为19 ℃，加热器温度设定值27 . 7 ℃，由于加热器温度设定值较高，而高报的报警值设定比加热器得温度设定值高，所以现场出现报警。对FX15 中的定值按照文件定值清单进行从新设定，故障消除,DVG001RG 的温度高报26 ℃，温度低报为17 ℃，而DVG001RS 电加热器安全温度高报警定值为70 ℃,
3DVG101VD 旋钮处于自动状态时无法调节,3DVG101VD 旋钮处于自动状态时无法调节,辅助给水泵、RAM 电机和RGL 柜房间温度受影响,已采取的行动措施，提出WR 排计划处理,3DVG101VD 接线松动,电气处理反馈：1 ）将3DVG101VD 旋钮放在手动最大位置，确认3DVG101VD 运行；2 ）等高温报警消除后将3DVG101VD 旋钮处于AUTO 位置；3 ）测量输出信号发现没有下游信号发出；4 ）检查接线，发现一根线虚接；5 ）将虚接的线接好，测量信号，信号发出，确认3DVG101VD 运行,,
3DVL201VAR 电动执行机构故障，3DVL201RC 故障,主控触发3DVL001KA1(201RG 调节器故障,3DVL 不能实现自动调节。可能影响3DVL 通风运行可靠性,已采取的行动措施：1 ）联系维修电气检查处理；2 ）断开 3DVL201VAR 和3DVL203VAR 电动控制机构电源，手动调节开度，用钥匙复位后，3DVL201VAR 和3DVL203VAR 开度大于90 ％的报警消失,1 ）检查发现3DVL201RC 调节不灵敏，一个电子元器件损坏； 2)3DVL201VAR 电动执行机构损坏,电气处理反馈，1 ）检查发现3DVL201RC 调节不灵敏，一个电子元器件损坏，处理后恢复运行一天再次触发故障；2 ）再次检查发现 3DVL201VAR 电动执行机构在外力未调节情况下阀门不定时旋转，判断为3DVL201VAR 电动执行机构损坏，更换备件后故障消除；3 ）备件到货之前，维修与运行沟通后开TCA 临时打到“STOP ”位置临时处理,产生DVL001KA1 报警的可能原因有：1)3DVL201RG 调节器在运行而3DVL201VAR 调节阀几乎关闭（开度＜10 %) ;2)3DVL201RG 调节器在运行，3DVL205ST 测得空气温度超高且3DVL202VAR 调节阀全关； 3)3DVL201RG 调节器在运行而3DVL203VAR 调节阀几乎关闭（开度＜10 %,
3 号主控多次闪发3DVL403KA(3DVL203ZV/MO 温度和振动综合报警）,3 号主控KIC 多次闪发3DVL403KA3DVL203ZV/MO 温度／振动高报警,3DVL -B 列风机不可用。影响中压配电盘B 列房间温度,,,机械处理反馈：1 打开轴承座上盖，检查发现非驱动端轴承保持架断裂，驱动端轴承外圈有磨痕；2）检查两端轴承座内完好，非驱动端轴承座内有少量锈蚀；3）风机轴承更换后，故障消除,产生 DVL403KA 报警的原因有1）设备运行异常①DVL203ZV 轴承温度高（DVL309/310MT≥80℃）；2）DVL203MO 轴承温度高（DVL311/312MT≥90℃）；3）③DVL203ZV 或3DVL203MO 振动值超标（DVL309/310/311MV≥5.5 mm/s）。2）设备故障①DVL203ZV 轴承温度高（DVL309/310MT≥90℃）；2DVL203MO1 轴承温度高（DVL311/312MT≥95℃）；3DVL203ZV 或DVL203MO 振动值超标（DVL309/310/311MV≥6.3 mm/s）,
3DVL213CR 中存在报警灯3DVL315LA 亮多次复位后仍有出现,主控出现3DVL201RG 故障的报警（3DVL003KA1)，3DVL213CR 中存在报警灯3DVL315LA 亮：多次复位后仍有出现,影响运行人员状态判断和监视，可能影响3DVL 通风运行可靠性,已采取的行动措施：oncall 维修电气检香处理,3DVL201VAR SM5 限位故障,仪控处理反馈：确认3DVL201VARSM5 存在故障并更换备件后故障消除,,
3ETY007VA 无法正常开启,执行F03-ETY-C-001（通过A 列进行ETY 排放，降低安全壳压力）时3ETY007VA 手轮不受力：阀门无法全开,影响3ETY007VA 开关的可靠性，影响通过A 列进行ETY 排放降低安全壳压力工作的开展,已采取的行动措施：1 ）现场尝试将手轮执行机构往里推人后，手轮可以重新受力，阀门能正常全开；2 ）oncall 机械检香处理,3ETY007VA 手轮挡圈脱落：导致阀门手轮脱开。影响阀门开启功能,机械处理反馈：1 ）处理进展：机械专业已对手轮进行临时紧固并验证阀门可正常操作。目前已完成同类阀门的排查，均未发现类似现象。完成垫块增加临时措施，确保阀门可用性；2 ）原因分析：明确根本原因为手轮挡,ETY007VA（A列）或ETY008VA（B列），这两个阀门比较特殊，若该阀门开限位已经触发，现场再继续操作该阀门，会导致阀门关闭,
3GGR010BA 房间消防雨淋阀3JPT086VT（主油箱、净油箱、污油箱区域雨淋阀）启动，造成大量设备淋水,3GGR010BA 房间消防雨淋阀3JPT086VT（主油箱、净油箱、污油箱区域雨淋阀）启动，造成大量设备淋水,导致电气设备绝缘能力降低,1 ）已采取的行动措施：①现场核实无火情后将雨淋阀出口隔离阀关闭： ②将运行设备停运，并对所有设备进行摇绝缘：③oncall 维修服务人员清理水、维修电气评价电气设备可用性、仪控／机械／通讯检查原因、化学人员对润滑油／调节油箱取样。2 ）建议后续行动：对常规岛其他雨淋阀进行排香,应急启动阀3JPT867VT 阀门限位指示有误，在全关时仍有微小开度导致雨淋阀上腔室失压,通讯处理反馈：1 ）检查非JDT 火警信号触发消防系统启动：2 ）机械确认雨淋阀3JDT0086VT 误动是由于3JDT867VT 阀门把手指示有误，导致把手水平（正常情况下此时阀门应当全关）时有微小开度；3 ）电气人员对被淋的电气设备进行检查处理，确保绝缘合格,,
3GRH201RF 顶部泄漏氢气,香漏过程中发现3GRH201RF 顶部氢表测量数值爆表,1)氢气泄漏，有工业安全隐患，存在氢爆风险；2)影响发电机冷却，危及发电机运行安全,,氢冷器法兰螺栓力矩未紧固到位，密封条压紧板存在错位,机械处理反馈：1）处理措施：①调整压紧板，并紧固法兰螺栓；②执行汽轮发电机保压试验，确认保压试验合格。2）故障原因分析：氢冷器法兰螺栓力矩未紧固到位，密封条压紧板存在错位,氢气爆炸极限是4.1%~74.2%（体积浓度）,
3GSS106MY 异常波动,"1 当班值根据D28A 继续降功率，根据规程要求机组降功率到70%时检查GSS001VV 逐步关闭。操纵员检查发现GSS001VV 保持100%开度，但GSS002VV 快速关闭，GSS004MY（二级再热蒸汽压力）维持在6.8MPa 左右不变。2）查阅GSS 调门动作曲线并对比1、3号机组相同功率平台GSS001/002VV 开度约28%，怀疑二级再热器蒸汽阀门3GSS001VV 未按照预期关闭。当班值立即停止降功率，并召集相关专业讨论方案。根据方案手动破坏中性点关闭3GSS001VV
13:00-15:00,主控持续闪发3GSS911KA,主控检查3GSS106MY在480~800mm间波动。仪控检查确认为3GSS102MN波动所致并将3GSS102MN强制为500mm,然后对故障仪表开票检查","1 ）不利于汽轮机运行。高压缸排汽流量下降，但再热蒸汽GSS 蒸汽阀门开度不变（正常应逐步关小），导致进入中压缸的蒸汽参数过高（可能影响汽缸安全运行或导致汽轮机振动加剧等）;2 ）导致二级再热器过热。因高压缸排气减少，如果蒸汽流量不变可能导致二级再热器过热
3GSS106MY异常波动,影响液位监视",已采取的行动措施：1 ）停止降功率，控制一二回路平衡，控制△I （风险点）;2 ）现场检查阀门供气及中性点（检查无异常）;3 ）主控及现场密切关注汽轮机及GSS 相关参数;4)oncall 机械、仪控、设备保驾人员，商量处理方案。建议后续行动：阀门关闭后GSS004MY 和二级再热器管板温度快速下降，当班值立即组织继续降功率，最终机组按照原定计划时间打闸停机,"原因怀疑：1)P320 控制机柜故障，导致GSS 控制系统不正常（3 号机组并网期间曾出现GSS001/002VV 打手动事件）; 2)3GSS001VV 阀门机械卡涩；3)3GSS001VV 阀门气动头供气失效（经现场检查，排除此原因）;4)3GSS001VV 阀门定位器故障或接
3GSS102MN仪表接买系件松动:大,经分析可能是保温回装时碰撞或长期运行振动导致3GSS102MN仪表接头紧固件松动","2)运行现场破坏3GSS001VV中性点，逐步关小阀门。过程中，与主控热线联系：3）根据估算，GSS002VV将在压力低于5MPa（当前功率的整定值）时开启。主控密切关注GSS001/002VV开度以及GSS004MY开度。仪控预测GSS001VV开度应该在35%左右；4）当GSS001VV开度关到38%左右，GSS004MY低于5MPa，之后GSS002VV逐步开启到100%;5）现场进一步关闭GSS001VV到0;6)主控关注GSS二级再热器管板温度可控下降（下降较快）。除此之外，整个切换过程中，汽轮机、GSS等参数稳定。为确保按计划进行和汽轮机安全，当班值立即与电网沟通继续降功率
仪控处理反馈:1)出现的液位波动问题后,仪控人员到达主控检查发现故障液位计为3GSS102MN;2)经分析后对液位计进行强制,消除故障液位计对GSS101BA液位的控制,并搭设脚手架对液位计进行检查;
3 ）检查发现3GSS102MN 仪表接头紧固件松动，导致仪表管振动较其他两块偏大，怀疑可能为保温回装时导致或长期运行振动所致，经紧固后缺陷消除","1）降功率过程中，发现设备状态异常，可以与相似功率平台下1、3号机组扫描画面对比。本次查找1、3号机组相似平台画面发现此时3GSS001/002VV开度分别应该为28%/100%，与当前差别较大。2）召开会议前，运行值根据收集的信息，内部分析可能原因，并初步整理解决方案，必要时现场勘查。3）召集专业人员参与讨论方案，避免运行一个专业考虑不全面。4）本次降功率停止后，由于氙毒快速积累，△I 快速向右平移，R 棒快速提升。当班值立即启动稀释，累计稀释量6.5T（当班值根据TP3RRC60 经验，预期的稀释后墙在7T）
参考资料信息
在这两起液位计异常中，3GSS106MY 的值均出现大幅波动，对3GSS101BA 的液位控制产生很大影响。3GSS106MY 为 3GSS101/102/103MN 的平均值，仪表故障时会进行剔除1 ）对于3GSS101BA 的液位计，主要的控制逻辑如下：① 3GSS101/102/103MN2/3 低于300mm 产生液位低报警3GSS107KA，自",
3KC0044KA（保护通道V 机柜故障）报警,主控触发 3KC0044KA 保护通道V 机柜故障，现场核实为 3KCS044/045ARR 上报警灯亮起，2h 后，报警自动复位消失,故障恶化将可能失去保护通道的部分监测和控制功能,已采取的行动措施：1 ）查看和执行报警卡，现场核实为 13KCS044/045AR 上报警灯亮起；2 ）oncall 仪控检查处理,经检查，为机柜内RXM 卡件自诊断报警（RXM60:Inter-CPU com- munication error ）触发,,"KCS 机柜的自诊断报警：处理器卡件、通讯卡件、AI 卡件件、AO 卡件、 DI 卡件、DO 卡件等的自诊断报警：1 ）其中最常见的自诊断报警有AO 信号控制电流变化（ASG 调节阀动作期间产生KC0054KA、GCT 系统的调节阀动作时产生KC0034KA,KC0044KA)，持续2h 后消失；2 ）通讯卡、DO 卡自诊断报警，根据卡件所在的位置不同可以产生各个报警，持续2h 后消失；3 ）处理器MP 卡件故障报警，其他类型的故障报警，报警持续2h 后不消失",
3号主控出现 3KC0054KA (安全列 A 列机柜故障)报警,"17:06, KIC 出现 3KC0054KA（安全列 A 列机柜故障）。当班值立即安排现场就地查看 KCS 机柜，现场发现 3KCS115AR 上报警灯亮，见图 1。主控执行报警卡规程，查看 RPR 画面和质量位画面，未发现异常。经咨询仪控人员，仪控人员给出建议，观察 2h，看是否是因为自检而产生的报警，若为自检产生的，2h 会消失。2018 年 07 月 01 日 19:06 分，3KC0054KA 未消失，再次联系仪控人员进厂处理。
图13KCS115AR 上报警灯亮仪控人员到场后，经查看3KCS115AR 内部MP 模块ABC 三穴余卡件中A 卡件显示MANT1 故障灯亮：见图2 图23KCS115AR 内部MP 模块A 卡件显示MANT1 故障灯亮",主处理器卡件为三重穴余设计，其包括MPA /MPB /MPC 三块处理器卡件，其中一块报警，不影响系统正常功能运行。故障恶化将可能失去保护通道的部分监测和控制功能,已采取的行动措施。1 ）查看和执行报警卡，现场发现3KCS115AR 上报警灯亮；2)oncall 仪控检查处理,"诊断软件分析结果显示为 ETSX 158: Invalid MP thermostat Runningconfiguration,该报警具有记忆功能，无法自动复位","仪控处理反馈：1 ）故障现象：主控触发3KC0054KA 报警（安全A 列机柜故障报警），就地检查发现3KCS115AR 机柜报警灯亮，柜内主处理器卡件MPA 的MAINT1 指示灯常亮：
2)影响评估：主处理器卡件为三重冗余设计，其包括 MPA/MPB/MPC 三块处理器卡件，其中一块报警，不影响系统正常功能运行；3) 处理进展： 3KC0054KA 报警已消除；4) 检修步骤：对主处理器卡件 MPA 进行热插拔复位，报警已消除；5) 故障原因分析：诊断软件分析结果显示为 ETSX 158: Invalid PMthermostatRunning configuration, 该报警具有记忆功能，无法自动复位",KCS 机柜内的主处理器卡件为三重冗余设计，其包括 MPA/MPB/MPC 三块处理器卡件，其中一块报警。不影响系统正常功能运行,
"3号主控出现3KIC009KA(B列CFR2服务器故障)、3KIC013KA(B列HEARTBEAT信号故障),查看发现B列一层AW2-2显示红色故障","13:22:27,3号主控出现3KIC009KA(B列CFR2服务器故障)、3KIC013KA(B列HEARTBEAT信号故障),同时查看SRV画面发现AW2-2显示红色故障",影响DCS一二层通讯的可靠性,已采取的行动措施:1)查看和执行报警卡;2)在KIC中查看SRV画面发现AW2-2显示红色故障;3)oncal11仪控检查处理,"根据已有的服务器日志信息,AW2-2服务器无硬件故障或功能故障,但日志显示在出现报警时刻,AW2-2服务器中的一二层通讯进程(FOXAPI)发生了重启和初始化,初步判断该进程的重启导致了短暂的3KIC009KA、013KA报警和故障指示",,"DCS 二层与一层的数据交互：1 ）一层数据上传：·每台 CFR（前端服务器）通过一个交换机和DCS 一层的两台API 服务器相连。·A 列的AW1 -1 服务器和B 列的AW2 -1 服务器上传到二层的数据是一致的。A 列的AW1 -2 服务器和B 列的AW2 -2 服务器上传到二层的数据是一致的。A 列的两台AW 的数据结合到一起就是电厂KCP 系统上传的完整数据。B 列亦然。一层AW 只向CFR 发送发生了变化的数据·两台CFR 都将数据发送给CCT 进行处理。·两台CCT （中央数据处理服务器）互为备用，一主一从。·只有主CCT 的数据会发送到SAR -STR （数据存储服务器）。·OWP （操作员站）从SAR -STR 中读取数据提供给操作员。Level 2ChangedarchiveddataDataSTRSARChangeddataCCT 1CCT 2masters1aveChangedChangedvaluesvaluesCFR 1CFR 2ChangedRequestvaluesAW1-1AW1-2AW2-1AW2-2Level 1 图1 一层数据上传
2 ）二层数据下发：·OWP （操作员站）下发的命令由SAR -STR （数据存储服务器）发送给CCT 。·只有主CCT （中央数据处理服务器）向由它选中的 CFR （前端服务器发送命令。·被主CCT 选中的CFR 向AW 发送命令Level 2commandcommandAcknow. STRcommandcommandAcknow. CCTICCT 2masters1avecommandcommandacknowledgeElectedCFR 2CFR1commandcommandacknowledgeAW1-1AW1-2AW2-1AW2-2Level 1 图2二 层数据命令下发",
3 号主控闪发 3KIC021KAKIC 切换至 BUP 报警,"11:41, 3 号主控闪发两次 3KIC021KAKIC",1)如果KIC切换至BUP控制，机组将只能维持4h功率运行，超过4h机组需要执行后撤；2)KIC切换至BUP后如果机组同时存在第一组IO，需要立即降功率至10%FP并手动停堆(04月20日上午刚执行完3RPN功率量程第二通道试验，该工作为第一组IO),1)已采取的行动措施：①立即检查KIC状态，未见异常；②查看和执行报警卡，执行IKIC(KIC操纵员工作站不可用事故处理规程)后，继续维持当前KIC控制机组状态；③暂停一切不必要的KIC操作；④oncall仪控检查处理。2)建议后续行动：仪控人员分析故障根本原因，制订工作方案，消除缺陷,"11:39,3号机组DCS一层开始执行定期病毒库更新工作，该工作导致一层送往二层的心跳信号A列异常波动，部分波动峰值超过一二层限值(10s)，闪发3KIC021KA报警（闪发两次，持续时间分别为2S、6S",,3KIC021KA°KIC切换至BUP报警”可能原因为：1)A列和B列的KIC设备同时失效；2)来自一层的A列和B列的生命信号同时消失,
主控触发 3KIC028KA 报警（3KIC622AR 机柜温度高）,主控触发 3KIC028KA 报警（3KIC622AR 机柜温度高）：就地检查发现 3KIC622AR 机柜报警灯亮,影响 3KIC622AR 机柜安全稳定运行,已采取的行动措施 1）查看和执行报警卡，安排就地检查发现 3KIC622AR 机柜报警灯亮 2)oncall 仪控检查处理,经核实机柜内风扇运行正常，且限位动作正常，经查看风扇挡片，发现风扇挡片弧度偏小，后查看机柜滤网，发现机柜滤网脏污，初步判断为机柜滤网脏污导致风扇吸力不足，又因挡片弧度偏小，从而导致风扇挡片掉落,"仪控处理反馈：1)处理进展：已对风扇挡片的弧度进行调整，挡片正常吸合，主控报警消失；2)缺陷描述：主控触发 3KIC028KA 报警（3KIC622AR 机柜温度高），就地检查发现 3KIC622AR 机柜报警灯亮，柜内风扇挡片掉落（未吸合）；3)原因分析：经核实，机柜内风扇运行正常，且限位动作正常，经查看风扇挡片，发现风扇挡片弧度偏小。后查看机柜滤网，发现机柜滤网脏污，初步判断为机柜滤网脏污导致风扇吸力不足，又因挡片弧度偏小，从而导致风扇挡片掉落；
4) 处理措施：已对风扇挡片弧度进行调整，挡片吸合正常。后续计划 301 大修期间对 KIC 服务器机柜进行清灰，对机柜滤网进行更换",3KIC028KA:报警（3KIC622AR 机柜温度高）的可能原因：1)KIC622AR 机柜内风扇故障；2)KIC622AR 所在房间的空调系统故障,
3KRT007MA 出现通道故障报警,07:23 主控触发3KRT011KA3(3KRT007MA 监测通道故障报警）现场查看取样泵3KRT007PO 停运,3KRT007MA!监测通道故障，不可用，产生I02: KRT4,已采取的行动措施：1 ）查看和执行报警卡；2 ）联系辐射防护检查确认故障情况；3 ）记录I02: KRT4;4 ）要求辐射防护监视确认3KRT002MA、 003MA、004MA 通道和KRT032MA033MA、034MA 通道正常可用，并避免安排相关的工作，避免同时不可用时产生第一组I01,探头浸水,,KRT007MA 用于监测CVI 冷凝器抽真空系统排气中的β和放射性活度。由于机组启动时CVI 系统排气中气体湿度较大，灰尘较多，为了保护KRT007MA探测器，需要对取样气体进行干燥处理后再进行测量。原设计中干燥器无法提供足够的干燥能力，由于积水过多或灰尘堵塞冷凝水排水孔导致干燥器故障后，多次导致KRT007MA探测器进水损坏。技改后在取样测量回路前端增加机械式干燥装置（汽水分离器），大大增加了汽水分离装置的稳定性和冷凝水的存储能力，提高设备干燥能力。减少故障率,
3KRT007MA 就地BC 箱主板故障引｜起3KRT036MA 闪发故障报警,3KRT036MA 频繁闪发故障报警和2 级报警，每次闪发约不到1 min 后消失,3KRT036MA 不可用，产生I02: KRT5,已采取的行动措施：1 ）查看和执行报警卡；2 ）安排辐射防护就地检查确认3KRT036MA：报警情况；3 ）安排现场检查3KRT036MA 上游供电未见异常；4 ）记录3KRT036MA 不可用产生KRT5 ，同时要求辐射防护加强关注4KRT036MA 的运行情况：5 ）oncall 仪控检查处理,3KRT007MA 就地BC 箱通讯主板故障导致3KRT103BC 箱通讯异常，从而引起3KRT036MA 闪发故障报警,"仪控处理反馈：1 ）检修措施及步骤：①就地3KRT036MA 通道软件打禁止：②检查3KRT036MA 就地运行状态，状态正常：3 确认3KRT007MA 就地BC 箱通讯主板故障导致3KRT103BC 箱通讯异常，从而引起3KRT036MA 闪发故障报警；④更换3KRT007MA 就地BC 箱通讯主板；
恢复3KRT007 至正常运行状态，解除3KRT036MA 通道软件禁止；③主控同时观察3KRT007MA、3KRT036MA 报警情况．24h 内3KRT007MA、3KRT036MA 未发生报警；?3KRT036MAI 闪发故障报警消除。2 ）故障原因分析： 3KRT007MA 就地BC 箱通讯主板故障导致3KRT103BC 箱通讯异常，从而引I 起3KRT036MA 闪发故障报警",,
主控闪发3KRT013KA9(3KRT034MA 通道故障报警,主控多次闪发3KRT034MA 通道故障报警,影响3KRT034MA 的可靠性，处理过程中会闭锁3KRT034MA，导致其不可用，产生I02: KRT5,已采取的行动措施：1 ）查看和执行报警卡；2 ）联系辐射防护检查确认故障情况：3)oncall 仪控检查处理；4 ）要求辐射防护检查确认3KRT044MA 的,3KRT034MA参考峰漂移。导致找不到参考峰，从而触发故障报警,仪控处理反馈：1）处理进展：恢复3KRT034MA通道正常运行；2）原因分析：3KRT034MA参考峰漂移，导致找不到参考峰，从而触发故障报警；3）根本原因：参考峰漂移；4）处理过程：D查看设备MOD文件，闪发故障报警原因均为参考峰分辨率超出范围，参考峰找不到；②查看当前参考峰位252ch，（正常范围：250～300ch），上次能量刻度完成后参考峰位275ch，参考峰位已经漂移23ch；③检查探测接地，绝缘（大于11G2）满足探测器运行要求；④用放射源对探测器重新能量刻度，调整设备参考峰位至286ch；5观察设备正常运行，与主控沟通，归还工作票，I0消除,KRT032MA/033MA/034MA（VVP管线放射性）参考峰的正常范围为250~300ch,
3KRT036MA 电气箱运行指示灯不亮,3KRT036CR 电气箱运行指示灯不亮，仪控持计划票3PT08122开工处理,工作中停运3KRT036P0 时，3KRT036MA 故障不可用，产生I02:KRT9,已采取的行动措施：记录3KRT036MA7 不可用产生KRT9 ．同时要求辐射防护加强关注4KRT036MA 的运行情况,,仪控处理反馈：1）检修措施及步骤：①用万用表测量3KRT236CR运行灯 两端电压为48V，电压正常；②停运3KRT036P0，将3KRT236CR断电；③ 检查3KRT236CR运行灯，发现内部灯泡钨丝烧断④更换灯泡后重启设备， 运行灯恢复正常：2）故障原因分析：运行指示灯钨丝烧断,1)KRT036MA用于DVN、DVK、DVW系统通风管道空气β比活度的监测； 2)KRT036MA测量对象来自多个房间（3KRT036MA有8个取样支路 4KRT036MA有7个取样支路），以3KRT036MA为例，8个取样支路对应8 个房间，依靠各支路的电磁阀循环打开来扫描不同的房间同一时间只有一 个支路在工作中。假设当前工作在A支路，那么只有A支路的电磁阀是打 开的，其他支路电磁阀关闭，工作5min后，A支路电磁阀关闭，B支路 电磁阀打开，再过5min，B支路关闭C支路打开·依次类推,
主控触发3KRT011KA8（3KRT036MA1 监测通道故障报警）,18 : 23 分。主控产生3KRT011KA8 报警，经保健物理人员核实3KRT036MA 不可用,3KRT036MA 不可用，产生第二组IO ：KRT5 ，与已存在的3KRT026MA 不可用叠加，产生第二组IO ：KRT12,已采取的行动措施：1)查看和执行报警卡；2)安排辐射防护就地检查确认3KRT036MA报警情况；3)安排现场检查3KRT036MA上游供电未见异常；4)反馈4号机组主控，3KRT036MA故障不可用，产生双机组I02，并请加强关注4KRT036MA的运行情况；5)oncall1仪控检查处理；6)记录I02：KRT5和KRT12,3KRT036MA 监测道1 ~8 道取样管道状态参数错误，导致设备工作故障、气路故障。电磁阀故障，设备无法正常取样，从而导致报警,仪控处理反馈：1 ）检修过程：①重启就地设备，设备故障报警未消除， 1 ~8 道取样管路依次持续发生工作故障、气路故障、电磁阀故障；②将3KRT036MA切换至手动挡，切换每个监测道进行观察，依次显示工作故障、气路故障、电磁阀故障；③检查继电器板，手动切换每个监测道进行观察，各监测道继电器未动作，重新紧固继电器线缆、电磁阀线缆；④用参数检查设备通道状态，发现1 ~8 监测道参数状态代码均为0 （0 为屏蔽状态），重新写入参数，将参数0 改为1 （1 为启用状态），并将设备切换至自动挡，复位设备写入参数；5 观察3KRT036MA 每个监测道运行状态，监测道故障消失，每5min 切换下一个监测道正常测量，设备运行恢复正常；2 ）故障原因分析：3KRT036MA 监测道1 ~8 道取样管道状态参数错误，导致设备工作故障、气路故障，电磁阀故障，设备无法正常取样，从而导致报警,1)KRT036MA 用于DVN 、DVK 、DVW 系统通风管道空气βB 比活度的监测； 2)KRT036MA 测量对象来自多个房间（3KRT036MA 有8 个取样支路， 4KRT036MA 不有7 个取样支路），以3KRT036MA 为例，8 个取样支路对应8 个房间，依靠各支路的电磁阀循环打开来扫描不同的房间，同一时间只有一个支路在工作中。假设当前工作在A 支路，那么只有A 支路的电磁阀是打开的，其他支路电磁阀关闭，工作5min 后，A 支路电磁阀关闭，B 支路电磁阀打开，再过5min ，B 支路关闭，C 支路打开依次类推,
3LHB105JA 接触器卡涩，无法摇入,3LHB105JA 接触器卡涩，无法摇入,上充泵3RCV002P 开关无法摇入。影响LHB 系统的可用性,已采取的行动措施：oncall 电气检查处理,小车连锁机构卡涩,电气检查处理反馈1 ）工作过程：①验证隔离边界，确认检修对象：②确认3LHB105JA 处于断开位置，3LHB105JE 地刀处于断开状态；③将 3LHB105JE 地刀闭合；④用联锁钥匙解除3LHB105JA 联锁，打开柜门；用服务小车将接触器拉出柜外，用摇把将接触器摇至工作位和试验位置， 验证小车底盘工作正常，无卡涩；③用润滑脂对接触器锁定孔进行润滑；②检查柜内无异物后，将接触器推入柜内，锁定柜门，将地刀闭合；8 用摇把验证接触器工作正常，联系运行人员验证③工作结束清理现场，将设备恢复至初始状态。2 ）故障原因分析：小车连锁机构卡涩,,
3LHB115JA 偶发故障，导致3DEG201GF 无法启动，需对该开关进行检查,3LHB115JA 偶发故障导致3DEG201GF 无法启动。需对该开关进行检查,,已采取的行动措施: oncall 电气专业处理,保护装置定值错误,电气检查处理反馈1 ）检修过程：①取得许可证，现场确认设备位置，验证隔离；②确认3LHB115JA 开关处于隔离位，确认柜内控制电源空开 003JA 处于闭合位置；③检查保护装置。01XI 无动作信号；④检查保护装置定值是否正确；③检查远方分合闸回路；③检查柜内保护跳闸回路；②检查接触器合闸回路；8 检查保护CT 接线及连片连接完好；③检查柜内合闸回路端子松动现象。2 ）故障原因分析：保护装置定值错误,,
3LKC1181JA7 故障灯亮，需处理,"主控出现3LKC 总故障，现场查看时3LKC1181JA 故障灯亮，3 号机组龙门架吊车电源箱
ILKC243JA(1DVC003HU)白色灯亮主控出现配电盘故障报警,就地出现故障报警且无法复位",ILKC243JA无法合闸,"已采取的行动措施：断开3LKC1181JA, oncall 电气检查处理
已采取的行动措施: oncall维修电气检查","下游电缆对地短路
对应风机1DVC007ZV停运,触发联锁信号,导致1DVC003HU加湿器上游开关1LCK243JA跳闸,导致主控存在配电盘故障报警","电气处理反馈1）工作过程：①取得工作票，与运行人员沟通；②验证隔离边界，确认设备位置并建立检修场所；③召开工前会，简述工作内容、人员分工、风险分析；④根据SG改造反馈，土建单位在开孔洞过程中不慎将钢筋插入电缆导致抽屉跳闸；5对损伤的电缆进行校核确认为3LKC1181JA下游电缆，对电缆进行包扎；@执行WOT：710990-01修复电缆；②恢复设备到初始状态，确认无异物残留；8工作结束，清理现场归还工作许可证。2）故障原因分析：下游电缆对地短路
电气处理反馈——工作过程: 1)检查1LCK243JA抽屉柜内部所有接线紧固良好、所有元器件完好无异常; 2)测量下游1DVC003HU加湿器内的加热器直流电阻: U-V(43.4Ω)、V-W(43.4Ω)、U-W(43.4Ω)对地绝缘电阻为4.32MQ、数据合格(绝缘≥0.5MQ); 3)由于对应风机1DVC007ZV未运行,测量1LCK243JA抽屉001BN端子排1号和3号端子,确认存在跳闸信号; 4)拆除跳闸信号接线,将抽屉1LCK243JA推入合闸,确认输出电压正常,主控无配电盘报警; 5)将抽屉1LCK243JA分闸、抽出,恢复跳闸信号接线","1)DVC风机停运逻辑联锁会导致加湿器上游开关跳闸; 2)复位加湿器的报警时,一定要确保加热器已经复位,否则根据逻辑关系,加湿器即使已经复位,但加湿器配电盘的故障灯仍会亮,对应的主控报警仍不能消除",
3LKD1181A: 主控显示洋红色故障排香,3DVK004ZV 送电后 KIC 画面显示洋红色。经将其电源开关 3LKD1181JA 打至试验位启停验证后判断为 3LKD1181JA 工作位置故障,3DVK004ZV 无法启动,已采取的行动措施：将其电源开关 3LKD1181JA 打至试验位启停验证后判断为 3LKD1181JA 工作位置故障；oncall 维修电气检查,3LKD1181A 抽屉内部，001JA 常闭触点轻微卡涩,电气处理反馈——工作过程：1）将 3LKD1181JA 抽屉抽出，放置检修垫上，检查发现 001JA 辅助常闭触点无法正常通断；2）对抽屉表内部 001JA 辅助开关取下进行修复，用万用表测量通断正常；3）用万用表测量 3DVK004ZV 直阻，直阻为 U-V（0.3Ω），U-W（0.2Ω），V-W；（0.22），测量结果正常；4）用 500V 兆欧表测电机对地绝缘，绝缘阻值大于 550MQ2，测量结果正常；5）联系运行将开关推入合闸位，确认主控显示正常,设备送电后，KIC 显示洋红色，可将开关打至试验位启停验证，初步判断是仪控故障还是电气故障，可以节省故障处理时间,
3LKE1131JA 已故障灯亮，无法复位,3LKE1131JA 故障灯亮。无法复位,导致故障无法复位，影响下游设备的安全运行,已采取的行动措施：oncall 维修电气检查,下游临时泵有接地现象，导致上游开关跳闸故障灯亮,电气处理反馈一工作过程：1）与主控沟通，开紧急票对3LKE1131JA抽屉进行检查：2)召开工前会，确认检修对象，验证隔离边界，对3LKE1131JA抽屉进行检查：3)检查发现下游检修箱临时泵绝缘为0MQ；4)与主控沟通，服务单独出票对该泵进行更换，更换后配合服务送电验证，下游泵运行正常；5)与主控沟通，oncall 结束，归还工作许可证,,
检香处理3LKD4101JA/3LKE281JA，对应设备显示洋红色,检查处理3LKD4101JA/3LKE281JA，对应设备显示洋红色,3RPE003/004P0 无法启动,,,电气处理反馈：1 ）将抽屉摆置试验位，运行模拟停运信号， 3LKD4101JA/3LKE281JA 未收到停运命令；2 ）转仪控专业处理，检查发现3LKD4101JA/3LKE281JA 内106 号线未端接；3 ）根据原理图将 3LKD4101JA/3LKE281JA 内106 号线进行端接确认接线紧固牢靠； 4)3LKD4101JA 在试验位时故障灯亮，对限位进行调整，确认在试验位置故障灯灭；5 ）恢复设备到初始状态,RPE011PS 通过重力收集反应堆厂房地面疏水管网的疏水，含有化学成分并可能具有放射性。003/004P0 将废水通过贯穿安全壳的总管输送至TEU化学排水接收槽（TEU005/006BA）,
3LKF151A:开关故障灯亮无法合闸,,影响常规岛循环水坑排水功能,已采取的行动措施：1)进行初步检查，尝试复位报警；2)oncall维修电气、机械专业检查,3SE0302P0出口止回阀堵塞（无法实现止回功能），导致3SE0301P0出口压力增大导致3SE0301M0电机过流引起热继动作,"电气处理反馈1）工作过程：①响应主控oncall，与主控人员联系，取得工作许可证；②就地检查热继电器，发现热继电器动作。核对3LKF151JA定值单定值为18.4A，与热继设置值一致，电机额定电流16A，与现场电机额定电流一致。复位热继电器后，断开一次回路，就地启动二次回路，开关分合闸正常；③验电后，测量电动机绝缘电阻大于550M2：三相相间直流电阻均为2.8Ω，电机直阻绝缘合格；④与隔离经理沟通，升版隔离占用220VK（3SE0301P0出口止回阀），221VK（3SE0301P0出口隔离阀）。拆除220VK后，启动3SE0301P0一分钟，管道出水正常，电机电流正常，排污泵及管道没有堵塞；恢复设备至初始状态，重新启动3SE0301P0，运行反馈液位没有下降，就地检查发现3SE0302P0出口止回阀损坏，水流又通过3SE0302P0流回泵坑内；③与机械人员一起现场核实，启动3SE0301P0后液位正常下降，机械人员检查后，反馈因排污坑污物过多导致止回阀卡塞，后因启动3SE0302P0冲洗，止回阀功能又恢复正常：
②与当班值长沟通，将3LKF151JA置于远控状态，运行人员正常启动可3SE0301P0进行验证，10月04日与运行人员联系，3SE0301P0自10月03日晚19时至10月04日10时3SE0301P0运行正常，3LKF151JA开关无故障出现，与当班值长沟通，值长同意终结工作票。2）故障原因分析：3SE0302P0出口止回阀堵塞（无法实现止回功能），导致3SE0301P0出口压力增大，导致3SE0301M0电机过流引起热继动作",,
3LKG 母线进线检测单元电压表相间无指示故障处理,3LKG 母线进线检测单元电压表相间无指示故障处理,导致3LKG 母线电压无法监测,已采取的行动 措施：oncall 维修电气检查,电压变送器故障,4 ）联系运行人员送电验证，3LKG 母线进线监测单元电压表指示正常，经主控同意归还工作许可证,,
3LKH1051/1052JA 故障灯亮,3LKH1051/1052IAF 故障灯亮需处理,,已采取的行动措施：oncall 维修电气检查,3LKH1051JA/3LKH1052JA 下游 3SE00901CR/3SE00900CR 零钱接地，导致抽屉内的漏电保护器动作,电气处理反馈一一工作过程：1）填写紧急维修工作指令单：2）对抽屉进行检查，对三相四线制电源进行绝缘检查，检查发现下游 3SE00901CR/3SE00900CR 零线接地，导致抽屉内的漏电保护器动作：3）对下游 3SE00901CR/3SE00900CR 零线拆除，并用绝缘胶布包扎，合上游3LKH1051JA/3LKH1052JA 开关确认故障报警消失；4）与值长沟通，同意归还工作票,,
3LKH221JA 故障灯亮,3LKH221JA 故障灯亮,3CFI004M0 无法正常启动,"已采取的行动措施:1）主控出现3LKH 配电盘故障报警,现场检查3LKH221JA.故障灯亮（下游负荷3CFI004M0）,尝试将开关抽出后重新推人:故障仍无法消除,为保证安全,已将3LKH221JA置于隔离位置; 2)oncall 维修电气检查",熔丝触点接线松动,电气处理反馈：1）验证隔离边界，并挂好维修试验牌；2）确认设备位置，建立检修区域，召开工前会；3）与运行人员沟通，将抽屉3LKH221JA 推入，并合闸，故障灯亮，分闸后故障灯不亮；4）将抽屉3LKH221JA 拉出，根据电气原理图检查导致故障灯亮的各触点，发现001JA 内熔丝触点接线松动，致使001XK 继电器不得电，参与故障灯亮回路的001XK 的常闭触点不动作，接通故障灯亮回路；5）对001JA 内熔丝触点接线进行紧固，并把3LKH221JA 推入合闸，故障灯不亮，重复推人合闸3 次故障灯不亮；6 工作结束，清理现场，将设备恢复至初始状态,,
3LMA 停役期间触发3KIC021KA（KIC 切到BUP ）报警,"18:53, 主控触发3KIC021KA(KIC切到BUP报警), 此时主控未执行任何操作, 查看BUP盘台出现KIC002AA(KIC设备失效B列)","触发3KIC021KA(KIC切到BUP报警)报警, 存在KIC失效的风险","已采取的行动措施, 1) 按报警卡检查KIC心跳信号; 2) 联系仪控检查3KIC021KA报警原因; 3) 保守起见, 通知化学停止正在进行的燃料吸工作, 避免违反技术规范; 4) 仪控人员检查确认KIC未失效, 只是KIC心跳信号的时钟偏离导致产生3KIC021KA。仪控人员通过就地拔插网线后。报警消除","DCS机柜是双路220V冗余供电的, 每个控制机柜内部都有2块独立的时钟模块, 同时给控制处理器(FCP)授时, A模块对应的220V的第一路供电(如3LNE), B模块对应第二路供电(如3LMA)。此次触发3KIC021KA报警处于3LMA停役期间, 即机柜处于单路供电情况, 剩下其中一个模块在给FCP授时。从原理上, 单个时钟模块授时也是没问题的。但从调试的经验来看, 机柜单路供电时, 偶尔会出现FCP时间偏慢的情况。本次就是KIC心跳信号所在的FCP的时间慢慢地开始偏离GPS, 导致产生3KIC021KA。3LMA停役之后的前几天, 也有个别FCP出现时间偏慢的现象, 仪控人员持续保持观察, 直到这些FCP自动跟上GPS的时间","仪控处理反馈1) 处理措施: 就地拔插网线, 报警消除。2) 故障原因分析: DCS机柜是双路220V冗余供电的, 每个控制机柜内部都有2块独立的时钟模块, 同时给控制处理器(FCP)授时, A模块对应的220V的第一路供电(如3LNE), B模块对应第二路供电(如3LMA)。
此次触发3KIC021KA报警处于3LMA停役期间, 即机柜处于单路供电情况, 剩下其中一个模块在给FCP授时。从原理上, 单个时钟模块授时也是没问题的。但从调试的经验来看, 机柜单路供电时, 偶尔会出现FCP时间偏慢的情况。本次就是KIC心跳信号所在的FCP的时间慢慢地开始偏离GPS。导致产生3KIC021KA",经验知识1) DCS 机柜内部都有2 块独立的时钟模块，分别由两路供电。当一路供电电源丧失时，从调试的经验来看，会出现FCP 时间偏慢的情况， 为偶发现象；2）当KIC 心跳信号所在的FCP 的时间偏离GPS 后，会触发3KIC021KA。但此时KIC 并未失效只需联系仪控复位报警即可,
3RCV012AF 冷却风扇异常停止,3RCV002PO 突发液压马达停转，导致冷却风扇身3RCV012AF 无法运行，上充泵油温失去有效控制，查看KIC 画面3RCV226MT 最大值已达68℃,导致3RCV002PO 不可用，产生10,已采取的行动措施：oncall 维修机械和设备管理检查处理,根据前期经验反馈，出现该现象的可能原因如下，1）液压马达花键磨损打滑，导致对风扇传动失效；2）双联油泵高压泵与低压泵轴连接块磨损，高压泵停转，无法为液压马达供油,"机械处理反馈1）处理进展：为确保故障一次消除，对双联油泵及液压马达进行更换，此次更换新型号液压马达，无花键结构。新液压马达已在4RCV003P0上验证一个循环，402大修期间解体检香未见异常磨损情况。经过更换后，起泵验证确认上充泵运行稳定，油温趋势平稳，判定维修后试验合格。2）检修步骤：双联油泵更换：①拆卸双联油泵进出口油管路：②拆卸双联油泵底座与齿轮箱的连接螺栓；③连同底座取下双联油泵；④拆卸双联油泵联轴器，拆卸双联油泵与底座连接螺栓，取下底座；5对新双联油泵中间连轴块进行检查，适当补充润滑脂后重新组装；③将新双联油泵安装到底座上，回装联轴器（注意第7步，控制联轴器安装高度）；7将新双联油泵连同底座安装到齿轮箱上（需控制好联轴器安装高度，防止其与齿轮箱侧联轴器挤压碰磨，可先松开联轴器紧定螺钉，试装后再紧固紧定螺、钉）；8回装双联油泵油管。液压马达更换：①拆卸液压马达进出口管线及溢流管线：从空冷器上取下液压马达及风扇组件；②将风扇从液压马达上取下；③拆卸温控阀端部丝堵，检查阀笼安装位置是否正确，确认无误后回装丝堵；
④将风扇安装到新液压马达上，紧固轴头螺栓，并锁好止动垫片；②回装液压马达及风扇组件至空冷器，回装液压马达进出口油管回装溢流管线（注意需更换新液压马达配装的新尺寸转接头）；③盘动风扇，检查风扇转动灵活性",双联油泵的功能是保持上充泵润滑油系统的循环并为液压马达提供驱动油，内部联轴块磨损导致高压泵失去动力。无法为液压马达提供驱动油，冷却风扇停运从而造成3RCV0002P0 不可用。相似缺陷曾出现在4RCV003P0 上，经更换双联油泵后完成处理。402大修期间对4 号机组3 台上充泵的双联油泵进行检查，均发现不同程度磨损,
3REA072MN 较3REA052MN 和就地液位计低0.42m,"3REA072MN 较3REA052MN 和就地液位计低0.42m,3:32 分3REA072MN 又变成与3REA052MN 一致",导致PAMS 仪表3REA072MN 测量失真，无法准确监测3REA004BA 液位， 3REA072MN 不可用时产生第二组I02: PAMS1,已采取的行动措施：1 ）查看就地液位计、3REA072MN 和3REA052MN 进行对比，查看3REA072MN 和3REA052MN 的趋势变化情况，初步怀疑 3REA072MN 故障；2 ）oncall 仪控检查处理,3REA072MN 仪表负压侧少量积水,仪控处理反馈：1 ）检修过程：1 确认设备位号与工作许可证一致，开工前与主控沟通并说明风险；②关闭3REA072MN 仪表阀，拆除3REA072MN 电缆快速插头，拆除仪表引压管发现负压侧少量积水。并对仪表进行清理及做好废液收集；,定期试验规程要求3REA072MN 和3REA052MN 的各测量值与平均值的偏差小于5%（测量值-平均值）/平均值<5%,
3REN010MG 钠表频繁大幅波动,,无法准确识别仪表是否正确工作，影响相关参数监视,已采取的行动措施：1）安排现场检查在线和取样流量，未见明显异常；2）主控查看蒸发器排污水APG的其他取样参数，未见明显异常；3）联系化学人员进行故障通道处理,3REN010MG故障漂表,化学处理反馈一一故障原因分析，经检查，由于处理REN取样管线堵塞问题，一环的取样管线被隔离，导致该通道钠表无法正常监测，钠表读数会异常上升，待15min后，钠表切换到能正常测量的通道，钠表读数又会恢复正常,3REN系统只设计了1块钠表（即3REN010MG），为满足测量3台蒸发器下排污钠含量，同时设计了一个三通道切换装置。每隔15min钠表自动切换一个通道。正常情况下，3台蒸发器下排污钠含量相差不大，因此主控该仪表的显示数值基本上比较稳定。但如果某条取样管线被隔离，导致该通道钠表无法正常监测。钠表读数会异常上升，待15min后，钠表切换到能正常测量的通道，钠表读数又会恢复正常，主控该仪表的显示数值此时应呈周期性波动的现象,
3RGL001/005/006/009KA报警,夜班主控触发3RGL001KA（RGL运行故障）/005KA（RCS运行故障） /006KA（RGL运行故障）/009KA（PWE运行故障）报警，现场检查3RGL023AR 上出现故障报警,可能影响RGL 棒组棒位显示，影响RGL 系统的可用性,已采取的行动措施：1 ）主控立即查看RGL 系统所有控制棒，棒位均正常。根据报警卡执行F04-RGL-I-001，将R 棒和G 棒打手动；2 ）安排现场检查发现3RGL023AR（对应G2 棒组）柜上紧急灯和双重保持灯亮：3 ） oncall 仪控进厂检查：4 )R 棒置于手动后，无法进行温度自动控制，确认无影响一回路温度变化的工作开展，确认当前3STR 无出力，避免大量使用辅助蒸汽时，引起一回路温度波动的情况出现；5 ）主控密切监视一回路平均温度，核功率，电功率，控制棒棒位指示变化情况，加强对二回路负荷监控,3RGL023AR机柜G2.2-2SC棒束调节卡件输出偏小，触发SC小电流过小报警导致G2.2棒组控制棒双重保持,仪控处理反馈，1）处理进展：3RGL001/005/006/009KA报警消除，系统工作正常；2）缺陷描述：主控出现3RGL001/005/006/009KA报警，就地检查为3RGL023AR机柜G2.2-2出现SC小电流过小报警触发双重保持报警；3）原因分析：报警触发原因是3RGL023AR机柜G2.2-2SC棒束调节卡件输出偏小，触发SC小电流过小报警导致G2.2棒组控制棒双重保持；4）处理措施：仪控维修人员按照工作方案对故障调节卡件进行更换，卡件工作正常，报警已消除,控制棒被双夹持，控制棒无法正常动作：潜在风险后果：1）机组临界过程中出现控制棒双保持，可能导致临界失败；2）机组调试瞬态试验期间，如果出现控制棒双保持，可能导致机组非计划停机停堆事件。造成3RGL系统在控制棒动棒期间多次出现双保持导致控制棒无法正常动作的原因为，在动棒过程中产生了控制棒驱动机构线圈电流报警，触发RGL系统紧急故障,
3号主控频繁闪发3RGL001KA、3RGL002KA、3RGL006KA报警,11时26分开始，3号主控频繁闪发3RGL001KA（RGL运行故障） 3RGL002KA（RPI故障）3RGL006KA（RGL运行故障）报警,1)经仪控人员初步检查为SC-3棒束棒位探测器圆边线圈供电电流不稳定，高漂导致，因目前SC-3棒束在堆顶，电流高漂对棒位显示无影响，若电流低漂，则可能导致棒位显示比实际值偏低；2）更换卡件过程中导致棒位显示不可用，产生第二组10,已采的行动措施：1 ）查看和执行报警卡，按报警卡执行IRGL001;2 ）安排现场检查棒控电源柜（3RGL011AR~3RGL026AR）、棒控逻辑柜 （3RGL001AR）、棒位测量柜（3RGL009AR）或棒位处理柜（3RGL010AR ）设备是否存在故障报警信息；3 ）oncall 维修仪控人员检查处理,报警频繁闪发的原因是SC -3 棒束主电流控制器电流在2 . 90 V 至3 . 85V 之间波动.触发电流高报警（值设置3 . 80V ）,仪控处理反馈：1 ）处理进展：3 号主控闪发3RGL001KA、3RGL002KA、 3RGL006KA报警已消除。2 ）缺陷描述：3 号主控频繁闪发3RGL001KA、 3RGL002KA、3RGL006KA报警。3 ）原因分析：报警频繁闪发的原因是SC -3 棒束主电流控制器电流在2 . 90V 至3 . 85V 之间波动，触发电流高报警（阀值设置3 . 80V ）。4 ）处理措施：已对故障卡件进行更换，卡件工作正常。 5 ）检修步骤：①确认并记录SC -3 棒束的测量棒位为224；②将SC -3 棒束主电流卡件断电，棒位指示为160；③拔出故障卡件，将主电流控制器转接件插入；④连接备件，对备件参数进行调整；拔出转接件，将备件插入卡槽；③给主电流控制器上电，检查确认输出电流为3 . 050V ；7 确认SC -3 棒束的测量棒位恢复为224,3RGL006KA 报警产生的可能原因：棒控电源柜（3RGL011AR～3RGL026AR）、棒控逻辑柜（3RGL001AR）、棒位测量柜（3RGL009AR）或棒位处理柜（3RGL010AR）设备发生下列故障：D3RCS 运行故障：②3RPI 运行故障,
3号主控触发3RGL001KA、3RGL005KA、3RGL006KA、3RGL007KA、3RGL009KA报警,8:09，3号主控触发3RGL001KA（RGL故障）、3RGL005KA（RCS运行故障），3RGL006KA（RGL运行故障）、3RGL007KA（RCS故障）、3RGL009KA（PWE运行故障）报警,导致停堆棒组、R棒组手自动均无法动作,已采取的行动措施：1)查看和执行报警卡，主控立即查看RGL系统所有控制棒，棒位均正常。根据报警卡执行F03-RGL-I-001，将R棒和G棒打手动；2)安排现场检查发现3RGL011AR（SA1棒组）柜上双重保持灯亮；3)R棒置于手动后，无法进行温度自动控制，确认无影响一回路温度变化的工作，注意控制好一回路温度，不要进行可能引起一回路温度和负荷变化的操作，确认当前3STR无出力；4)主控密切监视一回路平均温度，核功率，电功率，控制棒棒位指示变化情况，加强对二回路负荷监控：5)oncall仪控检查处理,电源柜3RGL011AR（SA1棒组）PLC的CPU故障，触发紧急故障报警，导致SA1棒组双重保持,,控制棒被双夹持，控制棒无法正常动作，潜在风险后果1）机组临界过程中出现控制棒双保持，可能导致临界失败；2）机组调试瞬态试验期间，如果出现控制棒双保持，可能导致机组非计划停机停堆事件。造成3RGL系统在控制棒动棒期间多次出现双保持导致控制棒无法正常动作的原因为，在动棒过程中产生了控制棒驱动机构线圈电流报警，触发RGL系统紧急故障,
3号主控出现报警3RIC900KA、3RIC901KA、3RIC902KA,04：19，主控出现报警3RIC900KA：堆芯中子通量测量系统故障： 3RIC901KA：指套管泄漏故障：3RIC902KA：密封组件泄漏故障。查看3RIC画面除上述KA报警对应的KS灯亮外，未见其余异常。3RIC房间及堆腔房间地坑液位高报警均未触发,1)影响使用RIC进行堆芯中子通量测量；2）如存在真实泄漏，根据报警卡，机组需要停堆处理,1)已采取的行动措施：D主控立即查看报警卡，查看3RIC画面除上述KA报警对应的KS灯亮外，未见其余异常；②查询3RPE011PS液位上涨趋势，3RPE011PS液位上涨趋势未见加速；③oncal1仪控人员检查故障原因；④多次计算一回路泄漏率，泄漏率最小17.44L/h，最大84.18L/h（由于取点不同及时长关系存在差别），与正常计算结果基本一致；5自前3RIC中子测量1、4通道不可用，为防止剩余3个通道使用过程出现故障导致3RIC不可用，100%功率平台堆芯功率分布测量和RPN系数修改暂不执行。2）建议后续行动：请维修仪控核实和分析报警原因，并制定处理方案,3RIC001AR测控机箱010HC（1~4通道）底板变压器故障,"1)仪控处理反馈：D故障原因分析：经现场检查分析，确定3RIC900KA、3RIC901KA及3RIC902KA报警是由3RIC0001AR柜内1号测控机箱（对应控制中子测量的1和4通道）故障导致机箱失去220V供电引起（福清现场首次出现），机箱失去供电后，与上位机通讯丧失，从而触发了RIC系统中子通量测量系统的以上全部报警，并非真实出现泄漏报警。②故障影响：RIC系统中子测量通道2、3、5通道功能正常可用，可满足堆芯中子
③处理进展：a . 目前已完成故障处理方案的编制及工器具、机箱备件的准备工作；b . 因处理过程中需要对3RIC001AR 机柜断电和软件重启操作，经安工评估，由于《机组运行技术规范要求》中对RIC 系统在机组功率高于50 %FP 时的可用性存在相关要求，该工作存在违反运行技术规范的风险，暂不执行。针对运行技术规范中RIC 系统可用性的相关要求，安工反馈已咨询设计院目前等待设计院的正式澄清回函。后续将根据回函内容确定缺陷的处理方向。（备注：24 日下午，经安工确认后，不需要记录IO 后对故障机箱的更换。当前3 号主控已经不存在RIC 相关报警。已确认当前3RIC 系统已经恢复正常）④检修步骤：a . 确认机组号及设备位号，建立隔离检修区域；b . 退出3RIC001AR 机柜控制软件，关闭工控机，并依次断开机柜48V 和220V 供电开关：C . 打开机柜后门，依次解开RIC010HC 机箱信号、电源线及接地线，并小心将机箱抽出；d . 将新备件机箱安装至原机架上并按照电缆编号依次恢复各接线；e . 依次恢复机柜220V 和48V 供电开关，机柜重新上电：f . ．启动控制软件，进行自检．确认系统状态正常。 2 ）核安全工程师反馈：在RP 模式下试验裕度内RIC 系统短时间的全部不可用不需要记录IO ，但若产生RPN 相关事件且无法执行相应缓解措施则视为违反运行技术规范","1)3RIC900KA（堆芯中子通量测量系统故障）报警触发的可能原因有：①在做中子通量图时，从DCS 获得不完整数据；②堆芯中子通量测量计算机供电丧失；③用于泄漏探测的48VDC 电源丧失。2)3RIC901KA（指套管泄漏故障）报警触发的可能原因有：①RIC 指套管泄漏；②传感器故障。
3)3RIC902KA（密封组件泄漏故障）报警触发的可能原因有：DRIC 密封组件泄漏；2 ）传感器故障",
"执行安注逻辑试验时, 3RIS013VP 显示故障, 3RCV034/375VP 未按预期动作",执行F03-RPB-T-016用RPB371KC进行安全注人逻辑试验规程时， 3RPB371KC打试验位后，3RISO13VP开启，全开30S后变大红色开启故障），3RCV034/375VP未按照逻辑正常关闭,QSR试验不合格,已采取的行动措施：1）现场检查配电盘无异常，OPEN灯亮；2就地检查3RISO13VP全开，无异常；3）联系电气和仪控人员检查,原因为3RISO13VP在接到3RPB371KC打试验位开启指令后开启，在电动头内部的全开限位（电气限位）触发后停止开启，但是此时机械全开限位SM3未触发。（即逻辑图中电动头内部的FO触发，但是SM3未触发）。在DCS内部会判断开启故障阀门变大红色,仪控处理反馈一一处理进展电气人员通过调整3RISO13VP电动头内部的电气限位开关，来调整阀门行程，使阀门的机械限位SM3触发。试验顺利完成,电动阀门一般有两种限位：1)电动头内部全开全关限位（FO/FC），用于KIC显示和配电盘上显示；2）阀杆上全开全关机械限位（SM3/SM5），用于逻辑控制,
3RPE015PS 放射性异常上涨,"辐射防护反馈3RPE015PS 本底剂量0.1322uSv/h,目前剂量0.678 μSv/h,白区剂量范围为0~2.5μSv/h,超过2.5μSv/h,需联系辐射防护设立临时控制区。根据现场初步测量显示为3RPE015PS 进水管线无放射性,仅排水管线有,怀疑为管线反水导致,具体需结合化学取样结果进行分析。3RPE015PS 化学取样结果:总放6.37MBq/t,硼浓度为156ppm,pH值为8.90,怀疑3RPE011P0 出口逆止阀3RPE221VE 以及3RPE319VE 不严",造成非辐射控制区的地坑存在放射性污染,1）已采取的行动措施：D对3RPE015PS进行隔离，并张贴电离辐射标识；②开发状态报告进行根本原因分析，彻底解决该问题。2）建议后续行动：对3RPE222VE进行设计变更，让其与3RPE011PO建立逻辑关系：“当3RPE011PO启动时，3RPE222VE开启；当3RPE011PO停运后时，3RPE222VE自动关闭”,经过分析原因为3RPE221VE内漏，放射性管线的水返流至3RPE015PS。地坑内的杂质附着在逆止阀密封面，长期运行所致（阀芯，阀座有磨损），造成逆止阀密封不严，造成放射性介质返流,机械处理反馈：1）检修步骤：①拆除阀门阀盖，取出阀内件，做好防异物措施；②检查，清洗各零部件及密封面，发现阀芯阀座有磨损缺陷；③对阀芯阀座进行手工研磨，研磨后对其进行了蓝油试验，蓝油试验合格；④清洗阀腔，进行清洁度与异物检查，确认腔内清洁无异物：回装阀门，阀门中法兰力矩为140N·M；③工作结束，清理现场，归还工作许可证。2）故障原因分析：3RPE221VE内漏。放射性管线的水返流至3RPE015PS。地坑内的杂质附着在逆止阀密封面，长期运行所致（阀芯，阀座有磨损），造成逆止阀密封不严，造成放射性介质返流,3RPE015PS 地坑泵3RPE011PO的控制逻辑：1）自动启动：就地控制柜上211CC置于AUTO位置&地坑高液位开关3RPE138SN触发液位高，3RPE011PO自动启动；2）手动启动：就地控制柜上211CC置于MANU位置&就地控制柜上按下启动按钮211TO，3RPE011PO启动；3）自动停运：地坑低液位开关3RPE137SN触发液位低信号3RPE011PO自动停运（无论泵处于自动还是手动）；4）手动停运：就地控制柜上211CC置于MANU位置&就地控制柜上按下停运按钮261TO，3RPE011PO停运,
3RPE028P0 无法自动启动,执行隔离3PW31006(3PTR020VB 安全阀压力整定）机械人员将3PTR521VB 下游堵头拆掉并接软管排往3RPE006CU ，核岛现场反馈3RPE006CU 液位已经较高（H1 )，但是3RPE028P0 未自动启动，同时主控触发3LKL 母线触发总体故障报警，3RPE028P0 电源3LKL2131JA 合闸指示未亮起,导致3RPE028P0 无法自动启动，无法对3RPE006CU 来水进行排放,已采取的行动措施，1 ）确认3RPE006CU 无来水，不再上涨，避免满溢； 2)oncall 电气检查处理,3LKL2131JA 主接触器坏,机械处理反馈：1 ）检修步骤：①脱开3LKL2131JA 对下游负荷负荷 3RPE028PO 进行绝缘和直阻测量，测得直阻数据如下：AB :3.7QAC :3.7 02BC:3.7Q ，测得绝缘：A.B.C-PE :117 MQ2 合格（绝缘电阻大于0 . 5 MQ) ;②对抽屉进行检查发现003JA 空开跳闸，对其下游控制元件进行检查发现001JA 直阻为0 ，属接触器线匝间短路，领取新备件更换后验证正常电机运行电流平衡。2 ）故障原因分析：3LKL2131JA 主接触器坏,RPE028PO 主要逻辑：1 ）手动启动：手动控制＋就地启动；2 ）自动启动：自动控制＋地坑液位“高”3 ）手动停运：手动控制＋就地停运：4 ）自动停 运：D“STOPORDER”信号：2②地坑液位“低”,
主控闪发3RPR790KA（保护组IVP信号质量位无效报警闪发）3RPR770KA（保护组IIP信号质量位无效报警闪发）,主控闪发3RPR790KA（保护组VP信号质量位无效报警闪发），3RPR770KA（保护组IIP信号质量位无效报警闪发）,质量位报警闪发及2、4通道KIC显示短时洋红，非真正的质量位触发,已采取的行动措施：oncall仪控检查,因交换机固件问题，通讯短时失效引起的。真正的质量位触发保护逻辑是在1E 级DCS 信号中实现，而质量位报警的逻辑是NCDCS 通过通讯取出了1E 级DCS 信号中仪表信号做出的，在通讯短时失效情况下，NCDCS 接收到的用来做质量位报警的仪表信号短时洋红，导致质量位报警闪发,仪控处理反馈：1 ）处理进展：仪控人员定位为NC DCS 的交换机配置有问题，在301 大修期间，对交换机进行固件升级解决（WOT : 00371228- 013/8KCP 交换机软件文件重新配置）后消除故障；2 ）故障原因分析： DCS NC 部分设计了通讯失效缺省值触发报警，故会在KIC 产生短时的报警,真正的质量位触发保护逻辑是在1E 级DCS 信号中实现，而质量位报警的逻辑是NCDCS 通过通讯取了1E 级DCS 信号中仪表信号做出的。DCSNC 用于通讯的FCP 固件版本问题，短暂的通讯信号丢失被缺省值逻辑捕获形成报警，因时间极短（约400ms ）主控仪表状态和趋势未见异常，不存在仪表失效或仪表正常但质量位逻辑谈触发的问题,
3RRI001BA 液位异常下降,主控巡检发现3RRI001BA 液位为1.43m ，与早班的巡检数据1 . 54m 相比下降了11cm （体积约748L ) ，经查3RRI001BA 液位趋势发现3RRI001BA 液位从9:26 分开始下降，下降速率为11cm /7 h （约100 L /h ）,,"已采取的行动措施1)立即对3RRI001BA进行补水操作,头箱液位上升,补水流量可以补偿泄漏量;2)安排主控和隔离办核实当天是否存在影响RRI液位的疏水阀、取样阀、排气阀操作的工作或是存在误碰阀门引起液位下降的工作;3安排现场检查当前存在漏水缺陷的8RRI356VN未见明显漏水情况;4)安排现场核查3RRI系统A列安全用户的疏水阀、取样阀、排气阀未见泄漏情况;5)当班值参考执行《F03-RRI-I-001缓冲箱水位在补水运行时缓慢下降处理规程》,将两列间公共用户切换到3RRI系统B列带载,发现切换后3RRI系统B列头箱3RRI002BA液位开始下降,确认公共用户存在泄漏;6)当班值将公共用户的三废负荷设冷侧切换到4号机RRI系统B列带载,发现4RRI系统B列头箱液位开始出现下降趋势,3RRI系统头箱无下降趋势,可确认三废负荷的设冷侧存在泄漏;7)通知化学加强和关注对3RRI系统磷酸三钠取样","经排查3RRI头箱液位降低原因为8RRI450VN(8TEP001EV疏水阀)未关严,当前已关闭,初步怀疑阀门被误碰(一字阀锁紧装置失效,存在被误碰动作的风险)",运行处理反馈:见干预行动,"类似异常缺陷:1)2019年02月20日,巡盘发现1RRI001BA液位有下降,2h下降0.05m,立即安排现场排查,发现1RRI395VN(疏水阀)在关闭状态下跑水,对应房间NE260有积水。现场检查1RRI395VN有关闭过头的迹象(90°球阀),汇报主控后将阀门稍往开启的方向回正一点,跑水现象消失。经初步核实,RRI液位下降开始的时间现场无相关工作,人员走动误碰导致阀门关闭过头可能性较高;2)oncall机械检查,发现1RRI395VN锁紧装置失效,考虑到该阀门的现场布置容易被误碰,开紧急工作许可证对锁紧装置进行了处理",
执行安全壳喷淋信号逻辑试验时，3RRI002P0 未按预期启动,早班执行OSR 定期试验FO3-RPB-T-030 用RPB621KC 进行安全壳喷淋信号 （1 ）逻辑试验规程时，3RRI002P0 未按预期启动，3RRI002P0 在主控显示大红色停止位该现象证明3RRI002P0 已经收到启动信号但是未正常启动，初步分析怀疑为电气开关存在故障,1 ）导致FO3-RPB-T-030 用RPB621KC 进行安全壳喷淋信号（1 ）逻辑试验规程不满足验收准则，试验不合格，如不及时消除缺陷，该试验有超期风险；2 )3RRI002P0 不可用，产生第二组IO : RR11;3)3RRI004P0 成为临时SPV 设备,已采取的行动措施：1 ）将3RRI002P0 置于试验位置，可以正常启停，排除仪控方面问题；2 ）将3RRI002P0 上游电源3LHB113JA 拉出后重新送电，主控手动启动3RRI002P0 ，依然无法启动；3 ）暂停试验，并恢复到初始状态，消除因试验产生的第一组IO ;4 ）对3RRI004P0 走临时SPV 设备流程；5 )oncall 电气到现场检查,1 ）直接原因：配电柜本体底盘小车内摇动丝杆配套机械机构未动作到位，导致S6 位置开关的合闸辅助触点未有效动作，导致合闸回路无法导通；2 ）根本原因：中压开关接触器S6 开关支撑方式不当，采用单方向椭圆孔双螺栓固定，操作机构压板长期按压累积导致S6 开关固定位置偏移，开关动作不到位是缺陷发生的根本原因；3 ）促成原因：S6 开关状态分合动作状态缺少监测是促成原因,"电气处理反馈1 ）处理措施：经现场检查，接触器开关合闸回路未导通，无法正常启动。现场重新推入接触器小车至工作位置后，重新启动电机成功。2 ）直接原因：配电柜本体底盘小车内摇动丝杆配套机械机构未动作
3 ）根本原因：中压开关接触器S6 开关支撑方式不当，采用单方向椭圆孔双螺栓固定，操作机构压板长期按压累积导致S6 开关固定位置偏移，开关动作不到位是缺陷发生的根本原因。4 ）促成原因：S6 开关状态分合动作状态缺少监测是促成原因。5 ）技改实施方案：①优化改进原S6 开关支撑方式：从原来的单侧两个螺栓的固定方式修改为双侧三个螺栓的固定方式： ②接触器S6 开关动作状态信号引入报警监测回路，实现开关状态直观可视","核级中压开关接触器分检修位置、试验位置和工作位置。其状态切换通过手车操作手柄顺逆时针动作底盘小车前进后退实现。手车底盘内有一整套位置状态机械联锁结构，配合电气控制回路来实现小车的分合闸等操作，包括摇动螺旋丝杆、定位锁销、压板、S6 位置开关、相关联锁部件、航空插头等。接触器手车通过操作手柄顺时针旋转从检修位置转运行位置，手车丝杆转动压板平衡向前推进，到达工作位置压板下落，下压S6 位置开关顶部弹簧压片使S6 辅助触点闭合，见图1 ：接触器启动回路导通，S6 开关可靠动作触发合闸信号是接触器合闸的必要条件。图1 接触器手车底盘动作示意图控制回路：接触器控制回路图（包含启动回路），远方下达启动命令或就地启动命令004XR 继电器自保持得电后，启动回路得电，接触器合闸
变更1 ：接触器S6 开关支撑方式优化接触器手车S6 固定板进行了设计优化，升级后的固定板采用双边三孔固定（参见截图），采用双边三孔的S6 固定板，受力由“线”升级为“三角形”，如图，由此提供更为牢固的受力，紧固度进一步提高。新增固定位置需在接触器手车底盘侧面新增一个椭圆形固定孔（描述规格尺寸），如图2 ：接触器S6 开关支撑方式优化所示。／E0.2 +0.5 图2 接触器S6 开关支撑方式优化变更2 ：接触器S6 开关动作状态信号引入报警监测回路通过调整接触器板块DU 模块和",
3SEC004P0 出口逆正阀3SEC008VE 回座不严，导致泵反转,3SEC004P0 停运后反转，启动3SEC002P0 后反转未停止。关小 3SEC004P0 出口阀并重新启动3SEC004P0 然后停运，3SEC004P0 仍存在反转情况。泵和管道存在振动和异音情况。经机械敲击逆正阀后，还是存在反转现象,1 ）导致流体倒流引起泵反转，倒流产生的流体激振与管道的固有频率耦合引起管道共振。进而引起连接在管道上的泵和电机出现振动，引起泵和管道异常振动；2 ）泵反转，在泵启动时，可能烧毁或损坏电机电气元件,"1 ）已采取的行动措施：D 主控检查3SEC004P0 泵和电机轴承振动和温度参数，无明显恶化情况，并加强关注变化趋势；2 ）主控尝试启动3SEC002P0 提高出口母管压力让逆止阀3SEC008VE 回座以停止 3SEC004P0 反转，无效果；
③主控关小3SEC004P0 出口阀并重新启停3SEC004P0 ，反转现象仍存在； ④oncall 机械检查处理，采用敲击逆止阀让其回座，仍无效。2 ）建议后续行动：D 请机械准备好检修工作方案，对3SEC008VE 解体检修，并做好核领备件；②请维修支持做好检修脚手架搭建工作",,机械处理反馈，1）检查内容：①拆开阀轴螺栓，取下密封垫，抽出阀轴及弹簧，检查发现弹簧断裂卡在阀板处，检查阀轴无磨损变形；②取出阀板，发现管道法兰衬胶损坏，由防腐专业修复。2）处理措施及结果：对阀门进行整体更换，运行启停泵进行验证未见内漏反转及异音振动情况。3)故障原因分析：阀板弹簧断裂，卡在阀板处，致使其无法回座,水泵的反转也分主动反转和被动反转，各自引起的危害也不尽相同。1）主动反转，指的是电机拖动泵反转，主要是电机接线接反导致。主要危害有：①有旋向要求的机械密封可能会损坏；②有旋向要求的轴套锁母、叶轮锁紧螺母（也叫叶轮并帽）可能会松脱。如果使用销子连接，影响就不会很大。2）被动反转，指的是泵拖动电机反转。泵出口管路的液体倒流人进口，引起泵反转，从而带动电机反转（此时还需要考虑电机是否失电）。主要危害有：①有旋向要求的机械密封可能会损坏；②有旋向要求的轴套锁母、叶轮锁紧螺母（也叫叶轮并帽）可能会松脱。如果使用销子连接，影响就不会很大；③有平衡盘或平衡鼓的泵，可能会损害平衡盘或平衡鼓；④①引起水锤，损害泵结构；多级离心泵（导叶式）易达到共振转速，破坏泵设备。（轴流泵需要考虑泵的飞逸转速）。水泵的反转对电机的危害，主要是可能烧毁或者损坏电器元件，也有可能造成电机轴和轴承的破坏,
3SEC021VE（贝类捕集器排污阀D 在KIC 上显示大红色,主控巡盘发现L3SEC021VE 呈大红色关闭状态，就地香看电气开关在合闸位,导致3SEC 系统A 列贝类捕集器排污可靠性降低,已采取的行动措施：1）安排现场检查电动阀门3SEC021VE 供电开关，开关处于合闸位置，未见明显异常和报警情况；2）现场检查确认阀门3SEC021VE 处于关闭状态；3）oncall 电气检查处理,3SEC021VE 阀门FDC04 限位开关灵敏度不够,"电气处理反馈1）工作过程：①取得工作票与运行进行信息沟通，确认现在可开工条件：②召开工前会；
③打开3SEC021VE 端盖，将阀门调至全开确认FDC04 未触发；④用一字螺丝刀轻轻调整FDC04 灵敏度使其触发；将阀门打至全关位后再次打至全开验证FDC04 限位触发；③与主控沟通确认天红色消失，继续观察确认阀门能正常开关：？和值长沟通后，值长同意结票：8 归还隔离票。2 ）故障原因分析：3SEC021VE 阀门FDC04 限位开关灵敏度不够",2)SEC001FI 启动冲洗信号：D KIC-SEC001KG;②SEC001FI 压差高（SEC031SP);③定时冲洗（2~5h)。3)SEC001FI 冲洗动作逻辑：SEC021VE 开启&SEC401M0 启动,
3SEN001FI 就地、主控均无法启动，就地控制柜3SEN001AR 存在故障报警,3SEN001FI 就地、主控均无法启动就地控制柜3SEN001AR 存在故障报警,导致3SEN001FI 就地、主控均无法启动,已采取的行动措施：1 ）安排现场检查就地控制柜3SEN001AR 存在故障报警；；2 ）联系电气检查处理,接近开关接线断开,电气处理反馈：1 ）工作过程：①领取工作许可证，与运行人员交流信息；②确认3SEN001AR 控制柜无电压；；③检查控制柜元器件及接线无异常；④检查PLC 发现接近开关无输入信号：5 就地检查接近开关发现其接线断开：③重新端接接近开关接线；7 联系运行人员，就地和远控启动3SEN001AR ，运行正常无报警；③工作结束，清理现场。2 ）故障原因分析：接近开关接线断开,"1)3SEN001AR控制柜上有如下就地控制按钮及信号灯:①“开阀按钮”:开启电动排污阀,(正在开阀时,绿色开阀灯闪亮,阀门全开后常亮);②“关阀按钮”:关闭电动排污阀,(正在关阀时,红色关阀灯闪亮,阀门全关后常亮);③“滤网按钮”:滤网转动一格(正在转动时绿色滤网灯常亮停转时红色清洗灯常亮)。2)远方DCS程序控制操作:在控制柜上将旋钮打到远程、自动位置,设备即进入DCS远程控制。3)时间设定:就地控制柜断电后,电动滤水器的冲洗时间将会恢复至初始状态,即滤网转动一格停留时间为1min,排污阀开时间为10min,排污阀关时间为30min。触屏上将“远程/就地”旋钮切换至“就地”位置,然后即可通过触屏或控制柜内按钮就行参数的设定。将“定时/工作”旋钮切换至“定时”位置,即进入参数值的设定状态,按需求将参数设定结束后将旋钮打到“工作”位置,按运行需要选好“远程/就地”位置后,电动滤水器即按照设定参数和选定的控制方式进行运行和控制",
加氢泵 3SIR103P0 维修后试验启动后无出力,3SIR103PO 检修隔离解除，泵启动后实际在运行，但出口压力表3SIR103LP 显示为1MPa.g 稳定不变，正常容积泵出口压力成周期变化，怀疑泵没有出力,导致二回路加氨回路失去一路穴余，可能导致二回路水质恶化不满足化学规范要求,已采取的行动措施：1 ）将3SIR103PO 运行切换至3SIR101PO 或3SIR102PO 运行；2 ）联系维修机械专业检查处理,泵检修时曾排水，检修后维修后试验时充水排气不充分,机械处理反馈：处理措施：1 ）运行配合工作负责人，启动3SIR103PO 联氨计量泵；2 ）关闭泵入口阀3SIR117VR，关闭仪表阀门3SIR127VR，拆下泵出口压力表3SIR103LP；3 ）打开仪表根阀3SIR127VR 进行排气，开度为5 ％左右，有持续液体流出后关闭3SIR127VR，维修仪控负责回装3SIR103LP，重新开启仪表根阀3SIR127VR；4 ）确认设备恢复到正常在线后，重新启泵验证合格,1 ）二回路加药泵多为容积泵，泵运行时出口压力频繁变化；2 ）计量泵排水检修后重新启动需仪控专业配合拆表充水排气，可能需多次操作泵方可恢复正常,
3SIT008MY 主控显示为××××，就地化学检查仪表装置显示正常化学仪表运行无异常,3SIT008MY 主控显示为××××，就地化学检查仪表装置 3SIT450MG 显示正常，化学仪表运行无异常,导致主控无法通过 3SIT008MY 监视凝结水系统检漏装置氢电导率,已采取的行动措施 1) 查看和执行报警卡，主控检查 3SIT008MY 的变化趋势；2) 关注凝泵出口钠含量和电导率、蒸发器排污钠含 量和阳电导的变化趋势，确认未见异常；3) 联系化学检查处理,3SIT450MG 电导率表信号输出线松动,化学处理反馈：1) 处理过程：①检查仪表接线，发现信号输出线 接线松动；②紧固接线，3SIT008MY 主控显示恢复正常；2) 故障 原因：3SIT450MG 电导率表信号输出线松动,3SIT008MY (对应就地仪表 3SIT450MG) 正常值<0.08μS/cm，当 3SIT008MY≥0.3μS/cm时，产生 3SIT009KA 凝结水系统检漏装置 氢电导率-1 高,
高加出口 pH 表 3SIT263MG 示数波动较大，导致 3ATE 上位机和主控频繁出现报警 (3SIT005KA: 高加出口母管 pH 低),"从中班开始高加出口 pH 表 3SIT263MG 读数在 9.47~9.53 之间波动, 怀疑仪表故障, 导致 3ATE 上位机和主控频繁出现报警, 请检查处理",导致 3ATE 上位机和主控频繁出现报警 (3SIT005KA: 高加出口母管 pH 低),"已采取的行动措施旅: 1)查看和执行报警卡, 主控检查 3SIT005MY 的变化趋势; 2)安排现场检查加氢泵运行情况, 未见明显异常; 3)联系化学检查处理","pH 电极有析出絮状物, 引起报警误触发","化学处理反馈 1) 处理过程: ①清洗 pH 电极, 确认析出物已完全去除; ②恢复仪表状态, 观察仪表测量正常。2)故障原因分析: pH 电极有析出絮状物","1)3SIT005KA (高加出口母管 pH 低) 报警触发的可能原因有: ①化学试剂注入量不足; ②pH 表计发生故障。2)RP 模式下, AHP/ARE 系统 pH 值为化学技术规范 OTS 参数, 期望值为 9.6~9.8, 限值为 9.5~10。①如果 9.0≤pH<9.5 或 10.0<pH≤10.1, 开始在 24 h 内向 NS/SG 模式后撤; ②如果 pH<9.0 或 pH>10.1, 开始在 8h 内向 NS/SG 模式后撤; ③如果在线表不可用, 手动分析频率 1/天",
3TEG 加热器（3TEG001RS）频繁异常启停,3TEG 加热器（3TEG001RS）频繁异常启停,1 ）湿度正常时将错误启动加热器，并持续长时间运行，进而可能导致加热器损坏；2 ）湿度高于定值时加热器不能启动，使排放气体不能达到排放要求，对下游设备和环境造成影响,已采取的行动措施：联系仪控检查,,仪控处理反馈：对已移交的3、4号机组同类湿度开关（3TEG、4TEG、4DVN共13块）进行检查，一共发现7块湿度开关接线错误，均进行了纠正。TEG系统控制电缆端接清单中该湿度开关端接标准为5C，标准中就地端接标识应为3、30、31，实际仪表侧端接标识为1、2、3,当3TEG001SZ探测到湿度大于40%时，若满足3TEG001ZV运行且3TEG001RS无温度高报警，则3TEG001RS自动启动,
3TEG001C0 启动后无出力，8TEG001BA 压力不降低,3TEG001C0 启动后无出力，8TEG001BA 压力不降低,影响TEG 系统废气压缩接收到衰变箱,,3TEG001C0隔膜油缸内缺油,"维修机械处理反馈,1)检查发现3TEG0001C0曲轴箱内润滑油过多,经确认为压缩机隔膜腔内油全回到曲轴箱所致;2)启动3TEG001C0,检查压缩机油压为0.45MPa,满足运行要求;3)打开补偿油泵出口活接排气,发现曲轴箱内的油仍无法正常注入隔膜腔内。4)维修人员给3TEG001C0隔膜腔进行补油后启动压缩机工作正常","正常运行时,一台压缩机选“正常”位置,另一台选“备用”位置,缓冲箱压力达到0.25bar时,置“正常”的压缩机自启动缓冲箱压力达到0.30bar时,置“备用”的压缩机自启动",
3VVP002VV 在现场确认触到中间限位开关后，主控3VVP205KS 未触发,执行F03-VVP-T-002主蒸汽隔离阀部分关闭试验规程，VVP002VV关闭过程中，3VVP002VV中间限位开关在现场确认触到后主蒸汽隔离阀仍继续关闭，待试验时间超20s后，阀门重新开启。现场确认触到中间限位开关：但主控3VVP205KS未触发，初步怀疑中间限位开关损坏,1）导致3VVP002VV超过中间限位继续关，超20s后，阀门才重新开启，导致OSR试验结果不满意；2）处理调整3VVP002VV中间限位开关SM7期间，存在误触到3VVP002VVSMS限位开关，导致主蒸汽隔离阀3VVP002VV关闭，进而引起停机停堆的风险,已采取的行动措施：1)oncall1仪控检查处理；2）要求仪控在DCS一层将3VVP002VV_SM5置为手动不触发状态,主蒸汽隔离阀限位挡块脱开3VVP002VVSVM7限位开关后，3VVP002VVSVM7不动作，限位开关卡涩，需调整,仪控处理反馈：1）调整3VVP002VV_SM7限位开关；2）再次进行3VVP002VV局关试验；3)3VVP002VV_SM7正常触发,FQ3-VVP-T-002的目的是用部分关闭（10%）来验证主蒸汽隔离阀的可操作性，其中验收准则规定，VVP002VV可用性：检查阀门自动关闭且达到10%关闭定值限位器时自动重新打开,
4ADG002VV 阀门在 5%开度左右无法继续打开,"4 号机组执行 TP4RRC59 (100%FP) 停机不停堆试验, 试
1ADG001VV冲转并网后显示大红色，主控存在1ADG034KAADG系统阀门故障","影响除氧器给水的加热和压力控制，导致除氧器汽源无法切换到汽轮机抽汽供气
产生1ADG034KAADG系统阀门故障，影响阀门开关操作的可靠性","已采取的行动措施，1）主控查看确认4ADG002VV无保护关信号，存在开允许：2)安排现场检查阀门供电正常，电动阀电动头未见明显异常：3）和机械分析讨论后，通过升高阀门下游除氧器4ADG010DZ的压力，平衡4ADG002VV前后压差后，正常打开阀门
已采取的行动措施1）安排现场检查1ADG001VV阀门供气是否正常，确认未见异常；2）oncall仪控检查处理","某些特殊工况下4ADG002VV自动关闭在4ADG002VV与上游逆止阀4ADG052VV管道之间憋有约0.6MPa残压的蒸汽，阀门前后压差约0.5MPa：造成阀门无法打开
1ADG001VV开限位开关，长期投入使用，开关触点老化损坏",,,
4ADG005VV 阀门开故障不能正常消除,4 号机组瞬态试验，4ADG005VV 阀门快开后正常开启，但快开指令消失，阀门关闭关限位触发，但RS 触发器保持一个开命令送 4ADG005VV_S 块，导致触发开故障,导致4ADG005VV 阀门存在开故障,已采取的行动措施，联系仪控检查处理,4ADG005VV 阀门快开后正常开启， 当快开指令消失时，阀门关闭关限位触发，但RS 触发器保持一个开命令送4ADG005VV_S 块，导致触发开故障,软件变更方案修改4ADG005VV 软件组态脚本：④修改完成后由监护人核对修改脚本正确；确认无误后，点击DONE 下装修改后的组态并进行CHECKPOINT 操作；⑤在FOXVIEW 界面确认T556UC 中4ADG_N3 :005VV_L1 的配置和修改一致。2 ）故障原因分析： 4ADG005VV 阀门逻辑块只有开命令输入，没有关命令输入，无法恢复RS 触发器状态,ADC003/005007VV 的控制逻辑：1 ）作为GCT 系统的第四组排往除氧器的阀门，ADG005VV 只接受来自GCT 系统的快开信号；2 ） ADG003/007VV 还作为除氧器压力调节阀，接受来自ADG 系统的压力调节模拟信号；3 ）允许开启信号：除氧器水位不高+ABP006VL 未关闭＋无P4 后延时50 s +无P12 ;4 快开信号：允许开启信号＋温度模式下出现P4 且达快开整定值407XU1 或温度模式下未出现P4 且达402XU2 且C7B 与406XU1 出现；5 ）除氧器水位ADG001MN 、002MN 、003MN 中选值达到＋650mm 时，将自动关闭 ADG003VV/005VV/007VV,
4AGM001VN 开度显示波动3 次后切为手动控制,夜班05 :00 左右，4AGM001VN 开度显示波动3 次后切为手动控制，主控出现报警4KC0200KA 常规岛重要调节器切手动报警（质量位触发），现场开度显示100 ％与主控保持一致，当前已切回自动控制,,,4AGM001VN 阀门中间转接盒至阀门定位器处反馈接线松动，导致4AGM001VN 阀门反馈与指令,仪控处理反馈：1)检修过程：D拆开 4AGM001VN阀门定位器接线盒盖：②检查 4AGM001VN阀门定位器，接线无松动；③回装 4AGM001VN阀门定位器接线盒盖：④拆开 4AGM001VN阀门转接线盒盒盖；检查 4AGM001VN阀门接线，发现4AGM001VN阀门中 间转接盒至阀门定位器处反馈接线松动对其进 行紧固；③回装4AGM001VN阀门转接线盒盒 盖：①打开DCS机柜4KCP552AR柜门；8检查 4KCP552AR内406BN端子排上B03C03接线。接 线无松动；③检查4KCP552AR内407BN端子排 上A07B07接线，接线无松动；0关闭DCS机柜 4KCP552AR柜门；①确认DCS上4AGM0001VN显 示正常。2）故障原因分析：4AGM001VN阀门中 间转接盒至阀门定位器处反馈接线松动，导致 4AGM001VN阀门反馈与指令偏差过大，阀门切 至手动,AGM001VN/002VN/003VN为电动主给水泵工作油 冷却器冷却水调节阀，用于控制工作油温度在 设定值,
4APA201PO 非驱动端渗油,现场巡检反馈4APA201P0前置泵非驱动端有渗油，联系机械检查为前置泵端盖渗油，约90s一滴,1)存在火灾隐患，影响4APA201P0运行可靠性；2)主要原因是密封胶涂抹不均，导致出现轻微渗油，不影响设备正常运行。后续重点关注润滑油油位，油位偏低时及时进行补油，油位正常则无需干预,已采取的行动措施：1)联系机械开票校核力矩（校核力矩时需关注4APA201MM数值是否变化）。2)机械现场核实力矩满足要求，工作负责人反馈如需处理需停泵跟换密封件。3)设备人员反馈轻微渗油，不影响设备正常运行。后续重点关注润滑油油位，油位偏低时及时进行补油，油位正常则无需干预,泄漏点为非驱动端端盖部位，主要原因是密封胶涂抹不均，导致出现轻微渗油,机械回装端盖前在密封面处涂抹密封胶；③机械回装端盖并对称紧固螺栓，第一次紧固力矩90NxM，第二次紧固力矩195 NxM；②仪控专业配合回装非驱端端盖上仪控探头：8 运行人员配合验证不漏油。3 ）故障原因分析：泄漏点为非驱动端端盖部位，主要原因是密封胶涂抹不均，导致出现轻微渗油,APA 泵轴承漏油渗油需要关注相关轴承温度：关注液力耦合器油箱油位，及时补油,
4APA202MD 仪表根阀4APA808VL接头处漏蒸汽,中班4 号机升功率至836MW 后，现场巡检发现4APA202P0 跨接管线上4APA201KD 处出现蒸汽泄漏，且漏量较大,,"已采取的行动措施：1)考虑设备安全及后续核实和处理缺陷需要，当班值将4APA202PO切至4APA302PO运行，并将4APA202PO置于自动备用状态：APA切泵后，APG排污水质正常无变化；2)已oncall服务专业准备拆除相应位置保温和机械专业核实缺陷：3)服务拆除保温后，现场检查确认漏点为1 4APA808VL至4APA831VI之间，4APA808VL的仪表接头处泄漏；4)联系仪控配合隔离4APA202MD：隔离时，在运行隔离关闭4APA202MD的仪表一次阀4APA803VL/808VL后，由仪控打开平衡阀4APA833VL以平衡两侧压力，打开排污阀4APA830VL3/
831VL3 ．使14APA202MD 显示为0m /h ，4APA220VL 自动开启，确保4APA202PO 的备用自启动功能；5 ）维修更换垫片，解隔离时，联系仪控配合对仪表充水排气，恢复4APA202MD 投运",4APA808VL 阀门出口接头垫片损坏，导致蒸汽泄漏,机械处理反馈：1 ）工作过程：①在线紧固4APA808VL 阀门接头，观察蒸汽已消除，存在滴水现象，联系运行关闭阀门；②拆除4APA808VL 阀门出口接头，取出垫片，检查发现为石墨垫片并已损坏；③开启ODR （编码：QDR-MM-4-N-2019-008）处理，更换为同型号铜制垫片并拧紧接头；④联系运行开启阀门，观察24h 后，阀门无泄漏现象，工作结束，清理现场。2 ）故障原因分析：4APA808VL 阀门出口接头垫片损坏，导致蒸汽泄漏,,
4APA202P0 出现闪发振动高报警,"中班23 时，4 号机组2 号主给水泵出现闪发振动高报警（振动报警值为100μm )，报警探头为4APA206MV （给水泵B 传动端轴承Y 向振动），期间主给水泵其他运行参数保持正常，4APA206MV 振动值逐渐上涨
03月26日，4APA202P0启动后，4APA207MV（给水泵B自由端轴承X向振动）出现振动报警现象，振动最大值超过了100μm（报警值）。03月29日，再次启动4APA202P0，给水流量在3150m/h时，自由端X方向（APA207MV）振动值在61.9μm至103.2μm之间波动，自由端Y方向（APA208MV）振动值在92.4μm至55.4μm之间波动；在3500m/h时，自由端X方向振动值最大达到113.8μm，自由端Y方向振动值最大达到102.8μm，均超过了H1报警值(H1报警值100μm)
21日12:02】2KIC系统触发“2GPA631KA发电机转子接地报警”“2GPA592KA非电量保护装置故障”“2GEX106KA励磁系统综合报警”,运行人员执行报警卡规程,并紧急oncall维修人员进行检查。(15:44】2号发电机转子绝缘2阶故障,发变组非电量保护E柜励磁系统故障保护动作,触发全停II,2号发电机出口断路器2GSY001JA开关跳闸,灭磁开关2GEX201JA跳闸,主汽门关闭,2号机组汽轮发电机组跳闸。运行人员执行FQ2-OP01-GP-I06《汽轮机跳闸、反应堆不停堆规程》,稳定机组状态。瞬态期间,三台蒸汽发生器水位持续上涨。(16:051号SG达到高高(0.9m)液位,蒸汽发生器水位高高叠加P7(功率大于10%)的反应堆停堆保护信号触发,2号机组反应堆自动停堆,运行人员执行F02-OP02-AC-DEC《事故诊断通用规程》和F02-OP02-AC-I1《反应堆停堆规程》,稳定机组状态。【17:27】2号机组退出FQ2-OP02-AC-I1《反应堆停堆规程》。(22:50完成对2号发电机转子接地检测卡涩电刷(地板电刷)机构的更换,并对励磁小室内环境卫生进行清扫,进行手动举刷,装置工作正常。22日(00:382号机组反应堆重返临界。(05:472号发电机重新并网。11:332号发电机达满功率运行","仪表故障不能真实反映泵的真实振动情况
振动持续高，可能导致给水泵轴承磨损
导致反应堆停机停堆","已采取的行动措施：1）主控加强监视主给水泵B压力级泵自由端X、Y向振动趋势，关注自由端轴承温度表APA135MT变化趋势；2）联系性能测振和维修机械检查处理
已采取的行动措施：1）执行 F02-OP02-AC-DEC《事故诊断通用规程》和 F02-OP02-AC-II《反应堆停堆规程》，稳定机组状态：2）组织专业检查处理；3）重新达临界、并网，恢复满功率运行","4APA206MV航空插头没有完全锁紧导致上位机画面显示数值异常波 动
泵的基础存在较大的虚角情况以及泵轴承的配合间隙稍大","性能测振处理反馈1)就地测量分析:经现场振动离线测量, 4APA206MV处轴承座振动约为2.6mm/s,该处振动限值为11 mm/s。故实测振动值未超振动报警值。结合各在线振动探头趋势对 比分析,4APA206MV在线振动探头存在故障的可能性较大2)经验反 馈:3号机组首次启动阶段APA泵也曾出现单个在线振动探头报 警、其余振动探头数值稳定的现象经排查后确认根本原因为在线振 动探头松动。3)分析结论:基于4APA202PO在线振动对比、就地 离线振动测量比对及3号机组经验反馈,初步分析认为4APA202PO 振动报警为4APA206MV探头故障引I发4)处理建议:对4APA206MV 探头进行检查维修。5)处理结果:根据技术支持处分析结论及维修 建议,仪控人员对4APA206MV进行现场检查,确认4APA206MV航空 插头未锁紧。经维修处理后4APA202PO振动报警消失,4APA206MV 探头的示数与其他振动探头的示数基本保持一致,振动趋势变缓趋 于稳定仪控处理反馈:1)检修过程:D确认4APA206MV设备位置, 工作前与主控做好沟通:②使用螺丝刀打开4APA206MV接线盒盖, 检查端子接线及航空插头,4APA206MV端子接线牢固可靠,航空插 头没有完全锁紧;③将4APA206MV航空插头拔下后重新安装并锁 紧:④使用螺丝刀恢复4APA206MV接线盒盖:在上位机观察确认 4APA206MV状态正常:⑤工作结束归还工作许可证2)故障原因分 析:4APA206MV航空插头没有完全锁紧导致上位机画面显示数值异 常波动
性能测振处理反馈，1)频谱分析：通过对APA207MV、208MV和202MM进行频谱分析，振动报警的主要原因的低频振动幅值增加导致了振动报警。",1）在正常状态下，发电机转子接地保护继电器215XZ检测到转子对地绝缘电阻小于4000Ω时，发转子绝缘1阶故障报警：当检测到的绝缘电阻小于20000时，通过发变组非电量保护E柜发电机转子接地（Ⅱ段）保护、励磁系统故障触发停机。2）1~4号机组均已实施永久变更将APA转速自动控制转速区调整为3600~4855r/min,
4APA205SY（给水泵B 控制柜工作正常灯）灯灭,主控巡盘发现4APA205SY（给水泵B 控制柜工作正常灯）灯灭，现场检查4APA201AR 柜时，从窥视窗发现柜内的振动监测卡片VM600 上的三个状态灯中的正常灯（OK ）在闪烁，报警灯（A ）和危险灯（D ）处于正常灭状态。其中VM600 的四个模块卡片上模块3 （RACK SLOT 3 ）上的通道4（channel 4 ）灯也在闪烁，该灯对应仪表4APA212MV （给水前置泵B 传动端轴承Y 振动表），该表不参与自动保护逻辑，当前振动参数正常（约12μm ，高报值100μm ），泵其他各项温度和振动参数正常,影响主给水泵振动监测的可靠性,已采取的行动措施：1 ）主控KIC 检查4APA202P0 的各项温度和振动参数正常；2 ）就地检查4APA201AR 振动监测卡件VM600 上的三个状态灯中的正常灯（0K ）在闪烁，VM600 的四个模块卡件上模块3 （RACKSLOT3 ）上的通道4 （channel 4 ）灯也在闪烁，该灯对应仪表4APA212MV （给水前置泵B 传动端轴承Y 振动表），该表不参与自动保护逻辑；3 ）oncall 反馈仪控检查处理，仪控反馈可能为探头间隙电压异常所致，当前不影响泵运行，待计划安排处理,4APA212MV :探头间隙电压异常。未调整到运行要求的9 . 6V ，进行调整后恢复正常,义控处理反馈：1 ）处理措施：经使用信号发生器测量4APA212MV 间隙电压值达到17.5350V ，调整4APA212MV 探头的间隙电压接近 9.6V 后，确认4APA201AR 机柜上4APA212MV 信号灯不再闪烁，消除缺陷。2 ）故障原因分析：4APA212MV #探头间隙电压异常，未调整到运行要求的9 . 6V ，进行调整后恢复正常,1 ）APA105SY/205SY/305SY 为主给水泵转速就地控制柜工作正常灯，当主给水泵转速就地控制机柜工作正常时灯亮。2 ）主给水泵转速就地控制柜工作正常灯APA105SY/205SY/305SY 灭的常见原因有：振动探头间隙电压异常：信号接线端子松动等,
4APA302P0 转速控制由自动切手动后转速迅速下降,4 号机组执行《FQ4-APA-C-004 主给水泵C 切换至主给水泵A 运行（不降负荷）操作票》，20:47： 44 操纵员将4APA302P0 转速控制器4APA003KU 由自动切至手动时， 4APA302P0 转速在10s 内由 4126r/min 快速降低至613r/min， 与切手动后泵转速预期响应不符，且造成蒸发器液位波动,1 ）给水泵C 转速和电流、出口压力大幅波动，对泵运行产生不利影响；2 ）引起水汽压差、ARE 给水流量、SG 水位的波动,已采取的行动措施：1 ）主控关注SG 水位波动情况，必要时干预控制；2 ）切换到4APA102P0 运行正常后，将4APA302P0 手动停运；3 ）安排现场检查4APA302P0 就地转速控制柜上是否存在异常报警，未见明显异常；4 )oncall 仪控检查处理,勺管位置反馈器的隔离卡件故障，送往手动PLC 控制器的勺管位置指令偏低，导致切手动后出现勺管下插勺管下插导致转速快速下降,,电动主给水泵转速控制相关的故障触发时，勺管动作情况：1）勺管位置传感器BALLUFF 供电回路掉电时，失电后勺管降至0%，恢复供电后勺管将恢复到设定值：2）执行机构VESH 失去24VDC，勺管位置下插至0%；3）执行机构VESH 失去转速设定值（4~20mA，两线制）信号+端勺管位置下插至0%；失去转速设定值（4~20mA）信号-端（GND，为公共端），勺管位置保持当前位置；4）勺管位置传感器BALLUFF 失去位置反馈（4~20mA，两线制）信号+端，勺管位置下插至0%；失去位置反馈（4~20mA）信号-端（GND，为公共端），勺管位置保持当前位置,
4ATE 值班室上位机触发4ATE001VL 限位报警,上位机显示阀门一直处于关闭状态,4ATE001VL 在上位机无法操作，影响投运ATE 系统，可能影响后续机组启动二回路水质,已采取的行动措施现场核实阀门实际状态,4ATE001VL 电动头内故障反馈继电器损坏，节点保持常闭无法打开,电气处理反馈，原因分析：电动头内故障反馈继电器损坏，节点保持常闭无法打开：电动执行机构断电重新上电后，4ATE 值班室显示屏故障未刷新，导致4ATE 值班室上位机上故障一直存在。但现场检查过程中对电动执行机构断电后，故障继电器也会有故障送出,遇此故障，可在4ATE001VL 通电情况下刷新上位机界面，消除故障,
4CET 由主蒸汽切换到辅助蒸汽供应的过程中 4CET004VV 阀门卡涩导致切换失败,,影响机组下行：4CET供汽压力降低，可能导致汽轮机轴封失效而漏蒸汽,已采取的行动措施：1）为了保证汽轮机轴封压力正常，运行将4CET重新切回到VVP供应；2）联系维修机械和仪控专业处理,CET系统SVA供汽调节阀4CET004VV卡涩在10.6%开度无法按逻辑继续开大：重新切换至VVP供汽过程中，由于4VVP001VV始终为开启状态（无由关闭到开启的脉冲信号），导致顺控模块无法收到正确重新切至VVP的反馈信号，进而触发4CET323KA（蒸汽选择器故障）报警,机械处理反馈机械对4CET0004VV机械卡涩问题进行处理，缺陷处理后阀门正确响应。仪控处理反馈：仪控对VVP选择信号的RS触发器进行信号强制.消除4CET323KA（蒸汽选择器故障），取消强制后，将CET由主蒸汽切换到辅助蒸汽供应，阀门正常动作，顺利完成切换,执行4CET010KC 从VVP 切换为SVA ，会发送SVA 开启信号和VVP 关闭信号。在开始阶段，4CET003VV 正常开启，4CET002VV 正常按照固定斜率开始关闭，4CET004VV 正常调制开启，开度超过5 %，顺序控制逻辑判定SVA 切换成功。根据逻辑4CET004VV 会调制开大，过程中由VVP 和SVA 共同维持CET 轴封压力，直至4CET002VV 关闭后由4CET004VV 单独维持CET 轴封压力。切换过程出现故障后若切换过程中使用4CET010KC 重新选择VVP ，4CET002VV 重新切换回PID 控制，开度将根据轴封压力进行调节，以保证蒸汽压力在5kPa 。整个过程将因4CET001VV 始终是开启状态，无法触发由关到开的脉冲信号，导致4CET002VV 开启相关的顺序控制模块无法往下执行，4CET010KC 始终无法收到VVP 切换成功的反馈，产生4CET323KA 。仪控通过强制恢复VVP 选择信号的RS 触发器，消除4CET323KA 。重新执行切换,
4CFI903KA(031TF 鼓网前后液位压差高1）报警,主控频繁闪发4CFI903KA(031TF 鼓网前后液位压差高1）报警， 4CFI031TF 鼓网电机自动切至中速电机运行，就地检查液位计 4CFI315MN 液位差频繁在0.09~0.1m 波动,4CFI311MN、313MN、315MN 液位高4（三取二≥0.8m ）时，将导致 4CRF001P0 跳闸,已采取的行动措施：1 ）查看和执行报警卡，检查确认鼓网切到中速电机运行；2 ）安排现场检查液位计4CFI311MN、313MN、315MN 的读数，发现4CFI315MN 液位差频繁在0.09~0.1m 波动；3 ）oncall 仪控检查仪表,4CFI315MN 脏污导致液位计偏差大触发报警,仪控处理反馈仪控人员先拆除压差高1 接线，保留高2 、高3 、高4 接线，恢复鼓网低速运行，执行4CFI315MN 清洗，仪控人员处理完毕后，恢复拆线，鼓网恢复低速运行,A 列鼓网前后液位压差4CFI311MN、313MN、315MN 的控制逻辑：1)3 个压差探头测到液位差都<0.1m 水柱时，滤网为低速运行（线速度2.5,
4CFI914KA(012DG或014DG格栅除污机故障报警）,KIC 中出现4CFI914KA(012DG或014DG格栅除污机故障报警），现场检查4CFI102AR 存在蜂鸣声。维修检查反馈为现场蜂鸣器故障报警产生,蜂鸣器长期工作。造成线圈过热烧毁,已采取的行动措施：1 ）查看和执行报警卡，安排现场检查4CFI102AR 机柜；2 ）按维修人员建议现场及时对蜂鸣器手动消音,1 ）蜂鸣器因报警触发后没有及时手动消音，造成蜂鸣器长时间工作而烧毁线圈；2 ）蜂鸣器消音方式设计不合理，报警消失后应自动消音比较合理,电气处理反馈：当现场蜂鸣器故障时，将产生该报警，报警需要就地手动复位才可以消除该报警。3 号机组可以自动复位。4 号机组不可以自动复位。蜂鸣器在柜门打开时有蜂鸣声报警，主控同时出现格栅除污机综合故障报警。4 号机组格栅除污机故障原因分析的过程中，发现4 号机组格栅除污机有7 次故障处理与控制柜中蜂鸣器的损坏相关。蜂鸣器损坏部件为蜂鸣器线圈，因蜂鸣器长期工作，造成线圈过热烧毁。造成蜂鸣器长期工作的原因如下：①蜂鸣器因报警触发后没有及时手动消音，造成蜂鸣器长时间工作而烧毁线圈；②蜂鸣器消音方式设计不合理，报警消失后应自动消音比较合理,格栅除污机用于去除细格栅上拦截的杂物，细格栅可以拦截海水中较小的杂物，栅条间距50mm,
4CGR004P0 频繁启停的经验反馈,"13 点24 分，主控闪发报警4CGR020KA 「4CGR002P0 系统低压供油压力高（CRF002P0) 1,4CGR040KA 「CGR 系统供油压力低（CRF002P0) 1, 4CGR004P0 开始频繁启停（启停时间间隔约1 . 5min ，泵长时间处于运行状态）",长时间频繁启泵可能会导致本损坏,已采取的行动措施：1 ）查看和执行报警卡，查看供油压力4CGR002MP 趋势，发现4CGR004P0 未启时4CGR002MP 示数为0.192 MPa；4CGR004P0 启动时4CGR002MP 示数为0.22~0.23MPa;2 ）oncall 仪控专业检查处理,4CRF002P0 反转监测表4CRF102SZ 故障触发，导致油泵4CGR004P0 自启，油泵启动后4CGR042SP 触发油压高停泵，如此反复使得4CGR004P0 频繁启停,仪控处理反馈：维修仪控将反转信号4CRF102SZ 强制为0，4CGR004P0 自动停运后，油压、油箱液位均正常；强制4CRF102SZ 为0 不影响循泵跳闸、润滑油压力低自启4CGR004P0 的功能；该仪表不参与循泵保护跳泵，仅参与循泵启泵允许及报警逻辑,"1)CGR004P0 启动逻辑：①手动启动信号：CGR004P0 手动启动命令+润滑油温度046ST 不低2②自动启动信号：a.（CRF002P0 在运行+CGR036SP 润滑油压力低延时3 s）+CGR042SP 润滑油压力不高+润滑油温度CGR046ST 不低；b.CRF002P0 跳闸或反转（CRF102SZ）+（CGR042SP 润滑油压力不高或CRF002P0 不在运行）+油压低CGR035SP 触发+润滑油温度CGR046ST 不低；
C.（CRF002P0 启动命令+CGR036SP 润滑油压力低延时3s）+（CGR042SP 润滑油压力不高或CRF002P0 不在运行）+润滑油温度CGR046ST 不低；2 ） CGR004P0 停运逻辑：①无CGR004P0 自动启动信号+手动停运命令：② CRF002P0 在运行+CGR042SP 润滑油压力高：3CRF002P0 停运延时10min",
4CTE002RD 变压器上电后，整流器未启动时有1000A 电流,执行F04-CTE-C-014 启动双列电解槽制氯（自动模式）操作票，至4CTE002RD 在执行第82 步，投入4CTE002TR 后4CTE002RD 出现联锁启动，并有1000A 左右的电流在自动后的过程中4CTE002RD 出现故障黄,,已采取的行动措施：1）立即要求现场停止4CTE制氯；2）oncall维修电气检查处理,B相晶闸管击穿损坏环导致整流器启动后直接形成电流回路,"电气处理反馈：1）检修过程：①检查柜内元件无异常，对接线端子进行紧固：
2②继电器线圈直阻001UM:618Q、002UM:633Q、003UM:606Ω、 004UM:616Ω、005UM:6222、006UM:611、007UM:6262、008UM:6162、009UM:6272、010UM:614Q、011UM:6282 ;③阻容吸收板电容值C1:2.06μF、C2:2.06μF、C3:2.05μF、C4:2.02μF、C5: 2.07μF、C6:2.04μF;④阻容吸收板电阻值R1:10.0Ω、R2:10.4 2、R3:10.52、R4:10.52、R5:10.42、R6:10.5Ω;5 临时拆借 3CTE002RD 的002CT 进行更换并联系运行人员进行验证，确认故障不是 002CT 引起的将原002CT 回装；③使用钳形电流表测量输出电流，最终确认故障原因是B 相晶闸管击穿损坏导致整流器启动后直接形成电流回路：?停运整流器，拆除B 相晶闸管，使用同型号备件进行更换；③紧固所有主回路母排上的螺栓；③联系运行人员启动验证，确认整流器各项功能均正常：0 恢复设备到初始状态，确认无异物残留：①工作结束，清理现场归还工作许可证。2 ）故障原因分析：B 相晶闸管击穿损坏导致整流器启动后直接形成电流回路",CTE 系统由位于2 台海水泵CTE001/002P0（一用一备）抽取海水，进入到两套电解槽CTE004BA、CTE005BA 中。其中两套电解槽水侧并联运行，电路侧串联运行。两台变压器／整流器CTE001TRV/CTE001RD、 CTE002TR/CTE002RD 将6 . 6kV 交流电转为直流电供给电解槽组。正常运行时通过调节通向电解槽的电流值来调节氯气产生量,
4CVI 泵气液分离罐液位异常波动,中班发现停运的凝汽器抽真空泵（1 号和2 号）气液分离罐液位波动，频繁触发自动补水。补水阀4CVI107VD、4CVI207VD 频繁开启，4CVI107VD 开启频率约3 . 5min 开启一次。4CVI207VD 开启频率约30min 开启一次。4CVI101ZE、4CVI201ZE 液位在180~250mm 持续波动,补水阀频繁动作有损坏风险，分离罐液位波动影响真空泵组运行及备用可靠性,"已采取的行动措施：1）查阅逻辑图、模拟图及定值手册，判断阀门动作正常，液位真实波动；2）现场对各疏水阀进行在线检查未发现异常；3）液位波动初始阶段，三台气液分离罐液位均有所下降，怀疑是4CVI排气至8DVN的管线内凝结水过多，从而引起排气不畅导致管线压力增加，导致气液分离罐内的水在压力作用下从溢流管线流出，引起液位波动，触发自动补水；4）查阅经验反馈及良好实践，类似情况在402大修期间曾发生一次，通过4CVI排气由8DVN切换至大气的方式解决，但目前机组处于功率运行，不能切换至排气大；5）查阅经验反馈及良好实践，类似情况在2号机组发生一次，通过2CVI排气管线疏水方式解决，可供参考。最终确定方案：开启4CVI346VA对4CVI排气管线进行疏水。
疏水风险分析及应对措施：风险一：开启疏水阀，可能导致8DVN 管线内气体意外释放。存在放射性气体排放的风险。分析及应对措施：疏水点选择为4CVI 排气管线最低点，确保有效疏水。避免排气：在疏水前，核对3 、4 号机组无 KRT002/003/004/007/032/033/034/042/043/044MA 报警：且CVI 排气管线内应为负压，疏水过程中有可能吸气，气体排放风险可消除。如现场开启阀门无水流出，则立即关闭阀门。风险二：现场 4CVI346VA 排往SEO ，但疏水为二回路水，不满足直接往环境排放的条件。分析及应对措施：通过临时装置（盆和桶）接收疏水，收集后排放至常规岛厂房SEK2 坑。风险三：4CVI346VA 位于GB 沟，操作人员存在窒息风险。分析及应对措施：操作人员携带氧表，定时测量环境氧含量
凝汽器抽汽中含有蒸汽，在4CVI 排气至8DVN 的管线内冷凝成水。冷凝水聚集在排气管道最低处，随着水量逐渐增加形成水封，引起排气不畅，导致管线压力增加，进而引起气液分离罐内的水在压力作用下从溢流管线流出。液位下降后触发自动补水，补水停止后在压力左右下再液位再次下降，既而造成液位的周期性频繁波动",,,因4CVI346VA排水口离地面太近，需准备盆接水，然后倒进桶里。再排放至SEK2坑,
4CVI101P0 自动启动后显示故障洋红，就地检查供电开关 4LK0461JA 故障灯亮，存在接地故障报警,主控相继触发4CVI111KA（自动启动真空泵组A （备用））、 4CVI503KA（真空泵A 总故障）、4CVI504KA（真空泵A 开关柜故障）、4CVI501KA（真空泵A 启动故障）、4LKQ001KA3（开关柜故障）报警，查看画面4CVI011SP-1 触发。4CVI101P0 自动启动后显示故障洋红，就地检查供电开关4LK0461JA 故障灯亮，存在接地故障报警,一台抽真空泵不可用，凝汽器抽真空泵失去一路余备用,已采取的行动措施：oncall 维修电气检查,4LK0461JA 接地保护动作，开关接地保护整定值延时时间与定值手册相比偏小（现场实际为0 . 1s ，定值手册为0 . 2s ) ，4CVI101P0,电气处理反馈：1）现场核实缺陷，4LK0461JA 故障灯亮，显示GProtection（接地保护动作）；2）与主控沟通，开紧急票处理，复位故障报警，测量下游电机4CVI101M0 绝缘550 MQ.三相直阻（AB-30.72 MQ2、BC-30.72MQ、AC-30.73 M2）不平衡度为0.03%；3）对4LKQ461JA 二次回路接线进行检查无异常后紧固各端子接线；4）查看4LKQ461JA 接地保护定值为126A，0.1S；5）与设备管理处人员确认，4LKQ461JA 生效中的接地保护定值为126 A，0.2 s；6）开启QDR，依据4LK0461JA 生效中的接地保护定值清单将4LKQ461JA 接地保护定值更改为126A，0.2 s；7）与主控沟通，主控远方启动4CVI101M0 并录波，运行正常,转机设备启动时会存在三相电流不平衡情况，若继电器延时过短则会导致转机设备跳闸；若延时继电器设置过长。也曾出现过故障开关无法跳闸导致越级跳上游母线的情况,
4CVI101P0 自动启动后显示故障洋红，就地检查供电开关4LK0461JA 故障灯亮，存在接地故障报警,"主控相继触发4CVI111KA「自动启动真空泵组A （备用）］、4CVI503KA （真空泵A 总故障）、4CVI504KA（真空泵A 开关柜故障）、4CVI501KA （真空泵A 启动故障）、4LKQ001KA3（开关柜故障）报警，查看画面 4CVI011SP-1 触发。4CVI101P0 自动启动后显示故障洋红，就地检查供电开关4LKQ461JA 故障灯亮，存在接地故障报警
3LKQ系统850MU，3号主控KIC画面显示为××X","一台抽真空泵不可用，凝汽器抽真空泵失去一路几余备用
3LK0母线电压无法监测","已采取的行动措施：oncall 维修电气检查
已采取的行动措施：oncall维修电气检查","4LK0461JA 接地保护动作，开关接地保护整定值延时时间与定值手册相比偏小（现场实际为0 . 1s ，定值手册为0 . 2s ），4CVI101P0 启动后三相电流不平衡超过开关跳闸定值
柜内850MU电压变送器输出侧电缆正负极接反",电气处理反馈，1)检修步骤：①打开3LK0001TB后柜门及进线监测单元柜门；②验电；③核实850MU输出侧101BN23、24号接线与另一侧接线正负极接反；④调换101BN23、24号端子接线位置：确认端子接线与图纸一致（根据图纸D0714-03850MU-对应101BN-23:850MU-7对应101BN-24）；⑤工作结束，清理现场。2)故障原因分析：柜内850MU电压变送器输出侧电缆正负极接反,,
4CVI301P0 真空泵启动运行时电流、振动大,4CVI301P0 检修启动后，运行电流280A （正常运行电流约230A )，偏大。就地检查反馈泵体异音和振动偏大（最大振动值为泵驱动端水平方向7 . 1mm /s ，标准为4 . 5mm /s ）。4CVI301P0 对应分离罐液位也存在波动情况,导致一台凝汽器抽真空泵不可用，使抽真空系统失去一台穴余备用,己采取的行动措施：停运4CVI301P0 ，并oncall 维修机械专业检查,泵本体级间止回阀存在密封不严，级间止回阀的垫片有部分缺失，垫片内圈（未被压实部分）存在裂痕（3/4圈）,2)泵与分离罐的两路气相平衡管线节流孔板、两侧喷淋及两侧工作液节流孔板尺寸不合适3)动静部分可能存在轻微碰磨车了162161160163>口0836.节流R孔板缺080288.01288.025失位置4246222030级间170ICVI012LP止回阀压力表010H230060HH3(LGT248480231LL233PG2420269TC482801入口过滤器241090301X249130090.01240-NS.0M2440TG266260245图1根据上述分析，机械制定如下行动计划：1)检查泵组6处孔板是否存在堵塞、缺失、尺寸有偏差情况；2)如孔板存在异常则纠正后再次进行启泵验证；3)若未发现孔板异常则进行泵解体检查。根据泵组6处孔板的排查情况，机械班组内部讨论，做如下排查1)泵组1~5处的孔板与厂家设计尺寸一致，原样回装；2)根据厂家尺寸，加工编号6处的节流孔板进行回装（排查孔板过程中发现，该处孔板的厚度与1、2号机组相差较大），启泵验证电流仍旧偏高；3)增加步骤排查4CVI302P0入口滤网4CVI302FI是否堵塞；4)完成节流孔板及4CVI302FI排查后再次进行启泵验证问题未解决；5)对4CVI301P0级间止回阀进行解体检查。级间止回阀的垫片有部分缺失，垫片内圈（未被压实部分）存在裂痕（3/4圈）。初步怀疑级间止回阀密封,垫开裂胶条偶发搭在级间止回阀密封面上，导致级间止回阀密封不严，经处理后重新启泵验证，缺陷消除 凝汽器抽真空泵为两级液环式电动真空泵，若泵本体级间密封不良，真空泵运行负荷增加，运行电流会升高,
4DEG101GF 维修后试验供油温度高,启动4DEG101GF 的过程中，约1 min 后，因供油温度高跳闸。中班启动4DEG101GF 后再次出现油温高报警，油温升至60 ℃，根据机械工作负责人要求就地手动停机，机械就地尝试手动启动冷媒泵无反应,导致4DEG101GF 不可用，产生I02: DEG1,已采取的行动措施：1)oncall 机械和仪控检查处理：2 ）经仪控冷媒泵控制回路短接后，成功启动冷媒泵和4DEG101GF ;3 ）经观察两天4DEG101GF 运行未见异常，拆除冷媒泵控制回路短接，重新启动4DEG101GF 验证，冷冻机运行正常未见异常,1)4DEG101GF 维修后试验起机阶段，冷水机组主机启动时油箱内油位偏高，冷水机组启动负荷过大（约83 %)，轴承温升快；2 ）冬季冷却水温度低，起机阶段冷凝压力低于最低要求470kPa ，其与蒸发器之间压差（冷媒压差）小，润滑油冷却器冷却用冷媒量不足无法稳定油温；3 ）该冷水机组冷媒泵4DEG102P0 未参与起机阶段润滑油辅助冷却,②冬季冷却水温度低，起机阶段冷凝压力低于最低要求470kPa ，其与蒸发器之间压差（冷媒压差）小，润滑油冷却器冷却用冷媒量不足无法稳定油温；③该冷水机组冷媒泵4DEG102P0 未参与起机阶段润滑油辅助冷却；2 ）处理措施：①排出油箱内适量润滑油；②起机阶段强制启动冷媒泵辅助冷却润滑油，对润滑油供油压差调节阀及油温调节阀进行适度调整；3 ）处理结果：进行3 次起机验证（其中两次未启动冷媒泵），机组可顺利启动，运行正常,油温的调整：制冷机运行中用油温调节阀（4DEG127VQ/227VQ/327VQ）将供油温度调节在35 ~55 ℃范围内。油温调节阀（4DEG127VQ/227VQ/327VQ ） 的开度在现场调试时根据机组运行的工况已整定好，在机组运行的过程中，随工况的变化。供油温度一般会出现波动，若在允许的35 ~55 ℃范围内，现场一般不再作调整：若供油温度超出正常范围则有必要进行调节。供油温度过高，到57 ℃时报警，62 ℃冷冻机停止运行。油温调节阀 （4DEG127VQ/227VQ/327VQ ）是调节供给油冷却器的冷媒液的量来调节油温，用手动调节时，关小油温调节阀，冷却效果将急剧降低，油温将上升：若开大油温调节阀（4DEG127VQ/227VQ/327VQ )，油温将降低。制冷机停机期间，保持油箱中油温在50 ~55 ℃之间。电加热器在制冷机运行中自动切断加热，而当制冷机停机后又自动进入加热状态。机组初次安装投运时或机组长期断电停机后应提前12 h 使油加热器投入工作（机组通电后油加热器就自动投入工作），将油温保持在45 ~55 ℃之间。启动前最好先启动油泵运行2 ~3min ，使油箱内油温分布均匀,
4DEG201GF 供油压差低,2018 年4 月30 日夜班4 号主控出现4DEG002KA201GF 冷水机组综合故障报警，就地查看201GF 供油压差低（125kPa)，复位后报警消失；2018 年4 月30 日中班主控触发三次4DEG201GF 供油压差低，就地检查压差约134kPa；2018 年5 月1 日夜班，4 号主控重新报4DEG002KA201GF 冷水机,存在跳冷冻机的风险。而此时4DEG301GF存在隔离。若4DEG101GF再出现故障不可用，将导致EVC/ EVR缺少冷源，产生非预期的I0，引起机组后撤的风险出现,"已采取的行动措施，主控oncall 机械人员处理此缺陷，经分析并关小冷冻机组供油泵出口再循环调节阀4DEG202VH 开度，提升供油压差（调节后到172kPa），经复位后报警消失；4DEG201GF 调节前后对比见图1和图2，调整前供油压差为120kPa，调整后供油压差为172kPa。8785/8181:24参数显示之冻进温冷冻出温冷却进温冷却出温3.4014624.3629.2058.6供油温度冷凝压力蒸发压力供油压力48.10669ka324ka477a 冷媒压差供油压美主机负荷345ka20pa60.1%1.2图1 调整前4DEG201GF 参数显示
18/85/8103:22参数显示导叶手动控制冷冻进出温冷冻出温冷初进温13.000.3024.21供油温度关痘压力307052.1a48.901008冷煤压美导叶开度主机负荷120a3931a16.1%69.4%图2调整后4DEG201GF参数显示","产生供油压差低报警原因:1)4DEG201GF的油压调节阀4DEG202VI初始设定的开度较大,使得供油压力偏小,之前未触发供油压差低报警是因为,4DEG201GF导叶开度较大蒸发压力较低。油压差实际值比低报警值稍大:2)当时4DEG201/101GF同时运行时,4DEG201GF导叶因异常缺陷被放在手动且导叶开度较小。随着环境温度上升,冷却水温度上升,DEG冷冻机负荷越来越大,冷冻水温度也存在上升,使得4DEG201GF当时蒸发压力较高(达324kPa),引起供油压差下降,使得报警触发","机械处理反馈。1)工作过程:缓慢调节4DEG201GF油的压差截止阀4DEG202VI,使供油压差至170kPa,并进行观察1h,供油压差始终在170kPa上下、10kPa范围内正常波动;2)故障原因分析:①由于导叶手动开度过小,出水温度高,蒸发压力高,导致供油压差低;②原供油压力偏低",到油箱，循环管线上设有一个调节阀（4DEG201GF对应为4DEG202VH），一旦油压超过系统预先设定的压力，它将自动将供油的一部分回收到油箱，保证供油压力稳定；3)供油压差调节方法：①D调节油泵出口油压改变供油压差：如供油压差低，则可以关小调节阀减少回收油量，达到提升供油压力而增大供油压差的目的。反之则开大调节阀开度；②调节油箱压力改变供油压差：因制冷剂混入，因此油箱压力受蒸发压力的影响，关小导叶开度增加蒸发压力，将导致供油压差变小。反之开大导叶开度将使供油压差变大。另可以通过调节设冷水阀门开度，改变冷媒介质温度，进而影响蒸发器压力，来改变调节供油压差。例如：2018年4月22日主控KIC闪发4DEG201GF冷水机组综合报警，现场检查为A01供油压差低报警出现，通过手动调节调节设冷水阀4RRI962VN门开大5%开度。报警未再出现此次4DEG201GF供油压差低报警，现场检查4RRI962VN已处于全开状态，无调节的裕量，故通过调整4DEG202VH来调节油压；4)相关经验：DDEG冷冻机组出现供油压差异常报警，联系机械专业人员检查油压调节阀开度，对比正常运行冷冻机组适当调整油压调节阀开度。也可以核查冷冻机设冷侧阀门RRI961VN/962VN/963VN的开度，比对正常冷冻机相应阀门的开度，适当的调整阀门开度，恢复供油压差正常：②DEG冷冻机组正常情况需将导叶放自动，若放手动需要均衡两台冷冻机组负荷，使两台冷冻机组导叶均不至于开过大或者过小。如果两台冷冻机组自动运行过程中出现一台机组因冷冻出温低进入暂停模式（最终将导致跳机），则冷冻机组负荷小可考虑的单台冷冻机组运行，以保证导叶开度适中蒸发压力正常。导叶放手动时调整开度，保证冷冻出温接近整定值（10℃）：避免两台运行冷冻机组的冷冻出温相差过大,
4DEL001GF 就地控制屏失电,执行F04-RR1-C-004(4RR1004P0切换到4RR1003P0）操作票，执行至第13 步，将4DEL 从B 列切换至A 列时，发现4DEL001GF 控制屏失电,,已采取的行动措施: oncall 维修电气检查处理,"1) 柜内干燥剂袋放置在加热器上, 温度升高后导致干燥剂袋融化 加热器短路控制回路保险熔断; 2) 柜内散热风机线圈短路导致控 制回路保险熔断","电气处理反馈 1 工作过程: D 打开 4DEL001GF 就地控制柜检查发现 柜内加热器接线有明显焦灼痕迹, 柜内干燥剂袋融化导致加热器 短路, 将融化的干燥剂袋清理: ②检查控制回路保险发现 001FU 熔断领取同型号保险进行更换: ③检查柜内元器件时发现柜内散 热风机 003ZV 线圈短路同样导致控制回路保险 001FU 熔断: ④根 据工文件柜内散热风机或加热器短路时支路保险 007/005/003FU 会起保护作用熔断, 而实际支路保险未动作主路保险动作, 检查 支路保险型号时发现支路保险为 6A 而主路保险为 2A, 支路保险大 于主路保险所以当下游故障时只会熔断主路保险; 将现场情况反 馈主管, 开启 QDR (QDR-ME-4-N-2017-009) 由于不具备更换条件 现场将 003ZV 柜内散热风机临时退出, 并提 WR (281566) 对风机进 行更换: ③联系运行人员启动 4DEL001GF 验证结果满足运行要 求。2) 故障原因分析: ①D 柜内干燥剂袋放置在加热器上, 温度升 高后导致干燥剂袋融化加热器短路控制回路保险熔断: ②柜内散 热风机线圈短路导致控制回路保险熔断","水冷式冷冻水机组 DEL001GF/002GF 包括一台蒸发器, 一台 RRI 冷却的冷凝器, 两台油分离器, 两台油泵, 两台螺杆式压缩机及相应的电机, 制冷剂回路和润滑油回路等。运行的压缩机数量由负荷决定。每台冷冻水机组对应一台冷冻水循环泵 (DEL001/002PO), 配备一个气动控制阀, 其可以根据冷冻水出水温度与设定值的偏差自动调节 RRI 的流量",
4DEL002GF 冷冻机2 号压缩机电机电源保护故障检查,主控存在4DEL002KA(002GF 综合故障报警），现场查看 4DEL002AR（冷水机组002GF 启动柜）上存在“2 号电源保护”故障报警，现场无法复位。2 号压缩机未启动,导致2 号压缩机未启动,已采取的行动措施： oncall 维修电气检查处理,当电源监测器检测到电源保护时（缺相、断相、过压、欠压）， PLC 故障输出，因就地显示屏没有故障复位功能，故障只有在 PLC 断电下复位。PLC 需重启，未设置故障复位功能,电气处理反馈，1 工作过程：①查看就地显示屏报“电源保护故障”：②测量电源三相电压正常，电压监测器无故障输出，电压监测器指示灯显示正常，电压监测继电器无故障输入到PLC ；③仪控和机械人员配合共同处理；,当电源监测器检测到电源保护时（缺相、断相、过压、欠压），PLC故障输出，因就地显示屏没有故障复位功能，故障只有在PLC断电下复位。故障原因为：因未设置故障复位功能，PLC需重启才能复位故障,
4DEL002GF 水冷式冷水机组屏幕显示2 号电源故障,"中班现场检查控制屏上存在2号机组电源保护报警,且报警无法复位,导致2号压缩机组无法启动,只有1号压缩机组在运行",导致2号压缩机组无法启动,已采取的行动措施: oncall 维修电气检查处理,相序保护继电器011SZ 接线掉落,"电气处理反馈1) 工作过程: ①对4DEL004AR1和4DEL004AR2进行接线检查发现相序保护继电器011SZ 接线掉落; ②将相序保护继电器011SZ 掉落接线进行重新紧固; ③对进线电缆进行绝缘检查结果合格; ④联系运行人员送电验证报警消除, 查看相序保护继电器011SZ 显示正常; 2) 故障原因分析: 相序保护继电器011SZ 接线掉落",,
4DEL003GF 触发综合故障报警，现场查看控制屏上存在报警,"08:27,4DEL003GF 触发综合故障报警，现场查看控制屏上存在报警",4DEL003GF 触发综合故障报警，导致其不可用，产生GEN8,已采取的行动措施：oncall 仪控检查处理,4DEL003GF 控制屏通讯故障,仪控处理反馈：1 ）工作过程：①对通讯电缆进行校线，检查结果无异常，对设备进行清灰；②对4DEL003GF 控制屏进行断电重启，控制屏显示通讯故障消除，持票观察一天无异常，与主控沟通后还票。2 ）故障原因分析：4DEL003GF 控制屏通讯故障,DEL003GF 用于在H1 工况两台水冷式冷冻机组失效，为DVC 主控室通风提供冷冻水，确保主控的在正常温度范围,
主控出现4DEL003KA003GF 综合故障，4DEL003GF 触摸屏黑屏,"01:21,4 号主控出现4DEL003KA003GF 综合故障，现场查看控制柜POWER 灯正常亮起，但显示屏黑屏",4DEL003GF 黑屏导致设备无法启动不可用，产生GEN8,已采取的行动措施：oncall 仪控检查处理,4DEL003GF 触摸屏损坏,仪控处理反馈，处理措施：4DEL003GF 触摸屏损坏，更换触摸屏备件,在HI 工况发生时，则两台水冷式冷冻机组失效，此时可启动DEL003GF 为DVC 主控室通风提供冷冻水，确保主控的在正常温度范围,
风冷机组4DEL003GF 在4LKC2181JA 推入送电时，主控显示洋红色，4DEL003GF 无法启动,主控存在4DEL003KA(003GF故障报警）经排查发现是4LKC2181JA（负荷为4DEL101AR）开关推入后导致的，且KIC 查看4DEL003GF 故障类型为MCC 故障,导致4DEL003GF 无法启动,,4LKC2181JA 抽屉的 110V 控制电源开关未合闸,"电气处理反馈: 1)缺陷描述: 4DEL003GF 在 4LKC2181JA 推入送电时, 主控显示洋红色, 4DEL003GF 无法启动。2)原因分析: 4LKC2181JA 抽屉的 110V 控制电源开关未合闸。3)处理措施: ①与值长沟通, 与运行人员一起到现场查看。②②现场初步查看发现 4LKC2181JA 抽屉 110V 控制电源空开 003JA 处于断开状态, 与主控沟通由运行人员将未合上的 110V 控制电源空开 003JA 合上, 主控显示配电盘故障报警消失; 但同时主控仍存在 4DEL003KA (003GF 故障报警), 4DEL003GF 显示洋红色, 无法启动。③与主控沟通后直接开启紧急维修处理, 检查发现 4DEL003GF 就地显示通信故障和流量开关两个故障无法复位, 运行在启动 4DEL003PO 后, 流量开关故障消失, 当将 4LKC2181JA 推入送电后, 通信故障复位: 4DEL003GF 就地不存在报警, 与主控沟通由运行人员将 4DEL003GF 从远控打到就地, 运行就地启动 4DEL003GF, 就地可以启动 4DEL003GF, 主控洋红色消失。
④与主控沟通, 由主控与仪控确认在就地侧启动 4DEL003GF 之前有没有发出过关命令后再将 4DEL003GF 切回远控; 现目前主控洋红色消失, 配电盘故障报警消失, 4DEL003KA (003GF 故障报警) 消除, 4DEL003GF 能启动","产生 DEL003KA 报警的原因: 冷水机组的一个或两个制冷剂回路上的保护装置跳闸。双回路之一的故障将导致 DEL 003GF 机组 50%失效或由于事故而全部停机。若机组故障无法排除, 则意味着 DVC 系统失去冷源并将导致所服务的主控室 DCS 设备将无法正常运行, 进而会影响到整个电站的运行安全。在 H1 工况下, 储罐 DEL002BA 可维持 12~15 min 的时间; 在此之后, 应尽快排出故障并将 DEL003GF 启动",
4DVN011ZV 故障跳闸,23 :01 主控出现4LLA009KA（LLC 总故障报警），经核查为4LLC2101JA 故障报警灯亮，风机停运。复位后报警消失后再次出现,影响NB223 房间暖风的供应的可靠性，需关注8NB223 房间温度和 4DVN012AE 运行情况，技术规范要求硼酸补充回路（REA 硼酸回路）温度必须大于22 ℃,已采取的行动措施，1 ）安排现场将4LLC2101JA (4DVN011ZV 供电开关） 和4LLC2111JA(4DVN011RS 供电开关）拉出；2 ）安排现场关注8NB223 房间温度和4DVN012AE 运行情况,1 ）双封轴承油量减少导致轴承卡涩；2 ）风叶断裂，导致电机被卡住,"电气处理反馈：1 ）检修过程：①打开4DVN011ZV 接线盒，确认无异物，进行验电，确认无电；②将4DVN011ZV 拆除，并做好拆接线记录，经检查确认风机叶轮断裂损坏；③对电机进行解体，同时空载试验，确认无异常： ④联系焊工对风机风扇叶轮进行修复，同时对风机风扇叶轮做PT 检测及RT 检测分析，检测结果合格；
5 按照拆接线记录对 4DVN0112V 进行回装，确认接线正确无松动；③更换工作许可证，对 4DVN0112V 进行送电试验，风机运行正常；②测得风机电流 A 相：1.70A，B 相：1.79A，C 相：1.71A，测量电机振动为：1.4 mm/s，结果合格；8 工作完成后，归还工作许可证：2)故障原因分析：①双封轴承油量减少导致轴承卡涩；②风叶断裂，导致电机被卡住",NB223 房间有 4DVN011AE 和 4DVN012AE 两台暖风机组，两台暖风机组的控制定值均为 23℃,
4ETY001ZV 在KIC 中显示为保护停运，无启动允许,15:59 分主控出现4KC0054KA 安全列A 列机柜故障报警，联系仪控检查反馈机柜失电继电器发出的报警，实际没有失电，怀疑接线存在松动而产生的报警。主控巡盘时发现4ETY001ZV 无启动允许KIC 中显示为保护停运（黄色），与正常停运状态的4ETY002ZV 显示不一致，点击4ETY001ZV 对话框，无启动允许信号,4ETY001ZV 无启动允许信号，将导致风机无法在主控启动，将降低安全设备的可用性。经咨询维修专业以及向安工确认，该风机无法在主控启动，但可以在配电盘上通过试验盒启动，其安全功能可以保证，故不需记录ETY1 的第一组IO,已采取的行动措施：1 ）查看4ETY001ZV 逻辑图，分析异常原因；2 ）联系仪控人员分析异常原因,1)4KC0054KA 报警产生的原因：现场检查4KCS119AR 机柜TB3 端子排上的1P （-）点位触片与线鼻子接触不良，检查紧固性正常，但摇动线缆会偶发机柜报警；2)4KCS119AR 检测48V 直流供电的报警回路存在异常，导致机柜48V 电压失去的报警触发，实际上机柜双路48V 供电正常。因4KCS119AR 发出失电信号，进而闭锁4ETY001ZV 的启动,仪控处理反馈，1 ）处理结果：4KC0054KA 安全列A 列机柜故障报警处理完毕，报警消失，4ETY001ZV 恢复了启动允许信号；2 ）故障原因： 4KCS119AR 中监测48V 直流供电的报警回路存在异常，导致机柜48V 电压失去的报警触发，而实际机柜双路48V 供电均正常：现场检查4KCS119AR 机柜TB3 端子排上的1P （-）点位触片与线鼻子接触不良，检查紧固性正常，但摇动线缆会偶发机柜报警；3 ）处理措施：对4KCS119AR 机柜TB3 端子排上的1P （-）点位接线重新调整、紧固，摇动线缆试验未再次出现报警,KCS119AR 和KCP415AR 失电信号将闭锁ETY001ZV 启动,
主控出现4KC0054KA安全列A 列机柜故障报警，巡盘时发现 4ETY001ZVKIC 中显示为黄色，无启动允许,15:59，主控出现4KC0054KA安全列A 列机柜故障报警，联系仪控检查反馈机柜失电继电器发出的报警，实际没有失电，怀疑接线存在松动而产生的报警。主控巡盘时发现4ETY001ZV 无启动允许，KIC 中显示为黄色，与正常停运状态的002ZV 显示不一致，点击4ETY001ZV 对话框，无启动允许信号,"4ETY001ZV 无启动信号，将导致风
1)可能失去保护通道III的部分监测和控制功能，失去I/O模件输出；2)可能失去安全A列内的部分监测和控制功能，失去VO模件输出。失去对部分安全级执行器的控制","机无法在主控启动，将降低安全设备的可用性。经咨询维修专业以及向安工确认，风机无法在主控启动，但可以在配电盘上通过试验盒启动，其安全功能可以保证，故不需记录ETY1的第一组10
已采取的行动措施，1)安排现场检查发现3KCS103AR故障灯亮；2)oncall仪控检查处理",DCS厂家为机柜内部布线整齐美观，将光纤跳线绑扎的较紧，导致RXM通讯卡件的光纤接头被光纤跳线拉歪松动；需更换RXM通讯卡件彻底解决,"仪控处理反馈：1)故障现象：卡件出现自诊断报警，主控出现3KC0054KA和3KC0034KA的综合报警。2)处理进展：根本原因已经找到（通讯卡件光纤接头松动），临时整理光纤消报，小修期间更换了RXM通讯卡件彻底处理。3）检修步骤：整理光纤跳线，让光纤接头处不受外力拉拽，故障临时消除。4)运行影响：卡件通讯3重冗余，现在只有一路（B路）报故障，不影响信号正常传送，系统正常运行。若影响了系统正常运行，最直观的观察方式是停堆断路器3RPA200JA、201JA会自动打开。5）处理措施：①D2017年01月12日，3KC0054KA和3KC0034KA才报警出现，原因为3KCS103AR-002UC-4L、5L（两个DI卡件）通讯故障，通过更换卡件，故障消除；②2017年01月13日，3KC0054KA和3KC0034KA报警再次出现，仪控人员进行了检查，发现3KCS103AR-002UC-RXM-B（三个余通讯卡件之一）及其下游0卡件通讯故障，并一直处于报警出现并复位的状态转换中。
③2017年01月14日,仪控维修人员完成方案编写并进行排查处理。在排查光纤通路时,发现3KCS103AR-002UC-RXM-B的TX1(光信号发送)接头被光纤跳线拉歪松动,触碰后会出现故障报警,其他相邻通讯卡件未出现此现象。6)故障原因分析:机柜内部光纤跳线绑扎的较紧,导致RXM通讯卡件的光纤接头被光纤跳线拉歪松动","1)KCS机柜的自诊断报警:处理器卡件、通讯卡件、AI卡件件、AO卡件、DI卡件、DO卡件等的自诊断报警: D其中最常见的自诊断报警有AO信号控制电流变化(ASG调节阀动作期间产生KC0054KA、GCT系统的调节阀动作时产生KC0034KA,KC0044KA),持续2h后消失;②通讯卡、DO卡自诊断报警,根据卡件所在的位置不同可以产生各个报警,持续2h后消失;③处理器MP卡件故障报警,其他类型的故障报警,报警持续2h后不消失。2)RXM通讯卡件为三重冗余配置,一块卡件出现故障不影响整个系统的运行",
4ETY043VA 气动执行机构下隔膜法兰螺栓力矩偏小漏气，导致4SAR001MD （反应堆厂房压缩空气流量计）流量异常上涨,巡盘发现4SAR001MD 流量从3 月10 日23 点22 分开始突然上涨至28 . 50 N·m/h，期间最高至31 . 70 N·m/h 在28 . 5~31 . 70 N·m/h 区间波动,1 ）当4SAR001MD 大于45N·m/h 时，将进入事故规程《F04-OP02AC- ISAR2 :安全壳内的压缩空气系统故障》；2 )4SAR001MD 真实增加将导致4RX 壳内压力上涨速率增加，可能将威胁4 号机组安全壳的严密性,1 ）已采取的行动措施：①查看安全壳压力表4ETY503MP 及 4ETY101MP~104MP 压力上涨趋势，暂未发现明显拐点，可能因时间较短未明显引起安全壳压力上涨，需要保持持续关注；②排查近期相关操作，暂未发现可能引起4SAR001MD 流量上涨的操作；3 安排运行人员对 4SAR001MD 下游至4RX 厂房壳外部分进行排查，暂未发现明显压空泄漏异常：④当班值根据《FQ4-SAR-C-0014SAR 进岛查漏典型操作票》，通过 KIC 画面检查各壳内气动阀暂未发现异常，将保持持续监视：oncall 维修仪控同事，对4SAR001MD 仪表校表；③oncall 维修机械同事、维修仪控同事，准备检漏液，人员就位后再次进行壳外部分外漏检查；②oncall 保健物理同事，做好进岛查漏准备；8 熟悉事故规程《F04-OP02-AC- ISAR2 安全壳内的压缩空气系统故障》；2 ）建议后续行动：①主控室密,1 ）经进入核岛进行SAR 查漏，漏点定位到4ETY043VA 阀门气缸存在大量漏气；2)4ETY043VA 气动执行机构下隔膜法兰螺栓力矩偏小,机械处理反馈：1）处理进展：4ETY043VA 下膜片法兰螺栓全部紧固至 30N: M.开关动作验证4ETY043VA（动作时间满足监督要求）。阀门开启后，用检漏液检查，阀门没有泄漏，4SAR001MD 流量恢复到正常值范围内（约7~10N·m/h);2）故障原因分析：4ETY043VA 气动执行机构下隔膜法兰螺栓力矩偏小,1 ）进入4 号机核岛厂房开展4ETY043VA 处理工作时，进出反应堆厂房人员气闸门，需要使用特殊规定：2）开关动作验证4ETY043VA 时，将影响4KRT008/009MA 的可用性，需提前联系辐射防护配合停运，4KRT009MA 不可用时需记录相应的10，工作结束后恢复4KRT008/009MA 运行,
4EVF002VAI 在给出开启命令后无法开启，主控显示大红色故障司时 4SAR001MD 流量由 14 Nm/h 左右增加到 26 Nm/h 左右,4EVF002VAI 在给出开启命令后无法开启，主控显示大红色故障同时压空的 4SAR001MD 流量由 14 Nm/h 左右增加到 26 Nm/h 左右（怀疑 4EVF002VAI 电磁阀故障。注：之前 4 号机组有出现过 4EVF002VAI 电磁阀漏气导致 4SAR001MD 流量高的缺陷）,影响 4R 厂房内的压力，影响 ETY 排放限时并可能影响岛内气动阀动作从而导致进入事故放工况,1）已采取的行动措施：①按照决策要求当流量大于 35m3/h 时立即进岛处理缺陷当大于 40 m3/h 时立即根据 D 规程机组后撤，以免机组进入事故工况；②当前仪控已准备大修下行和上行期间核岛气动阀检漏的工单：同时也联系了 4EVF002VAI 电磁阀厂家在下周二到厂，进一步排查和确认设备或设计上的可能原因。2）建议后续行动：①完成 4EVF002VAI 压空漏气处理方案编制；②对于 4 号机组岛内气动阀门多次出现压空漏气的情况，维修仪控设备管理分析根本原因并给出切实可行的处理方案，在 401 大修期间彻底进行排查处理,4EVF002VAI 过滤减压器漏气及电磁阀阀芯动作不到位,"仪控处理反馈：1)检修步骤：（WOT：00970577-01）：①确认设备位号与工作许可证一致，与主控沟通说明工作内容及风险；②运行人员在主控点击开启 4EVF002VAI，现场进行查漏；③过滤减压器密封圈位置漏气，关闭供气小阀进行紧固后恢复供气小阀；
④电磁阀排气异常，怀疑阀芯动作不到位，堵住电磁阀排气口后功能正常；建02工单更换过滤减压器及电磁阀；③工作结束，清理现场。2）故障原因分析：4EVF002VAI 过滤减压器漏气及电磁阀阀芯动作不到位。3）检修步骤：（WOT：00970577-02）：①确认设备位号与工作许可证一致，",与主控沟通说明工作内容及风险；②检查4EVF001/002VAI供气小阀已关闭；③确认4EVF001VAI电磁阀已失电；④拆除4EVF001VAI供气管线及气动部件；②使用10mm铜管重新预制敷设气源管线并沿途固定紧固各接头；③确认4EVF002VAI电磁阀已失电；②拆除电磁阀接线，做好拆接线记录使用绝缘胶带包裹；8拆除4EVF002VAI供气管线及气动部件；③使用10mm铜管重新预制安装气源管线并沿途固定，更换新的电磁阀及过滤减压阀并紧固各连接头，并恢复接线；①联系运行打开供气小阀，调整供气压力；①检查供气管线各接口无漏气，联系主控动作阀门，确认阀门开关及反馈正常；②工作结束，清理现场。4）故障原因分析：电磁阀气道无法正常工作，怀疑进气管线尺寸不满足要求，更换金属过滤减压器,
4GHE401P0 工作结束解隔离重新启动时，出现启动故障，主控显示洋红色，就地抽屉4LKF411JA 存在故障报警,4LKF411JA 开关柜故障处理：,4GHE401M0 无法启动,已采取的行动措施：oncall 维修电气检查,4LKF411JA 热继电器动作，4GHE401M0 泵卡死,电气处理反馈：1 ）工作过程：①验证隔离边界，确认设备位置，检查建立检修场所：②断开4LKF411JA 电源，验电；③对4LKF411JA 开关进行检查，复位热继电器；④对4GHE401M0 电机测量直阻（AB : 5 . 142 . Q 、AC : 5 . 140Q 、BC : 5 . 136 ）绝缘（A : 550 M2 、B : 550 M2 、C : 550 MΩ）电机合格：,,
4号主控触发 4GRV022KA 氢气高报警,05点56分4号主控触发 4GRV022KA 氢气高报警,"1) 氢气泄漏, 有工业安全隐患, 存在氢爆风险; 2) 影响发电机冷却, 危及发电机运行安全","已采取的行动措施: 1) 当班值根据 FQ4-50P-TPEP-00184GRV 发电机氢气泄漏率异常升高应对预案进行响应, 开启 8.5m 所有窗户; 2) 打开汽轮机厂房电动大门, 开启所有的屋顶风机, 暂停常规岛动火作业许可证发放; 3) 安排现操根据典型操作票查漏, 发现一处漏点 4GRV002RE 附近氢气测量仪满量程并报警, 具体位置见附件流程图; 4) 在漏氢位置拉警示带, 防止人员误入; 5) oncall 机械人员现场检查核实缺陷",4GRV002RE 顶部接线盒处泄露,,氢气爆炸极限是4 . 1 %~74 . 2 ％（体积浓度）,
4GSS252VV 阀门状态异常,4号机组大修后重新并网升到30%功率平台，巡检KIC画面发现4GSS252VV的状态显示异常，此时阀门应该自动关闭，但KIC显示阀门处于红色的半开半关状态，且就地为全开,无法监视4GSS252VV状态,已采取的行动措施：oncall仪控和电气专业专业检香,1）4GSS251MD量程设置错误导致流量偏低。流量低联锁开启4GSS252VV，同时4GSS251VV全开联锁关闭4GSS252VV。所以4GSS252VV同时存在开启和关闭命令导致出现上述情况； 2）4GSS252VV是MSR右侧第1级疏水箱备用通风阀，查询逻辑图可以发现，导致阀门关闭的逻辑为“4GSS251VV开启”，导致阀门开启逻辑为“4GSS201BA通风蒸汽流量4GSS251MD小于0.3kg/s”；3）现场检查对比发现4GSS251MD就地显示正常，所以判断是仪表的量程设置错误（偏小）导致4~20mA的模拟量信号对应的流量显示较小。仪控专业通过重新调整4GSS251MD的量程参数后。流量由0.23kg/s变为0.72kg/s，恢复正常。随后在屏蔽4GSS252VV开反馈的前提下验证阀门动作正常,仪控处理反馈：1）仪控强制1 4GSS251MD，消除GSS疏水流量低报警；2）仪控进行4GSS251MD者参数设置修改，恢复4GSS251MD正常；3）拆除4GSS252VV全开反馈接线，避免验证4GSS252VV时触发全开导致4GSS251VV关闭；4）现场工作负责人4GSS252VV开关验证无异常,1)4GSS201BA 通风蒸汽流量4GSS251MD 小于0.3kg/s 会导致4GSS252VV 开启；2 ）由于模拟量信号只是4~20mA 的电流信号，转换到数字显示涉及量程的设置问题，当量程设置错误时，仪表的显示也是错误的，且呈比例变化；3 ）维修工作要全面考虑可能涉及的逻辑影响，防止对机组引人瞬态,
4 号机组并网过程中，同期选线器上电之后出现 4GSY104KA：选线器报警,4 号机组并网过程中，同期选线器上电之后出现 4GSY104KA：选线器报警,影响发电机同期并网,已采取的行动措施：1 ）查看和执行报警卡，就地检查故障报警情况：2 ）oncall 电气检查处理,装置内部GD 板卡故障,电气处理反馈，1 ）采取的措施：①检查发现4 号机组同期装置工作选线器故障和备用选线器故障，经拆借3 号机组同期装置备用选线器后，4 号机组同期装置恢复可用，并网成功。②而后利用厂家检验合格的同期装置线选器备件，安装至4 号机组同期装置选线器工作通道，及3 号机组同期装置备用选线器位置，恢复3 、4 号机组同期装置主备选线器均可用。③经现场实际验证，已确认4 号机,GSY104KA 3 报警可能的原因：选线器自检没通过发出的信号,
4JPD233VT(3MX/4MX消防水管网联通阀）出现漏水,4JPD233VT(3MX/4MX消防水管网联通阀）出现漏水,,若将此阀隔离 3MX 和 4MX 消防水管网的联通功能失去，鉴于漏量不大，运行保持观察，在处理漏点时再隔离处理,瞬间的压力变化会导致管道连接处发生一定错位。这种情况多次出现后就会导致连接处发生形变，密封圈损坏，产生漏水,解决方案讨论：方案一：参考运行一处做法，将 3、4JPD233VT 长期关闭。该阀门为 3MX 和 4MX 消防水管网的联通阀，3、4 号机组各有一个，关闭 233VT 后，3MX 和 4MX 消防水管网的联通功能失去，但可以有效防止管网压力变化（日常压力波动以及重大操作导致压力瞬变）对漏点处的冲击，但出于对系统功能完整性的考虑，该方案仅作参考。方案二：在进行涉及消防管网压力变化的操作（例如 JPP 定期试验）前，先将 233VT 关闭，待试验结束后再对该阀门进行恢复。该方案需要将 233VT 的开启和关闭操作加入到相关的定期试验规程中，作为规程执行前在线检查的一部分，能够保证在不影响系统功能完整性的情况下防止漏点处受到冲击。综合优缺点后采用了方案二，FQ3/4-JPP-T-001 规程已于 2017/08/31 升级，关闭泵出口阀启动。但关闭出口阀会造成 JPP 消防水泵不可用，需记录 10，且在 2019 年 01 月份维修机械答复目前缺陷情况可以允许开阀启动，又重新改回开出口阀启动的试验方法,JPD 系统全部管网充以 1.2 MPa.g 的水，压力由位于常规岛内的稳压水罐维持，稳压水罐能在 JPP 消防泵自动启动前向管网提供初期火灾灭火用水量,
4JPI007BA 液位缓慢升高,21:21，触发4JPI025KA C RCP泵房间的水进入废液箱），4JPI007BA液位自02月17日05：20，开始从232mm缓慢上涨，02月19日19:00上涨速率变快，当前4JPI007BA液位300.10mm，经计算当前进水速率约1.24L/h42167164.87119.0G301/00/161000图14JPI007BA液位上涨趋势,1)若漏点为主泵的RRI管线，则将影响主泵安全运行；2)若主泵消防在后续窗.口真实启动，油水混合物将无法顺畅排到4JPI007BA，或通过溢流管线导致8TEU005/006BA进油；3）如按照当前的速率，约96.7天后，4JPI007BA液位将达到主控满量程(1900mm),"1）已采取的行动措施：D检查主泵消防未动作，且RX内JPI为干管，漏水可能性较小；oncall拆除了4JPI055VE下游的堵头，查看了4JPI101VE下游的水量和压力，基本排出了壳外JPI通过JPI101VE4TPI070VE-4JPI028/029/030VE——进入4JPI007BA的可能。另外主泵一级消防的4JPI001/002/003BA也未出现液位和C02流量报警，因此，JPI消防泄漏的可能性可排除。
2②考虑到2 号机组及同行电厂出现过RCP 测温旁路阀门泄漏蒸汽冷凝后导致JPI007BA 液位上升的经验反馈。对近几日的一回路泄漏率的趋势进行了检查，一回路泄漏率总体较小，而且4JPI007BA 的增加量也较小，基本无法判断。另外，一回路测温旁路阀门均打过倒密封，泄漏可能性较小，但不排除。③4RRI002BA（运行列）液位持续下降以及RRI001BA（切列前）下降存在加速点与4JPI007BA 快速增加时间点存在一定的吻合，因此怀疑4RRI 壳内（主泵房间）可能存在泄漏。④通过4 号主控的DTL 在打开主泵房间的摄像头的灯后进行仔细查看，未发现明显漏点。期间泄压箱液位稳定无变化，运行保持关注4JPI007BA 上涨情况。注：D 经进岛取样发现4JPI007BA 内含有磷酸三钠且浓度高于设冷水，确定为设冷水泄","漏;2②通过R厂房20m摄像机查看,发现4RCP003P0电机空气冷却器出口RRI金属软管4RRI024FL处存在持续滴漏水。2)建议后续行动D运行继续关注4JPI007BA液位变化趋势,每值计算一回路泄漏率,关注RRI头箱泄漏率②专业做好进岛查漏准备
金属软管泄漏原因:软管与支架接触,管道振动过大,导致金属编织网损坏,内部波纹管破裂","机械处理反馈:金属软管泄漏原因:软管与支架接触,管道振动过大,导致金属编织网损坏,内部波纹管破裂。1)调停期间工作安排:①分三组进行排查,排查后还要对漏点位置其他设备进行影响评估;②ETY吹扫结束后对有备件的破损金属软管进行更换;③对于无备件损坏的金属软管。经专题会讨论进行技术评估后引流至集水箱。2)最终处理:①排查岛内其他金属软管有无破损;②对4RRI024FL进行更换;③对三个环路主泵金属软管加装防护措施","4JPI007BA 为RCP 三台泵所共用,回收火灾后的油和水排放物。 4JPI007BA 位于R 厂房-3.4m 。其来水管线有三根,分别接至3 台主泵正下方地漏（每台主泵有两个地漏）,无其他水源。分析JPI007BA 可能来水有如下三种：消防水、工艺水、设备冷却水、房间冷凝水",
4 号主控触发4KC0024KA（保护通道II 机柜故障）4KC0044KA（保护通道IV 机柜故障）和4KC0014KA（保护通道I 机柜故障）,"7:32,4 号主控同时出现4KC0024KA 保护通道II 机柜故障和4KC0044KA 保护通道IV 机柜故障报警，就地查看4KCS022AR 和4KCS041AR 故障报警灯亮。随后8:29KIC 出现4KC0014KA。保护通道I 机柜故障，当班值执行报警卡，现场检查4KCS014AR 和4KCS015AR 故障报警灯亮。就地房间温度正常，无柜门开启情况",,已采取的行动措施：1）查看和执行报警卡，就地查看4KCS022AR 和4KCS041AR 故障报警灯亮，KCS014AR 和4KCS015AR 故障报警灯亮；2）oncall 仪控检查处理,1) KC0014KA 报警由4KCS014AR 机柜内001UC-7LDI 卡自诊断故障引起，2h后已自动消失；自诊断信息为dual-port memoryerror，初步判断为内存读写偶发错误；2) KC0024/044KA 报警由4KCS022AR 机柜内002UC-3LDI 卡自诊断报警引起，2h自动消失，该DI 卡自诊断信息也为dual-port memoryerror,仪控处理反馈：1）处理进展：4KC0024KA、4KC0044KA 和4KC0014KA 2 h自动消除。2）检修步骤：已对两块DI 卡件进行更换。①发函厂家对故障具体原因进行分析确认；②将问题卡件返厂处理；③针对本次卡件更换过程的经验反馈，升版相应规程。3）故障原因分析：DKC0014KA 报警由4KCS014AR 机柜内001UC-7LDI 卡自诊断故障引起，2 h后已自动消失；自诊断信息为dual-port memoryerror，初步判断为内存读写偶发错误；②KC0024/044KA 报警由4KCS022AR 机柜内002UC-3LDI 卡自诊断报警引起，2 h自动消失，该DI 卡自诊断信息也为dual-port memoryerror,"1) KCS 机柜内卡件的功能指示PASS：模件正常指示FAULT：模件故障指示ACTIVE：模件诊断指示
就地查看KCS 机柜内报警卡件FAULT 灯亮，代表相应卡件故障，所在的柜门上报警灯也会亮，并在主控触发报警。放大后效果AIFALRACTN 图1 功能指示灯2) KCS 机柜的自诊断报警：处理器卡件、通讯卡件、AI 卡件、A0 卡件、DI 卡件、D0 卡件等的自诊断报警：①其中最常见的自诊断报警有A0 信号控制电流变化（ASG 调节阀动作期间产生KC0054KA、GCT 系统的调节阀动作时产生KC0034KA，KC0044KA），持续2h 后消失。②通讯卡、D0 卡自诊断报警，根据卡件所在的位置不同可以产生各个报警，持续2h 后消失。③处理器MP 卡件故障报警，其他类型的故障报警，报警持续2.h 后不消失",
4KCP523AR 机柜内保险损坏，导致L4RPE017027VP002VY055VE 阀门关闭且显示大红色,主控巡检发现4RPE017、027VP、002VY、055VE 阀门关闭且显示大红色，初步怀疑这些阀的控制电失去导致,4RPE017、027VP、002VY、055VE 阀门关闭造成 4RPE 安全壳内水箱无法向外部排水、排气,已采取的行动措施：1)估算 4RPERX 相关水罐上涨趋势，确保状态可控；2)onca11 维修仪控检查处理；3)主控密切关注 RPE 系统报警和水位上涨趋势情况,1) 4RPE027VP/002VY/017VP/055VE 阀门电磁阀失去上游 4KCP523AR 机柜内部 48V 供电；2)4KCP523AR 机柜内 TP-FP-248V DC 第四个刀闸保险损坏，导致阀门无法正常开启,仪控处理反馈：1 故障现象：4 号主控出现 4RPE027VP/002VY/017VP/055VE 阀门开故障。2)处理进展：4RPE027VP/002VY/017VP/055VE 故障已消除，阀门状态及功能已恢复正常。3)检修步骤：D 更换 4KCP523AR 内 TP-FP-248VDC 第四个刀闸保险后 4RPE027VP/002VY/017VP/055VE 阀门状态恢复正常；②主控验证 4RPE027VP/002VY/017VP/055VE 动作正常。4)故障原因分析：D4RPE027VP/002VY/017VP/055VE 阀门电磁阀失去上游 4KCP523AR 机柜内部 48V 供电；2)④4KCP523AR 机柜内 TP-FP-248VDC 第四个刀闸保险损坏，导致阀门无法正常开启,4KCP523AR 机柜内 Q18BN 下游负荷为 4RPE027VP/002VY/017VP/055VE，失电时阀门将关闭,
4KIC605WS(4 号机组堆操站A 列SVDU）屏幕不可用,堆操站A 列SVDU 屏幕4KIC605WS-001HV 操作无反应,导致4KIC605WS 不可用，产生I02 :KIC5,,触屏命令无法下发，但屏幕上显示的信号正常。触屏命令信号经USB 线缆送至主机的线路有故障，长期上电运行会导致信号偶发性的无法发送。根据3 号机组类似处理经验，屏幕侧USB 接口故障的可能性较大，先对USB 线缆进行热插拔消除I0，后续再领取备件对屏幕进行更换以排查到故障部件并完成问题的根本处理,仪控处理反馈：1 ）处理进展：4KIC605WS 屏幕已经恢复可用；2 ）检修步骤：对4KIC605WS 的USB 线缆进行热插拔，触屏恢复可用；3 ）故障原因分析：触屏命令无法下发，但屏幕上显示的信号正常。触屏命令信号经USB 线缆送至主机的线路有故障，长期上电运行会导致信号偶发性的无法发送。根据3 号机组类似处理经验，屏幕侧USB 接口故障的可能性较大，先对USB 线缆进行热插拔消除I0，后续再领取备件对屏幕进行更换以排查到故障部件并完成问题的根本处理,在主控制室3 个操纵员工作站各有2 台SVDU（A、B 系列各1 台）。如果SVDU 上出现下列情况，则宣布该台SVDU 不可用：1)SVDU 的屏幕不可用；2)SVDU 的服务器不可用,
4LH0低功率试验时，SVDUB列（4KIC608WS）出现两次重启,11:22 和13:15 ，机操站SVDUB 列 （4KIC608WS ）出现两次重启，约 5min 后重启完成，重启后操纵员重新登录后，该台SVDU 上参数可正常监视。并可进行正常的画面切换操作，经仪控确认可用。初步怀疑是 4LHO 低功率试验时电源恢复过程中导致,一个工作站上一台SVDU 不可用，需记录KIC 第二组IO : KIC5,,,4）处理措施：对4KIC608WSSVDU三主机F2烧断保险进行更换SVDU主机恢复双路供电。5）检修过程：①确认工作对象为4KIC608WS；②进行电源故障诊断，输入指令“pidin-p db_manager③输出指令show_eventOWS2_PS_1_OK”，确认F1供电正常；④输出指令“show_eventOWS2_PS_2_OK”，确认F2供电丧失③检查确认为F2供电保险烧断，对保险进行更换；③输出指令“show_eventOWS2_PS_2_OK”，确认F2供电恢复正常；?对4KIC608WSSVDU工作站进行日志收集；8确认工作完成，归还工作许可证。6)后续行动：考虑增加PM项对SVDU主机的保险进行定期检查及维护,1)在主控制室3个操纵员工作站各有2台SVDU(A、B系列各1台)。如果SVDU上出现下列情况，则宣布该台SVDU不可用：DSVDU的屏幕不可用；②SVDU的服务器不可用。2)4号机SVDU主机为双路电源供电，B列SVDU一路电源为4LNP供电：另一路供电电源4LMB,
4KIC625AR 机柜故障红灯亮,现场巡检发现4KIC625AR 机柜故障红灯亮,导致主控室大屏幕A 列服务器4KIC625AR 机柜失去一路供电,已采取的行动措施：1)oncall 仪控人员检查处理；2 ）要求仪控确认4KIC625AR 机柜另一路供电正常、允余列4KIC626AR 运行正常,4KIC625AR 其中一路供电上游空开106UP 跳开导致机柜失去一路供电,义控处理反馈1 ）缺陷描述：4KIC625AR 触发电柜报警：2 ）处理措施： 对4KIC625AR 下游负载及供电线路进行绝缘检查，未发现明显异常，合上106UP 后机柜双路供电正常；3 ）处理进展：已完成机柜内供电线路检查，负载及供电无问题，当前机柜已恢复双路供电。4KIC625AR 为主控室大屏幕A 列服务器机柜，单路供电对大屏幕运行无影响；4 ）原因分析：4KIC625AR 其中一路供电上游空开106UP 跳开导致机柜失去一路供电,,
4KRT011KA8(036MA监测通道故障报警,21:54 主控KIC 中出现4KRT011KA8(036MA 1 监测通道故障报警）， 安排辐射防护就地检查反馈4KRT036CR 上显示“气路故障”报警,4KRT036MA 故障不可用（双机组IO )，产生第二组IO : KRT9,,,"取样泵4KRT036P0 石墨叶轮断裂导致。电机空转，导致监测通道故障
电气处理反馈：1 ）处理进展：4KRT036P0 和4KRT036MA 已重新启动，就地检查运行正常。2 ）工作过程：①联系辐射防护人员将泵上游电源断开： ②打开4KRT036P0 接线盒进行验电并进行检查。绕组直流电阻为30 . 4Ω，绕组对地绝缘阻值为275M2 ，电容10μuF 电气特性正常，手盘电机风扇无法盘动；③打开4KRT036P0 泵体端盖，发现3 片石墨刮板破碎，碎片间隙已将泵体间隙填满，对碎片取出并清理泵腔，更换新的石墨刮板和滤芯； ④联系辐射防护现场启机验证后，设备运转正常：③工作结束，归还工作许可证；3 ）故障原因分析：取样泵4KRT036P0 石墨叶轮断裂",1)KRT036MA 用于DVN、DVK、DVW 系统通风管道空气β比活度的监测；2 ） KRT036MA 测量对象来自多个房间（3KRT036MA 有8 个取样支路， 4KRT036MA 有7 个取样支路），以3KRT036MA 为例，8 个取样支路对应8 个房间，依靠各支路的电磁阀循环打开来扫描不同的房间，同一时间只有一个支路在工作中。假设当前工作在A 支路，那么只有A 支路的电磁阀是打开的，其他支路电磁阀关闭，工作5min 后，A 支路电磁阀关闭，B 支路电磁阀打开，再过5min ，B 支路关闭，C 支路打开依次类推,
主控触发4KRT017MA&4KRT021MA 监测通道故障报警,主控同时触发4KRT011KA6:016MA 监测通道故障报警、4KRT011KA7 : 020MA 监测通道故障报警、4KRT013KAB:4KRT017MA 监测通道故障报警和4KRT013KAC:4KRT021MA 监测通道故障报警,触发报警，影响仪表监测的可靠性。仪控和辐射防护共同确认4KRT017/021MA 为可用状态，二级报警可正常触发,已采取的行动措施，1 ）联系辐射防护就地检查4KRT017/021MA 运行正常； 2 ）联系仪控检查，经检查报警触发的原因为：将B 列4KCS132AR 机柜断电后导致L8DVN002MD 流量信号送KRT 的4DVNKRTAD016_01_BSx 失效导,"仪控执行DCS机柜B列设备清灰和打力矩工作,将B列4KCS-132AR机柜断电后导致8DVN002MD流量信号送KRT的4DVN-KRTAD01601-BSx失效,从而导致主控触发4KRT011KA6:016MA监测通道故障报警、4KRT011KA7:020MA监测通道故障报警、4KRT013KAB:4KRT017MA监测通道故障报警和4KRT013KAC:4KRT021MA监测通道故障报警","仪控处理反馈:1)原因反馈:4KCS132AR机柜断电会导致8DVN002MD流量信号送KRT的4DVN-KRTAD01601BSx失效,从而会导致4号主控触发4KRT011KA6:016MA监测通道故障报警、4KRT011KA7:020MA监测通道故障报警、4KRT013KAB:4KRT017MA!监测通道故障报警和4KRT013KAC:4KRT021MA监测通道故障报警;2)影响分析:4KRT017/021MA实际为可用状态,二级报警可正常触发,不需记录I0","8DVN001MD由3KCS033AR 供电,8DVN002MD 由4KCS023AR 供电,3KCS033AR 和4KCS023AR 均为三路供电,来自LNB（两路）、LNE（一路）;8DVN001MD 的信号:就地流量表先送到3KCS033AR,一路信号送进卡件里进行处理（3DVN001MD),另一路信号经过3KCS035CR 隔离后送至4KCS033AR （4DVN001MD):3KCS131AR 中输出的信号（3DVN001MDBsxBUP）和 3KCS132AR 中输出的信号（3DVN002MD_BSxBUP）是送到3 号BUP 上显示:8DVN002MD 的信号:就地流量表先送到4KCS023AR,一路信号送进卡件里进行处理（4DVN002MD):另一路信号经过4KCS025CR 隔离后送至 3KCS023AR(3DVN002MD):4KCS131AR 中输出的信号（4DVN001MD_BSxBUP）和4KCS132AR 中输出的信号（4DVN002MDBsxBUP）是送到4号BUP 上显示:3KCS107AR 机柜断电会导致8DVN001MD 流量信号送KRT 的3DVNKRTAD01601-ASx 失效,从而会导致3 号主控触发3KRT011KA6:016MA监测通道故障报警、3KRT011KA7:020MA监测通道故障报警、 3KRT013KAB:3KRT017MA监测通道故障报警和3KRT013KAC:3KRT021MA监测通道故障报警,此时3KRT017/021MA为可用状态。二级报警可正常触发。不需记录I0。3KCS107AR 为三路供电,来自LNE/LNG/LMA。 4KCS132AR 机柜断电会导致8DVN002MD 流量信号送KRT 的4DVNKRTAD01601BSx 失效,从而会导致4号主控触发4KRT011KA6:016MA监测通道故障报警、4KRT011KA7:020MA监测通道故障报警、",
4KRT036MA 出现三次监测通道故障报警。显示传输通路故障。且无法复位,,4KRT036MA 不可用，3 号机组需要记录102 ：KRT9,已采取的行动措施：1 ）查看和执行报警卡；2 ）安排辐射防护就地检查确认4KRT036MA 报警情况；3 ）安排现场检查4KRT036MA 上游供电未见异常；4 ）反馈3 号机组主控，4KRT036MA 故障不可用，3 号机组产生I02 ： KRT9 ，并请加强关注3KRT036MA 的运行情况；5 ）onca11 仪控检查处理,4KRT036MA 继电器板性能不稳定或电磁阀信号转接板与继电器板之间的接线接触不良,仪控处理反馈1 ）检修措施及步骤：①开工前通知主控操作人员记机组 I0 ：②检查发现4KRT036MA 就地显示处理箱报气路故障，第7 道电磁阀故障；③将设备切换至手动模式，切换至第7 监测道检查发现第7 监测道电磁阀无异常；④对继电器板、电磁阀信号转接板与继电器板之间的排线重新插拔，设备重新上电，设备恢复正常；通知主控消除机组I0 ：2 ）故障原因分析：4KRT036MA 继电器板性能不稳定或电磁阀信号转接板与继电器板之间的接线接触不良,1)KRT036MA 用于DVN 、DVK 、DVW 系统通风管道空气β 比活度的监测；2 ） KRT036MA 测量对象来自多个房间（3KRT036MA 有8 个取样支路， 4KRT036MA 有7 个取样支路），以3KRT036MA 为例，8 个取样支路对应8 个房间，依靠各支路的电磁阀循环打开来扫描不同的房间，同一时间只有一个支路在工作中。假设当前工作在A 支路，那么只有A 支路的电磁阀是打开的，其他支路电磁阀关闭，工作5min 后，A 支路电磁阀关闭，B 支路电磁阀打开，再过5min ，B 支路关闭，C 支路打开依次类推,
4KRT036MA 流量波动,4KRT036MA 流量存在波动,工作时导致4KRT036MA 不可用，因4 号机组处于调试尚未装料阶段，无I02. 对于3 号机产生第二组I0: KRT9,已采取的行动措施：1 ）反馈3 号机组，4KRT036MA 不可用对于3 号机组产生I02: KRT9，并请3 号机组主控和辐射防护加强关注3KRT036MA 运行情况；2 ）要求仪控检查处理,取样管路4 、5 、6 三道流量偏低约1 . 0m /h 左右，调节流量调节阀，流量变化明显，管路未堵塞。1 、2 、3 、7 四道流量在2 . 1~2 . 5m /h 之间，当切换取样管道取样时，因不同道之间流量偏差过大，造成取样泵进气口前端压力变化过大，从而导致取样管路的流量计指针一直波动,仪控处理反馈：1 ）检修措施及步骤：①开工前，通知主控人员记机组 I0；②确认现场设备标牌和位置；③调节4KRT036MA 取样柜内流量调节阀，确认流量恢复正常：④工作结束，确认4KRT036MA 流量波动消除，确认设备恢复正常，通知主控人员消除机组I0;2 ）故障原因分析：取样管路4 、5 、6 三道流量偏低约1 . 0m /h 左右，调节流量调节阀，流量变化明显，管路未堵塞。1 、2 、3 、7 四道流量在2 . 1~2 . 5m /h 之间，当切换取样管道取样时，因不同道之间流量偏差过大，造成取样泵进气口前端压力变化过大，从而导致取样管路的流量计指针一直波动,"1)KRT036MA 用于DVN、DVK、DVW 系统通风管道空气βB 比活度的监测；
2）KRT036MA测量对象来自多个房间（3KRT036MA有8个取样支路，4KRT036MA有7个取样支路），以3KRT036MA为例，8个取样支路对应8个房间，依靠各支路的电磁阀循环打开来扫描不同的房间，同一时间只有一个支路在工作中。假设当前工作在A支路，那么只有A支路的电磁阀是打开的，其他支路电磁阀关闭，工作5 min后，A支路电磁阀关闭，B支路电磁阀打开，再过5min，B支路关闭，C支路打开依次类推",
4KRT036MA. :流量计故障,仪控巡检时发现4KRT036MA流量计故障,工作时导致4KRT036MA不可用，因4号机处于调试尚未装料阶段，无I02，对于3号机产生第二组I0：KRT9,已采取的行动措施：1)反馈3号机组，4KRT036MA不可用于对3号机组产生I02：KRT9，并请3号机组主控和辐射防护加强关注3KRT0036MA运行情况：2）要求仪控检查处理,流量计浮子卡涩,"仪控处理反馈：1)检修措施及步骤：①检查设备就地设备运行状态：②在4KRT036CR上将通道置于禁止状态：
③将通道置于手动状态：④输入命令，停止泵运行：5 拆开流量计进行检查：③对流量计内浮子进行清理，保证浮子活动自如：①恢复流量计：8 恢复通道运行：2 ）故障原因分析：流量计浮子卡涩",1) KRT036MA 用于DVN、DVK、DVW 系统通风管道空气β比活度的监测；2） KRT036MA 测量对象来自多个房间（3KRT036MA 有8 个取样支路， 4KRT036MA 有7 个取样支路），以3KRT036MA 为例，8 个取样支路对应8 个房间，依靠各支路的电磁阀循环打开来扫描不同的房间，同一时间只有一个支路在工作中。假设当前工作在A 支路，那么只有A 支路的电磁阀是打开的，其他支路电磁阀关闭，工作5min 后，A 支路电磁阀关闭，B 支路电磁阀打开，再过5min ，B 支路关闭，C 支路打开依次类推,
4KRT041MA 取样泵异常跳闸,"18:56:33 主控触发4KR041MA 监测通道故障报警。主控立即联系辐射防护就地检查发现仪表取样泵4KRT041PO 异常跳闸，系统在线检查正常。经主控安排后，辐射防护人员按照就地操作单准备重新启动取样泵。 4KRT041PO 仪表取样流量、显示均恢复正常，无异常报警时间为 19:15:23）。21:03 分再次触发4KRT041MA 故障报警，取样泵4KRT041PO 未知原因跳闸。4 号机组当前MCS 木模式且EBA 投运，产生I01: EBA1
主控触发1KRT015KA（008MA反应堆厂房N-13活度1级报警）、1KRT038KA（008MA反应堆厂房N-13活度2级报警）、1KRT011KAB（008MA监测通道故障报警），主控KIC中1KRT008MA显示××x","1)4KRT041MA 测量EBA 系统空气取样活度，其故障在MCS 模式EBA 投运时下产生I01:EBA1+I02: KRT4:2）初始机组已存在限制条件（设备闸门开启运输物资），I0 叠加要求后撤时间为1h;3)EBA 系统为保持安全充换气通风设置，保证内部人员的工作条件。如关闭则将影响厂房内通风和即将进行的主系统排气操作
1）1KRT008PO故障需要隔离检修，隔离时可能需要同时停运1KRT009MA，将导致1KRT009MA不可用，产生I02：KRT8；
2 ）因ETY 布样点在1KRT008MA 所在管路中，1KRT008PO 停运不可用，管路中气体流量低，将导致ETY 布样时不具有代表性。影响1ETY 布样工作的开展。报警出现时1 号机安全壳内压力已达到104 kPa.a ，已对1ETY 提取样申请，待布样。若故障长时间无法消除，将影响1 号机安全壳内气体有效取样，若安全壳内的相对压力超过6 kPa 时，将产生I02:EPP1 ， 相对压力超过10 kPa 时，将产生I01:EPP2","已采取的行动措施：1 ）初始机组存在限制条件（设备闸门开启运输物资），I0 叠加要求后撤时间为1h 。当班值紧急退出14EBA.3 运行，消除101:EBA1。4EBA 退出后将对即将开始的主系统充水后的排气操作主线）造成影响；2 ）联系辐射防护值班人员现场检查确认异常情况和在线情况，要求辐射防护重新启动4KRT041PO ，恢复4KRT041MA 可用；3)onca11 维修仪控人员检查并处理取样泵异常跳闸原因；4 ）安排主控和现场熟悉《F04-D12-C-004 EBA 系统停运、恢复DVNEVR 至正常运行方式》（EBA1 的条款要求8h 内隔离EBA 贯穿件）;5 ）确保机组安全壳0m、8m 气闸门保持联锁状态
已采取的行动措施：1 ）主控查看和执行报警卡，立即查看1KRT008MA 趋势变化，KIC 中1KRT008MA显示×××;2 ）安排现场检查确认1KRT008MA 机柜1KRT018AR 的上游供电正常；3 ）联系辐射防护检查1KRT008MA 故障情况，确认取样泵1KRT008PO 停运；4 ）因1KRT009MA 与1KRT008MA 从同一取样母管引流，主控立即联系辐射防护人员检查1KRT009MA ，确认 1KRT009MA 运行正常；5 ）安排辐射防护和运行现场就地检查1KRT008PO 管路在线，未见异常；6 ）主控立即oncall 维修电气与仪控就地检查处理，并要求维修电气同时核实泵备件。建议后续行动：运行关注1 号机组安全壳压力上涨趋势，跟踪1KRT008PO 处理进展，在1KRT008PO 恢复可用后，及时联系化学流出物人员开展1ETY 布样工作，以便后续通过1ETY 排放降低安全壳内压力","4KRT041MA：滤纸破损
1KRT008PO 石墨叶片损坏",仪控处理反馈1）检修措施及步骤：①D检查发现4KRT041MA滤纸破损； ②更换新滤纸，调节流量至2.40m/h；③设备恢复正常，故障消除；④工作结束后，清理现场；2）故障原因分析：4KRT041MA滤纸破损,"KRT041MA 用于监测EBA 系统空气活度的变化，并自动启动隔离装置，隔离EBA、RPE 系统。3 /4KRT041MA 触发二级报警时，将联锁 3 /4RPE002VY/017VP/027VP/055VE 关闭， 3 /4RPE001P0/002P0/003P0/004P0/014P0 停运， EBA001VA/003VA/013VA/015VA 关闭。KRT041MA 从EBA 系统壳外管路抽气取样进行测量，抽气管路相关的EBA 阀门为EBA013VA、014VA、015VA、 016VA。这几个阀门若被关闭（即便任意一个），都会导致KRT041MA 取样泵停运且通道出现流量失效故障报警（3KRT003AR 机柜故障报警、 4KRT004AR 机柜故障报警）。失效报警信号一旦出现就不会自行消失，必须要人员到KRT 机柜手动解除
ETY 布样点在1KRT008MA 所在管路中，1KRT008P0 停运不可用时，管路中气体流量低，将导致ETY 布样时不具有代表性影响1ETY 布样的工作开展",
主控KIC 出现4LGB008KA(4LGB 母线电压互感器故障）,主控KIC出现4LGB008KA母线电压互感器故障,1)影响主控室对配电盘运行状态判断；2)影响电压互感器本体的使用,1)已采取的行动措施：oncall1电气检查处理。2)建议后续行动：①已准备工单计划实施TCA，对消谐装置报警信号进行闭锁（工单已完成准备，已排入日常计划）；②4LGB停电窗口对4LGB001TU间隔消谐装置进行更换；③对故障件返厂检测,消谐装置异常，触发报警继电器动作,电气处理反馈：1)已准备工单计划实施TCA，对消谐装置报警信号进行闭锁（工单已完成准备，已排入日常计划）；2)4LGB停电窗口对4LGB001TU间隔消谐装置进行更换；3）对故障件返厂检测,"1)4LGB008KA母线电压互感器故障的可能原因有：①母线电压互感器非工作位置；②一次熔丝故障；③二次熔丝故障；④加热器故障；5母线低电压；?消谐装置动作。
2)2017 年至2018 年期间，4 号机日常运行期间6 . 6kV 电压互感器柜上的WXZ196-4 型微机消谐装置多次闪发异常报警，导致主控多次触发 4LG*008KA 报警信号，消谐装置异常报警原因为消谐装置自检异常，导致信号监视继电器030XR . 1 动作。401 大修窗口，使用校验合格的消谐装置更换4LGA/B/C/D/E/F 母线的6 台消谐装置更换，更换新备件后，4 号机组6 台消谐装置运行一个燃料循环均未出现异常报警",
4LHB105IA 摇到隔离后。、4RCV002PO 的联锁钥匙无法拔出,"4LHB105JA 摇到隔离后，4RCV002PO 的联锁钥匙无法拔出
仪控执行3LH0200MN标定工作，在回装仪表接线时，3LH0501AR机柜内空开JS37(模拟量输入电源空开)跳开
24日早班,执行F03-LHP-T-001A列柴油发电机低功率试验时,就地存在“LHP500UCSSECCOMMONALARM”,主控出现3LHP704KA(应急柴油发电机组机械故障)报警。维修电气、机械、仪控及设备管理检查为柴油机启动过程中B1涡轮增压器转速信号检测为0,为了进一步验证缺陷原因,中班重新执行了3LHP低功率试验,在3LHP启动过程中各专业确认B1涡轮增压器没有启动。25日中班,3LHP#柴油机满功率运行期间,主控两次出现3LHP704KA(紧急柴油发电机组机械故障)报警,就地核实为柴油机燃油尺杆位移输出超差。3LHP在满功率平台运行期间,调速器闪发燃油齿条故障、执行器故障、燃油尺杆位移传感器超差报警,同时出现3LHP500UC5调速器综合报警并保持。(影响主调速器功能,备用调速器功能完好,不影响柴油机可用性),分析为主通道燃油尺杆位移传感器故障,输出信号异常波动导致与正常的备用传感器测量值超差","可能影响LHB 电压显示，影响LHB 系统的可用性
影响3LHQ501AR机柜内空开JS37(模拟量输入电源空开)下游仪表的可用性
1)3LHP柴油发电机不可用,造成3号机一列厂内电源不可用,产生第一组IO(LHP/Q1),三天内开始向NS/RRA模式后撤(五柴替代3LHP成功后可以改记录第二组IO);2)影响运行定期试验的执行,F03-LHP-T-001试验有超期风险;3)一个厂内电源不可用,影响3号机组电源裕度;4)3LHP柴油发电机无法达到满功率","已采取的行动措施：oncall 电气专业处理
已采取的行动措施：联系仪控检查处理并恢复3LH0501AR机柜内空开JS37及其下游仪表可用
1)已采取的行动措施:D联系安工确认,保守起见按照3LHP当前不可用对待:②由于已经定位缺陷原因,停运柴油机并恢复初始状态:","连锁机构卡涩
仪表信号线绝缘皮存在破损，在恢复接线时将导线穿入仪表接线盒套管过程中破损处露出的铜线接触到仪表套管金属；造成信号线接地，引起仪表供电的24VDC空开因过流跳闸","电气处理反馈1 ）检修过程：①验证隔离正确性。召开工前会；②确认4LHB105JA 处于断开状态，4LHB105JE 处于闭合状态；
③打开柜门对连锁机构进行润滑，确认无卡涩④关闭柜门进行验证钥匙无卡涩：5工作结束。2）故障原因分析：连锁机构卡涩
1)仪控处理反馈：原因分析：仪表信号线绝缘皮存在破损，在恢复接线时将导线穿入仪表接线盒套管过程中破损处露出的铜线接触到仪表套管金属，造成信号线接地，引起仪表供电的24VDC空开因过流跳闸；仪表信号分析：①D3LH0101MN(左侧漏油罐液位)：当液位大于80%时，产生3LHQ704KA机械故障报警，对柴油机可用性无影响；②3LH0102MN(右侧漏油罐液位)：当液位大于80%时，产生3LHQ704KA机械故障报警，对柴油机可用性无影响；③3LH00156MN(润滑油罐液位)：当液位低于10%时，产生3LH0704KA机械故障报警。产生复位就地手动启动3LHQ154P0的信号，对柴油机可用性无影响；④3LH0105MN(主油罐液位)：a.当液位高报时，产生3LH0704KA机械故障报警，对柴油机可用性无影响；b.当液位低报时，产生3LH0704KA机械故障报警，对柴油机可用性无影 响；
轮增压器控制机构电磁阀组3LHP350UC中对应B1、B3涡轮增压传感器的电磁阀故障
设备管理机械处理反馈，处理进展：更换涡轮增压器控制机构电磁阀组3LHP350UC中对应B1、B3涡轮增压传感器的异常电磁阀后，经满功率试验验证，涡轮增压器A1、A2、B1、B2、B3正常投入，转速信号正常，涡轮增压器无法正常投入缺陷已消除，满功率试验结果合格：3LHP恢复可用。同时满功率试验期间出现的主通道燃油尺杆位移传感器故障，领取备件对故障的主通道燃油尺杆位移传感器进行更换，静态验证合格后执行低功率试验，验证主备通道燃油尺杆位移传感器输出是否存在较大偏差。通过01月25日晚重新进行低功率试验验证，低功率运行（2300kW左右）验证15min左右，未再次出现调速器相关报警，经查看波形主备燃油齿杆位移传感器偏差稳定在0.6左右无较大波动，主通道燃油尺杆位移传感器故障已消除，3LHP恢复正常状态。1)01月24日低功率试验期间出现的报警处理1故障现象：B1涡轮增压器未能正常投入，调速器出现B1涡轮增压器无转速报警并保持，闪发B3涡轮增压器无转速报警及调速器切入故障报警。②故障原因：涡轮增压器控制机构电磁阀组350UC中对应B1、B3涡轮增压传感器的电磁阀故障（卡涩）。③处理方法：领取备件对故障电磁阀进行更换，静态验证合格后执行满功率试验，验证A1/A2/B1/B2/B3涡轮增压器投入功能。④工作过程（工单01125641-01）：a.确认设备位号与工作票一致：b.对3LHP350UC的电磁阀进行动作验证，电磁阀卡涩：C.更换备件后验证合格：d.工作结束，清理现场。5处理结果：通过01月25日满功率试验验证，涡轮增压器A1、A2、B1、B2、B3正常投入，转速信号正常，涡轮增压器无法正常投入缺陷已消除，柴油机恢复可用。
2)01月25日满功率试验期间出现的报警处理①故障现象：3LHP在满功率平台运行期间，调速器闪发燃油齿条故障、执行器故障、燃油尺杆位移传感器超差报警，同时出现3LHP500UC5调速器综合报警并保","1) 3LHQ101MN (左侧漏油罐液位): 当液位大于80%时, 产生3LHQ704KA机械故障报警, 对柴油机可用性无影响; 2) 3LHQ102MN (右侧漏油罐液位): 当液位大于80%时, 产生3LHQ704KA机械故障报警, 对柴油机可用性无影响; 3) 3LHQ156MN (润滑油罐液位): 当液位低于10%时, 产生3LH0704KA机械故障报警, 产生复位就地手动启动3LH0154P0的信号, 对柴油机可用性无影响; 4) 3LHQ105MN (主油罐液位): ①当液位高报时, 产生3LH0704KA机械故障报警, 对柴油机可用性无影响; ②当液位低报时, 产生3LH0704KA机械故障报警, 对柴油机可用 性无影响; ③当液位低报时, 产生3LH0704KA机械故障报警, 产生停运燃油输送泵3LH0102P0和103P0, 对柴油机可用性无影响; 5) 3LHQ200MN (冷却水膨胀水箱): ①当液位高报时, 产生3LH0704KA机械故障报警, 对柴油机可用性无影响; ②当液位低报时, 产生3LH0704KA机械故障报警, 产生3LH0202RS和3LH0203P0停运命令, 已通过模拟正常液位信号确保3LH0202RS和3LH0203P0正常工作, 对柴油机可用性无影响; ③当液位低低报时, 产生3LH0704KA和708KA报警, 产生柴油机跳机信号和保护停信号, 但是柴油机应急启动信号会屏蔽这两个信号, 对柴油机可用性无影响; 6) 3LHQ201MN (进气冷却水膨胀水箱): ①当液位高报时, 产生3LH0704KA机械故障报警, 对柴油机可用性无影响; ②当液位低报时, 产生3LH0704KA机械故障报警, 对柴油机可用 性无影响; ③当液位低低报时, 产生3LH0704KA和708KA报警, 产生柴油机跳机信号和保护停信号, 但是柴油机应急启动信号会屏蔽这两个信号, 对柴油机可用性无影响; 7) 3LHQ152MP (运转齿轮润滑油压)、3LH0153MP (运转齿轮润滑油压)、3LH0154MP (运转齿轮润滑油压): 当压力低时, 产生3LH0704KA机械故障报警; 当压力低低和满足三取二逻辑时且柴油机处于非应急运行模式启动下, 会产生柴油机跳机信号和保护停信号, 但是柴油机处于停运或应急启动情况下会屏蔽这两个信号, 对柴油机可用性无影响
4)B2 涡轮增压机平均转速达到 40 000r/min 时，B3 增压器开启［对应约 2730kW 功率1。柴油机低功率试验功率约 2400kWA1/A2/B1/B2 投运，B3 正常不会投运：5）调速器在发出B1 启动命令后的5s 内，如没有接收到B1 涡轮增压机的转速信号，则判断B1 涡轮增压机启动失败，同时启动B2 涡轮增压机，以此类推",
4LHO 低功率试验时，SVDUB 列（4KIC608WS）出现两次重启,,一个工作站上一台SVDU 不可用，需记录KIC 第二组IO：KIC5,1）已采取的行动措施：D 发现机操站一台SVDU 重启后，及时确认该工作站重启后参数可正常监视并可正常进行画面切换；②确认其他操纵员站SVDU 工作正常；③及时o call 仪控专业确认该工作站目前可用，并开紧急票对其进行检查；④查询技术规范并与安工核实，在重启时间段内该台SVDU 不可用，记录KIC5 第二组IO，并执行KIC5 要求采取的措施（重新分配工作站）。2）建议后续行动：①初步怀疑为早班执行4LHO 低功率试验恢复时电源切换过程中导致SVDU 短时失电后重启，需仪控专业对该SVDU 上游双电源进行检查和日志收集，并分析此次出现重启的根本原因；②根据仪控后续的检查结果，建议后续进行柴油机低功率试验时主控操纵员加强SVDU 状态监视，并对试验规程进行升版增加该经验反馈,经检查确认4KIC608WSSVDU 主机F2 保险烧断：SVDU 主机为双路电源供电，保险烧断导致一路电源4LNP 供电丧失；同时进行4LHO 柴油机低功率试验时，由于电源短时切换导致另一路供电电源4LMB 短时丢失，造成4 号机组机操站B 列SVDU（4KIC608WS 短时断电后重启,仪控处理反馈：1 ）处理进展：已完成烧断保险更换，SVDU 工作正常。2 ） 缺陷描述：4 号机组机操站B 列SVDU（4KIC608WS）不明原因重启。3 ）原因分析：经检查确认4KIC608WSSVDU 主机F2 保险烧断：SVDU 主机为双路电源供电，保险烧断导致一路电源4LNP 供电丧失；同时进行4LHO 柴油机低功率试验时导致另一路供电电源4LMB 短时丢失，造成4 号机组机操站B 列SVDU（4KIC608WS）重启。4 ）处理措施：对4KIC608WSSVDU 主机F2 烧断保险进行更换SVDU 主机恢复双路供电。5 ）检修过程：①确认工作对象为4KIC608WS；②进行电源故障诊断，输入指令“pidin-p db_manager ”③输出指令“show_event0WS2_PS_1_OK”，确认F1 供电正常；④输出指令“show_event0WS2_PS_2_OK”，确认F2 供电丧失；③检查确认为F2 供电保险烧断，对保险进行更换；③输出指令,"1)在主控制室3个操纵员工作站各有2台SVDU(A、B系列各1台)。如果SVDU上出现下列情况,则宣布该台SVDU不可用:①SVDU的屏幕不可用;②SVDU的服务器不可用。2)4号机SVDU主机为双路电源供电,B列SVDU一路电源为4LNP供电:另一路供电电源4LMB",
对 4LKE381JA 抽屉开关进行检查处理,4DVG003ZV 电气开关柜运行时有电流声，对 4LKE381JA 抽屉开关进行检查处理,可能导致 4DVG003ZV 不可用,已采取的行动措施：oncall 电气专业处理,计时器工作时发出的声音,电气处理反馈——工作过程：1）确认开关处于断开状态，将 4LKE381JA 置于检修垫。对抽屉进行清扫，确认接线无松动，元器件无损坏；2）测量 4LKE381JA 出线电缆对地绝缘大于 273MQ，结果合格；3)断开计时器回路，联系运行投运 4LKE381JA，抽屉无异音，不存在放电情况，投入计时器回路。确认声音来源为计时器工作时产生，属于正常情况，不影响运行；4)将该情况告知主控，进行宣贯学习,,
4LLS001AP 启动后，主控出现 4LLS452KA：水压试验泵柴油发电机组机械故障,早班按计划执行F04-LLS-T-001 时，4LLS001AP 启动后，主控出现 4LLS452KA：水压试验泵柴油发电机组机械故障，现场检查4LLS001AP 运行状态和参数，发现控制屏上存在报警可编程传感器2 故障，进一步检查发现冷却水温度高达119℃。主控将4LLS001AP 停运时，根据逻辑图应延时300s 停运，但实际是停运信号发出4LLS001AP 立即停运,1)4LLS001AP 不可用，双机组产生I02:LLS1;2）根据现场现象及历史缺陷，初步分析，冷却水温度测量通道或探头存在故障，非冷却水温度真实高,已采取的行动措施，1）查看和执行报警卡，现场检查4LLS001AP 运行状态和参数，发现控制屏上存在报警可编程传感器2 故障，进一步检查发现冷却水温度高达119℃：2）在主控停运4LLS001AP3 安排现场对冷却水管线进行点温，点温温度在64℃左右；4）按照规程恢复机组状态，消除双机组I01:RIS5;5)oncall 维修电气检查处理,冷却水温度高报警的原因：控制器接线端子排（插拔式）有轻微松动。 主控停运柴油发电机后没有延时300s 的原因：水压试验泵应急柴油发电机应急启动（主控启动属于应急启动）情况下，冷却水温度高报警不会导致柴油机跳机，当主控发出停运命令后，应急启动信号消失，此时冷却水温度高报警存在且机组转速超过300r/min ，满足跳机逻辑，所以没有300s 的延时,"电气处理反馈：1）故障描述：早班按计划执行F04-LLS-T-001 时， 4LLS001AP 启动后，主控出现4LLS452KA：水压试验泵柴油发电机组机械故障，就地出现冷却水温度高报警（可编程传感器2 高），温度显示值为119℃，报警阈值为91℃。2）原因分析：冷却水温度高报警的原因：控制器接线端子排（插拔式）有轻微松动。主控停运柴油发电机后没有延时300s 的原因：水压试验泵应急柴油发电机应急启动（主控启动属于应急启动）情况下，冷却水温度高报警不会导致柴油机跳机，当主控发出停运命令后，应急启动信号消失，此时冷却水温度高报警存在且机组转速超过300r/min ，满足跳机逻辑，所以没有300s 的延时。
3 ）处理措施：①立即测量冷却水真实温度为64 ℃；②对温度探头进行检查并进行模拟，未发现问题；③对控制器接线端子排（插拔式）进行检查，发现有轻微松动，重新对端子排进行压紧后，控制屏上冷却水温度显示正常（45 ℃左右），晃动端子排，显示数值未发生变化，确认端子排已固定；④对4LLS002AR 内同类端子排进行检查未发现松动问题",1 ）冷却水温度高报警存在且机组转速超过300r/min ，且无紧急启动信号时，水压试验泵应急柴油机触发保护跳机和紧急停机；2 ）当 3 /4LLS001AP 无应急启动信号时，在就地位置手动停机或是在远方位置 KIC 中手动停机时，经300s 冷却延时后，3 /4LLS001AP 停机,
4LLS001AP 在KIC 中显示洋红色，4LLS008SY 故障灯亮（机械故障）,4LLS001AP 在KIC 中显示洋红色，4LLS008SY 灯亮（机械故障），现场使用复位按钮复位后报警仍存在,导致闭锁4LLS001AP 主控启停操作，影响柴油机的可靠性,已采取的行动措施，oncall 电气人员检查处理,柴油机水箱淡水液位低,电气处理反馈1 检修过程：①与值长沟通询问近期该设备有无其他人员操作或相关工作：②到运行隔离办开紧急维修工作指令单；③确认设备位置，召开工前会；④现场观察4LLS008SY 故障对应的406XE 继电器动作：现场PLC402UC 上面10.6 动作指示灯亮，10.6 代表的是淡水液位低开关402SN；③值长同意，联系机械人员对水箱补充淡水到合格液位，10.6 指示灯灭，406XE 继电器恢复原状态，主控反馈4LLS008SY 故障消除。2）故障原因分析：水箱淡水液位低,技改知识：针对“3/4LLS001AP 在就地故障时，主控3/4LLS001AP 出现洋红无法操作”的问题，当前已通过对3/4LLS001AP 一层数据进行修改处理。在故障出现时，3/4LLS001AP 在KIC 中的操作按钮不会出现洋红色，仍可以操作（详情请见WR/WOT：00592298/01294124.01、00592302/01294164-01,
4LLS001AP 异常停运，导致3LLS001AP 自动启动,"早班执行定期试验FQ4-LLS-TPTSL-0002,4LLS001AP 启动带载8RIS011P0运行约11min 后，8RIS011P0 停运，8LLS022JA 跳闸；2s 后8LLS022JA 重新合闸，8RIS011P0 再次带载；约1min 后，8RIS011P0 再次停运， 8LLS022JA 跳闸。之后4LLS001AP 反复显示“正常运行状态一洋红色”， 伴随主控产生报警“4LLS451KA ：水压试验泵柴油发电机组电气故障”“8RIS423KA ：试验泵及辅助装置主故障”，就地试验配合人员观察到 4LLS001AP 多次转速下降。4LLS001AP 反复3 次显示“正常运行状态一洋红色”后，触发4LLS001AP 启动3 次失败，3LLS001AP 自动启动","1)3LLS001AP 紧急停运期间，导致2 台LLS 柴油发电机不可用，产生双机组随机I01:LLS2
2)4LLS001AP 不可用，产生双机组随机I02 :LLS1 （注：此时3 号机组存在4 个102 ) ;3 ) QSR 定期试验FQ4 -LLS -TPTSL -0002 不成功； 4)8RIS011PO 暂不可用，产生双机组随机I01 :RIS5",1 ）已采取的行动措施：①查看和执行报警卡；②执行《FQ4 -LLS - TPOPAB -00014LLS001AP 启动失败导致3LLS001AP 异常启动处理规程》将8RIS011PO 、3LLS001AP 紧急停运。3LLS001AP 紧急停运期间，导致2 台LLS 柴油发电机不可用，产生双机组随机I01 :LLS2 :8RIS011PO 暂时不可用，产生双机组随机I01 :RIS5 ;③现场进行就地复位操作，通过 4LLS405T0 复位4LLS001AP 报警，通过3LLS401/405T0 复位3LLS001AP ， 恢复3LLS001AP 可用，消除双机组随机I01 :LLS2 ;④onca11 维修机械、电气、仪控和设备管理工程师检查处理：5 检查核实8RIS011PO 停运原因，确定因8LLS001AR 电压低，最终导致水压试验泵8RIS011PO 跳闸，安排现场继续根据规程复位8LLS030T0 并恢复水压试验泵在线状态，水压试验泵恢复可用，消除双机组I01 :RIS5 。2 ）建议后续行动：①检查4LLS001AP 异常停运原因，恢复4LLS001AP 可用；②检查 8RIS011PO 停运原因，确认8RIS011PO 可用；3 ) 4LLS001AP 恢复可用后，重新执行定期试验F04 -LLS -TPTSL -0002,"1 ）主控首先出现报警8RIS423KA （试验及辅助装置主故障），水压试验泵8RIS011PO 停运，经查询逻辑图，产生8RIS423KA 报警的原因如下： ①变频器故障（有可能）；②润滑油泵启动后压力低（有可能）；③开始调压后压力高（未进行过调压，不可能）；④8RIS111PO 过载（未发生）；58RIS113PO 过载（未发生）；?8RIS302VB 过载（未发生）；②8RIS001-003JS 打开（未发生）。水压试验泵8RIS011PO 跳闸可能原因如下：①变频器故障（有可能，电压波动可能导致变频器运行故障）；②急停信号触发（未触发）；③8LLS021JA 或8LLS022JA 未合闸（未发生）；
原因分析结论：燃油电磁阀100EL控制阀故障燃油回路旁路控制阀内漏，内漏使得进油主回路燃油被旁通回油箱，导致气缸供油不足，柴油机异常停运以及启动失败",机械处理反馈1)处理进展：最终定位故障原因是燃油电磁阀100EL控制阀故障，更换控制阀后，就地启动4LLS001AP空载运行、带载试验合格。参数正常。2)故障原因分析：控制阀布置在燃油总管，当燃油压力达0.33～0.40MPa，控制阀动作，旁通回路开启，将部分燃油旁通至油箱，,3/4 号机KIC 上启动小柴后会闭锁冷却水温度高、润滑油压力过低、机组过流停机信号，同时小柴连续启动3 次均失败后（21.5s）会联锁启动相邻机组的小柴,
3、4LX/WX厂房DCS机柜房间湿度连续三周低于正常范围,"仪控二科自控一班在对专用系统巡检过程中发现, 3、4号机组DCS机柜所在房间(L709/L710/L609/L507/L505/L509/W609/W607/W603/W602/W228/L749/L750/L649/L)湿度普遍偏低, 湿度在25%~35%之间, 低于正常范围45%~65%",,"已采取的行动措施1) 持续关注厂房湿度变化; 2) 启动DVC系统加湿器, 增加电气厂房各房间的相对湿度为20%~80%。建议后续行动: 加强对电气厂房湿度的巡检, 通知仪 由于冬天空气干燥另外DVC加湿器未运行, 导致电气厂房湿度偏低",,"运行处理反馈, 通过启动DVC加湿器恢复房间湿度",控制室和相关机柜区设备房间的相对湿度为20%~80%,
4PTR023VB 逆止阀卡涩导致RRA 系统满水备用时余热排出泵出口压力低,巡盘时发现余热排出泵出口压力4RRA004MP 显示为0 . 05 MPa ，经对比相同机组模式下的3 号机组显示0 . 19 MPa 。由于RRA 系统退出运行后由乏池通过4PTR021VB、4PTR023VB 保持满水状态，压力应显示0 . 19MPa 。 目前怀疑4PTR023VB 逆止阀卡涩导致（当前1 号机组存在同样缺陷）,导致RRA 系统在退出运行后，导致乏池未能通过PTR 系统与RRA 系统连接管线来使RRA 保持满水状态,已采取的行动措施，1 ）主控对比相同机组模式下的3 号机组余排泵出口压力显示0 . 19 MPa ，初步怀疑4PTR023VB 逆止阀卡涩或是仪表 4RRA004MP 故障，经查4RRA004MP 趋势未见明显异常；2 ）联系机械准备检查处理方案,4PTR023VB 逆止阀卡涩，导致乏池未能通过PTR 系统与RRA 系统连接管线来使RRA 保持满水状态,2) 工作过程：①确认设备位号，辐射防护人员确认环境剂量率；②执行4PTR023VB逆止阀卡涩处理方案；③服务人员拆除保温；④对止回阀进行敲击：与主控确认4RRA004MP压力显示读数正常，工作结束；3)故障原因分析：4PTR023VB逆止阀卡涩，导致乏池未能通过PTR系统与RRA系统连接管线来使RRA保持满水状态,RRA系统退出运行后由之池通过4PTR021VB、4PTR023VB保持满水备用状态,
4PTR023VB 逆止阀卡涩导致RRA 系统满水备用时余热排出泵出口压力低,巡盘时发现余热排出泵出口压力4RRA004MP 显示为0 . 05MPa ，经对比相同机组模式下的3 号机组显示0 . 19 MPa 。由于RRA 系统退出运行后由乏池通过4PTR021VB、4PTR023VB 保持满水状态压力应显示0 . 19 MPa ，初步怀疑4PTR023VB 逆止阀卡涩导致,导致RRA 系统在退出运行后。导致乏池未能通过PTR 系统与RRA 系统连接管线来使RRA 保持满水状态,已采取的行动措施：1 ）主控对比相同机组模式下的3 号机组余排泵出口压力显示0 . 19 MPa 。初步怀疑4PTR023VB 逆止阀卡涩或是仪表4RRA004MP 故障，经查4RRA004MP 趋势未见明显异常；2 ）联系机械准备检查处理方案,4PTR023VB 逆止阀卡涩。导致乏池未能通过PTR 系统与RRA 系统连接管线来使RRA 保持满水状态,机械处理反馈：1 ）处理进展：10 月23 日早班进入核岛敲击逆止阀 4PTR023VB 后，余热排出泵出口压力恢复正常（4RRA004MP 示数显示0 . 19 MPa ）。2 ）工作过程：①确认设备位号，辐射防护人员确认环境剂量率；②执行4PTR023VB 逆止阀卡涩处理方案；③服务人员拆除保温；④对止回阀进行敲击；5 与主控确认4RRA004MP 压力显示读数正常，工作结,RRA 系统退出运行后由乏池通过4PTR021VB、4PTR023VB 保持满水备用状态,
4RAM002AP 带载并车过程中电机低频保护动作,4 号机根据4D11 规程执行F04-RAM-C-001（先启动4RAM001AP 再启动4RAM002AP 手动带载并车）操作票，4RAM001AP 启动后，在启动4RAM002AP 同步并车的过程中出现4RAM002MO 低频保护动作，该保护导致4RAM002AP 无法正常并车,1 ）影响4RAM002AP 同步并车，4RAM 电机无备用；2 ）目前4 号机控制棒已提至5 步，单台RAM 电机运行失去备用，有停堆落棒风险；3 影响仪控执行冷态控制棒再鉴定及试验，根据主规程仪控试验执行完成前，主回路升温不得超过90 ℃，进而影响主回路升温主线,已采取的行动措施：1 ）暂停带载并车操作和仪控执行冷态控制棒再鉴定及试验；2 ）安排现场检查4RAM002MO 各项运行参数（频率、电压等参数）；3 ）oncall 设备管理、维修专业就地检查；4 ）维修电气检查后将4RAM002AP 暂停运行,低频保护继电器本身故障或者无法躲过电机启动过程导致报警无法复归,电气处理过程1 ）工作过程：①检查601XH 端子接线紧固情况及绝缘均无异常：②更换同型号低频继电器：③在4RAM003TB 的607BN 的1 、3 、5 、7 号端子接上录波器：④运行配合启动4RAM002AP ：录取电压波形；检查 601XH 的三个指示灯持续闪烁，即继电器不能正常工作：③断开,"RAM 单机组低频保护动作, 只跳该机组相应的出口断路器, 低频保护误动作影响范围只限该机组。如果母线出现低频, 则两台机组的低频保护均动作, 分别跳开出口断路器。低频保护技术改造相关内容: 1)每台 RAM 发电机设置单独的低频保护, 低频保护动作只跳闸相应的发电机出口断路器; 2)低频保护采样点设置在发电机出口断路器之后, 通过 RAM406/606JS 进行采样; 3)低频保护只在发电机出口断路器合闸情况下才起作用; 4)低频保护动作之后, 保护信号自保持, 该信号通过机组故障信号统一送到 DCS, 同时通过控制柜指示灯指示; 5)保护、报警信号通过故障复位按钮复位; 6)指示灯可通过灯试按钮测试; 7)出口断路器 RAM401/601JA 断开情况下, 闭锁低频保护; 断路器合上之后延时投入低频保护, 防止保护误动; 8)信号采集开关 RAM406/606JS 断开情况下, 闭锁低频保护; 信号采集开关合上之后延时投入低频保护, 防止保护误动",
4RCP002P0 轴位移探头4RCP252MM 剧烈波动，频繁触发轴位移高高报警,4 号主控开始频繁闪发4RCP002M0 轴位移和高高报警 （4RCP609KAF、4RCP610KAF)，查看画面发现4RCP252MM 仪表频繁波动,威胁主泵安全运行，干扰主控监盘,1 ）已采取的行动措施：Doncall 维修仪检查：②主控加强主泵轴位移和轴承温度的监视：2 ）建议后续行动：D 执行临时TCA ：屏蔽4RCP252MM 轴向位移高报警，避免干扰主泵监测；②推动RCP 主泵轴向位移尽快完成换型改造，选用合适的耐辐照产品；③SPV 设备工程师保持对主泵运行状态进行密切观察：4 密切关注4RCP253MM 以及主泵其他参数变化趋势情况,4RCP252MM 变化趋势基本与4RCP2501251/253MM 一致，但是显示数值明显偏高，分析判断为探头前置器故障，导致处理后信号被放大,"iv .观察4RCP711MT (2 号主泵主推力轴承度）是否出现持续升高，如温度持续快速升高超过5 ℃。上述条件之一满足，需立即手动停运 4RCP002PO ；大修期间对4RCP252MM 更换备件后消除缺陷。2 ）检修步骤：①打开4RCP250CR ，测量23 、24 端子输出电压为-8 . 71V ，经多次调整及检查放大器后，仍不满足要求；②与系统负责人沟通更换备件后，确认输出电压为-12 . 67V 满足验收要求（-11 ~-13V ) ;③固定并检查电机轴向位移传感器的同轴电缆及信号接头牢固可靠。3 ）故障原因分析：4RCP252MM 探头信号线长期与高温设备表面接触。其绝缘皮破损
相关知识",,
4RCP104BA 液位4RCP085MN 波动,2018 年05 月04 日02 ：38 主控触发4RCP688KA（RCP104BA 水位高）报警，4RCP104BA 液位4RCP085MN 在H1 报警定值17 ％上下波动。02 ：41 报警消失，之后4RCP085MN 数值缓慢下降，最终恢复至初始液位-0 . 57 ％。期间压力容器密封泄漏探测仪表4RCP021MP 和4RCP001MT 读数没有变化,影响机组稳定运行,已采取的行动措施：1 ）根据报警卡，执行FQ4-RCP-I-006 查看画面 4RCP021MP 和4RCP001MT 读数没有变化，判断反应堆密封环没有泄漏； 2 ）4RCP085MN 正负压侧与4RPE001BA 联通，随着4RPE001BA 液位降低，,4RCP085MN 高漂,"仪控处理反馈, 1) 处理进展: 仪控对 4RCP085MN 进行校验, 结果不合格, 对仪表进行调整后校验合格, 缺陷消除。2) 检修步骤: D 打开 4RCP085MN 仪表盖, 逐根拆除仪表接线, 并做好拆接线记录及绝缘包裹; ②关闭 4RCP085MN 仪表正负压侧仪表阀, 禁止打开平衡阀; ③拧开正压侧排污口, 拧开变送器排气堵头, 排尽仪表废液后拧紧排气堵头; ④松开负压侧排气堵头使负压对空, 拧开负压侧冷凝罐堵头, 排出冷凝液, 并用废液收集袋收集, 排尽后恢复冷凝罐堵头; 5 松开正压侧校验接口连接压力校验仪, 均匀选取 5 点后开始对仪表进行上下行程校验; ③缓慢升压及降压, 记录仪表输出电流值, 根据校验数据判断仪表是否合格, 若不合格则对仪表进行调整; ②仪表校验合格后回装校验接口并紧固: 8 根据接线记录恢复仪表接线, 查看主控仪表显示正常",若反应堆压力壳内侧密封环真实泄漏到 RCP104BA 回收箱可以从下列报警之一探测到: 1) RCP104BA 液位高报警信号 (RCP688KA 由 RCP085MN 发 出); 2) 压力壳密封泄漏检测温度高报警信号 (RCP401KA 由 RCP001MT 发出。外侧密封环的泄漏由 RCP021MP 监测和直观检查,
4RCP240/340MY 转速表同时异常波动,主控频发触发 4RPR159KA（二号环路冷却剂泵转速低）和 4RPR162KA（二号环路冷却剂泵转速低低）报警，检查 RCP 画面发现 2 号主泵转速表 4RCP240MY 异常波动，2 号主泵顶轴油泵自动启动 2 号主泵再循环阀 4RCP942VP 自动开启，导致 2 号主泵轴封注入流量下降，触发 2 号主泵轴封水流量低报警，检查 RPR 画面发现 4RPR159KS（二号环路冷却剂泵转速低）和 4RPR162KS（二号环路冷却剂泵转速低低）报警频繁触发。主控立刻 oncall 维修机械、仪控、设备管理和运工共同讨论处理策略，期间主控同时频繁触发 4RPR160KA（三号环路冷却剂泵转速低）和 4RPR163KA（三号环路冷却剂泵转速低低）报警，检查 RCP 画面发现 3 号主泵转速表 4RCP340MY 同时异常波动，检查 RPR 画面发现 4RPR160KS（三号环路冷却剂泵转速低）和 4RPR163KS（三号环路冷却剂泵转速低低）报警频繁触发。相关背景：2017 年 11 月 7 日，4RCP260MC 转速表开始出现波动，已实施 TCA：将主泵转速低顶轴油泵自动启动信号和再循环阀 4RCP942VP 自动开启信号由 4RCP240MY 引入；2018 年 7 月 18 日，4RCP240MY 转速表波动，检查 4RCP240MY 的 2 号探头 4RCP241MC 古故障，已在 4RCP240MY 转速机架上在线切换至备用的 1 号探头 4RCP240MC,"1) 4RPR162/163KS：2/3 环主泵转速低低，3 取 2 与 P7 信号，直接触发停堆保护和启动 ASG 汽动泵：（以上两个 KS，由于当时机组处于 NS/RRA 模式，P7 信号不存在，因此相应的风险不存在）；2) 4RPR159/160KS：2/3 环主泵转速低，3 取 2 与 P7 信号，直接触发机组甩厂用电：（以上两个 KS，由于当时机组处于 NS/RRA 模式，P7 信号不存在，因此相应的风险不存在）；3) 两块主泵转速表 4RCP240/340MY 同时异常波动，若处理不及时，转速表触发质量位，会导致超温/超功率△T 停堆；
4)2 . 5 MPa.g 平台，顶轴油泵长期运行，将会导致主泵副推力瓦受压更大，使副推力瓦温度升高，会导致主泵损坏；5 ）非预期的主泵停运，会导致一回路压力和温度波动，存在一回路压力和温度超出梯形图风险，将违反技术规范，产生运行事件，特别是停运2 号主泵，会导致RRA 流量异常增大，其他电厂有过类似经验反馈；64RCP240MC 和4RCP241MC 转速表同时故障，根据技术规范，将会产生I02 ; RPR1 ，要求1 个月内完成修复； 7)4RCP240MY 和4RCP340MY 转速表同时故障，根据技术规范，将会产生 I01 : RPR6 ，要求必须在1 天内恢复至不超过一个测量通道不可用",已采取的行动措施1 ）主动增加轴封流量，并安排专人监视主泵运行参数，尤其是2 /3 号主泵副推力瓦温度，以及做好随时停运主泵的准备；2 ）联系维修机械、仪控、设备管理、安工和和运工共同讨论处理方案；3 ）考虑到两块转速表同时波动，先将3 号主泵转速表4RCP340MY 由4RCP340MC 切换至4RCP341MC 运行，并持续观察转速稳定未发现异常波动，消除 I01 : RPR6 ; 4 ）鉴于2 号主泵转速表4RCP260MC 转速稳定，同时取消2 号主泵转速低顶轴油泵自动启动信号和4RCP942VP 自动开启信号从 4RCP240MY 引L 入的TCA ，停运2 号主泵顶轴油泵4RCP021P0 和关闭再循环阀4RCP942VP ; 5 ）确认3 台主泵运行正常后，组织维修仪控后续对 4RCP240MY 机架进行更换处理，消除I02 : RPR1,转速仪表机架故障,仪控处理反馈：1 ）故障现象：经更换4RCP240/340MY 转速机架、就地探头及其BNC 接头以及机架侧的BNC 接头后消除故障；2 ）检修步骤：D 拆除4RCP240/241MC 、4RCP340/341MC ; ②重做4RCP240/241MC 、4RCP340/341MC 的BNC 接头；③回装4RCP240/241MC 、4RCP340/341MC 备件到支架上，并调校安装位置：④更换4RCP240/340MY 转速机架,,
4RCP240MY 转速卡件故障,17 点36 分，KIC 突发以下报警：14RPR159KA 二号环路冷却剂泵转速低： 2)4RPR162KA 二号环路冷却剂泵转速低低：22 点39 分，上述报警消失。 1 ）查看主泵画面，发现4RCP240MY 值陡降至10r/min ，后在5~50r/min 之间波动；2)4RCP260MC 转速正常，主泵其他参数无异常：3 ）翻看 4RPR010HXT 画面，发现2 环主泵转速低保护4RPR159KS 灯已点亮，2 环主泵转速低低保护4RPR162KS 灯已点亮；4 ）翻看4RPR009HXT ，发现2 环超,"1)4RPR162KS:2环主泵转速低低,若再出现其他环路主泵转速表故障和P7信号,会触发停堆保护和启动ASG汽动泵;2)4RPR159KS:2环主泵转速低,若再出现其他环路主泵转速表故障和P7信号,会触发机组甩厂用电;以上两个KS,由于触发保护需要其他另外2个信号参与故障处理相对不紧急;3)4RPR169KS:此信号表明2环超温DATAT已触发,若另外一个环路超温DATA T也触发,会直接导致反应堆停堆;4)4RPR165KS:此信号表明2环超功率△T已触发,若另外一个环路超功率△T也触发,会直接导致反应堆停堆;以上KS,由于触发保护仅需要其他另外1个环路信号参与,故障处理非常紧急",已采取的行动措施：1 ）当班值和仪控人员讨论后，决定先由仪控人员将4RCP240MY 输出强制为正常值，避免其他环路主泵转速表故障触发反应堆停堆（若另一主泵转速表故障，会直接由2 个环路超温△T 、超功率△T 导致反应堆停堆）；2 ）仪控强制4RCP240MY 正常后，另开票更换4RCP240MY 故障核级转速处理机架；3 ）机架更换后，由仪控人员取消4RCP240MY 强制信号，恢复2 环主泵转速参与的所有保护,仪控间机柜4RCP240MC、4RCP241MC 均没有异常，为4RCP240MY 核级转速机架处理单元损坏,仪控处理反馈一处理进展：仪控开票更换4RCP240MY 故障核级转速处理机架后消除缺陷,王泵正常转速表逻辑：1) RCP140/240/340MY 任一仪表高高1750r/min 触发RCP000KA 报警；2) RCP140/240/340MY 三取二低（3 个环路中至少有2 个环路<1393r/min）与上P7 信号产生孤岛运行信号，自动跳开500kV 断路器；3) RCP140/240/340MY 三取二低（3 个环路中至少有2 个环路<1365r/min）与上P7 信号导致主泵停运信号、反应堆停堆信号、ASG 汽动泵启动信号；4) RCP140/240/340MY 高至1750r/min 与上对应 RCP160/260/360MC 高高1750r/min 导致对应主泵停运，同时产生RCP981KA 报警；5 ）超温、超功率△T 保护停堆的逻辑为三取二，参与超温、超功率△T 运算的仪表通道信号都进行质量位判断，质量位“坏”会导致所属通,
4RCP260MC 转速波动,"2017 年11 月7 日13:50 开始,4RCP260MC 转速表现出波动,最低波动到1327.5r/min",,已采取的行动措施:oncall 维修仪控检查,"针对4RCP260MC当前波动趋势分析,当前4RCP260MC波动为无规则波动且波动区间较小基本可排除处理卡件4RCP800AR内VC6000问题。根据3/4号机组调试期间经验,4RCP260MC当前波动原因为测量探头安装支架受顶盖热形变影响,导致探头与测量齿之间的正对面积处于测量临界值(要求探头正对测量齿面积大于60%),导致测量处理过程中部分信号质量下降不能被准确探测从而造成了探头出现无规律、小范围波动情况。冷态期间调整会依据经验值对探头位置进行经验处理(不正对测量齿使探头,对准测量齿下方),但运行期间依然会因为固定转速传感器的顶盖发生不确定性形变进而导致探头测量失效","仪控处理反馈:1)处理进展:①已实施TCA,对主泵转速低顶轴油泵自动启动信号从4RCP240MY引入:保证顶轴油泵自动启动功能4RCP002P0故障停运时,操纵员需确认4RCP021P0处于运行状态;②已实施TCA,4RCP942VP自动开启信号从4RCP240MY引I入:③后在大修期间执行4RCP260MC检查调整后消除缺陷。
2 ）检修步骤：①D 执行主泵转速传感器检查，在主泵联轴器腔内4RCP260MC传感器前端圆形没有正对着主泵轴齿轮的凸出部分，使用0 . 06mm 厚度以下的塞尺模拟主泵联轴器腔内4RCP260MC传感器前端圆形正对着主泵轴齿轮的凸出部分；②打开4RCP250CR，在4RCP250CR 内测量4RCP260MC对应放大器的SIG 和COM 端的直流电压，结果合格；③检查传感器前端圆形面积对应的泵轴齿轮面积小于60 %，不满足要求：④松开传感器与联轴器室上盖板螺丝，调整贯穿垫片使传感器的朝向满足要求，拧紧传感器与联轴器腔室上盖板螺丝：5 重新测量4RCP260MC对应放大器的SIG 和COM 端的直流电压，结果合格；③回装4RCP250CR 箱面板，工作结束。运行处理反馈：由于主泵超速保护逻辑是2 取2,4RCP260MC 转速偏低，自动停泵信号可能不会触发，主控触发4RCP000KA 时，需要立即查看4RCP001HXT 画面，检查4RCP240MY 转速，若转速超出1750r/min,在4RCP009HXT 画面检查4RCP002P0 泵振动、温度等参数，若主泵振动或温度参数异常上升根据报警规程要求停运4RCP002P0。4RCP260MC 转速降低至500r/min 以下时，召集仪控、机械、安工和设备管理人员开会，讨论4RCP260MC 转速降低为零无法自动启动顶轴油泵的风险和应对措施。该条针对顶轴油泵自动启动","主泵零转速表波动经验反馈要点：1）实施TCA，对主泵转速低顶轴油泵自动启动信号从4RCP240MY 引入，保证顶轴油泵自动启动功能，4RCP002PO 故障停运时操纵员需确认4RCP021PO 处于运行状态：
2）实施TCA,4RCP942VP 自动开启信号从4RCP240MY 引入；3 ）主泵超速保护可能无法实现，加强对泵运行参数监视",
4RCP341MC 转速探测器转速频繁大幅度波动,4RCP341MC 转速探测器转速频繁大幅度波动,影响主泵运行，有停堆停机风险,已采取的行动措施：oncall 维修仪控检查,4RCP340MY 的2 号探头4RCP341MC 损坏，导致4RCP003PO 转速剧烈波动，频繁触发4RCP003PO 转速低/低低报警,"仪义控处理反馈1)故障现象：4RCP003PO 转速探头4RCP340MY 转速波动，闪发转速高、转速低及转速低低报警；2)处理进展：设计上，主泵核级转速信号由测量传感器经同轴电缆和核岛贯穿件，送至转速处理机架，通过卡件处理，将测量频率信号转换为4~20mA 标准电流信号后送至DCS。因此能够导致转速信号波动的原因包括：传感器、贯穿件、处理机箱、DCS卡件以及各设备与信号电缆之间的接头故障。为准确定位故障点，需对上述原因进行逐一排查。经排香后确认为转速处理机箱故障传感器贯穿件处理机箱DCS卡件更换国产转速处理机箱：①由于4RCP340MC作为主用信号，自1月28日短时波动后一直保持稳定；同时，考虑机箱更换过程，需尽量减少信号临时强制时间，故此未对该通道信号执行录波操作。②1月31日，完成在线更换核级转速处理机箱，根据管理晚会上相关专业决定，将4RCP340MC设置为主用通道保持运行，至今未出现信号异常。③转速处理机箱位于4LNC配电盘房间W643的4KCS833AR机柜内，3号主泵的转速选择开关310CC指的是传感器选择旋钮，1代表4RCP340MC，2代表4RCP341MC。
148.82 图1 自带转速处理机箱图2 国产转速处理机箱3 ）检修步骤：D 强制4RCP340MYX31（用于修正RPN 中子通量变化率高信号）的转速值为0 （强制后产生变化率高报警，需尽快复位）；②强制4RCP340MYX32（用于产生RPR 质量位信号）的转速值为0 （会产生单通道主泵转速L /LL 信号及报警）；③强制4RCP340MY_QQ-32*12 强制为0 （即将340MY 送IP 的质量位强制为触发，将导致340MY 参与的所有RPR 保护降级，可导致RPR 超温／超功率△T 、P7＆主泵转速L /LL 的保护逻辑降级）；④强制4RCP340MY_QQ_32*22 强制为0 （目的同3 ）；强制4RCP340MY_QQ-32*42 强制为0 （目的同3 ）；③强制4RCP_SH01C 强制为0 （目的同3 ）；②强制去IA 信号为当前值（用于主泵超速保护和显示）；执行4RCP340MY 机架更换；9 恢复强制信号","根据仪控分析。强制后主控将产生如下报警：①4RPR136KA：功率量程中子注量率变化率高（三通道）；②4RPR163KA：三号环路冷却剂泵转速低低；③4RPR160/163KA 主泵转速低、低低报警：④4RPN436KA：LSS 故障报警：4RPR780KA 质量位报警：③4 RPR170 KA 超温△T 报警。但是实际完成强制后，3 、4 、5 报警未触发。核实原因如下D4RPN436KA,LSS 故障报警未
未出现超温、超功率△T 和预报警的原因：主泵转速修改为0r/min 后，超温△T 定值：从144 ％变为108 %；超功率△T 定值：从108 ％变为145 ％。△T 实际值为101 ％。因此，并不会导致超温超功率△T 动作。但因为此时已将保护的质量位强制，实际上是处于逻辑降级状态。相当于3 环路的超温、超功率△T 均为触发状态。经了解，同行电厂执行类似工作时，未强制超温、超功率△T 的质量位触发。考虑到执行RCP140 /240 /340MY 实际不会触发超温△信号（实际动作值有一定距离），执行该信号强制反而增加因超温、超功率△T 触发导致误动风险。建议后续执行类似工作不再强制质量位信号触发。且不强制质量位信号不会影响P7 ＆主泵转速L /LL 的保护。 2015 年10 月，某电厂1 号机组也出现过类似的转速波动情况，经咨询同行电厂及相关专家，根据故障模式推断为处理机箱内信号调理回路存在异常，闪发故障导致测量信号的波动。经更换国产转速处理机箱后，故障消除，运行至今情况良好",
4REA 系统自动补给模式无法投运,主控巡画面发现REA 自动补给自动退出，且无法投运，主控出现 4REA509KA （硼酸补给浓度异常）报警。根据经验反馈怀疑是4REA065VB 切至手动原因导致该状态在自动补给或者硼化未启动时无法查看，所以将4REA003PO 置手动后启动硼化模式，确认4REA065VB 在手动状态。但将其切换到自动后发现还是无法投运自动补给,导致4REA 自动补给无法投入,已采取的行动措施：1 ）查看和执行报警卡，应用F03 -REA -I -001 反应堆冷却剂补给异常处理规程；2 ）查看模拟图和逻辑图分析故障原因；3 ）重新设置硼补给流量，恢复自动补给,"经仪控分析是由于4LNE 停电导致4RENO12MG 硼表不可用，显示xXx ，导致触发质量位。1 ）硼酸补给浓度异常报警产生原因：①补给水硼浓度 CBA 比一回路硼浓度CBm 低200ppm；②补给水硼浓度CBA<2000ppm；
2)一回路硼浓度CBM:一回路硼浓度CRM由4RENO12MG测量得出,如果硼表隔离或硼表不可用或硼表超量程,则CrM取自不可用前一时刻的值,本次硼表不可用前硼表显示的为2500ppm,所以CBM=2500ppm;3)补给水硼浓度CBA:补给水硼浓度计算公式:CBA=(Cb.×Q.)/(Q.+Q。):初始值:Cb.=7326ppm,Q.=20m/h,Q.=0m/h注:KIC上4REA065VB流量设定值显示为8m/h,但由于4REA059MD流量显示异常导致4REA065VB切换手动,导致4REA065VB流量设定值跟随实际值变为0m/h。计算结果:CBA=0ppm。满足CBM-CBA=2500ppm-0=2500ppm&gt;200ppm;满足CBA=0&lt;2000ppm;所以导致硼补给流量异常,导致自动补给和稀释无法投运","运行处理反馈:1)处理措施:重新设置硼补给流量,恢复自动补给。2)原因分析:①计算硼补给流量最小值:CBA=(Cb.×Qb)/(Q,+Q。):Cb.=7326ppm;Q.=20m/h;CBA按照2000ppm来计算,反向计算Q=7.51m/h。所以4REA065VB设定值不能小于7.51m/h,否则无法投运自动补给。②验证过程:4REA065VB设定值设为7.6m/h后,投运自动补给,能正常投运:4REA065VB设定值设为7.5m/h后,投运自动补给,无法投运自动补给,并触发4REA509KA(硼酸补给浓度异常)报警","1)硼酸补给浓度异常报警产生原因:补给水硼浓度CBa比一回路硼浓度CBM低200ppm,且补给水硼浓度CBA&lt;2000ppm;2)对4REA059MD工作或者对4REA065VB工作会导致4REA065VB切换至手动状态,此时4REA065VB设定值跟随实际值,切回自动后需要重新设置定值:
3)当一回路硼浓度大于2200ppm时,4REA065VB设定值不能低于7.51m/h,否则自动补给无法投运;当一回路硼浓度低于2200ppm时,一回路实际硼浓度减去200ppm的计算值反向计算最小设定值。例如:当一回路硼浓度为700ppm时,反向计算最小硼浓度为1.46m3/h",
4REA 自动补给无法正常投用，触发4REA500KA：硼流量异常报警,【19:22:251 执行一回路除锂操作，将4RCV030VP 手动导向TEP； 19:27:251 容控箱液位低于1 . 12m ，4REA 自动补给启动；『19:27:551 主控触发4REA500KA：硼流量异常报警，4REA 自动补给跳闸。将自动补给重新投运后，再次触发报警导致自动补给跳闸。4REA065VB 硼流量设定值为0.85m3/h,容控箱液位低于1 . 12m 时，自动补给无法正常投运,已采取的行动措施：1 ）暂停一回路除锂工作，立刻将4RCV030VP 恢复自动；2 ）采用手动补给抬高容控箱液位至1 . 4m ;3 ）oncall 仪控进厂检查处理；4 ）检查发现4REA065VB 阀门动作正常；5 ）经仪控调节阀门 4REA065VB PID 参数后，当班值配合启动手动补给，未出现4REA500KA 报警,1 ) 4 号机组临近寿期末，当前一回路硼浓度较低，硼补给设定值较小（当时4REA065VB 硼流量设定值为0 . 85m /h ），导致阀门4REA065VB PID 参数无法配合当前硼浓度调节，从而触发4REA500KA：硼流量异常报警，进而导致4REA 自动补给跳闸。2 ) 4REA500KA 报警原因是自动补给硼酸实际流,仪控处理反馈：1 ）处理进展：4REA065VB 调节功能正常，4REA 自动补给功能可正常投用。2 ）原因分析：4 号机组临近寿期末，当前硼浓度较低，硼补给设定值较小，导致阀门PID 参数无法配合当前硼浓度调节。3 ）处理措施：①运行配合投手动硼补给，仪控对阀门本体进行目视检查，排除阀门卡涩问题；②调整阀门PID 参数，根据定值计算对I 参数进行调整，运行配合验证阀门调节性能满足当前机组状态需求：③持票观察，待系统性能稳定后还票。4 ）后续行动：①保持观察，随着硼浓度变化观察阀门调节情况，适当优化阀门PID 参数；②调研同行电厂4REA065VBPID 参数及回差设置情况,"1 ）对一回路进行除锂操作时，在将RCV0030VP 手动导向TEP 头箱的过程中，操纵员要时刻关注容控箱的液位变化，在液位降低至1 . 12m 时关注REA 自动补给是否正常投运。尤其是机组临近寿期末，由于一回路硼浓度较低，硼补给设定值较小，导致阀门REA065VBPID 参数无法配合当前硼浓度调节，从而会触发REA500KA：硼流量异常报警，导致REA 自动补给跳闸。对一回路进行除锂操作时，要将RCV030VP 手动导向TEP 头箱10 min ，上充流量＋轴封流量约10m/h,10min 内容控箱的液位将下降约 (10/6)x1000/34.64=48cm1 。2 ）在寿期末，对一回路进行除锂操作时，当容控箱液位下降至1 . 12m 之前，可采用手动补给的方式抬高容控箱液位，防止液位将至1 . 12m 时自动补给无法正常投运导致容控箱液位进一步下降",
4RGL001、002、006、008KA 报警,,1 )RGL 内部PLC 网络其中一路故障对RGL 系统正常运行无影响；2 ）若出现PLC 网络双路故障，主控KIC 画面失去给定棒位、需求棒位、控制棒运行模式的相关KS 和棒组选择的相关KS 的监视，但是对控制棒自动模式下无影响,已采取的行动措施：1 ）查看和执行报警卡，按报警卡执行IRGL001 ;2 ）安排现场检查棒控电源柜（4RGL011AR~4RGL026AR）、棒控逻辑柜 （4RGL001AR）、棒位测量柜（4RGL009AR）或棒位处理柜（4RGL010AR）设备是否存在故障报警信息：3 ）oncall 维修仪控人员检查处理,RGL 内部PLC 网络其中一路闪发故障导致（001.002.006 报警都为综合报警）,仪控处理反馈：1 ）风险分析：①DRGL 内部PLC 网络其中一路故障对RGL 系统正常运行无影响；②若出现PLC 网络双路故障，主控KIC 画面失去给定棒位、需求棒位、控制棒运行模式的相关KS 和棒组选择的相关KS 的监视，但是对控制棒自动模式下无影响。2 ）处理进展：2018 年9 月27 日4 号机大修期间工作负责人持票4PT33362（维修一级：对4RGL 闪发内网通讯故障进行检查处理）已处理完成，缺陷已消除。3 ）检修步骤：①运行人员配合将控制棒落到堆底；②对处理柜的通讯设备和同轴电缆进行检查和处理；③对逻辑柜的通讯设备和同轴电缆进行检查和处理；④对电源柜的通讯设备和同轴电缆进行检查和处理：5 由运行人员将控制棒提回原位,"1 )4RGL006KA(RGL 运行故障）报警产生的可能原因：棒控电源柜 （4RGL011AR~4RGL026AR）、棒控逻辑柜（4RGL001AR）、棒位测量柜 （4RGL009AR）或棒位处理柜（4RGL010AR）设备发生下列故障：①4RCS 运行故障：②4RPI 运行故障：
2) 4RGL008KA(RPI 报警)产生的可能原因:棒位测量柜(4RGL009AR)或棒位处理柜(4RGL010AR)等设备发生下列故障:①处理柜电源故障: ②测量柜通风故障:③网关1故障或网关2故障:④处理柜与4RGL系统网络间的交换机故障:②网关与4DCS系统间的交换机故障",
主控出现“4RGL001KARGL 运行故障”“4RGL005KARCS 运行故障”“4RGL006KARGL 运行故障”“4RGL009KAPWE 运行故障”,08:56:33 主控再次触发4RGL001KARGL运行故障”“4RGL005KARCS运行故障”“4RGL006KARGL运行故障”“4RGL009KAPWE运行故障”报警。就地核实4RGL025AR（对应SD1棒组）中SC检测2卡件存在双重保持，电流故障和小电流过小的报警,影响4RGL控制棒系统的可靠性，可能引起棒束不能正常移动,"1）已采取的行动措施：D查看和执行报警卡，按报警卡执行IRGL001，确认R棒和G棒处于手动，检查4RGL各KIC画面，发现4RGL701KS（RGLfault）灯亮，未见其他异常；②安排现场检查棒控电源柜（4RGL011AR～4RGL026AR）、棒控逻辑柜（RGL001AR）、棒位测量柜（4RGL009AR）或棒位处理柜（4RGL010AR）设备是否存在故障报警信息，发现4RGL025AR（对应SD1棒组）双重保持和紧急故障灯亮；
③由于R 棒无法正常动作，确认无影响一回路温度变化的工作，注意控制好一回路温度，不要进行可能引起一回路温度和负荷变化的操作；④主控密切监视一回路平均温度，核功率，电功率，控制棒棒位指示变化情况，加强对二回路负荷监控；②立即oncall 维修仪控进厂检查。2 ）建议后续行动：由于此报警两天内重复发生两次，建议仪控专业查找根本原因并消除缺陷",4RGL025AR 机柜内SD1 -2 棒组触发SC 小电流过小报警。现场对SC 小电流测量发现目前小电流正常，因此，确认为SC 小电流曾短时变小后又恢复正常。初步分析SC 线圈电流回路上相关卡件及机箱可能存在异常,仪控处理反馈，1 ）处理措施：①已对相关卡件进行了更换（调节卡、定值卡、检测2 )，更换后系统运行正常；②对卡件接口、机箱接口、机箱内部接线等进行了目视检查，未发现异常；2 ）处理结果：报警已消除，控制棒已解除双保持。3 ）工作过程：①确认故障位置为4RGL025ARSD1 -2 棒束SC 机箱；②将机柜人机接口面板的双重保持开关由“正常”打到“强制双重保持”位置；③确认MC 和SC 机箱调节输出值在2 . 25 ~2 . 45V 范围内；④依次将故障调节卡件所在机箱内的两块A /B 电源卡拔出：③依次对调节卡件、定值卡件和SC 检测2 卡件进行更换；③将更换的调节卡件所在机箱内的两块A /B 电源卡插回，确认“正常”指示灯亮；③确认“定大”和“定,控制棒被双夹持，控制棒无法正常动作，潜在风险后果：1 ）机组临界过程中出现控制棒双保持，可能导致临界失败；2 ）机组调试瞬态试验期间，如果出现控制棒双保持，可能导致机组非计划停机停堆事件。造成RGL 系统在控制棒动棒期间多次出现双保持导致控制棒无法正常动作的原因为，在动棒过程中产生了控制棒驱动机构线圈电流报警，触发RGL 系统紧急故障,
主控室触发4RGL012KA、4RGL013KA 报警,18:08 时，开始主控室多次出现4RGL013KA(N1 棒组故障）、4RGL012KA （N2 棒组故障）报警，查看画面显示N2.2、N1.1、N1.2 分别有一束控制棒棒位指示（4RGL008MM/020MM/024MM ）测量棒位多次由224 步变为216 步。持续数分钟后恢复,1)影响 N1、N2 棒组的棒位监视；2)产生 I02：RGL5（堆功率大于 50%Pn，一个棒位指示器故障）,已采取的行动措施：1)查看和执行报警卡，按报警卡要求执行故障规程 IRGL001；2)主控按报警卡检查 KIC 画面 N1 棒组、N2 失步报警灯触发情况和控制棒棒位指示情况，发现 N2.2、N1.1、N1.2 分别有一束控制棒棒位指示（4RGL008MM/020MM/024MM）测量棒位多次由 224 步变为 216 步；3)主控检查功率量程四个通道未见异常波动，检查 RIC 画面堆芯热电偶温度未见异常畸变，监视一回路平均温度，核功率，电功率，LSS 系统均无明显异常；4)oncall 维修仪控人员检查；5)oncall 维修仪控人员检查，物理人员做堆内通量测量,经检查查确认 4RGL009AR 内端子 A01BN-4 接线接触不良,仪控处理反馈：1)检查结果：经检查确认 4RGL012KA、4RGL013KA 报警原因为控制棒束 N2.2-4、N1.1-4、N1.2-4 的测量棒位由 224 步变为 216 步，造成棒组失步导致棒组故障报警，控制棒束实际并未真实动作。经现场检查，初步确认棒位显示异常原因为 4RGL009AR 测量柜）内一根接线接触不良导致。2)处理进展：4RGL012KA、4RGL013KA 报警已消除。4 号机组 RGL 系统棒位显示无异常，系统运行正常。3)处理措施：①对 4RGL009AR 内相应接线进行紧固；②配合执行 4 号机组功率分布测量试验，试验结果合格。4)故障原因分析：经检查确认 4RGL009AR 内端子 A01BN-4 接线接触不良,4RGL013KA (N1 棒组故障)、4RGL012KA (N2 棒组故障) 报警触发的可能原因有：①棒束一棒组失步；②棒束一棒束失步；③棒束在低位,
4RPA100JA 不明原因跳闸,4号机组停堆断路器4RPA100JA异常跳闸，其他7个断路器正常,影响停堆断路器可靠性，有误停堆风险,已采取的行动措施1)oncall电气专业检查：2)关注其他7个断路器运行情况。建议后续行动：对剩余7台停堆断路器排香,48V柜内进线上游正端虚接松动导致脱口线圈失电，断路器跳匣,,反应堆八个停堆断路器分成四对，每对两个，四取二的逻辑关系触发反应堆停堆。单个或单对停堆断路器的脱扣不会触发反应堆停堆，只有四对停堆断路器满足四取二逻辑关系的情况下才会触发反应堆停堆,
4K050 房间，4RPE008PS 液位H2，发现4RPE005P0运行时出力不足,4K050 房间，4RPE008PS 液位H2，发现4RPE005P0运行时出力不足,4RPE005P0运行时出力不足，无法对4RPE008PS 有效排水，长时间运行可能导致泵损坏,已采取的行动措施：1 )oncall 电气检查处理：2 ）按工作负责人建议启动4RPE005P0 前，适当摇晃泵体，让泵充满水，使泵正常启动运行,泵体内存有空气，由于空气的密度很低，旋转后产生的离心力小因而叶轮中心处所形成的低压不足以将地坑内的液体吸入泵内，进而导致启动离心泵时出力不足，泵无法正常运行输送液体,"机械处理反馈1 ）检修步骤：①召开工前会，确认检修设备位号，建立检修区域：②验电，确认无电，测量4RPE005P0 直流电阻，测得U -V ：3 . 1 2 , V -W : 3 . 1 Q , W -U : 3 . 1 Q ，不平衡度为0 ，合格；③测量4RPE005P0 绝缘电阻，测得V . U . W -地：140 M2 ，合格；④对泵坑进行检查，确认无异物，目视泵体无堵塞；5 联系运行人员启动4RPE005P0 ，适当摇晃泵体，确认泵排水正常，验收合格。2 ）故障原因分析：泵体内有空气","1) 4RPE005P0 自动启动信号: 4RPE145SN 液位高 1 触发&amp;就地控制柜上 205CC 置于自动&amp;没有 4KRT051MA、052MA、053MA、054MA 的二级报警; 2) 离心泵启动时, 若泵内存有空气, 由于空气密度很低, 旋转后产生的离心力小, 因而叶轮中心区所形成的低压不足以将储槽内的液体吸入泵内, 虽启动离心泵也不能输送液体, 此种现象称为气缚。表示离心泵无自吸能力, 所以必须在启动前向壳内灌满液体。为防止气缚现象的发生, 离心泵启动前要用外来的液体将泵壳内空间灌满。这一步操作称为灌泵。为防止灌入泵壳内的液体因重力流入低位槽内。在泵吸入管路的入口处装有止逆阀(底阀): 如果泵的位置低于槽内液面。则启动时无需灌泵",
4RPE011P0 启动后无出力,现场巡检发现4RPE015PS 满溢，其地坑泵4RPE011P0 启动但是出口压力为0 ，现场确认地坑泵无出力后且4RPE015PS 无异常来水后，将4RPE011P0 停运，防止泵长时间运行而有损坏的风险,4RPE011P0 启动但无出力，导致4RPE015PS 满溢，同时泵存在损坏的风险,已采取的行动措施：1 ）现场检查4RPE015PS 上游房间ET244/247/250 房间有无异常跑冒滴漏，同时检查015PS 下游排水在线正常：2)oncall 维,泵内部憋气，导致无法正常吸水和输送液体,电气处理反馈。1）处理进展：维修电气现场在就地控制柜上把4RPE011PO打手动后，多次手动启停该排水泵后，泵正常启动运行，4RPE015PS水位正常降低；2）故障原因分析：泵内部气，导致无法正常吸水和输送液体,"1)4RPE015PS如因坑内排水泵故障导致地坑满溢，需及时让化学取样确定废水无放射性，溢到地面的废水需重新排入该地坑内；2)据电气反馈RPE地坑泵有时会由于泵在排水到较低液位后停运，此时出口逆止阀如不回座，导致泵内部憋气。在下次泵自动启动时，泵体可能出现抖动和泵无出力的情况。解决办法是现场在就地控制柜上手动启动地坑泵，运行3~5min后再停运，启停数次后，将泵体气排出，地坑泵即可正常运行；3）离心泵启动时，若泵内存有空气，由于空气密度很低，旋转后产生的离心力小，因而叶轮中心区所形成的低压不足以将储槽内的液体吸入泵内，虽启动离心泵也不能输送液体，此种现象称为气缚。表示离心泵无自吸能力，所以必须在启动前向壳内灌满液体；
为防止气缚现象的发生，离心泵启动前要用外来的液体将泵壳内空间灌满。这一步操作称为灌泵。为防止灌入泵壳内的液体因重力流入低位槽内，在泵吸入管路的入口处装有止逆阀（底阀）：如果泵的位置低于槽内液面，则启动时无需灌泵；4)4RPE015PS地坑泵4RPE011PO的控制逻辑：①自动启动：就地控制柜上211CC置于AUTO位置&amp;就地坑高液位开关4RPE138SN触发液位高，4RPE011PO自动启动；②手动启动：就地控制柜上211CC置于MANU位置&amp;就地控制柜上按下启动按钮211TO，4RPE011PO启动；③自动停运：地坑低液位开关4RPE137SN触发液位低信号，4RPE011PO自动停运（无论泵处于自动还是手动）；④手动停运：就地控制柜上211CC置于MANU位置&amp;就地控制柜上按下停运按钮261TO，4RPE011PO停运",
4RPE017/027VP、002VY055VE阀门关闭且显示天红色,主控巡检发现4RPE017/027VP、002VY、055VE 伐门关闭显示大红色，初步怀疑这些阀的控制电失去导致,阀门关闭造成4RPE 安全壳内水箱无法向外部排水、排气,已采取的行动措施：1 ）估算4RPERX 相关水罐上涨趋势，确保状态可控：2)oncall1维修仪控检查处理；3 ）要求仪控提供4KCP523AR相关设备清单，以评估对机组状态的影响：,"1)4RPE027VP/002YV/017VP/055VE阀门电磁阀失去上游4KCP523AR机柜内部48V供电;2)4KCP523AR机柜内TP-FP-248VDC第四个刀闸保险损坏,导致阀门无法正常开启","仪控处理反馈:1)处理进展:4RPE027VP/002YV/017VP/055VE故障已消除,阀门状态及功能已恢复正常。2)检修步骤:D更换4KCP523AR内TP-FP-248VDC第四个刀闸保险后4RPE027VP/002YV/017VP/055VE阀门状态恢复正常:2主控验证4RPE027VP/002YV/017VP/055VE动作正常","4KCP523AR机柜内018BN下游负荷为4RPE027VP/002YV/017VP/055VE,失电时阀门将关闭",
4RPE024PO 出力不足,4RPE024P0 启动之后8RPE002PS 地坑液位下降很缓慢，泵出口压力8RPE223LP 读数只有0.04MPa（查看系统手册泵的压头为0.33MPa）,导致4RPE024P0 不可用，产生双机组GEN8,已采取的行动措施：1）安排现场检查泵出口压力，发现8RPE223LP 读数只有0.04MPa（查看系统手册泵的压头为0.33MPa）；2）安排现场手动停运泵；,泵本体进水口有白布缠绕，导致出力不足,机械处理反馈：检查结果：开票4PW19123（维修一级：4RPE024P0 出力不足，需检查泵体出口管线。WOT : 00940766 -01 )，检查泵体出口管线无负压和堵塞等现象。电气处理反馈：1 ）工作过程：①测量4RPE024P0 绕阻绝缘和直流电阻、不平衡度合格；②将4RPE024P0 提起，对泵本体进行检查，发现泵进水口处有一块白布缠绕，将白布取出，确认泵体无其他异物，确认叶轮可以转动；③联系运行人员配合启动4RPE024P0 ，泵运行正常，出水正常，水位下降明显，经运行人员验收合格。2 ）故障原因分析：泵本体进水口有白布缠绕，导致出力不足,X /YRPE005/006/007/008/009/010P0 、RPE017/023P0 、RPE018/024P0 泵在U2 事故规程中要求可用，用于安全壳完整性部分丧失的情况下将反应堆厂房外地坑水重新打回应反堆厂房。当其功能不可用时，需要记录GEN8 （从RP 模式至RCS 模式下适用）,
4RPE027VP/002VY/017VP/055VE 阀门关闭，同时4KCP500KA 闪发1s 后消失,20：56，主控闪发4KCP500KA（NC机柜供电故障）1s后消失。随后主控操纵员巡检画面发现4RPE027VP/002VY/017VP/055VE 阀门关闭（暂未发现其他设备异常），主控KIC显示故障大红色。与仪控沟通后，暂重点怀疑4KCP523AR 向上述设备供电故障可能性大。运行就地检查该机柜未发现异常和故障灯亮,4RPE027VP/002VY/017VP/055VE:关闭造成4RPE 安全壳内水箱无法向外部排水、排气,已采取的行动措施：1）查看和执行报警卡，现场检查发现4KCP523AR 机柜存在故障报警；2）估算4RPERX 相关水罐上涨趋势，确保状态可控；3）onca11 维修仪控检查处理；4）要求仪控提供4KCP523AR 相关设备清单，以评估对机组状态的影响；5）主控密切关注RPE 系统报警和水位上涨趋势情况,1)4RPE027VP/002VY/017VP/055VE 阀门电磁阀失去上游4KCP523AR 机柜内部48V 供电；2)4KCP523AR 机柜内TP-FP-248VDC 第三个刀闸保险损坏，导致机柜内TBT18BNT 下游负载（仅包含4RPE027VP/002VY/017VP/055VE 的4个阀门命令及RPE 就地指示灯）失去控制电源，导致阀门意外关闭,,1)4KCP500KA 为NC 机柜供电故障报警，可能的原因有：DNC 机柜失去220V电源；②NC 机柜失去外部48V 电源。2）4KCP523AR 机柜内Q18BN 下游负荷为4RPE027VP/002VY/017VP/055VE，失电时阀门将关闭,
4RPE027VP/002VY/017VP/055VE阀门关闭，同时4KCP500KA闪发1s后消失,"20: 56, 主控闪发 4KCP500KA (NC 机柜供电故障) 1S 后消失。随后主控操纵员巡检画面发现 4RPE027VP/002VY/017VP/055VE 阀门关闭 (暂未发现其他设备异常), 主控 KIC 显示故障大红色。与仪控沟通后, 暂重点怀疑 4KCP523AR 向上述设备供电故障可能性大。运行就地检查该机柜未发现异常和故障灯亮",上述阀门关闭造成 4RPE 安全壳内水箱无法向外部排水、排气,"已采取的行动措施: 1)估算 4RPERX 相关水罐上涨趋势, 确保状态可控: 2)onca11 维修仪控检查处理: 3)要求仪控提供 4KCP523AR 相关设备清单, 以评估对机组状态的影响; 4 主控密切关注 RPE 系统报警和水位上涨趋势情况","1)4RPE027VP/002VY/017VP/055VEh 阀门电磁阀失去上游 4KCP.523AR 机柜内部 48V 供电; 2)4KCP523AR 机柜内 TP-FP-248VDC 第三个刀闸保险损坏, 导致机柜内 1TBT18BN 厂下游负载 (仅包含 4RPE027VP/002VY/017VP/055VE 的 4 个阀门命令及 RPE 就地指示灯) 失去控制电源, 导致阀门意外关闭","仪控处理反馈: 1)故障现象: 4 号主控出现 4RPE027VP/002VY/017VP/055VE 阀门关闭、同时 4KCP500KA 闪发 1 s 后消失。2)处理进展: 4RPE027VP/002VY/017VP/055VE 故障已消除, 阀门状态及功能已恢复正常。3)检修步骤: ①D 更换 4KCP523AR 内 TP-FP-248VDC 第三个刀闸保险后 4RPE027VP/017VP/055VE 阀门恢复正常:
②通过在 DCS 一层强制复位 4RPE002VY 阀门故障, 主控验证 4RPE002VY 阀门功能正常。4)故障原因分析: D4RPE027VP/002VY/017VP/055VE 阀门电磁阀失去上游 4KCP523AR 机柜内部 48V 供电; ②4KCP523AR 机柜内 TP-FP-248VDC 第三个刀闸保险损坏, 导致机柜内 TBT18BN 下游负载 (仅包含 4RPE027VP/002VY/017VP/055VE 的 4 个阀门命令及 RPE 就地指示灯) 失去",控制电源，导致阀门意外关闭,
4RPN 系统中间量程1 通道4RPN013MA 示数波动剧烈,巡盘时发现，4 号机组反应堆功率升至 27%Pn 以后 4RPN 系统中间量程 1 通道 4RPN013MA 示数开始剧烈波动，与反应堆功率变化不相符、与 2 通道 4RPN023MA 示数偏差过大，而 4RPN023MA 示数较稳定,导致 4RPN013MA 不可用，产第一组事件 I01：RPN8,1）查看中间量程通道 4RPN013MA 和 4RPN023MA 以及功率量程通道的变化趋势，确认 4RPN013MA 故障情况，确认功率量程通道和中间量程 2 通道 4RPN023MA 未见异常变化；2）执行故障规程《FQ3-RPN-I-001 核仪表系统运行故障》；3）检查 KIC 中 RPR 画面上中间量程质量位触发情况和逻辑通道触发情况；4）oncall 仪控检查处理,4RPN 系统中间量程 1 通道 4RPN013MA 电流放大卡件 ACCG4 故障，导致通道无法正常进行量程切换和电流放大，使得该通道中子电流信号输出异常,"1）处理进展：已更换 4RPN013MA 通道电流放大卡件 ACCG4，目前 4RPN013MA 通道电流示数正常稳定，与 4RPN023MA 通道致。2）缺陷描述：4RPN 系统中间量程 1 通道 4RPN013MA 示数波动剧烈，且与 2 通道 4RPN023MA 示数偏差过大。
3 ）原因分析：4RPN 系统中间量程 1 通道 4RPN013MA 电流放大卡件 ACCG4 故障，导致通道无法正常进行量程切换和电流放大使得该通道中子电流信号输出异常。4 ）处理措施：①在 4RPN005AR 就地监视柜对 4RPN013MA 通道内部参数进行检查，发现 013MA 通道电流放大卡件输出电流偏小，与 023MA 通道输出电流偏差超过 1x10-4A ；初步怀疑 013MA 通道电流放大卡件 ACCG4 故障。②经主控同意。将 4RPN013MA 切换至测试模式．使用专用测试装置MTE 对 4RPN013MA 通道进行通道试验。试验结果显示电流放大卡件 ACCG4 功能异常，试验结果失败。经调取试验结果记录单分析，发现电流放大卡件无法正常进行量程切换和电流放大，判定以上问题原因为 013MA 通道电流放大卡件 ACCG4 故障。③使用备件对 4RPN013MA 电流放大卡件 ACCG4 进行更换，更换完成后再次执行通道试验，测试结果通过，电流放大卡件功能正常。4RPN013MA 通道电流恢复正常，与 023MA 通道示数",中间量程中子测量通道产生哪些逻辑信号：1）允许信号：P6：定值为10-10A，超过该定值时，允许手动闭锁源量程高通量紧急停堆：2）闭锁信号：C1：定值为20%Pn或倍增周期小于18s，超过定值时，闭锁手动和自动提升控制棒；3）紧急停堆信号：定值为25%Pn；4）探测器高压丢失警告信号；5探测器补偿电压丢失警告信号。6)ATWT信号,
4RRM003ZV电机轴承伸缩端振动(4RRM505MV)频繁闪发振动高,"4RRM003ZV电机轴承伸缩端振动(4RRM505MV)于05:10开始从2.8 mm/s上涨,此后多次达到5.5 mm/s触发4RRM003ZV电机轴承伸缩端振动高报警,最高振动5.79 mm/s",,1）已采取的行动措施：主控调取4RRM003ZV电机轴伸端、非轴伸端历史振动趋势：电机轴伸端振动值波动较大，且多次闪发超过报警值，非轴伸端振动值平稳，未出现异常变化，两端轴承温度稳定无变化，根据4RRM001ZV电机轴伸端闪发振动高报的处理经验，初步判断电机轴伸端测振探头4RRM505MV松动或测振回路中的转换模块故障的概率较大，4RRM003ZV电机轴伸端振动值闪发高报的问题不影响设备的可用性。目前4RRM003ZV电机驱动端振动值已回落至报警值以下，风机可保持正常运行。2）建议后续行动：①切换到4RRM001ZV运行；②维修电气、仪控完成工单准备。在调停窗口或大修窗口下维修电气对4RRM003ZV电动机振动情况进行检查处理：维修仪控对4RRM505MV测振探头及转换模块进行检查处理,振动探头性能不稳定,"维修电气处理反馈：401大修期间对4RRM003MV风机测振，振动值正常，建WOT-2工单对4RRM505MV振动探头及转换模块检查。维修仪控处理反馈：1)401大修期间，检查4RRM505MV振动探头，探头安装紧固，信号电缆航空插头未固定到位，重新进行固定：
2）打开4RRM103CR，对4RRM505MV转换模块D1信号端子进行紧固，更换振动探头及转换模块。3）4RRM003ZV主控显示振动正常",若振动值超过7 . 2mm /s （国标中对带减振器电机的振动限值）则建议切换风机,
4SIT008MY 示数波动到0 . 8uS /cm 左右，导致出现高报 4SIT009KA 凝结水系统检漏装置氢电导率-2 高,4 号主控KIC 画面4SIT008MY 示数波动到0 . 8uS /cm 左右，导致出现高报4SIT009KA 凝结水系统检漏装置氢电导率-2 高,若氢电导率真实高，经引起二回路给水被污染，系统设备腐蚀或结垢,已采取的行动措施：1 ）查看和执行报警卡，主控检查4SIT008MY 的变化趋势；2 ）关注凝泵出口钠含量和电导率、蒸汽发生器排污钠含量和阳电导的变化趋势，确认未见异常；3 ）联系化学检查处理,取样泵故障停运,化学处理反馈：1 ）处理过程：检查发现取样泵故障停运，导致失去取样流量，重新投运后恢复正常；2 ）故障原因：取样泵故障停运,4SIT008MY （对应就地仪表4SIT450MG）正常值<0 . 08uS /cm ，当4SIT008MY≥0 . 3uS /cm 时，产生4SIT009KA 凝结水系统检漏装置氢电导率-1 高,
4SRI011KT（工作油冷却器4AGM202RF 冷却水侧出水温度）读数 间断显示为XXXX,18:50 左右4SRI011KT（工作油冷却器4AGM202RF 冷却水侧出水温度）读数开始间断显示为 \(x\times x\times x\) ，工作油冷却器人口油温4AGM218MT 显示正常，工作油温调节阀4AGM002VN 正常,导致4SRI011KT间断显示为××××，无法有效监控工作油冷却器4AGM202RF冷却水侧出水温度4APA202P0冷却水异常时无法提供有效监视,已采取的行动措施：1)对比4SRI010/012KT读数，初步判断仪表故障，联系维修仪控检查仪表；2）运行加强4AGM系统运行状态监视,4SRI011KT热电阻接线松动，导致温度显示异常,仪控处理反馈1)工作过程：①检查确认脚手架搭设合格，安全可靠；②土建专业配合拆除4SRI011KT热电阻上方格栅板；③打开4SRI011KT热电阻接线盖子；④检查发现4SRI011KT热电阻接线有松动现象；5拆除4SRI011KT热电阻接线，并做好拆线记录；③使用万用表测量对4SRI011KT温度元件进行测量，检查结果正常；①恢复4SRI011KT热电阻接线，并做好接线记录；关闭4SRI011KT热电阻接线盖子；9联系土建专业恢复4SRI011KT热电阻上方格栅板；0联系脚手架人员拆除脚手架；①工作结束，清理现场。2)故障原因分析：4SRI011KT热电阻接线松动，导致温度显示异常,4SRI011KT测点为4AGM202RF冷却水出水温度，不参与控制逻辑，该仪表异常时应检查4AGM相关调节阀状态及工作油温度是否正常，作为判断,
4STT450MG 凝汽器2 号检漏装置氢电导率表测量偏高,化学发现4SIT450MG 氢申导率表测量偏高，且仪表读数波动,影响凝汽器2 号检漏装置氢电导率表监测的可靠性,,流通池入口管线转接头松动,化学处理反馈，1）工作过程：①领取工作许可证；②关闭上下游阀门；③将电极拆下查看流通池，发现流通池内类似毛刺物④将流通池拆下时发现流通池入口管线转接头松动；5拆下流通池打磨毛刺并回装流通池；⑤紧固流通池进出口管线接头；⑥投运仪表观察读数恢复正常。2）故障原因分析：流通池入口管线转接头松动,4SIT008MY（对应就地仪表4SIT450MG）正常值<0.08μS/cm，当4SIT008MY≥0.3μS/cm时，产生4SIT009KA凝结水系统检漏装置氢电导率-1高,
4VVP739VL（疏水罐7气动疏水阀）主控显示洋红色,4VVP739VL 主控显示洋红色,1)导致疏水箱启动疏水阀不可用，影响蒸汽管道疏水；2)在正常运行期间疏水器工作异常时，将影响紧急疏水功能，导致疏水在蒸汽管道中积累,已采取的行动措施：oncall 仪控检查处理,反馈开关长时间保持在开状态，弹簧产生形变。导致无法脱开开限位,仪控处理反馈，1)检查确定4VVP739VL 显示洋红色；2)使用十字螺丝刀拆开4VVP739VL 开、关反馈限位开关盖子；3）使用万用表检查4VVP739VL 开、关反馈限值开关，检查发现开限位始终保持触发状态；4）手动调整4VVP739VL 开限位反馈开关，开反馈开关触发正常；5）联系机操对4VVP739VL 进行多次开、关验证，4VVP739VL 反馈触发正常；6）回装4VVP739VL 开、关反馈限位开关盖子，并使用十字螺丝刀紧固,VVP204SN 触发高液位（200mm），VVP739VL 自动开启；VVP203SN 触发高高液位（400mm），VVP739VL 保护开启,
1 号主控闪发1APA607/608KA（给水泵C 自由端轴承X 向振动高／高高）,,,"已采取的行动措施: 1)查看和执行报警卡, 关注主给水泵C 自由端轴承X 向振动1APA307MV 变化趋势; 2) 主控查看给水泵C 自由端轴承温度1APA335MT 和自由端轴承Y 向振动1APA308MV, 确认未见异常变化; 3) 安排现场查看1APA301AR 上的振动监测卡件VM600上三个状态灯触发情况, 以及1APA307MV 对应灯的触发情况: 4)oncall 仪控检查处理",前置器航空插头松动,"仪控处理反馈, 1) 处理过程: 打开1APA307MV 对应的端子箱, 检查接线无问题后恢复, 打开探头盒子, 发现1APA307MV 通道故障报警, 确认是前置器航空插头松动造成, 重新对航空插头接线调整紧固后无报警。2) 故障原因分析: 前置器航空插头松动","当APA307MV≥100μm时, 将触发给水泵C 自由端轴承X 向振动高报警; 当APA307MV≥120μm时, 将触发给水泵C 自由端轴承X 向振动高高报警",
8CTE914P0 故障无法启动,3CTE 重新启动过程中出现8CTE914P0 故障报警。自动跳至 8CTE915P0 运行,导致8CTE914P0 无法启动,oncall 电气检查处理,电机卡涩,"电气处理反馈：1 检修步骤：①拉开8CTE221JA 控制柜进行接线检查与紧固、元器件检查，发现热继电器动作，手动恢复；
②对下游电机8CTE914P0 绝缘和直阻检查，测得电机直阻为，A.B:3 . 6 2,A.C:3.6 2,B.C:3.6 2.直阻平衡、绝缘A.B.C-PE 为：>550MQ2 绝缘合格③对下游电机8CTE914P0 转动情况检查，打开电机风扇手盘动泵时发现有50 °的轻微卡涩，盘过50 °后转动正常，判断电机属于轻微卡涩过电流致使热继动作，盘过50 °后转动正常后不会影响运行，运行24h 后经主控同意可以还票：④工作结束，归还工作许可证。2 ）故障原因分析：电机卡涩",,
8DVN457VAF 意外关闭导致主控出现上充泵房温度高报警,主控出现上充泵房温度高报警，主控出现报警后通知现场检查上充泵房的通风情况，现场检查发现上充泵房风量与平时相比明显减小，经进一步在线检查，发现8DVN457VAF 手柄和执行机构的连接螺栓松脱，导致该风阀实际为关闭，但由于电机触点仍在开启位置，主控仍然显示该阀门为开启,上充泵房房间温度升高，若应急通风机未正常启动，将可能引起上充泵的轴承振动、轴承温度和油温升高，影响上充泵安全运行，不利于机组的安全,已采取的行动措施：1 ）立即安排现场确认上充泵房通风情况，确认上充泵运行参数未见异常；2 ）确保启动3DVH 风机为上充泵房提供通风：3 ）联系维修将该螺栓重新紧固连接，而后开启8DVN457VAF . F 充泵房温度逐渐回落,1 ）直接原因：手柄和执行机构的连接螺栓脱扣导致风阀意外关闭；2 ）根本原因：手柄和执行机构的连接螺栓不够可靠,电气处理反馈：正常时内部电机带动执行机构，通过连接螺栓驱动手柄使风阀动作。但由于连接螺栓脱扣，手柄和执行机构分离，使得电机仍停留在开限位，而阀门实际处于关闭状态,上充泵房温度上升到46 ℃时，对应系列的DVH 风机将自动启动,
8JPU410VE 与8.JPU435VE 之间地理消防管道漏水,2019 年01 月08 日中班，接一处通知9JPH 有隔离工作，开启8JPD 与 OJPD 之间的联通阀8JPD489VE，通过8JPH 给一二单元消防管网稳压，但8JPH 稳压罐液位无法稳定，持续下降，3JPP 泵由于压力低已经启动，经过现场检查为4MX 厂房与5 号机组之间的地面存在消防水泄漏,1 ）漏水导致消防管网压力下降JPP 泵启动；2 ）查漏时隔离漏点而隔离 8PX 厂房消防水，产生随机I02,已采取的行动措施：1 ）关闭8JPU408/409/435VE 已关闭隔离将漏点隔 离；2 ）oncall 维修机械和保卫处人员处理,管道沉降。导致管道破裂,机械处理反馈1 ）工作过程：①土建配合挖开沙土：②召开工前会；③排空管道内部残水：④清洗管道上面泥土；③用哈复节固定住管道裂纹： ③工作结束，清理现场。2 ）故障原因分析：管道沉降，导致管道破裂,JPU 为厂区消防水分配系统，通过环网向各厂房提供消防水,
8KRT505MA 在停运状态下产生一级、二级报警,,报警误触发,已采取的行动措施：1）安排辐射防护检查确认8KRT505MA故障报警情况；2）通知工作许可证8PW10913的工作负责人暂停工作；3）oncall仪控检查处理,8KRT505MA探头信号电缆头松动，产生信号干扰,仪控处理反馈：1 ）检修措施及步骤：①检查8KRT505CR 报警阈值，一级为\(1\times 10Bq/m\)，二级为\(4\times 10Bq/m\)，报警阈值正确；②检查灵敏度值为\(1.08\times 10-4\)，灵敏度正确；③检查LPDU 接地，确认处于良好状态；④检查设备供电，高压为809V ，且±12V 、5V 电压均正常：检查设备数据处理单元，做模拟量测试，测量值正常，数据处理单元处于正常工作状态；③在LPDU 上运行本底测试命令，本底值为4Hz≤10Hz ，处于正常范围内：？检查8KRT505MA 探头信号电缆，发现其松动，重新端接；③观察设备运行1h ，无报警现象；2 ）故障原因分析：8KRT505MA 探头信号电缆头松动，产生信号干扰,8KRT505MA 用于8SVA001BA 内辅助蒸汽冷凝水比活度的监测8KRT505PO 为8KRT505MA 取样回路取样泵。当8KRT505PO 不可用时，8SVA001BA 内的冷凝水不能通过8SVA001PO/002PO 排到3/4STR 除氧器。可以将 8SVA001PO/002PO 置于手动，监视液位，并联系化学取样合格后再排放到3/4STR 。或是直接改变在线将8SVA001BA 内的冷凝水排放到8RPE001PS ，最终进入到地面废水接收罐TEU003/004BA,
8KRT505MAE 取样泵无法启动，导致通道无法监测,8KRT505MA取样泵无法启动,导致8KRT505MA不可用,已采取的行动措施，1)安排现场检查8KRT505PO上游供电情况，未见异常；2)确认8SVA001PO/002PO处于手动，密切监视8SVA001BA液位，液位高时，可通过开疏水阀排水到8RPE001PS中；3)oncal1仪控检查处理,取样管路堵塞，造成流量计计数偏低从而引起停泵,"仪控处理反馈：1)检修措施及步骤：①检查取样泵电源：供电均正常：
②检查取样回路阀门状态正常：③启动取样泵，查看流量显示值低于流量计设备下限值，从而停泵信号无法消除；④对取样管路进行分段冲洗检查，经过检查发现8KRT505PO至8SVA236VL 间堵塞：机械将8KRT505PO至8SVA236VL 间管道切割开；③在切割开处。进行冲洗，发现套管处管道流量偏低，确认套管管道外径偏小：修改8SVA004LT 安装位置，延长扩大管，增加流体流道：恢复8KRT505MA取样管路阀门至正常状态。2 ）故障原因分析：取样管路堵塞，造成流量计计数偏低从而引起停泵",9KRT505MA用于9SVA001BA 内辅助蒸汽冷凝水比活度的监测，9KRT505PO为9KRT505MA取样回路取样泵。当9KRT505PO不可用时，9SVA001BAP 内的冷凝水不能通过9SVA001PO/002PO 排到1/2STR 除氧器。可以将9SVA001PO/002PO 置于手动，监视液位，并联系化学取样合格后再排放到1/2STR 。或是直接改变在线将9SVA001BA 内的冷凝水排放到9RPE001PS ，最终进入到地面废水接收罐9TEU003/004BA,
8KRT505P0-无法启动导致8KRT505MA 不可用,执行解隔离8PW11686（缺陷处理：8RRI090VN 安全阀压力整定及密封试验）后，重新恢复启动8KRT505P0 时，发现泵无法启动,1)8KRT505P0 无法启动，导致无法监测8SVA001BA 冷凝水的活度，产生I02: KRT10;2）当8KRT505P0 故障不可用时，8SVA001BA 液位高时，需要开疏水阀向8RPE001PS 排水（8RPE001PS 向8TEU003/004BA 排水），增加三废系统的处理负担,已采取的行动措施，1 ）安排现场检查8KRT505P0 上游供电情况，未见异常：2 ）确认8SVA001P0/002P0 处于手动，密切监视8SVA001BA 液位液位高时，可通过开疏水阀排水到8RPE001PS 中；3 ）oncall 仪控检查处理,8KRT705CR 箱内开关量线缆松动,仪控处理反馈：1 ）检修措施及步骤：D 查看8KRT505MA 软件参数设置，参数设置正确；②检查8KRT505MA 就地处理箱内部端子接线，端子接线正常：③检查通道流量计指针，指针灵活无卡涩现象；④检查8KRT705CR 箱,"8KRT505MA用于8SVA001BA内辅助蒸汽冷凝水比活度的监测8KRT505PO为8KRT505MA取样回路取样泵：
当8KRT505PO 不可用时，8SVA001BA 内的冷凝水不能通过 8SVA001PO/002PO 排到3 /4STR 除氧器。可以将8SVA001PO/002PO 置于手动，监视液位并联系化学取样合格后再排放到3 /4STR 。或是直接改变在线将8SVA001BA 内的冷凝水排放到8RPE001PS ，最终进入到地面废水接收罐8TEU003/004BA",
8KRT902MA 回路取样流量8KRT902SD 流量低,8SEL003BA 排放过程中8KRT902MA 触发流量低故障8KRT902MA 由于取样流量波动而跳闸,,已采取的行动措施：1)维修反馈仪控检查了8KRT902SD未见异常；2）机械对KRT902PO取样泵的叶轮检查未见异常，对泵进出口管线冲洗排气，暂未发现由明显堵塞情况；3）由于8SEL接收和排放压力大，经和维修仪控、辐射防护讨论，仪控建议（经辐射防护同意）：将8KRT902MA的取样回水由原来的回到8SEL049VEC前（即开启8SEL118VE），改到排放到8SEL001PS中（开8SEL121VE关闭8SEL118VE），这样有利于提升8KRT902SD的流量；4）辐射防护投运8KRT902MA后，辐射防护和维修人员现场观察8SEL003BA排放投运8KRT902MA后8KRT902SD流量从0.25m3/h缓慢降到下限0.16m3/h，流量较回水到8SEL049VE前时波动小。反馈8KRT902PO启动前后对8KRT902SD流量影响不大，怀疑8KRT902PO出力可能存在问题：建议后续行动：维修分析故障根本原因和消除缺陷,8KRT902MA取样管路入口至取样腔室存在异物堵塞。导致流量计流量偏低,"机械处理反馈：1 ）缺陷描述：8KRT902MA（见图1 ）取样流量低，怀疑取样泵出力不足或管线堵塞：2 ）处理措施：1 取样泵的排查：a ．泵进出口管线冲洗排气。i ．开8SEL117VE、关8SEL118VE、开8SEL121VE，启泵及停泵状态下，8SEL121VE 流量正常。证明8SEL117VE 至8SEL121VE 管线之间没有堵塞：ii ．关8SEL117VE、开8SEL118VE、开8SEL121VE。8SEL121VE 流量正常。证明8SEL118VE 没有堵塞8KRT902P088KRT902SD8KRT902MAX 8SEL117VE8SEL049VE 图18KRT902MA取样回路b . 3KRT902PO 取样泵的叶轮检香i ．检查叶轮的表面情况，表面光洁、未发现划痕：i ．检查叶轮的转动情况，未发现卡涩、异音：ii ．检查叶轮的入口及出口，未发现异物堵塞情况C ．经过仪控及辐射防护人员见证，已完成3KRT902PO 取样泵的回装。d ．经启泵验证，取样泵未见异常。
2②管线堵塞情况排查：a.经排查发现取样管路入口管线内发现有较多黄色塑料片异物，并进行清理：b.在冲洗8SEL001BA/002BA/003BA时，发现存在异物，并进行清理；3）改进措施：经比对同行电厂安装差异，已实施技改在8KRT902MA的取样口管线上增加滤网，避免小异物堵塞取样口导致流量低跳泵事件再次发生",8KRT902MA的取样流量小于1L/min或大于15L/min时，将触发8KRT902MA!监测通道故障报警。8KRT902MA监测通道故障厂包括流量异常、带有取样回路的监测通道（8KRT902MA）泵停运、电子线路故障、失电等原因引起1或二级报警时，联锁关闭8SEL049VE,
8KRT902MA 回路取样流量8KRT902SD 流量低,8SEL003BA排放过程中8KRT902MA触发流量低故障8KRT902MA由于取样流量波动而跳闸,8KRT902MA故障不可用，产生第二组I02，8SEL001BA/002BA/003BA无法排放,1）已采取的行动措施：①维修反馈仪控检查了8KRT902SD未见异常；②机械对KRT902PO取样泵的叶轮检查未见异常，对泵进出口管线冲洗排气，暂未发现由明显堵塞情况；③由于8SEL接收和排放压力大，经和维修仪控、辐射防护讨论，仪控建议（经辐射防护同意）：将8KRT902MA的取样回水由原来的回到8SEL049VE前（即开启8SEL118VE），改到排放到8SEL001PS中（开8SEL121VE关闭8SEL118VE），这样有利于提升8KRT902SD的流量；4辐射防护投运8KRT902MA后，辐射防护和维修人员现场观察8SEL003BA排放投运8KRT902MA后8KRT902SD流量从0.25m/h缓慢降到下限0.16m/h，流量较回水到8SEL049VE前时波动小。反馈8KRT902PO启动前后对8KRT902SD流量影响不大，怀疑8KRT902PO出力可能存在问题。2）建议后续行动：维修分析故障根本原因和消除缺陷,8KRT902MA取样管路入口至取样腔室存在异物堵塞，导致流量计流量偏低,"机械处理反馈：1）缺陷描述：8KRT902MA取样流量低，怀疑取样泵出力不足或管线堵塞：
2 ）处理措施：①取样泵的排查a ．泵进出口管线冲洗排气。i ．开 8SEL117VE、关8SEL118VE、开8SEL121VE，启泵及停泵状态下，8SEL121VE 流量正常。证明8SEL117VE至8SEL121VE 管线之间没有堵塞：i ．关 8SEL117VE、开8SEL118VE、开8SEL121VE,8SEL121VE 流量正常。证明 8SEL118VE 没有堵塞。8KRT902P08KRT902SD8KRT902MA 文8SEL049VE 图 18KRT902MA取样回路b . 3KRT902PO取样泵的叶轮检查。i ．检查叶轮的表面情况，表面光洁、未发现划痕：i ．检查叶轮的转动情况，未发现卡涩、异","8KRT902MA 的取样流量小于 1 L/min 或大于 15 L/min 时, 将触发 8KRT902MA 监测通道故障报警。8KRT902MA 监测通道故障 [包括流量异常、带有取样回路的监测通道 (8KRT902MA) 泵停运、电子线路故障、失电等原因引起 1 或二级报警时, 联锁关闭 8SEL049VE",
8KRT902MA 投运时，发现无流量。导致无法正常投运,准备执行8SEL002BA 排放。投运8KRT902MA 时，仪表无取样流量,导致8KRT902MA ！监测道不可用产生第二组IO ：KRT3 ，无法进行8SEL 废液排放,已采取的行动措施：1 ）暂停8SEL002BA 排放工作，要求辐射防护检查确认8KRT902MA 在线情况和故障情况；2 ）安排运行现场检查8SEL002BA 排放在线情况未见异常，泵运行出口压力正常：3 ）联系仪控检查处理,1)8KRT902MA 取样管路人口至取样腔室存在异物堵塞，导致流量计流量偏低；2)8KRT902MA 取样管路入口处上游SEL 管路中水量较少，监测道投运后，SEL 管路中水被排空,"仪控处理反馈：1 ）处理进展：8KRT902MA 监测道流量计流量恢复正常，当前值为0 . 6m/h（流量范围：0 . 06~0 . 9m/h），设备运行状态正常；2 ）原因分析：D8KRT902MA 取样管路入口至取样腔室存在异物堵塞。导致流量计流量偏低：②8KRT902MA 取样管路人口处上游SEL 管路中水量较少，监测道投运后，SEL 管路中水被排空；
3 ）缺陷影响分析：导致8KRT902MA 监测道不可用，产生第二组IO ： KRT3 :4 ）后续行动：D 与运行及辐射防护人员沟通，密切关注8KRT902MA 流量计流量变化；②在8KRT902MA 投运前关注SEL 管道液体情况",8KRT902MA 的取样流量小于1L /min 或大于15 L /min 时，将触发 8KRT902MA 监测通道故障报警。8KRT902MA 监测通道故障（包括流量异常、带有取样回路的监测通道（8KRT902MA ）泵停运、电子线路故障、失电等原因引起）或二级报警时，联锁关闭8SEL049VE,
8REA074MN 主控显示0.5~5m 剧烈波动,巡盘发现8REA074MN8REA003BA 液位计（PAMS 仪表）1 主控显示0.5~5m剧烈波动,导致产生I02:PAMS1,已采取的行动措施：1 ）查看就地液位计和8REA074MN、8REA054MN 读数进行对比，查看8REA074MN 的读数趋势变化情况，初步确认8REA074MN 故障；2)oncall 仪控检查处理,8REA074MN 隔离卡件损坏,"仪控处理反馈：1 ）检修过程：①取得工作许可证
②工作前与主控沟通：③确认设备位号；④拆除旧的隔离卡件：更换上新的隔离卡件；③观察趋势，确认8REA074MN 已能正常工作；②工作结束，清理现场；2 ）故障原因分析：8REA074MN 隔离卡件损坏",定期试验规程要求8REA054MN 和8REA074MN 的各测量值与平均值的偏差小于5 ％（测量值-平均值）/平均值<5 ％,
8SEL 排放时8KRT902MA 因取样流量偏低跳闸,8SEL001BA 排放时。两次触发取样流量偏低导致 8KRT902MA 跳闸,导致 8KRT902MA 不可用，产生 I02：KRT5，不能进行 8SEL 排放,已采取的行动措施，1）暂停 8SEL001BA:排放，联系辐射防护检查 8KRT902MA 在线情况和故障情况；2）安排运行现场检查 8SEL001BA 排放在线情况未见异常，泵运行出口压力正常；3）联系仪控检查处理,取样管路中有杂质堵塞,仪控处理反馈：1)检修措施及步骤：D 将 8KRT902KC、8KRT904KC 置于“TEST”位；2 关闭 8SEL117VE.118VE，打开 8SEL119VE，打开 8SEP9940VT 冲洗管路；③打开 8SEL121VE，关闭 8SEL119VE 冲洗 5min 后关闭 8SEP9940VT、8SEL121VE:④将 8KRT902PO 启动，检查流量：流量正常后，将 8KRT902KC、8KRT904KC 置于“NORMAL”位。2)故障原因分析：取样管路中有杂质堵塞,8KRT902MA 的取样流量小于 1 L/min 或大于 15 L/min 时，将触发 8KRT902MA 监测通道故障报警。8KRT902MA 监测通道故障包括流量异常、带有取样回路的监测通道（8KRT902MA）泵停运、电子线路故障、失电等原因引起 1 或二级报警时，联锁关闭 8SEL049VE,
8SEL 排放时8KRT902MA 因取样流量偏低跳闸,8SEL001BA 排放时，两次触发取样流量偏低导致8KRT902MA 跳闸,导致8KRT902MA 不可用，产生I02：KRT5，不能进行8SEL 排放,已采取的行动措施：1 暂停8SEL001BA 排放，联系辐射防护检查 8KRT902MA 在线情况和故障情况：2）安排运行现场检查8SEL001BA 排 放在线情况未见异常，泵运行出口压力正常。；3）联系仪控检查处理,取样管路中有杂质堵塞,仪控处理反馈：1 ）检修措施及步骤：①将8KRT902KC、8KRT904KC 置于“TEST”位；②关闭8SEL117VE、118VE，打开8SEL119VE，打开 8SEP9940VT 冲洗管路；3 打开8SEL121VE，关闭8SEL119VE 冲洗5min 后关闭8SEP9940VT、8SEL121VE:④将8KRT902P0 启动，检查流量；5 流量正常后：将8KRT902KC、8KRT904KC 置于“NORMAL”位。2 ）故障原因分析：取样管路中有杂质堵塞,8KRT902MA 的取样流量小于1 L/min 或大于15 L/min 时，将触发8KRT902MA 监测通道故障报警。8KRT902MA 监测通道故障「包括流量异常、带有取样回路的监测通道（8KRT902MA）泵停运、电子线路故障、失电等原因起1 或二级报警时：联锁关闭8SEL049VE,
"执行 8SEL 排放操作投运 8KRT902MA 流量计时, 发现取样流量低","辐射防护在投运 8KRT902MA 时。反馈取样流量偏低, 将 8KRT902MA 退出运行后, 发现 8KRT902MD 指针发生卡涩","导致 8KRT902MA 不可用, 产生 102: KRT5, 不能进行 8SEL 排放",,"流量计浮子内部吸附大量铁屑,造成流量计卡涩","仪控处理反馈:1)检修措施及步骤:D 由主控操作人员将8KRT902KC、8KRT904KC 置于“TEST”状态;②检查8KRT902MA 流量计并清理:③对8KRT902MA 取样管路进行冲洗:④使用SEP 水进行验证,确认启动取样泵区域流量达到0.60m/h 以上;恢复通道至初始状态;6 由运行人员在KIC上将8KRT902KC8KRT904KC 置于“NOR-MAL”位。2)故障原因分析:流量计浮子内部吸附大量铁屑,造成流量计卡涩",8KRT902MA 的取样流量小于1 L /min 或大于15 L /min 时，将触发 8KRT902MA 监测通道故障报警。8KRT902MA 监测通道故障包括流量异常、带有取样回路的监测通道（8KRT902MA ）泵停运、电子线路故障、失电等原因引起1 或二级报警时，联锁关闭8SEL049VE,
8SEL001PS 到高液位时，8SEL004P0 无法自动运行,执行8SEL002P0 疏水工作时，发现8SEL001PS 内8SEL004P0 在高液位时未启动。检查发现8LKL9931JA 处于断开，合闸后手动启动时泵依旧未启动,地坑水无法排出，有放射性水满溢的风险,已采取的行动措施：1)oncall 维修电气检查处理；2 ）联系化学取样分析，核清洁用桶临时排水,接触器下端口C 相接线松动，热继动作，导致8SEL004P0 无法自动运行,电气处理反馈：维修人员现场查看8SEL004P0缺陷，并开紧急票： 8SEL001PS内的水需在辐射防护测量放射性后核清洁搭建临时泵排往8TER001PS，以方便对8SEL004P0进行维修。处理期间核清洁表示可以采用十几个50L的桶进行分装，放在旁边不影响作业，而且正式泵修好后可以倒入进行启泵验证,8SEL043SN（高高液位）触发和8SE042SN（高液位）触发均会启动8SEL004P0,
8SER 供往3CRF 泵及3SEC 泵轴封水管线及逆止阀振动高,"8SER1 供往3CRF 泵及3SEC 泵轴封水管线及逆止阀振动高
夜班汽机冲转前1MX现场人员发现有管道撞击声，主控立即安排现场和保驾的专业人员检查，同时主控梳理当时正在进行的操作，此时外围岗位电话通知主控GB沟有较大的管道撞击声。GB沟主要布置有SVA及SER管道，主控立即查看SVA画面，未发现异常。查看OSER画面，发现L.OSER管道温度计OSER201KT从27.2℃快速上升，主控高度怀疑该异常因1GSS102BA补水工作导致(当时正在根据《F01-GTA-C-0091号机组汽轮机冲转前GSS疏水箱和高加液位调整运行操作票》的要求对1GSS102BA补水)。
主控立即要求现场关闭1GSS102BA的补水阀，随后外围岗位反馈GB沟撞击声逐渐消失。但现场发现OSER 流量增加至300m3/h 左右，由于怀疑OSER 管道可能已经存在泄漏且暂时无法定位漏点，主控分析影响后停运OSER 泵，关闭泵出口隔离阀","1)3CRF 泵及3SEC 泵轴封水正常由SEP 供水，SEA 作为备用，301 大修技改新增SER 备用轴封供水管线，目前3CRF 泵及3SEC 泵轴封水由8SER 供水，初步分析可能为减压阀8SER801VD 调节性能不佳，导致阀后压力超过SEP 正常轴封供水压力。若长时间处于此种非正常方式运行，可能导致管道及逆止阀振动加剧，甚至有疲劳断裂风险；2 ）根据8SER801VD 阀后管线及逆止阀振动较大，分析阀后压力较大，可能导致8SEP 轴封供水管线逆止阀被反向顶死无法打开
0/1/2/9SER 用户风险分析1 ）停机风险用户DCEX 凝汽器补水：②CVI 真空泵汽水分离罐补水：③SRI 头箱补水。2 ）系统运行时才需要补水的用户（可以将系统停运或者保持热备用）①XCA 电锅炉除氧器及加药（锅炉运行时）：②STR 除氧器补水（STR 系统运行时）：③9SES 补水箱（9SES 系统运行时）。3 ）日常运行期间不需要补水的用户DGSS/ACO/ADG 补水：②CRF601P0 轴封水：③APG 排污倒U 型管充水：④CEX 出口母管充水：CET 轴封冷却器排水倒U 型管充水？CEX 泵机封水：？CVI 真空破坏阀U 型管充水：APA 泵疏水冷却：？经9ASG 向ASG 水箱制水（GEN8 )： 101/2号低加平衡罐补水。4 ）应急用户①ASG 水箱重力补水（SER1 )：2 ②CRF/SEC 轴封应急供水。5 ）核岛用户（日常运行期间不需要） DJPI004/005/006BA 充水：②H4 管线充水：39SVA001BA 充水：④LX/KX 待堵头的临时接口WX 厂房ASG 汽动泵超速试验机封临时冷却水。结论：1 )1 号机组失去SER 补水，风险分析见上。若1CEX 、1CVI 、1SRI 异常，1号机组需要过渡到1 %Pn 热备用平台：；2 )2 号机组暂时失去SER 补水，需要关注，尽快恢复补水功能避免影响机组运行","已采取的行动措施，1 ）检查8SER801LD 流量表已超量程，确认3CRF 泵及3SEC 泵轴封水由8SER 供水；2 ）与专工共同检查3CRF 泵及3SEC 泵的
1) 已采取的行动措施: D 停运 OSER401P0, 关闭 OSER013/023/033VD, 避免 OSER 水箱液位快速下降; ②安排现场人员查找 OSER 管线漏点, 最终发现膨胀节 OSER901JD 因管道位移而损坏, 产生漏点; ③隔离漏点并开展 2MX 的 SER 供水准备工作, 以便消除对 2 号机组的影响; ④安排现场人员查看其他 SER 管道、阀门及支吊架等, 尚未发现其他明显异常; 暂停 1 号机组冲转并网, 已汇报电网, 延长调停时间。一号机组已采取干预措施; ①停运 OSER401/402/403P0 断电并关闭其进出口阀门; ②关闭 OSER901JD 上游隔离阀 OSER151VD; ③停运 1STR 系统。二号机组已采取的干预: D 因 OSER901JD 漏水, 将其上游的 OSER151VD 隔离后仍然泄漏, 为了避免 2MX 用户管道排空, 关闭进入 2MX 厂房的 2SER807VD 和 2SER809VD; ②同时因 2STR001DZ 液位持续降低, 停运 2STR 系统。2) 建议后续行动: ①恢复 2 号机组 SER 供水; ②机械组织相关专业, 尽快制定消缺方案, 准备消缺; ③白天组织机械、技术支持、设备管理、运行人员再次独立核实 SER 相关系统设备无异常; ④运行密切关注 1、2 号机组涉及 SER 供水相关系统设备运行情况, 运工独立核实 1SER 失去的风险","4)该变更设计方案中应急轴封水压力为≥0.40 MPa, 实际为0.36MPa应急轴封水才能正常投运; 5)观察减压阀 8SER801VD 阀杆处有轻微渗水, 当前振动消除后已无渗水迹象, 原因为该段管线长时间振动造成
1GSS001/002VV 内漏严重, GSS 暖管后蒸汽进入 1GSS102BA, 同时由于 1GSS102BA 疏水阀内漏导致罐体液位偏低, 在对 1GSS102BA 补水时, 蒸汽进入 OSER 管道造成水锤, 管线介质冲击导致管道偏移。弓起膨胀节破损","机械处理反馈: 维修、运行就地调整减压阀 8SER801VD, 应急轴封水管线及逆止阀 8SER804VD 振动高故障消除, 具体操作如下: 1)当阀后压力由0.43MPa 调整至0.38MPa时, 逆止阀 8SER804VD 与管线振动及异音明显降低且 8SER801LD 流量计示数下降为 350 L/H; 2)继续调整至0.36MPa时, 逆止阀 8SER804VD 与管线振动及异音消除且 8SER801LD 流量计示数瞬间变为0L/H; 3)调整减压阀 8SER801VD 同时观察 CRF 泵及 SEC 泵正常轴封水供给无波动, 投运正常
机械处理反馈: 1) 工作过程: ①验证工作点, 执行《F00-SER-TD-M190320SER901JD 膨胀节漏水处理工作方案》; ②现场确认管道已排空, 脚手架已搭设, 与运行确认可以开工; ③从膨胀节两端焊缝处约 20mm 处位置切除破损膨胀节; ④调整偏移管道, 确认管道水平后, 测量两管间距离为: 490mm;
③联系机加预制管道 (Φ273×8.0×490) 并打磨两端坡口; ③打磨现场管道左右两侧坡口, 焊接 OC 检查清洁度合格; ②将预制好短节, 焊接至管道两侧, 役检 PT 合格; 8 转 PT 票联系运行配合冲洗管道, 确认管道内水溶纸冲洗干净; 9 清理现场还票。2) 故障原因分析: 管线介质冲击导致","SEC/CRF 的轴封水源有3 路, 分别为 SEP/SEA 和 SER
1 ）相对上游补水管线，禁止向高温高压水箱补水，避免汽水返流进入补水管道，从而引发水锤振动。特别是二回路高温高压设备的补水管道，原则上只在机组启动、设备处于冷态的情况下才能补水；2 ）流体传输前务必注意核实上下游压力，若下游罐体压力大于供水或供气母管压力将会引起水气倒流",
8SRE001P0 手动和自动均无法启动,8SRE001P0 手动和自动均无法启动,泵无法启动，导致8SRE001BA 无法打循环，无法排放,已采取的行动措施：1 ）安排就地检查泵上游供电情况，未见异常： 2)oncall 电气检查处理,8SRE201AR 柜内001JS B 隔离开关B 、C 相熔芯熔断,维修电气处理反馈：1 ）检修过程：①与运行人员沟通，取得工作许可证： ②确认设备位置，验证离边界：3 ）对8SRE201AR 进行检查发现柜内 001JS 隔离开关B 、C 相熔芯熔断；④领取备件进行更换，测量8SRE001P0,"8SRE001PO的控制逻辑:液位高或8SRE201AR上001TO置于ON时,108SRE001BA8SRE001PO启动;2)8SRE001BA液位低或8SRE201AR上002TO置于OFF时8SRE001PO停运",
8TEG 系统就地含氧量高消除后，主控8TEG527KA（氧浓度高）报警一直存在,8TEG 系统就地含氧量高消除后，主控8TEG527KA（氧浓度高）报警一直存在,干扰主控对8TEG系统含氧量监视,已采取的行动措施：oncall 维修仪控检查处理,仪表报警触发信号有误仪表主板输出的报警开关量信号线接线错误,维修仪控处理反馈在运行将氧分析值降低至1.5%以下，主控报警仍然存在，检查就地仪表高报继电器灯亮，怀疑仪表报警触发信号有误，经检查是仪表主板输出的报警开关量信号线接线错误，重新接线后，验证报警功能正常,TEG氧含量浓度高报警定值为1.5%，氧含量高高报警定值为3.5%,
8TEP013BA 液位异常上涨,KSN 画面上显示8TEP013BA 液位8TEP405MN 缓慢上涨8TEP013BA 疏水阀8TEP351VL 自动开启至全开后，液位仍持续上涨。就地检查下游阀门8TEP353VL 和8TEP571VL 均为开启状态，排除在线不正确导致无法疏水。（当前8TEP001EV 处于状态6 ，且其加热蒸汽因处理8TEP343VV 调节不佳问题被隔离，此状态下无SVA 蒸汽，故8TEP013BA 应无凝结水，液位不应上涨）,若8TEP013BA 液位真实不明上涨，则有可能疏水管线存在堵塞，影响蒸发器正常运行,已采取的行动措施：1)8TEP001EV 近几日有启动至状态5 进行蒸发操作，未发现有8TEP013BA 液位异常现象，初步可排出疏水管线堵塞的可能；当前加热蒸汽隔离，随着8TEP013BA 被环境空气冷却，汽侧空间的蒸汽会冷凝，在汽侧空间形成负压，继而导致差压式液位计8TEP405MN 显示失真的可能性很大，通过开启8TEP403VV 与DVN 连通消除负压；2)8TEP403VV 在8TEP001EV 启动过程中需要开启，且SVA 正常无放射性，故开启 8TEP403VV 与DVN 连通风险可控：由于8TEP351VL 已全开，8TEP013BA 实际可能已经排空，与8SVA001BA 内气体连通。故开启8TEP403VV 前，需确认8SVA001BA 无放射性，联系辐射防护确认8KRT505MA 运行正常，且示数正常后，确认8SVA001BA 无放射性；3)KSN 上开启8TEP403VV ，使8TEP013BA 汽侧空间与DVN 连通后，8TEP405MN 显示恢复正常,8TEP013BA 汽侧空间形成负压导致液位计显示失真,,开启8TEP403VV 前，需确认8SVA001BA 无放射性，防止意外的放射性排放,
8TER002PS 地坑液位高高，8TER006P0 未正常自动启动,22:34，主控出现8TER910KA（8TER002PS 液位高高）报警，查看KIC 页面发现8TER053SN HH 触发，现场检查发现为4SEC079VE 上游管道漏水（出现直径约2cm 的漏水孔洞），导致8TER002PS 已满溢至地面，地坑泵8TER006P0 未自动启动002PS 所在房间（N190 ）地面积水约10~20cm 深,,已采取的行动措施：1)经当班值通过胶带临时封堵暂时将该漏点堵住，液位暂未再持续上涨；2)现场尝试手动启动8TER006P0，仍无法启动，将其打手动停运，并关注地坑8TER002PS液位；3)oncall1维修支持安装临时泵，将临时泵接至8TER006P0排水管道上，将地坑水排至8TER001BA；4)oncall1电气8TER006P0检查处理未自动启动，oncall1机械检查处理4SEC079VE上游管道漏水问题,4SEC079VE上游出现漏水孔洞的原因：设备长期运行腐蚀所致：8TER006P0未自动启动的原因：主回路熔丝熔断，导致泵无法启动,"1)电气处理反馈：①取得工作许可证；②验证隔离边界。检查设备九位码③召开工前会；④断开8TER201CR上游电源8LK1621JA，检查8TER201CR柜内接线，对一次回路，二次回路接线进行紧固，确认牢固可靠，检查电气元件，发现主回路的A相和C相的熔丝已经熔断，领取新备件进行更换：测量新熔丝三相均为0.3Q，安装牢固可靠；检查泵的直阻AB：3.1Q2BC：3.12AC：3.12，绝缘大于550MQ，绝缘直阻合格；③将泵的叶轮后盖拆开，手动进行盘动，动作良好，无卡涩；
②将正式的软管放在地坑泵内，联系运行配合启动打循环，启动电流7.06A，A相4.5A，B相4.5A，C相4.5A，第二次将正式软管接至管道，泵启动电流10.7A，A相5.2A，B相5.1A，C相5.0A，泵启动正常；8将泵打到自动状态运行，液位高触发启动命令，泵自动启动液位低时泵自动停止，逻辑正常，泵启动正常，在泵停止以后，发现管道水回流至地坑内，检查发现管道上的止水阀回座不严泵启停三个来回以后，判断为止水阀回座不严导致泵一直在自动启停，导致长时间的工作，熔丝发热熔断，起保护下游泵作用，由机械配合对出口止回阀8TER108VE进行敲击处理8TER108VE恢复正常回座，验证泵运行正常，恢复泵自动；③工作结束，归还工作票故障原因分析：主回路熔丝熔断，导致泵无法启动。2)机械处理反馈：工作过程：①联系电气人员对现场地面积水进行验电，确认无电后进入：②拆除原有胶带封堵（运行人员临时用胶带封堵）、根据管道尺寸，机加专用夹具：③将机加好的专用夹具安装至4SEC079VE上游漏水孔洞，并进行紧固，确认无泄漏：④联系运行启泵验证，确认无泄漏、与主控沟通持票观察两天确认无泄漏；工作结束，清理现场，归还工作许可证。故障原因分析：设备长期运行腐蚀导致",,
8TER006P0 泵出力不足,"巡检发现 8TER006P0 自动启动后地坑液位未下降, 怀疑泵无出力",,已采取的行动措施：1）安排现场将8TER006P0打手动停运，并关注地坑8TER002PS液位；2）oncall电气检查处理,泵叶轮螺栓腐蚀断裂,电气处理反馈1）检修步骤：①D核对机组号，确认设备位置：②召开工 前会，建立检修场所；③断开8LK1621JA，确认无电压：④联系机械拆除泵连接软管，服务对泵坑进行排水：拉出泵进行检查，发现泵叶轮螺栓腐蚀断裂：③对泵进行更换；②工作结束，清理现场。2）故障原因分析：泵叶轮螺栓腐蚀断裂,TER002PS地坑泵TER006P01）手动启动信号：就地按下006T0按钮+就地控制柜TER006CC置手动“MANU”位；2）保护启动信号：就地控制柜上TER006CC置手动“AUTO”位+002PS高液位信号（052SN-700mm）；3）手动停运信号：就地按下005T0+就地控制柜上TER006CC置手动MANU”位；4）允许停运信号：TER002PS低液位信号（051SN-300mm）；5）保护停运信号：TER006P0故障信号或006P0热继电器过载信号（014LA）,
8TER006P0 现场无法启动,8TER006P03 现场无法启动,导致 8TER002PS 内的水无法排放,oncall 电气检查处理,8TER201CR 箱内保险丝熔断,"电气处理反馈: 1) 检修步骤: ①验证隔离边界, 确认检修设备位置, 召开工前会; ②就地检查发现 8TER201CR 箱内保险丝熔断; ③领取同型号保险后进行更换; ④对水泵参数进行检查结果合格; 5 联系运行人员启动验证满足运行要求; ③将现场恢复到初始状态; ②工作结束, 清理现场。2) 故障原因分析: 8TER201CR 箱内保险丝熔断",TER002PS 地坑泵 TER006P01) 手动启动信号: 就地按下 006T0 按钮+就地控制柜 TER006CC 置手动 "MANU" 位; 2) 保护启动信号: 就地控制柜上 TER006CC 置手动 "AUTO" 位+002PS 高液位信号 (052SN-700mm); 3) 手动停运信号: 就地按下 005T0+就地控制柜上 TER006CC 置手动 "MANU" 位; 4) 允许停运信号: TER002PS 低液位信号 (051SN-300mm); 5) 保护停运信号: TER006P0 故障信号或 006P0 热继电器过载信号 (014LA),
8TEU001EV 由状态6 和状态0 启动频繁跳闸,1)2018 年08 月04 日夜班，由状态6 启动88TEU001EV 继续对8TEU016BA 进行蒸发。在启动8TEU001EV 蒸发时蒸发器状态突然返回状态0 ，此后重新从状态0 启动蒸发器，发现8TEU006P0 启动2 ~3min 跳闸，蒸发器也随即返回状态0 。而此时8TEU001EV 硼浓度为33618x10 -6 、钠硼比为0 . 244 ; 2 ）主控根据现场8TEU006P0 在运行后2 ~3min 后停运现象以及状态6 返回状态0 的现象，查阅逻辑图，发现最有可能的逻辑为8TEU108SP 触发,蒸发器跳闸至状态0 导致浓硼温度降低。有硼结晶风险,已采取的行动措施：1)oncall仪控人员进行校表；2）主控分析：由于8TEU108SP触发，8TEU006P0每次可运行125s。可将由状态0启动至状态2左右，并引入SVA蒸汽，在这段时间可以将对8TEU001EV进行加热。根据前期启动经验确认每次启动8TEU111MT会上涨3~5℃。因频繁启动蒸发器对设备不利，且消耗现场人力，故oncall仪控人员对8TEU108SP强制为0，并将蒸发器启动至状态5,8TEU108SP低漂,维修仪控处理反馈仪控人员将8TEU108SP信号强制为0后早班值顺利启动8TEU001EV至状态5，而后8TEU111MT也回升至100℃以上。而校表工作涉及RWP办理和现场铅皮的移动。耗费时间较长，整个校验工作从工作负责人到达主控办理许可证直至工作完工几乎需要5h左右。校验结果证明8TEU108SP低漂至0.13MPa,1)在出现8TEU006P0运行2min左右跳泵的情况时，基本可以确定8TEU108SP触发；2）在8TEV001EV硼浓度较高时，且状态跳至状态0时，需重点8TEU111MT的关注，避免浓硼结晶，联系化学给出结晶温度；3）如果是8TEU108SP问题，建议同时oncall校表和强制信号人员，在故障消除前或信号强制前。使用上述不断启动的方式，避免浓硼结晶,
主控出现3LKH903KA/904KA ，现场确认3LKH001TB 母线失电，其上游电源3LGC106JA 也已经跳开,主控出现3LKH903KA/904KA ，现场确认3LKH001TB 母线失电，其上游电源3LGC106JA 也已经跳开,3LKH001TB 母线失电,已采取的行动措施：1 ）oncall 电气人员检查：2 ）当班值为配合故障排查暂时未执行3LKH 母线停役操作,1 ）调试占用开关3LKH981JA（备用开关，已办理TSD ）向3PX 清淤设备供电，初步判断由于船只碰撞导致用电设备短路漏电；2 ） 3LKH981JA 零序互感器二次插件松动导致3LKH981JA 保护未动作从而导致3LKH 上游6 . 6kV 开关3LGC106JA 跳闸,电气处理反馈：1 ）核实3LKH981JA 处于断开状态：2 ）紧固抽屉内部接线并检查：3 ）更换零序互感器二次松动插接件：4 ）对继电器进行校验，定值为300mA/0.0329s;5 ）对负载端测量对地绝缘U =29MQ 、 V =30MQ2、W =31MQ,,
9DVN0022V 现场停运，主控 KIC 显示运行状态,9DVN0022V 现场实际为停运状态。主控 KIC 显示运行状态,,已采取的行动措施：1)安排现场在KSN上和就地风机控制柜以及就地听 音确认9DVN002ZV为停运状态；2)安排现场检查9DVN002ZV供电开关状 态，尝试拉出开关重新送电；3）oncall电气检查处理,检查发现9DVN002ZV上游电源抽屉9LKI1161JA 内接触器辅助触点脱落， 导致风机状态反馈不正常,,9DVN002ZV 为核辅助厂房通风系统（DVN ）正常送风机,
主控出现9KRT502KA3 9KRT505MA 监测通道故障,,1)9KRT505MA不可用，导致无法监测9SVA001BA冷凝水的活度，产生双机组I02：KRT10;2）当9KRT505MA故障不可用时，9SVA001BA液位高时，需要开疏水阀向9RPE001PS排水（9RPE001PS向9TEU003/004BA排水），增加三废系统的处理负担,已采取的行动措施：1)安排现场检查9KRT505PO上游供电情况，未见异常；2）确认9SVA001PO/002PO处于手动，密切监视9SVA001BA液位液位高时，可通过开疏水阀排水到9RPE001PS中；3）反馈2号机组，9KRT505MA不可用，将产生双机组I02：KRT10；4)oncall1仪控检查处理,因储水罐液位低或流量波动过大：导致流量失效从而使取样泵停运，而取样泵异常停运后，未按下电气柜9KRT705CR内复位键，无法正常投运,仪控处理反馈：1 ）检修措施及步骤：D 现场检查9KRT505MA 失效灯亮，流量计上下限值均正常且无流量，储水罐液当前液位为：1m ；②打开电气柜9KRT705CR ，启动取样泵，取样泵无法运行；③按下电气柜9KRT705CR 内强制启动取样泵按钮，取样泵能运行，确认取样泵无异常，松开强制启动按钮；④按下电气柜9KRT705CR 内RESET 按钮后，启动取样泵 9KRT505PO ，取样泵正常运行；5 持续观察9KRT505MA : LPDU 正常运行，流量计流量稳定为：0 . 4m /h 。2 ）故障原因分析：因储水罐液位低或流量波动过大，导致流量失效从而使取样泵停运，而取样泵异常停运后，未按下电气柜9KRT705CR 内复位键，无法正常投运,9KRT505MA 用于9SVA001BA 内辅助蒸汽冷凝水比活度的监测，9KRT505PO 为9KRT505MA 取样回路取样泵。当9KRT505PO 不可用时，9SVA001BA 内的冷凝水不能通过9SVA001PO/002PO 排到1/2STR 除氧器。可以将 9SVA001PO/002PO 置于手动，监视液位，并联系化学取样合格后再排放到1/2STR 。或是直接改变在线将9SVA001BA 内的冷凝水排放到9RPE001PS ，最终进入到地面废水接收罐9TEU003/004BA。9KRT505PO 跳闸后，重新投运时需要按下电气柜9KRT705CR 内复位键复位后，方可正常投运,
9TEU001EV 在状态5 时，9TEU253VL 会频繁大幅度开关动作,9TEU001EV 在状态5 时，9TEU253VL 会频繁大幅度开关动作，怀疑 9TEU102MN 漂表,,已采取的行动措施：oncall 维修仪检查,9TEU102MN 零点漂移,维修机械处理反馈：1）现场确认 9TEU001EV 在状态 6，确认 9TEU253VL 在手动关闭状态；2）对 9TEU102MN 进行零点校验并调整合格；3）投运仪表对其充水排气，恢复初始状态，显示正常,当蒸发器处于状态 5 时，出现冷凝罐 8TEU014BA 低液位（-142mm），8TEU102MN 测量后发出蒸发器都会跳到状态 6,
9TEU251VV 在蒸发器从状态0 启动时无法开启,执行9TEU001EV 从状态0 启动到状态6 的过程中，在状态1 到状态2 时，9TEU251VV 无法自动开启，现场手动也打不开,TEU 蒸发器无法进SVA 蒸汽导致蒸发器无法启动,已采取的行动措施：1)oncal1 机械专业检查：2）关闭上游手动阀9TEU250VV,阀门9TEU250VV，上下游压差过大导致阀门开启困难。在状态0 时，9TEU251VV 下游温度降低，蒸汽冷凝，就地压力表显9TEU015LP 示为负压，上游为SVA 母管蒸汽，压力0.4 MPa,维修机械处理反馈：机械拆除9TEU314VL 下游盲板，服务拆除管道保温（拆除部分即可）降温，开启9TEU314VL 泄压,9TEU251VV 下游温度降低，蒸汽冷凝导致压力降低,
4 号主控出现4ABP104KA C ABP 系统抽气疏水阀故障）和4ABP105KA(ABP 系统抽气阀门故障）,"机组重新启动时，在主控无法操作打开4ABP006VL 在强制 ADG010SN 触发后，4ABP006VL 仍无法开，开启其上游排气阀泄压时发现排出很多蒸汽，没办法继续进行泄压
06:28,4 号主控出现4ABP104KA (ABP 系统抽气疏水阀故障）和4ABP105KA （ABP 系统抽气阀门故障），主控检查4ABP403VV/4ABP405VV/4ABP415VV 故障大红色，4ABP401RE 抽气压力由0.32 MPa 降至0.26MPa,4ABP301RE 抽气压",导致凝结水无法进入除氧器，无法启动ADG 系统,已采取的行动措施：1 ）检查4ABP006VL 上游仪用压空供气正常2 ）联系仪控强制4ADG010SN 触发；3 ）开启4ABP006VL 所在管线上游排气阀泄压时发现排出很多蒸汽，没办法继续进行泄压；4 ）通过将4ABP010VL 打开进行泄压后，再在主控操作开启4ABP006VL ，顺利打开,"4ABP006VL 阀门开启的设计压差为2 . 411 MPa ，因前后压差太大导致无法开启，需要进行泄压平衡前后压力
4KCP558AR机柜内48V的TB004BN的1通道保险故障，具体为保险阻值跳变，偶发跳至OL断开状态","仪控处理反馈：经运行、机械、仪控检查确认，针对当前现象进行讨论后，决定进行开紧急票对4KCP558ARTB004BN48V1通道保险丝进行更换。1)风险分析：D4KCP558ARTB004BN48V1通道主要影响4ABP403VV/4ABP405VV/4ABP415VV/4ABP006VL四个阀门。最大风险是更换保险过程中4ABP006VL意外关闭导致除氧器失去给水进而导致机组停堆。根据处理方案，更换保险丝时会导致4ABP006VL电磁阀失电由于4ABP006VL当前开启情况下电磁阀即处于失电状态，分析不会改变4ABP006VL的阀门状态。为保证保险更换前阀门无关闭信号触发，仪控在更换保险前需在一层核实无4ABP006VL阀门关闭的信号，主控在故障处理前对4ABP系统不要有任何操作。如果在更换保险丝时出现异常状况，如4ABP006VL电磁阀突然得电导致阀门关闭，则立即要求仪控将保险取出断电并在主控给4ABP006VL阀门开启命令。司时就地阀门处留有两个现操随时准备进行手动干预阀门，防止4ABP006VL意外关闭造成二回路给水丧失。②由于4ABP403VV电磁阀失电后会关闭，但是由于蒸汽压力使得阀门卡在40%开度。更换保险丝后，抽汽流量和压力上升导致4AC0301BA的疏水量增加，4AC0102VL（4AC0301BA应急疏水阀，排向凝汽器）可能开启。采取措施：操纵员关注4AC0301BA的水位，若能自动调节，则继续关注水位的自动调节。若自动调节无法控制，则将4AC0102VL手动控制，防止阀门超驰开启。
③若由于其他情况导致3A/4A隔离，主控及现场配备了4ABP的S规程准备重新投入3A/4A；若AC0301BA正常疏水隔离，主控准备相应文件准备重新投入AC0301BA正常疏水，减少系统停运时间，同时要堆操关注一回路热功率上升情况，此时热功率2268 MW，超过技术规范的风险较小。2）处理进展结果：通过","ABP006VL 的控制逻辑：1 ）自动开启：除氧器液位不高&lt;500mm，且除氧器进水管线满水ADG010SN 触发，且CEX 泵出口压力CEX101/201/301MP 任一&gt;0.2 MPa;2 ）自动关闭：①CEX 泵出口压力CEX101/201/301MP 均&lt;0.2MPa；②除氧器液位H2&gt;650 mm;3 ）手动开启：除氧器液位不高&lt;500mm，且除氧器进水管线满水ADG010SN 触发，且CEX 泵出口压力CEX101/201/301MP 任一&gt;0.2 MPa 时，ABP006VL 置于手动时手动开启；4 ）手动关闭信号：KIC 关闭；5 ）ABP006VL 未全关，ADG003/005/007VV 开启条件之一。ABP006VL 相关经验知识1 ）101 大修经验反馈：1ABP006VL 手动无法开启，仪控强制1ADG010SN 后阀门可以开启；2)2016 年2 号机组调停经验反馈：2ABP006VL 阀门开启的设计压差为2.411MPa，2016 年2 号机组春节调停期间因前后压差过大阀门无法开启。后通过开启其上游排气阀泄压后，阀门得以开启
1) 在 836MW 功率平台, 3/4 号低加抽汽逆止阀因电磁阀失电导致故障关闭时, 由于抽汽管线的压力, 逆止阀不会全关, 对机组状态不会造成大的扰动, 对热功率几乎无影响; 2) 在 836 MW 功率平台, 故障处理时低加抽气逆止阀电磁阀重新得电后, 阀门会重新恢复全开。阀门全开后, 低加水位及 ACO 疏水箱水位变化波动不大, 疏水阀依靠自动控制即可调节水位到稳定, 无需手动干预; 3) 4ABP006VL 在整个故障处理过程中, 保险重新更换后阀门状态维持不变, 只要无阀门关闭信号, 其电磁阀可保持失电状态。不会影响除氧器供水",
1 号机组AVC 投入过程中，AVC 画面002KS（AVC 退出）灯未熄灭,"1 号机组执行《FQ1-GEX-C-0011 号机组投入AVC 操作票》时，1AVC 投入后，但1AVC001KS 灯不亮，退出指示灯1AVC002KS 仍亮。2 号机组执行《F02-GEX-C-001 2 号机组投入AVC 操作票》时，2AVC 投入后，退出指示灯2AVC002KS 灯仍亮
3AVC处于退出状态,但是主控KIC画面3AVC001HXT中3AVC002KS(AVC退出灯)未触发",影响3AVC状态的显示,"已采取的行动措施 1)查看和执行报警卡: 2)oncall 仪控、电气检查
已采取的行动措施:1)通过NCS监控台上检查确认3AVC处于退出状态 2) 提交工作申请WR按计划处理","机组 AVC 投入时, 存在减磁闭锁信号。减磁闭锁信号与 AVC 投入信号为同一块 D0 板卡开出的信号, 同一时刻不能同时发出。因此在 AVC 投入时, 发出了减磁闭锁信号, AVC 投入的信号就未出现
检香结果显示原因为4AVC调试工作重启了ONCS100AR加之3NCS001AR测控板卡不能同时输出两个信号,导致3AVC002KS未能重新出现","电气处理反馈 1)1AVC 故障检修过程: ①在 500kVNCS1 号发变组测控屏 1NCS001AR 内, 用万用表直流电压档测量“AVC 投入”信号输出接点 BN311: 43°44 两端电压, 测试结果未 0V, 确认信号继电器未动作; ②确认 2 号机组现象同 1 号机组相同; ③确认原因为系统软件逻辑问题。 2)2AVC 故障检修过程: 在无闭锁信号情况下投入 AVC 时, 通过两次投退操作, 复归减磁闭锁信号后, 2AVC002KS 消失。3)故障原因分析: 1 号机组 AVC 投入时, 存在减磁闭锁信号。减磁闭锁信号与 AVC 投入信号为同一块 D0 板卡开出的信号, 同一时刻不能同时发出。因此在 AVC 投入时, 发出了减磁闭锁信号, AVC 投入的信号就未出现。2 号机组原因一样
电气处理反馈:1)检修步骤:①将专用笔记本与3NCS001AR柜内测控装置进行连接:②检查初步判断故障原因为4AVC调试工作重启了ONCS100AR加之3NCS001AR测控板卡不能同时输出两个信号,导致3AVC002KS未能重新出现。2)故障原因分析:检查结果显示原因为4AVC调试工作重启了ONCS100AR加之3NCS001AR测控板卡不能同时输出两个信号,导致3AVC002KS未能重新出现","增减磁闭锁信号与 AVC 投入信号为同一块 D0 板卡开出的信号, 同一时刻不能同时发出
3NCS001AR测控板卡不能同时输出两个信号",
1~4号机组主控出现AVC004KA（AVC 增减磁故障报警）报警，NCS显示AVC 故障，全站AVC 闭锁,21：52：45，2号主控出现2AVC004KA（AVC 增减磁故障报警）（持续9s消失），全站AVC 闭锁，1号机组出现1AVC004/007KA报警；21：52:45，3、4号主控出现3/4AVC004KA（AVC 增减磁故障报警），报警持续9s后消失,AVC004KA（AVC 增减磁故障报警），导致增磁命令无法执行，减磁命令无法执行，AVR无法执行AVC的调压操作,"1）已采取的行动措施：D查看和执行报警卡，检查NCS显示AVC故障，全站AVC闭锁；②当班值查看报警期间机组无功无波动，6kV母线电压无异常变化；③确认1、2号机组同一时间均出现过该报警，同时3、4号机组NCS远方监视终端AVC运行状态显示故障，全站AVC显示闭锁；4各机组参考《机组AVC运行方式控制方案》进行监控：5onca11维修电气维保人员检查处理。
2 ）建议后续行动：建议维修电气人员密切跟踪一处排查进展，同步分析故障原因并反馈至二单元机组",NCS 后台服务器main2 主程序异常退出导致。原两台服务器（main1 、main2 ）应该互为备用，main2 程序异常转为值班运行模式导致两台服务器同时运行，main1 和main2 同时下发AVC 增减磁命令，main2 连续调节5 次检测到电压变化小于0 . 05kV 导致main2 触发全站闭锁,电气处理反馈：1 ）缺陷描述：主控出现2AVC004KA（AVC 增减磁故障报警），导致2AVC 退出运行，经检查发现为网控全站首先出现AVC 故障，导致4 台机组AVC 均退出运行。2 ）处理进展：检查后确认main2 服务器进程运行异常所致，已执行重启操作，并复位报警，AVC 系统恢复正常。 3 ）处理措施：重启main2 重新启动全部进程，并手动复归该报警，观察1h 后main2 未再出现异常，当班值同意还票。4 ）故障原因分析：NCS 后台服务器main2 ．主程序异常退出导致。原两台服务器（main1 、main2 ）,,
1、2 号主控频繁闪发“增磁闭锁动作／复归”报警（AVC006KA）,1 /2 /3 号机组AVC 投运，在电网无功需求较高时间段内，1 /2 号机组因无功越上限，频繁闪发“增磁闭锁动作／复归”报警 AVC006KA),"报警频繁闪发，影响操纵员监盘
发电机进相运行，对汽轮发电机组可能产生不利影响","已采取的行动措施：1 ）查看和执行报警卡，发现1 /2 号机组无功越上限情况：2 ）《FQ0-0P00-TD-160021、2 号机组AVC 运行
已采取的行动措施：1）当班值按《3、4号机组AVC运行方式控制方案》检查KIC中各母线电压，其中4LGE母线电压最低到6.286kV（KIC中采集显示的是LGE的BC相间电压，报警4AVC007KA实际由LGEAB相间电压低越限6.27kV时产生），期间未见持续下降情况，LGE母线下游负荷未见明显异常；2）监视汽轮发电机组运行参数，期间发电机无功降为负数（最大到-6Mvar），进相运行，未见其他异常情况","方式控制方案》3）oncall电气专业检查处理 因1、2、3号机组AVC投入有一定间隔时间，导致1~3号机组初始无功功率不平衡。AVC采用相似的调整裕度，每次下发目标电压后需经过多次调节才能实现无功平衡分配，而机组增减磁步长较大，每次增减磁一次即达到目标电压，导致无功无法平衡分配。当电网无功需求较高时，初始无功最大的机组最先达到无功上限(350Mvar)，导致该台机组频发AVC增磁闭锁动作/复归
夜间电网侧无功过剩造成发电机进相运行，调度通过AVC调节进行减磁，当减磁至下限定值时AVC闭锁减磁以防止母线电压过低，同时触发报警",电气处理反馈：故障原因分析：夜间电网侧无功过剩造成发电机进相运行，调度通过AVC调节进行减磁，当减磁至下限定值时AVC闭锁减磁以防止母线电压过低，同时触发报警，属于正常现象,1)机组AVC出现增磁闭锁或减磁闭锁信号，表示机组实际参数已越AVC系统参数限值，在光字信息中可查看具体越限参数，属于正常情况。如同时出现增磁闭锁、减磁闭锁，表示系统异常，机组AVC系统应退出；2)AVC运行期间，在减磁闭锁的情况下，6kV的母线1LG*的电压持续下降至6.2kV或者机端电压持续下降至22.5kV时汇报调度申请退出机组AVC，并在限值恢复之后及时投入。如果确因设备故障申请退出AVC进行检修，需要及时填写AVC检修申请；3)AVC运行期间，在增磁闭锁的情况下，6kV的母线1LG*的电压持续上升至7kV或者机端电压持续上升至25.5kV时汇报调度申请退出机组AVC，并在限值恢复之后及时投入。如果确因设备故障申请退出AVC进行检修，需要及时填写AVC检修申请,
BUP 盘上功率量程V 通道读数3RPN415ID 显示异常,夜班巡盘发现BUP 盘上3RPN415ID 指针在0 %FP 以下（当前功率平台应该在99 . 5 %FP 左右），经维修仪控核实为功率量程IV 通道模拟量输出卡件故障（初步怀疑为模拟量卡件输出到3RPN415ID 的输出转换部分故障）,1 ）该模拟量输出卡件一共有五个输出点，分别为：BUP 盘的3RPN415ID 、 KSC002EN2 的3RPN040MA、3RPN415KM、送往RGL 系统的模拟量、送往DAS 系统模拟量。其中3RPN415ID 、3RPN040MA 和3RPN415KM 都为显示值：而送往RGL 的模拟量参与RGL 系统的R 棒控制（高选）、送往DAS 系统的模拟量参与P10 信号产生和通量高停堆信号（2 /4 ）。经仪控核查当前仅3RPN415ID 显示异常，其他参数和系统都正常。2 导致QSR 试验 FQ3-KPR-T-002 结果不满意，该试验试验周期为1 周，上次执行时间为2019 年8 月14 日。3 ）更换卡件需要将功率量程V 通道置于“试验”位，并断电，会产生随机第一组IO,已采取的行动措施：1）当班值核查KIC上3RPN040MA和BUP盘的3KSC002EN2中的3RPN040MA显示一致，均为正常值99.5%；2）当班值检查RPR画面，未发现异常；3）oncall仪控核查原因，发现为功率量程V通道模拟量输出卡件至3RPN415ID的输出转换部分故障，其他输出都正常。建议后续行动：1）请在缺陷消除后，运工重新安排执行QSR试验FQ3-KPR-T-002;2）请维修仪控尽快核实和领取备件，制定卡件更换方案，消除异常,3RPN040MA通道模拟量输出卡件6S.ANA第3路输出端口故障,1 ）处理进展结果：已完成3RPN040MA通道模拟量输出卡件更换， 3RPN415ID 已恢复正常：2 ）设备可用性评价：设备已恢复正常，处于可用状态；3 ）工作过程：①领取工作许可证，召开工前会；②断开3RPN415ID 仪表盘信号输入电缆接头，使用万用表测量回路电流为0 ，确认为机柜侧问题；③打开3RPN004AR 机柜门，接入LDU 对通道进行故障诊断确认 6S.ANA 卡件故障；④将3RPN040MA 通道置于测试模式，对机架调理及处理模块进行断电；5 抽出故障6SANA 卡件，使用备件进行更换；③更换完成后确认3RPN415ID 恢复正常；②对3RPN0040MA 通道执行周期试验，确认结果合格；恢复通道，关闭机柜门，清理现场；9 归还工作许可证，汇报工作完成情况。4 ）故障原因分析：3RPN040MA 通道模拟量输出卡件6S.ANA第3 路输出端口故障,RPN040MA 通道模拟量输出卡件6S.ANA一共有五个输出点，分别为：BUP盘的3RPN415ID、KSC002EN2 的3RPN040MA、3RPN415KM、送往RGL 系统的模拟量、送往DAS 系统模拟量。其中3RPN415ID、3RPN040MA 和3RPN415KM 都为显示值；而送往RGL 的模拟量参与RGL 系统的R 棒控制（高选）、送往DAS 系统的模拟量参与P10 信号产生和通量高停堆信号（2/4）,
执行F01-DVH-T-004 过程时，按下1JDT524T0 后，1DVH011VAF 显示为故障红色，未正常关闭,执行FQ1-DVH-T-004 过程时，按下1JDT524T0 后，KIC 中 1DVH011VAF 显示为故障红色，现场检香阀门未正常关闭,1 ）防火阀无法自动关闭，导致定期试验不合格；2 ）当火灾出现时， 防火阀无法自动关闭，将可能引起火灾蔓延,已采取的行动措施：1 ）安排现场检查确认阀门的实际妆容，发现阀门未正常关闭；2 )oncall 电气检查处理,,"电气处理反馈：1）工作过程：①到现场验证隔离边界、召开工前会； ②现场联系机械人员拆除1DVH027VAN、1DVH028VAN重力卸压阀；
③打开电磁阀盒盖，测量电磁阀线圈阻值1DVH011VAF:61.5Q2、 1DVH015VAF:62.5Q，对地绝缘均＞55 MΩ；④调整电磁阀推杆位置联系运行人员给关命令，电磁阀推杆吸人距离过短，防火阀未正常关闭；③确认电磁铁吸力不足，领取同型号备件并更换；③联系运行人员做实验验证，确认防火阀能正常关闭，缺陷消除；②确认工作现场已清理，召开工后会，归还工作许可证，填写完工报告；2 ）故障原因分析：电磁铁吸力不足",KIC 上的1SFZ524KG 置于CLOSE 或是9JDT016CR 上的1JDT524T0 按下时，防火阀1DVH007/011/015VAF 和1DVN454/163/171VAF 将自动关闭,
执行定期试验F02-DVH-T-004时按下2JDT523T0后，2DVN260VAF未按预期关闭,执行定期试验F02-DVH-T-004期间，按下2JDT523T0后，2DVN-260VAF未按预期关闭,1）当相应房间发生火灾时，2DVN260VAF无法正常关闭，会导致火势蔓延；2）导致OSR定期试验不合格,已采取的行动措施：1）现场检查2DVN260VAF阀门执行机构未见明显异常；2）联系仪控对电磁阀进行检查,传动装置高温熔断锁片断裂，挤压传动连杆导致故障触发,仪控处理反馈，1)检修过程：①现场确认设备位置，开工前通知主控，就地检查确认电磁阀外观完好，防火阀无明显卡涩，对2DVN260VAF通道及功能进行强制验证，确认通道正常，但电磁阀通电后未能正常关闭2DVN260VAF防火阀，对电磁阀进行检查，发现线路老化，更换电磁阀；②对2DVN260VAF传动装置检查过程中，发现就地高温熔断片断裂，导致阀板复位后，手动关闭阀门的机构卡住，反馈业主，领取高温熔断片备件；③对高温熔断片进行更换，强制2DVN260VAF动作正常，解除强制，恢复设备初始状态；④运行人员重新执行FQ2-DVH-T-004试验，结果合格；2）故障原因分析：传动装置高温熔断锁片断裂，挤压传动连杆导致,2JDT523T0 :按下将联锁关闭阀门2DVN263VAF 、 2DVN260VAF2DVN456VAF2DVN271VAF2DVH006VAF2DVH010VAF2DVH014VAF,
F08-DVN-T-002后8TEG503KA（含氧子系统故障报警）无法消除,1)DVN 风机第一次全停后，主控室出现8TEG503KA：含氧子系统故障报警：2)DVN 系统试验执行完毕，DVN 系统风机恢复正常运行后， 8TEG503KA 报警依然存在，就地查看8DVN001AR，上4TEG050LA 灯亮,影响主控报警监视,已采取的行动措施：主控要求就将地4TEG022CC（4TEG002ZV 控制CC） 打至停运位置4TEG050LA 灯灭，8TEG503KA 报警消失,"1)DVN 风机全停后，3TEG001ZV 保护停运，同时4TEG002ZV 触发应急启动命令4TEG002ZV 应急启动命令进一步触发应急启动记忆；
2）4TEG002ZV应急启动记忆存在，且3TEG001ZV和4TEG002ZV都未启动，则触发报警。DVN风机恢复运行后，3TEG001ZV自动启动恢复运行状态，但是4TEG002ZV的启动记忆自保持。4TEG002ZV启动记忆与4TEG001ZV在运行状态，触发报警。且8DVN001AR上4TEG050LA灯亮；3就地通过4TEG022CC置于停运位置复位4TEG002ZV的启动记忆",,见原因分析,
执行（Q) FQ1-RPE-T-001：在主控室验证气动阀可操作性试验规程，主控开启1RPE387VP 时，阀门无法开启显示大红色,执行（Q) FQ1-RPE-T-001：在主控室验证气动阀可操作性试验规程，主控手动开启1RPE387VP(RPE009/013PS 再注入管线隔离阀）时，阀门无法开启显示大红色,1RPE387VP 不可用，在安全壳完整性部分丧失的事故情况下，将影响反应堆厂房外地坑水重新打回反应堆厂房，产生随机GEN8,,,开限位未压实,仪控处理反馈，1 ）检修步骤：①现场确认1RPE387VP 设备位置，通知主控开工；②现场检查限位开关功能正常，限位开关状态与现场阀门实际状态一致，与主控沟通手动触发开限位消除KIC 显示故障；③由主控操作阀门，发现现场阀门全开，但开限位未正常触发对开限位进行调整后，主控配合多次开关阀门正常。2 ）故障原因分析：开限位未压实 X /YRPE375/386/387/388VP9/8RPE381/382VP 阀门在U2 事故规程中要求开启用于安全壳完整性部分丧失的情况下将反应堆厂房外地坑水重新打回反应堆厂房。当其开启功能不可用时，需要记录GEN8 （从RP 模式至RCS 模式下适用）,
执行（Q) FQ3-SAP-T-001：检查应急空压机001C0&002C0 的应急备用功能试验规程时，3SAP001C0 无法启动,执行（Q)FQ3-SAP-T-001：检查应急空压机001C0&002C0 的应急备用功能试验规程时，3SAP001C0 无法启动,,oncall 电气检香处理,启动信号丢失，保持继电器触点不可靠,电气处理反馈1）检修步骤：①检查3SAP001C0控制柜内的接线，无异常；②检查3SAP001C0启动控制回路继电器Y1、Y117；③经检查发现Y117的启动闭合点不可靠，导致启动信号不能可靠送入CPU的56号端子；④拆下继电器清理，试验触点可靠闭合；5联系运行人员启动3SAP001C0，运行正常；?恢复现场初始状态。2）故障原因分析：启动信号丢失，保持继电器触点不可靠,SAP001C0 的启动逻辑：1 ）手动强制启动：SAP001C0 停运时，在KIC 或BUP 上点击“ON ”启动，该命令被保持，且闭锁自动停运信号，直到手动复位；2 ）自动启动：①就地将SAP001CC 置于“BASIS （基本负荷）”位置，当SAP005SP 触发低1(L0W1）报警（低于0.68MPa ）或SAP007SP 触发低2(L0W2）报警（低于0.66MPa ）时自动启动；或②就将SAP001CC 置于“STDBY （备用）”位置，当SAP007SP 触发低2(L0W2）报警（低于0.66MPa ）时自动启动,
1 号中压调节阀在执行F02-GRE-T-002 时未预期动作,执行F02-GRE-T-002 试验时，2GRE011VV 在重新达到20 ％开度时没有按照试验逻辑关闭而是直接开启，阀门动作异常,2GRE011VV 阀门逻辑响应异常，在后续功率改变时存在异常开启的可能,已采取的行动措施，联系专业进修检查：运行密切监视汽轮机各 项运行参数,根据阀门动作时序判断为试验电磁阀2GRE116EL 未正常动作，仪 控专业检查发现2GME006CR 内002BN:12/13 接线端子虚接,仪控处理反馈：1 ）工作过程：①召开工前会，讨论处理过程中存在的风险：②根据阀门动作时序判断为试验电磁阀2GRE116EL 未 正常动作，检查发现2GME006CR 内002BN:12/13 接线端子虚接； ③对试验电磁阀接线2GME006CR 内002BN:12/13 端子进行紧固； ④运行重新执行试验，试验结果满意。2 ）故障原因分析：根据阀门动作时序判断为试验电磁阀2GRE116EL 未正常动作，仪控专业检查发现2GME006CR 内002BN:12/13 接线端子虚接,四个中压调节阀都是蝶阀，蝶阀销轴通过联轴器与油动机活塞杆连接，由阀壳和阀壳内的阀蝶、阀杆、阀座组成。阀杆通过联轴,
执行F03-GSE-T-003:MPM123保护通道试验规程，主控出现报警“3GRE791KA：通道一超压试验复位--故障”,"当班值执行F03-GSE-T-003:MPM123保护通道试验规程，在执行通道一时试验无法继续进行，主控出现报警3GRE791KA（通道一超压试验复位--故障）， 3GSE700KA［超压保护（通道一）--遮断］，3GSE081KA［MPM123 硬件故障（通道一）--遮断］,3GSE011KA［汽轮机保护（通道一）--遮断］报警触发，同时3GSE001HXT 上3GSE031SY 灯灭，显示通道一跳机信号触发。2016/11/18 13:11:45 S 3GRE791K0 道一超压试验复位故障TRUE2016/11/1813:11:37S3GSE700KA 超压保护（通道一）--进断 TRUEG2016/11/1813:11:30S3GSE081KAMPM123 硬件故障（通道一）--避断TRUEG2016/11/1813:11:30S3GSE011KA 汽机保护（通道一）-避断TRUE 图1 报警列表中相关报警图2 画面3GSE001HXT 中031SY 灯灭",1 ）导致汽轮机跳闸保护一通道对应的两个卸荷阀停留在开启状态。存在汽轮机跳闸风险；2 ）影响试验进展及结果判定,已采取的行动措施：1）查看和执行报警卡，根据报警卡，确认汽轮机跳闸保护一通道触发；2）暂停试验，恢复到安全位置；3）oncall 仪控检查处理,,仪控处理反馈：1 ）故障现象：执行GSE 定期试验，发现电磁阀失电，MPM123 卡件DEF 灯亮；2 ）处理进展结果：已完成，汽轮机保护系统第一通道跳机信号消失，相关报警消除；3 ）初步原因分析：检查MPM123 卡件的DEF 灯亮，判断为卡件故障。根本原因为卡件固件版本较旧，在多次进行跳机功能后可能会出现DEF 报警。4 ）处理措施：对故障MPM123 卡件进行在线热插拔操作，卡件故障报警消失，在软件内模拟通道1 重新挂闸操作，通道1 跳机信号消失，系统正常。5 ）机组影响评估：该缺陷不影响机组正常保护功能，仅对GSE 系统的保护试验可能带来影响。6 ）检修过程：D 使用螺丝刀将通道一MPM123 卡件的供电电源线A10.P2/B10.P2、A11.P2/B11.P2 拆除，进行断电操作。注意做好线缆绝缘；②对MPM123 卡件进行热插拔操作：③使用螺丝刀重新恢复MPM123 卡件的供电电源线，观察MPM123 卡件指示灯的状态正常：④在P320 工程师站上确认 3MAY71EW301PR0TNTRIP 为1 ;5 打开P320 工程师站，进入工程师权限：？打开MAY71EW200 组态画面：①强制 3MAY71EW200STPR0T1NTRIP 为1 ;8 恢复3MAY71EW200STPR0T1NTRIP 为自动，输出锁存为1 . 确认3GSE201EL 带电：9 退出工程师权限，关闭P320 工程师站。7 ）故障原因分析：MPM123 卡件版本过低，卡件内部继电器响应时间与软件中的判定时间很接近，导致在进行保,"护通道试验时卡件内个别模块会出现 DEF 报警,从而导致保护逻辑降级 RE791KA 报警的原因,1)安全通道一试验(扰动);2)安全模块试验功能组(进行);3)其他保护试验(选择);4)安全通道一试验复位(故障)",
执行SFZ试验过程中，两次按下2.JDT527TO，2DVI012VAF均无法关闭,执行预大修试验（Q）FQ2-SFZ-T-008：防火挡板关闭能力及关闭指示灯试验规程，试验过程中两次按下2.JDT527TO，2DVI012VAF均无法关闭,导致防火阀2DVI012VAF在火警触发时无法正常关闭，将存在导致火势蔓延的风险。处理2DVI012VAF时需要停运2DVI001ZV、002ZV、003ZV、004ZV四台风机，导致2RRI设备间丧失通风，将产生第二组IO：DVI1,已采取的行动措施，1）运行现场检查2DVI012VAF外观未见明显异常：2）oncall电气检查处理；3）配合工作负责人停运2DVI系统风机，并按技术规范要求安排现场加强关注2RRI设备间温度；4）缺陷消除后，解除隔离，重新执行FQ2-SFZ-T-008和恢复2DVI系统运行,2DVI012VAF风阀长期处于开启状态。执行机构内部弹簧失效导致无法自动关闭,电气处理反馈：1)检查内容：检查发现2DVI012VAF风阀结构损坏；2)处理措施：对2DVI012VAF风阀进行更换3）处理结果：更换后手动操作风阀，风阀能够正常关闭。运行人员执行例行试验，验证2DVI012VAF风阀能够正常电动开关；4）故障原因分析：2DVI012VAF风阀长期处于开启状态，执行机构内部弹簧失效导致无法自动关闭,2.JDT527T0 按下将联锁关闭阀门 2DVI012VAF、2DVI017VAF2DVI019VAF,
8.JPU9920VE 附近管道大量漏水,4TA 和PX 泵房之间8.JPU9920VE附近管道大量漏水,1 ）漏水导致消防管网压力下降JPP 泵启动；2 ）隔离漏点导致8FS 厂房失去消防水,1 ）已采取的行动措施：①D 建立临时运行隔离8P000071，将 8JPU414VE、8JPU432VE 隔离上锁；②oncall 维修机械和保卫处人员处理。2 ）建议后续行动：加强对8FS 厂房巡检，并多配置移动式消防器材,由于地基不均沉降导致消防8JPU 管道开裂,机械处理反馈1 ）处理措施：①提出紧急采购流程：②由维修支持负责扩挖开裂管道附近地面并做好防护，以便后续堵漏工作；③将新采购的哈夫节进行安装，并建立隔离区域，每周巡检管道是否继续有漏；④建议土建关注地基继续沉降问题，给出专业意见，防止类似问题发生；5 维修支持处反馈经评估无需安装地基沉降监测点，土建专业已对现场管道进行封埋保护。2 ）故障原因分析：由于地基不均匀沉降导致消防8JPU 管道开裂,,
2 号主控触发2KCP500KA(KCP/KSN 机柜失电综合报警）报警,19 :442 号主控触发2KCP500KAKCP/KSN 机柜失电综合报警现场查看发现2KCP565AR 上报警指示灯亮，其他机柜无异常，查看下游负荷为GSY 相关设备，检查GSY 画面正常，现场检查GSY 相关机柜无异常报警,1 ）可能导致2KCP565AR 失去48V 电源；2)2KCP565AR 为GSY 系统供电，若失去48V 电源，可能导致2GSY 系统设备误动作,已采取的行动措施：1 ）查看和执行报警卡，现场查看2KCP/KSN 机柜状态，发现2KCP565AR 报警灯亮；2)oncall 维修仪控检查,2KCP565AR 中PS348VDC 电源模块老化故障,仪控处理反馈，1 ）检修步骤：①检查机柜侧确认2KCP565AR 的PS3 的“DC0K ”绿灯闪烁“boost ”黄灯长亮；②主控与值长确认下游负荷只有2GSY102EY ，在DCS 一层确认点位值为“0 ”，失电无风险；③在2KCP565AR 的206BN 检查只有1 通道有接线，信号为2GSY102EY ;④断开PS3 上游220VAC 端子排刀闸，确认PS3 指示灯熄灭，万用表测量PS3 的L /N 间电压为0 V ；③拆下PS3 输入、输出接线；③更换PS3 电源模块；？回接PS3 输入、输出接线：8 闭合PS3 上游220VAC 端子排刀闸，确认PS3“DC0K ”绿灯常亮，“boost ”灯未亮；9 主控确认2KCP500KA 报警消失，故障消除。2 ）故障原因分析：2KCP565AR 中PS348VDC 电源模块老化故障,下游设备2GSY102EY 在2KCP565AR 失电后将无法执行并网，机组运行期间无影响,
8SEL001P0就地正常运行，KIC 显示为停运,8SEL001P0就地正常运行，KIC 显示为停运,,1 ）已采取的行动措施：①检查泵供电开关情况，未见异常；②oncall 仪控检查处理，检查反馈PLC 失电。2 ）建议后续行动：失电期间PLC 控制失效，采取安措如下：①D 将8SEL001/002/003P0 停运后置于手动控制；②将8SEL004/005P0 停运后置于手动控制；③将8SEL010/011/012VE 破坏中性点全开；④将8SEL020/021/022VE 破坏中性点全关：将 8SEL030/031/032VE 破坏中性点全关；③将8SEL049VE 破坏中性点全关； ①将8SEL013/023/033VE 破坏中性点全关,,仪控处理反馈：1）检修步骤：①就地核实PLC电源模块工作状态；②在8SEL201AR中，断开24V电源模块的上游开关016JA；③断开8SEL101AL的24V电源接头；然后重新接入24V电源，再闭合016JA，观察8SEL101AL工作状态，确认8SEL101AL故障；④在8SEL201AR中，断开24V电源模块的上游开关016JA；5断开8SEL102AL的24V电源接头，然后重新接入24V电源，再闭合016JA，观察8SEL102AL工作状态，确认8SEL102AL故障；③确认8SEL系统PLC的电源模块故障，经核实确认为SEL系统PLC的2个24V电源损坏，导致CPU和I0卡件失电，造成无法控制泵和阀门；？备件到货后，对PLC电源模块重新安装，恢复PLC控制正常。2）故障原因分析：8SEL系统PLC电源模块故障，导致PLC失电,SEL001PO控制逻辑1）手动启动信号：SEL001PO就地控制柜上SEL001CC置“ON”位+SEL013VE全开信号+电气盘上无001PO泵故障信号（052LA）+001BA液位不低信号（SEL011SN≤0.3m）。2）手动停运信号：SEL001PO就地控制柜上SEL001CC置“OFF”位。3）保护停运信号：DSEL013VE全关信号消失：②电气盘上有001PO故障信号（052LA）。4）自动停泵信号：SEL001BA液位低信号SEL011SN（≤0.3m）,
KIC 中出现 1KRT011KA8(036MA 监测通道故障报警),"15:36 主控出现报警: 1KRT011KA8 (036MA 监测通道故障报警), 经辐射 防护人员核实: 1KRT036MA 运行故障, 1KRT036MA 不可用","1KRT036MA 故障不可用, 需要记录双机组 IO2: KRT9","已采取的行动措施: 1) 查看和执行报警卡; 2) 安排辐射防护就地检查确 认 1KRT036MA: 报警情况: 3) 安排现场检查 1KRT036MA 上游供电未见异 常: 4) 反馈 2 号机组主控, 1KRT036MA 故障不可用, 产生双机组 IO2: KRT9, 并请加强关注 2KRT036MA 的运行情况; 5) oncall 仪控检查处理","单道板松动。接触不良。接收不到探头送来的信号, 导致触发故障报警","仪控处理反馈: 1) 检修措施及步骤: D 就地检查 LPDU 的故障为“工作故 障”, 显示“FAIL”: ②将 LPDU 复位, 5min 左右后触发故障报警, 显示 “FAIL”“工作故障”灯亮; ③判断故障原因为 LPDU 没收到探头送出的 信号, 更换探头, 故障未消失, 检查端子排连接探头的信号线, 无故障, 检查单道板, 发现有松动, 紧回后仪表恢复正常; ④观察 24h, 通道正常 运行; 2) 故障原因分析: 单道板松动, 接触不良, 接收不到探头送来的信 号, 导致触发故障报警","1) KRT036MA 用于 DVN、DVK、DVW 系统通风管道空气 βB 比活度的监测; 2) KRT036MA 测量对象来自多个房间 (3KRT036MA 有 8 个取样支路 4KRT036MA 有 7 个取样支路), 以 3KRT036MA 为例, 8 个取样支路对应 8 个房间, 依靠各支路的电磁阀循环打开来扫描不同的房间, 同一时间只有 一个支路在工作中。假设当前工作在 A 支路, 那么只有 A 支路的电磁阀是 打开的其他支路电磁阀关闭, 工作 5 min 后, A 支路电磁阀关闭, B 支路 电磁阀打开, 再过 5min, B 支路关闭, C 支路打开. 依次类推",
KIC 中触发4KC0054KA（安全A 列机柜故障报警）,主控06 : 01 ，出现4KC0054KA 报警，安全列A 列机柜故障，现场查看4KCS115AR 故障灯亮，2h 后报警未消除,4KCS115AR 机柜存在故障，可靠性降低。故障恶化将可能失去保护通道的部分监测和控制功能,已采取的行动措施：1 ）查看和执行报警卡，现场查看4KCS115AR 故障灯亮：2)oncall 仪控检查处理,诊断软件分析结果显示，该报警是由于卡件自检过程中偶发性地检测到故障信号所致，该报警具有记忆功能，无法自动复位。主处理器卡件为三重冗余设计，其包括 MPA/MPB/MPC 三块处理器卡件，其中一块报警，不影响系统正常功能运行,,"KCS 机柜内的主处理器卡件为三重冗余设计,其包括 MPA/MPB/MPC 三块处理器卡件,其中一块报警,不影响系统正常功能运行",
KIC 出现2AVC007KA AVR SETPOINTS LOWER 报警，2 号机组AVO 减磁闭锁，后续闪发多次2AVC004KAAVRSETPOINTSLOWER,01:13，出现2AVC007KAAVRSetpointslower 报警，2 号机组AVC 减励闭锁，后续闪发多次2AVC004KAAVRSetpointslower ，发电机端电压及6 . 6kV 母线电压同时降低，2LGE 母线最低到6131V;03:05，经电网许可后退出2AVC;03:07，通过2GEX024SY 增励，之后触发2KIC B 列服务器故障的一系列报警（2KIC010KA/011KA1/011KA2/012KA/014KA）后短时消除：03 ： 26 ，触发2KIC030KA2KIC624AR 机柜温度高报警，随后再次触发2KICB 列服务器故障的一系列报警（2KIC010KA/011KA1/011KA2/012KA/014KA）后 短时消除；03:38，触发2KICB 列服务器故障的一系列报警 （2KIC010KA/011KA1/011KA2/012KA/014KA）后短时消除，并于03 :40 触发2LMB006KA 接地故障报警（闪发）、2LNP006KA 接地故障报警（持续触发）：随后，多次触发2KICB 列服务器故障的一系列报警 （2KIC010KA/011KA1/011KA2/012KA/014KA）后短时消除,,"已采取的行动措施：1）保持2AVC退出，中止2号发电机增励操作；2）现场检查2KIC624AR，故障灯亮、冷却风机运行、排风为冷风；检查KIC其他机柜无发现异常；3）现场检查2GEX相关机柜，无故障报警；4）现场检查2LMB、2LNP母线，未发现异常，2LMB绝缘监测仪存在K108mA10M2信息，2LNP绝缘监测仪存在绝缘故障；一级警报的报警：已提WR： 232049，电气专业现场检查并对绝缘仪进行复位后目前报警已消失，正在持票观察当中；
5 ）已oncall 维修电气、维修仪控进厂检查处理；6 ）检查2LGE 下游转动设备运行情况，未见明显异常；7 ）手动点击2GEX024SY 增励，将发电机端电压提高到23 . 3kV ，LGE 母线电压提高到6321V ，截止交接班已将发电机端电压提高到24 . 0kV",2 号发变组测控屏内K130 减磁继电器故障,电气处理反馈1 ）检修步骤：①检查2 号发变组测控屏内K130 减磁继电器回路正常；②更换K130 减磁继电器；③验证K130 减磁继电器能正常动作、复归。2 ）故障原因分析：减磁继电器故障,1 ）机组AVC 出现增磁闭锁或减磁闭锁信号，表示机组实际参数已越AVC 系统参数限值，在光字信息中可查看具体越限参数，属于正常情况。如同时出现增磁闭锁、减磁闭锁，表示系统异常，机组AVC 系统应退出；2 ）AVC 运行期间，在减磁闭锁的情况下，6kV 的母线LG *的电压持续下降至6 . 2kV 或者机端电压持续下降至22 . 5kV 时汇报调度申请退出机组AVC ，并在限值恢复之后及时投入。如果确因设备故障申请退出AVC 进行检修，需要及时填写AVC 检修申请；3 ）AVC 运行期间，在增磁闭锁的情况下，6kV 的母线LG *的电压持续上升至7kV 或者机端电压持续上升至25 . 5kV 时汇报调度申请退出机组AVC ，并在限值恢复之后及时投入。如果确因设备故障申请,
KIC 开启4RIS168VP 时阀门显示洋红色,18 点39 分，执行《F04-RPB-T-015：用RPB370KC 进行安全注入逻辑试验规程》时，在主控室KIC 开启4RIS168VP 时阀门显示洋红色,4 号机组产生随机第一组IO ，RIS1 ：低压安注系统一列不可用。要求三天内开始向MCS 模式后撤,,4RIS168VP 关限位S7 触点闭合保持时间偏短，阀门开启时力矩动作加S7 触点断开导致阀门停止开启,电气处理反馈1）故障原因分析：电动执行机构旁路限位S7 时间稍短，导致力矩动作。2）检修步骤：①与主控沟通，开紧急票处理；②取得工作票，召开工前会，建立检修场地；③对电动执行机构进行检查，发现为力矩动作，判断原因为旁路时间较短；④对电动执行机构旁路限位进行调整，调整旁路时间2s 左右（原来旁路时间约为1s，调整后旁路时间约为总行程的10%）；同时机械专业配合对阀杆进行润滑；⑤与主控沟通，由主控操作3 次，阀门均运行常；7 工作结束，清理场地，归还工作许可证,执行该试验时，PTR001BA 水箱硼水会通过低压安注泵排水至安全壳地坑。为此，在开启RIS168VP 之前关闭手动隔离阀1RIS166VP，以避免PTR001BA 经过LHSI 泵向安全壳地坑排水,
KIC 操纵员站短时不可用,"维修人员在执行工作票 ""1-PT-03153-1KD0941PP1KD0 系统 AIM 软件安装, 并进行 SOE/TRA 通讯验证"" 工作时, 对 SAR8 服务器 (KIC 系统 B 列历史存档服务器) 状态进行核查, 发现 SAR8 服务器处于待插入状态, 为恢复 SAR8 服务器至正常工作状态, 维修人员按照工作指令单步骤, 在 16:06 对 SAR8 服务器执行了插入操作。由于执行插入操作的时间较长, 存在大量的数据需要同步, 16:24 左右出现 CCT 服务器 (KIC 系统数据处理服务器) 停运, 16:25 分左右, 主控闪发 1KIC021KA/1KIC001AA (KIC 切到 BUP), 同时触发 1KIC002AA (KIC 切到 BUP) 后未消失。操纵员发现 1 号机组 KIC 操纵员工作站响应迟缓, KIC 无法正常操作。至 16:27 左右 1 号机组所有 KIC 操纵员工作站和大屏幕黑屏, 出现 KIC 操纵员站不可用: 运行人员执行 ""F01-OP03-AC-IKICKIC 操纵员工作站不可用事故处理规程"", 将机组转到 BUP 控制。维修人员紧急响应, 完成对 KIC 平台重启, 主控退出 IKIC 规程, 16:47 分机组恢复到 KIC 控制, 事件结束。整个事件过程中, 机组状态稳定, 机组保持满功率运行","导致 IKIC 操纵员站不可用, 按事故规程将机组切换到 BUP 控制","已采取的行动措施: 1) 运行人员立即通知维修人员紧急响应, 同时查阅事故规程 IKIC, 做好 KIC 切换到 BUP 操作的事故预想; 2) 在 KIC 丧失后, 运行人员立即执行 ""F01-OP03-AC-IKICKIC 操纵员工作站不可用事故处理规程"", 按照规程要求手动将 KIC 切换至 BUP 控制, 稳定机组状态; 3) 维修人员完成 KIC 操纵",8KIC-0WP日志：12/2616：27KIC全部操作员站不可用。通过日志信息分析可以看到事件的起因是对SAR8执行的Reinsert插入操作。根据KIC平台同步原理，当某一台SAR服务器处于停止状态，在AMC上执行START操作，START完成之后，SAR会与平台中的其他SAR进行数据同步。需同步的数据为上一次SAR停止直到reinsert操作期间的全部数据。根据事件的时间序列，在SAR8启动完成到执行reinsert插入操作时时间较长，存在大量的数据需要同步。由于CCT分出了较多的资源处理SAR8的数据同步，直接导致了操纵员站开始响应变慢直至不可用。直接原因：执行SAR8插入操作时因同步数据量大而使CCT超负荷停运。根本原因：自前平台所使用的CCT服务器是HP公司2007年上市的RX2660服务器，配置如下：部件名称CPU内存硬盘设备参数1.66GHz2core8GB该服务器性能基本满足现场需求，但性能裕量不大。导致执行1SAR8服务器Reinsert插入操作时出现了超负荷现象。该服务器硬件升级的空间较大，按照核电行业内当前工艺水平的主流产品进行升级，能大幅度提升硬件性能。CCT服务器硬件配置较低导致处理高数据量运算时出现超负荷运行现象使服务器,仪控处理反馈：1 ）处理措施：对KIC平台重启；2 ）故障原因分析：执行SAR8 插人操作时因同步数据量大而使CCT 超负荷停运,CCT1 与CCT2 两台中央处理服务器同时失效，则KIC 平台完全失效。需将机组控制模式从KIC 切换至BUP,
KIC 画面4RIC009MT 故障XXX,"17:07,4号主控出现4RIC714KA堆芯冷却监测系统-B列故障,主控检查发现KIC画面4RIC009MT故障XXX,后备盘ODS上查看4RIC009MT显示55.1℃",导致4RIC009MT无法准确监视堆芯温度,"已采取的行动措施:1)查看和执行报警卡,按报警卡定位4RIC012AR至少一个模拟和逻辑输入信号失效,通过画面基本定位4RIC009MT故障。同时,主控对RIC相关参数(饱和裕度、Tricmax和Tricavg)进行检查,未见异常;2)oncall1仪控人员进行检查,确认该报警为4RIC009MT故障所致,现场检查后初步分析岛外接线或卡件故障和岛内接线或探头故障两种可能;3)主控查阅技术规范在RP模式下,只有每列19个热电偶失去10个,认为该列饱和裕度监测通道不可用,需要记录CCMS1",温度处理卡件STT1故障,"仪控处理反馈:1）工作过程：①打开4RIC012AR机柜门，断开FB502：X4端子；②检查X4端子（Z14,B14）接线紧固，无异常；③使用万用表电阻挡测量X4端子（Z14,B14）两端回路电阻测量结果为936Q，结果正常；④使用万用表电压档测量X4端子（Z14,B14）两端回路电压测量结果为11mV，结果正常；③确定温度处理卡件STT1故障，领取备件进行更换；使用Laptop 电脑读取并下载正常通道温度卡件参数配置文件，并下装至备件卡件中；②恢复新温度卡件所有接线，确认温度显示恢复正常：8通知主控验收，确认报警消失，关闭机柜门，工作完成。2 ）故障原因分析：温度处理卡件STT1故障",1 ）仪表故障（测量值与平均值相差超过20℃），故障仪表将被剔除，不影响RIC 饱和裕度、最大值、平均值显示。2)4RIC009MT故障，KIC中显示×××，QDS显示55.1℃（55.1℃类似于仪表故障的缺省值，非 4RIC009MT故障的实际测量值）。3)RIC 系统的堆芯热电偶每列19个热电偶失去10个，认为该列饱和裕度监测通道不可用，需要记录CCMS1。注意4RIC002MT属于B 列设备，但不在19个MT 中，19个MT 包括：4RIC004-,
主控 KIC 出现 4KRT011KA8 (036MA 监测通道故障报警),"17:27分主控出现 4KRT011KA8 (036MA 监测通道故障报警), 经辐射防护现场核实, 就地控制柜上出现“电磁阀故障报警”, 后现场进行复位。在复位过程中, 主控出现 4KRT047KA036MA-扫描式风管气体β活度2级报警, 辐射防护现场反馈为复位过程中控制柜上出现“传输故障”, 导致与DCS通讯中断, 复位后, 两个报警均消失","4KRT036MA故障不可用(双机组IO), 产生KRT9的第二组IO","已采取的行动措施: 1) 查看和执行报警卡; 2) 联系辐射防护检查确认 4KRT036MA故障情况; 3) 反馈3号机组主控, 4KRT036MA不可用产生双机组IO2: KRT9; 4) 要求辐射防护检查确认3KRT036MA运行正常, 并加强监视",4KRT036MA检测通道的第六道电磁阀故障损坏,"仪控处理反馈1) 处理过程: ①D在4KRT036CR上将通道至于禁止位置; ②打开4KRT036AR依次检查每一道电磁阀接线, 确认稳固; ③检查第六道电磁阀, 发现损坏并更换备件; ④在4KRT036CR上将设备复位, 确认设备恢复正常运行状态; 2) 故障原因分析: 4KRT036MA检测通道的第六道电磁阀故障损坏",1) KRT036MA 用于 DVN、DVK、DVW 系统通风管道空气 β 比活度的监测；2) KRT036MA 测量对象来自多个房间（3KRT036MA 有 8 个取样支路，4KRT036MA 有 7 个取样支路），以 3KRT036MA 为例，8 个取样支路对应 8 个房间，依靠各支路的电磁阀循环打开来扫描不同的房间，同一时间只有一个支路在工作中。假设当前工作在 A 支路，那么只有 A 支路的电磁阀是打开的，其他支路电磁阀关闭，工作 5 min 后，A 支路电磁阀关闭，B 支路电磁阀打开，再过 5min，B 支路关闭，C 支路打开。·依次类推,
主控 KIC 出现 4KRT011KAB（4KRT008MA 监测通道故障报警,11:03 主控 KIC 出现 4KRT011KAB（4KRT008MA 监测通道故障报警）,1)4KRT008PO 如果损坏需要隔离检修，隔离时需要同时停运 4KRT009MA，将导致 4KRT009MA 不可用，产生 I02：KRT8;2）因 ETY 布样点在 4KRT008MA 所在管路中，4KRT008PO 停运不可用，管路中气体流量低，将导致 ETY 布样时不具有代表性，影响 4ETY 布样工作的开展。报警出现时安全壳内压力已达到 104.3kPa·a，已对 4ETY 提取样申请，待布样。若故障长时间无法消除，将影响 4 号机安全壳内气体有效取样，若安全壳内的相对压力超过 6 kPa 时，将产生 I02：EPP1，相对压力超过 10 kPa 时，将产生 I01：EPP2,已采取的行动措施：1 ）主控查看和执行报警卡，立即查看4KRT008MA 趋势未见明显变化；2 ）安排现场检查确认4KRT008MA 机柜4KRT0018AR 的上游供电正常；3 ）联系辐射防护检查4KRT008MA 故障情况，辐射防护反馈4KRT008MA 取样流量低，就地发现4KRT008MA 取样泵4KRT008PO 有焦糊味；4 ）主控要求辐射防护立即停运取样泵4KRT008PO ;5 ）因4KRT009MA 与4KRT008MA 从同一取样母管引流，主控立即联系辐射防护人员检香4KRT009MA ，确认4KRT009MA 运行正常；6 ）安排辐射防护就地检查4KRT008PO 管路在线未见异常：7 ）主控立即oncall 维修电气与仪控就地检查处理，并要求维修电气同时核实泵备件。建议后续行动：运行关注4 号机组安全壳压力上涨趋势，跟踪4KRT008PO 处理进展，在4KRT008PO 恢 复可用后，及时联系化学流出物人员开展4ETY 布样工作，以便后续通过 4ETY 排放降低安全壳内压力,,电气处理反馈：1）处理进展：恢复4KRT008PO正常运行，恢复4KRT008MA可用；2）处理措施：①测量电机直阻、电机绝缘电阻，合格；②测量电容容量为7.9μF（标称容量为10μF，误差±5%），不合格，对电容进行更换；③重新启动4KRT008PO，异音很大，立即停运；④检查4KRT008PO泵曲轴弯曲变形，对泵进行整体更换后，启动4KRT008PO，测量运行电流为1.5A；泵运行正常，恢复4KRT008MA可用；3）故障原因分析：4KRT008PO泵曲轴弯曲变形,ETY 布样点在4KRT008MAJ 所在管路中，4KRT008PO 停运不可用时，管路中气体流量低，将导致ETY 布样时不具有代表性，影响4ETY 布样的工作开展,
主控 KIC 画面中 3ABP017KT 显示为××xx,主控 KIC 画面中 3ABP017KT(3A 低加进汽温度)显示为××××,导致主控KIC 无法监视3A 低加进汽温度变化趋势,已采取的行动措施：1 ）通过主控3ABP018KT(3B 低加进汽温度）和就地3ABP101LT(3A 低加壳体温度就地指示表）辅助监视3A 低加进汽温度：2)oncall 仪控检查处理,3ABP017KT 就地接线脱落，导致上位机显示×××,电气处理反馈1 ）检修措施及步骤：①打开3ABP017KT 就地接线盒，对内部接线进行检查；②经检查发现3ABP017KT 内部接线脱落，使用万用表测量热电偶元件输出（电压为4 . 7 V ，电阻为3 . 7Ω）正常；③使用螺丝刀恢复3ABP017KT 接线进行紧固，上位机显示79 ℃符合运行要求，工作完工。2 ）故障原因分析： 3ABP017KT 就地接线脱落，导致上位机显示×××,ABP017KT 仅参与KIC 显示，不参与报警和系统设备控制逻辑,
主控 KIC 触发 3APA519KA（给水泵 B 自由端轴向位移超限 1）报警,"10: 26, 主控出现 3APA519KA (给水泵 B 自由端轴向位移超限 1), 查看运行的主给水泵 B 的轴向位移 3APA201MM 达到 141μm, 但相应的前置泵推力轴承内侧温度 3APA211MT_1 正常（为 63.5℃）未见明显上升","1) 若探头无故障测量真实, 则可能导致推力轴承损坏（轴承瓦块磨损等）、泵内部构件磨损或损害; 2) 若探头故障, 则影响给水泵 B 自由端轴向位移的监测的可靠性, 无法准确监视和保护主给水泵","已采取的行动措施: 1) 立即查看和执行报警卡, 查看 2APA201MM 变化趋势; 2) 主控查看相应的前置泵推力轴承内侧温度 3APA211MT 1 趋势正常, 未见明显上升; 3) 安排现场人员检查主给水泵 B 泵泵组是否存在异常和异常振动, 未见明显异常; 4) oncall 仪控检查确认故障情况, 联系设备管理对主给水泵 B 进行评价。建议后续行动: 1) 设备管理评价可以保持主给水泵 B 运行, 请仪控准备好工作方案, 推动计划安排和开展消缺工作; 2) 运行加强",关注主给水泵B前置泵轴向位移和推力轴承温度的监视，做好配合维修消缺进行主给水泵切换停运主给水泵B的工作准备,"3APA201MM探头零点偏移，需调整 仪控处理反馈：1）检修过程：①验证隔离边界，确认主给水泵B已停运断电；②使用螺丝刀打开3APA201MM位移探头就地接线盒；③由机械专业人员推轴到机械零位；
4 使用劲仪测量3APA201MM 调整前的输出电压为-9.809 8 V DC;5 使用劲仪测量3APA201MM 电压并调整定位螺母位置，调整后电压为-9.5914V DC;③使用螺丝刀回装3APA201MM 位移探头就地接线盒；?经确认3APA201MM 主控和就地控制柜显示正常无报警；③工作结束，清理现场。2）故障原因分析：3APA201MM 探头零点偏移，需调整",APA201MM 参与报警信号：当轴向位移APA201MM≥+130μm或≤-540μm时，触发给水前置泵B自由端轴向位移超限1报警。 APA201MM 参与APA202PO 跳闸信号：1）给水前置泵B轴向位移超限APA201MM(＞+260μm）和给水前置泵B推力轴承内侧温度APA211MT_1 高高(≥105℃);2）给水前置泵B轴向位移超限APA201MM(<-670μm）和给水前置泵B推力轴承外侧温度APA210MT_1 高高(≥105℃);注：给水前置泵和压力级泵轴向位移往电机方向为“+”，往自由端方向为“-”，例如APA201MM>+260μm，代表给水前置泵B往电机方向轴向位移超限,
KSN，上远程开启8TEU083VB 后显示洋红色,KSN 上远程开启 8TEU083VB 后显示洋红色，需要检香处理,8TEU083VB 无法正常操作该阀门,已采取的行动措施：oncall 维修仪控检查,8TEU083VB 阀门卡涩，原因为阀门阀瓣球体有结晶。导致阀门球体卡涩,维修机械处理反馈：1 ）拆除 8TEU083VB 阀门气动头，检查执行机构和阀门，气动头动作正常，发现阀门卡死；2 ）解体清洗检查各零部件，发现球体上有少量结晶，导致阀门卡涩；3 ）更换必换件及易损件，用专用工具回装球体,三废工艺系统易发生硼结晶继而导致阀门无法动作,
主控出现2KCP500KAKCP/KSN 机柜失电综合报警,主控出现2KCP500KA“KCP/KSN 机柜失电综合报警”，就地检查为 2KCP542AR 报警,,已采取的行动措施：oncall 仪控检查仪表。检查 2KCP542AR 相关的系统设备有无异常,柴油机低功率试验电源切换过程中，出现 2KCP500KA（KCP 或 KSN 失电综合报警），检查发现 2KCP542AR 内部 48VDC 电源模块 PS4 运行指示灯熄灭，分析原因电源切换导致 PS4 损坏,仪控处理反馈一检查处理过程：1 ）检查确认 24V 供电模块 PS2 工作正常，确认 2KCP542AR 上游供电正常；2 ）检查梳理 PS4 下游供电负荷，分析另一路冗余供电 PS3 失电风险，确认失误可能导致 A 列凝汽器不可用信号；3 ）核对检查 PS4 下游供电负荷与图纸一致；4 ）测量 PS4 供电电压为 228 VAC，正常；5 ）断开 PS4 供电刀闸，对 PS4 进行更换；6 ）合上刀闸 PS4 运行指示灯亮，2KCP500KA 报警消失,2KCP542AR 机柜 48V 供电段模块：有 PS3/PS4 双路供电，两路均失电时，将影响 A 列送 RPR 凝汽器不可用信号失电导致 A 列凝汽器不可用信号两路中的一路失效,
LABP403VT 就地显示“过扭柜”“硬件故障”“R5 -8 继电器故障”,执行D28 子文件包时， 发现1ABP403VL就地显示“过扭柜”“硬件故障”“R5 -8 继电器故障”,导致1ABP403VL 故障， 影响开关操作,已采取的行动措施：1 ） 安排就地检查确认 1ABP403VL 电动头上故障报警情况，确认阀门实际开关状态：2 ）填写工作申请（WR ）按计划处理,电动阀内部力矩设置过小，电动阀内部软件不兼容,,ABP403VL 的控制逻辑，1）手动开启信号：KIC 开启＋允许开信号； 2）手动关闭信号：KIC 关闭；3）允许开启信号：3A 且4A 低加水位不高；4）自动关闭信号：3A 低加解列或4A 低加解列,
LDEL002GF 启动过程中出现冷冻水流量低,执行F01-DEL-C-003，切换过程中，冷冻机1DEL002GF 触发冷冻水流量低报警，造成冷冻机停运,导致1DEL002GF 不可用，产生第二组10,已采取的行动措施oncall 仪控检查处理,1DEL012SP 定值回差过大,电气处理反馈：1 ）检修措施及步骤：①对1DEL012SP 进行校验，仪表定值回差过大；②应系统负责人要求将1DEL012SP 定值设定为低报40 kPa 进行校验，仪表校验合格；③恢复1DEL012SP 至初始状态：2 ）故障原因分析：1DEL012SP 定值回差过大,,
执行 F01-LLS-T-001LLS 柴油发电机无负荷试验规程时 1LLS001AP 启动后跳闸，就地显示“控制电池故障”报警,"1LLS001AP 在主控KIC 中启动失败，就地检查1LLS002AR 控制器有“停机ECU 报警”
执行FQ1-LLS-T-001LLS 柴油发电机无负荷试验规程时1LLS001AP 启动后跳闸，就地显示“控制电池故障”报警
执行FQ1-LLS-T-001 启动J1LLS001AP 后，1RIS136VB 未自动关闭1RCV094VP 未自动开启","导致1LLS001AP 不可用
导致1LLS001AP 不可用，2 号机组产生I02：LLS1
1RIS136VB 未自动关闭，1RCV094VP 未自动开启，导致水压试验泵通过1RCV094VP 给主泵供轴封水的功能不可用，导致水压试验泵不可用，产生第一组IO：RIS5","已采取的行动措施：1 ）安排现场检查发现就地显示“控制电池故障报警”2 ）oncall 电气检查处理
已采取的行动措施1）安排现场检查确认1RIS136VB 和1RCV094VP 的仪 用压空供气正常；2)oncall1 仪控检查处理","报警导致机组跳闸
和1KIC 上的1LSS001AP 启停命令模块和联锁1RIS136VB1RCV094VP 动作的逻辑在两个不同的CP 中，启停命令脉冲时间过短，跨CP 的逻辑可能接收不到，导致1RIS136VB 和1RCV094VP 未按照预定要求动作","电气处理反馈1 ）检修过程：①召开工前会，确认工作范围及工作对象。相关风险分析：现场确认隔离：现场建立工作区：②处理1LLS001AP 主控不能启动：在1LLS002AR 中控制器401UC ，菜单“设置--发动机参数--预启动时间”将0s 设置为2S ，以使蓄电池带载合理避峰。设置后，共启动6 次，均成功；③处理1LLS001AP 主控启动后，画面呈洋红色，无法停机：仪控人员办理TCA ：在一层至二层通讯接口处增加1 个RS 触发器，用柴油机的成功启动信号001SY 复位该接口，形成一个脉冲信号，解决一层二层通讯问题：④清理现场，归还工作票。2 ）故障原因分析：D1LLS001AP 主控不能启动。直接原因：
电气处理反馈1 ）处理过程：D 对控制蓄电池电压进行检查，1LLS402BT两节蓄电池电压分别为13.3V、13.4V，满足要求；②检查蓄电池浮充装置1LLS401RD、1LLS402RD，充电器正常：
仪控处理反馈：1 ）处理过程：实施DCS 软件变更，将LSS001AP 启停命令转换成2s 脉冲。运行再次执行F01-LLS-T-001 进行验证；2 ）故障原因分析：1KIC 上的1LSS001AP 启停命令模块和联锁1RIS136VB 和 1RCV094VP 动作的逻辑在两个不同的CP 中，启停命令脉冲时间过短，跨CP 的逻辑可能接收不到，导致1RIS136VB 和1RCV094VP 未按照预定要求动作","水压试验泵应急柴油发电机的启动方式为蓄电池驱动电马达启动。启动用蓄电池和控制用蓄电池电压正常值范围为 24~28V
水压试验泵应急柴油发电机的启动方式为蓄电池驱动电马达启动。启动用蓄电池和控制用蓄电池电压正常值范围为24 ~28V
1/2LSS001AP 启动将联锁自动关闭1IRIS136VB 和2RIS136VB 、自动开启1RCV094VP 和2RCV094VP",
执行F02-LLS-T-002试验过程中，9LLS011P0 水压试验泵无法启动,运行执行F02-LLS-T-002试验过程中，9LLS011P0 水压试验泵无法启 动。现场显示9LLS023JA 已合闸，且9LLS001AR380V/110V/48V带电指示灯均亮，但是水压试验泵未启动，相关运行指示灯均不亮,9RIS011P0 不可用在RP 模式下产生双机组第一组IO ：RIS5 ，要求在3 天内开始向NS /RRA 模式后撤,已采取的行动措施：1 ）暂停试验，oncall 电气和仪控检查处理；2 ）安排现场检查确认异常情况,1)9LLS001AR 中刀开关002JS 未合闸到位辅助触点回路未接通，9RIS011P0 主回路接触器002JA 无法得电吸合，导致水压试验泵无法启动；2 ）时间继电器023XT 底座金属片存在移位，常开延时闭合触点（21 、22 ）控制回路接触不良，9RIS011P0 启动控制回路无法完成自耦降压变换，导致水压试验泵无法启动,②时间继电器023XT 底座金属片存在移位，常开延时闭合触点（21 、22 ） 控制回路接触不良，9RIS011P0 启动控制回路无法完成自耦降压变换，导致水压试验泵无法启动。4 ）后续措施：D 已反馈运行部门做好相关经验 反馈，执行定期LLS 柴油机无负荷试验后002JS 恢复合闸时注意将刀开关把手推到底，悬挂行政隔离牌时，注意避免动刀开关把手。②升版维修规程，完善规程中时间继电器检查校验步骤，优化表格数据记录，增加继电器引脚与底座检查内容，明确继电器拆除、安装注意事项，避免继电器拆除、安装过程中引起继电器与底座接触不良。③进一步分析调研 9LLS001AR 内相关时间继电器换型（继电器与底座连接可靠性更佳类型） 可行性与必要性,RP 模式下，水压试验泵（9RIS011P0 ）不可用，将产生第一组 IO :RIS5 ， 要求：3 天内机组开始向 NS /RRA 模式后撤：如果与 RCV2 不可用累积，8 h 内机组开始向 NS /SG 模式后撤,
执行F03-LLS-T-002 柴油发电机和水压试验泵无密封注水带负荷启动和运行试验规程，8RIS011P0 启动后无出力,当班值执行F03-LLS-T-002 ，就地启动8RIS011P0 后发现现场压力表压力仅有0 . 4MPa . 远未达到要求值12MPa ，怀疑8RIS011P0 启动后无出力,8RIS011P0 在RP 模式下为核安全设备。设备不可用需要记录双机组随机I01 ：RIS5 ，3 、4 号机组需要在3 天内后撤至NS /RRA 模式,"已采取的行动措施：1）组织现场保驾人员进行检查后，停运8RIS011P0，将设备置于安全可控状态；2）安排现场重新检查在线，确认在线正确； 3）主控通过分析，初步怀疑为8RIS011P0入口管线积气或入口逆止阀 3RIS267VB卡涩导致；4）根据分析的原因，主控联系维修机械配合对 8RIS011P0入口管道进行冲水排气，并对3RIS267VB进行敲击；5）维修机械对8RIS011P0入口管道初次进行冲水排气，发现无水流出；对3RIS267VB进行敲击后，有顺畅水流流出； 3PTR001BA3RIS267VB8RIS011P08RIS565VB4RIS267VBX4PTR001BA图 18RIS011P0流程示意图
6 ）重新组织启动水压试验泵8RIS011P0,8RIS011P0 出口压力正常，继续执行定期试验，试验结果满意。建议后续行动：1 ）通过异常现象及处理过程，确认为3RIS267VB 存在硼结晶卡涩导致水压试验泵入口无流量；2 ）水压试验泵入口既可以从3PTR001BA1 取水，也可以从4PTR001BA 取水，水压试验泵入口无流量，可以推断4RIS267VB 也同样存在硼结晶卡涩问题：3 ）后续3 、4 号机组试验时，建议先安排对3/4RIS267VB 进行敲击，敲击完成后再进行试验；4 ）考虑对3/4RIS267VB 增加硼伴热装置，避免可能出现的硼结晶，当班值提出技改；5 ）请设备管理处考虑对3/4RIS267VB 进行换型，避免共模故障",8RIS011P0入口管线积气或入口逆止阀3RIS267VB卡涩导致,"机械处理反馈：2019 年5 月8 日，经机械、运行、设备管理、核安工会议讨论分析关于水压试验泵8RIS011P0 启动无出力情况讨论汇报如下：1 ）现象描述①D2019 年5 月7 日早班，当班值执行F03 -LLS -T -002 ，就地启动8RIS011P0 后发现现场压力表压力仅有0 . 4MPa ，远未达到要求值12MPa ， 怀疑8RIS011P0 启动后无出力；②经主控、设备管理、维修分析怀疑上游止回阀未打开，讨论决定拆除8RIS565VB 下游盲板检查是否有水流出，如无水则敲击止回阀；3 ）现场拆除8RIS565VB 下游盲板，打开阀门后，有带压气体混合少量水喷出不到1min ，后无水流出；④经敲击止回阀， 8RIS565VB 下游盲板出现顺畅来水；5 重新启动水压试验泵8RIS011P0 ， 8RIS011P0 出口压力正常，试验结果满意：③停泵后，泵入口安全阀有约10s 的开启关闭声音。2 ）原因分析：吸入口逆止阀（3/4RIS267VB）未开启。注：RIS267VB 此阀门为大连大高生产的DN50 口径升降式止回阀，启闭压差为0 . 03 MPa （即进出口存在0 . 03 MPa 压差下会开启），入口为PTR
3 ）阀门未开启的原因分析D 进出口高压差造成站黏性低压无法打开：打开8RIS565VB 盲板后有带压气体喷出，且停泵时可听见逆止阀出口安全阀明显起跳（起跳压力1 MPa ）声音，逆止阀出口有近1 MPa 压力（泵运行时可能更高）。泵出口的小流量管线直接与入口管道相连，入口仅有约 0 . 1MPa ，怀疑在反向压力下逆正阀密封面出现粘黏性，导致无法在出口泄压后入口0 . 1MPa 压力下打开，可能性较大；②泵入口管线存在气体：打开盲板不到1min 气体排出，管道确实存在气体，可能为盘根泄漏引入管道气体或管线长期泄压过程中逐渐引入。由于止回阀后非水介质，起泵后无法吸水形成负压从而打开止回阀，可能性较大；③结构性卡渉：阀瓣歪斜与阀体卡涩，打开8RIS565VB 盲板，出口无流水，即说明阀门未开启且密封性良好，阀门密封性好即阀瓣落座垂直，于阀体卡涩可能性较小；④硼结 晶卡涩：经咨询化学介质为PTR 水箱来水硼浓度为2000+ppm ，在常温下不会形成结晶，故此原因可能性极小。综上所述：起泵后止回阀未打开导致泵出口无压力的可能原因为：泵小流量管线与泵入口管线直接相连，导致泵入口管道中存在大量气体导致起泵后无法吸水减小逆止阀出口压力导致逆止阀未打开，且止回阀进出口向高压差造成阀瓣粘黏性导致出口泄压后入口低压下未自动打开。4 ）同行经验反馈：海南核电也发生过同类问题，与本次情况比较类似，分析原因为管道气体较多，起泵前对管道进行排气。5 ）后续处理措施计划①D 在8RIS565VB 出口安装压力表测量逆止阀出口压力：②完成工单准备，在大修对3 /4RIS267VB 进行解体，检查确认硼结晶和卡涩情况；③根据下次定期试验人口管线测量结果确定是否增加试验前泵的充水排气和试验后泄压方式：4 考虑试验增加机械保驾人员：检香逆止阀开启情况",止回阀RIS267VB 为DN50 口径升降式止回阀，启闭压差为0 . 03 MPa （即进出口存在0 . 03 MPa 压差下会开启）,
执行F03-LLS-T-002 柴油发电机和水压试验泵无密封注水带负荷启动和运行试验规程，8RIS011P0 启动后无出力,当班值执行F03-LLS-T- 002 ，就地 启动 8RIS011P0 后发现现场压力表压力仅有0 . 4 MPa ，远未达到要求值12 MPa ，怀疑 8RIS011P0 启动后无出力,8RIS011P0 在RP 模式 下为核安全设备，设备不可用需要,"2) 建议后续行动: D 通过异常现象及处理过程, 确认为 3RIS267VB 存在硼 结晶卡涩导致水压试验泵入口无流量; ②水压试验泵入口既可以从 3PTR001BA 取水, 也可以从 4PTR001BA 取水, 水压试验泵入口无流量, 可 以推断 4RIS267VB 也同样存在硼结晶卡涩问题; ③后续 3、4 号机组试验 时, 建议先安排对 3/4RIS267VB 进行敲击, 敲击完成后再进行试验; ④考 虑对 3/4RIS267VB 增加硼伴热装置。避免可能出现的硼结晶, 当班值提出 技改: 5 请设备管理处考虑对 3/4RIS267VB 进行换型, 避免共模故障",8RIS011P0 入口管线积气或入口逆止阀 3RIS267VB 卡涩导致,"机械处理反馈: 经机械、运行、设备管理、核安工会议讨论分析关于水压 试验泵 8RIS011P0 启动无出力情况讨论汇报如下: 1) 现象描述: D2019 年 05 月 07 日早班, 当班值执行 F03-LLS-T-002, 就地启动 8RIS011P0 后发 现现场压力表压力仅有 0.4MPa, 远未达到要求值 12MPa, 怀疑 8RIS011P0 启动后无出力; ②经主控、设备管理、维修分析怀疑上游止回阀未打开, 讨论决定拆除 8RIS565VB 下游盲板检查是否有水流出, 如无水则敲击止回",,
执行F03-LLS-T-004 时，发现4LLS001AP 无法启动,执行F03-LLS-T-004(4LLS 柴油发电机替代3LLS 柴油发电机试验规程）时，,4LLS001AP不可用，导致3号机组产生I02:LLS1,已采取的行动措施：oncall电气检查处理,蓄电池电压不足,电气处理反馈：1)检修过程：①召开工前会，确认检修对象；②检查4LLS002AR，发现4LLS404JA即主用蓄电池组充电器4LLS401RD的开关处于断开状态；③测量主用蓄电池组4LLS401BT的电压，测得值为22.4V，而正常值为27.6V;4经排查后发现4LLS401RD才损坏，导致4LLS401BT处于持续放电状态且无法正常充电：将同型号的合格的RD更换掉已损坏的4LLS401RD，合上4LLS404JA，对蓄电池进行充电；③持续充电一天后测得主用蓄电池组4LLS401BT的电压为27.43V，基本达到正常水平。2)故障原因分析：蓄电池电压不足,启动用蓄电池和控制用蓄电池电压正常值范围为24~28V,
执行F04-LLS-T-001试验时4LLS001AP 启动失败,中班执行F04-LLS-T-001LLS 柴油发电机无负荷试验规程，试验过程中主控点击4LLS001AP 启动按钮后4LLS001AP 在显示洋红色故障（后变为大红色启动故障），主控出现4LLS452KA 水压试验泵柴油发电机组机械故障，就地4LLS001AP 启动马达转动但4LLS001AP 未正常启动， 3LLS001AP 根据逻辑应急启动,,,,"1) 机械处理反馈: 1D处理进展: 脱开高压供油管线接头, 就地启动柴油机后排出管道内空气, 供油恢复正常。缺陷消除, 执行F04-LLS-T-001试验合格; ②排查处理措施: a. 维修电气检查主备用蓄电池、电动马达、调速器动作正常; b. 维修机械检查燃油预过滤器无堵塞, 低压供油管线供油正常; c. 维修机械脱开高压供油管线出口接头: 就地启动柴油机管线出口有油喷出, 回装接头后供油恢复正常, 运行重新执行F04-LLS-T-001试验合格, 2019年11月05日执行定期试验未发生异常; d. 完成缺陷消除, 已生效启动失败缺陷原因分析报告; e. 已排查3/4号机组小柴供油管线接头, 未发现渗漏及松动现象; f. 完成巡检规程升版生效, 细化高压供油管线接头检查项目有渗油现象及时紧固; g. 已完成《34号机组LLS柴油机可靠性提升计划》生效。",,
执行FQ1-LLS-T-001LLLS 柴油发电机无负荷试验规程（QSR ）时， 1LLS001AP 启动5 秒后跳闸,早班执行FQ1-LLS-T-001，启动数秒后1LLS001AP 跳闸，KIC 中出现 1LLS405KA（水压试验泵柴油发电机组保护跳闸）报警和1LLS451KA（水压试验泵柴油发电机组电气故障报警），期间现场只出现过启动蓄电池电压低报警,1LLS001AP 不可用，产生第二组 IO：LLS1,已采取的行动措施1）安排现场检查确认1LLS001AP 故障跳闸情况，确认现场报警信息和现象，确认出现了启动蓄电池电压低报警；2）检查确认2LLS001AP 自动启动情况；3）oncall 电气检查处理,控制蓄电池串联接头处生锈,电气处理反馈1）处理过程：①D 检查启动蓄电池回路正常；②检查控制蓄电池回路，两节蓄电池串联接头处老化；③处理蓄电池接头生锈处；④通知运行人员现场验证：清理工作现场，归还工作票。2）故障原因分析：控制蓄电池串联接头处生锈,,
执行FQ2-LLS-T-001LLS 柴油发电机无负荷试验规程时，2LLS001AP 未正常启动,早班执行F02-LLS-T-001(LLS 柴油发电机无负荷试验）定期试验，KIC 发出2LLS001AP 启动命令后，2LLS001AP 未正常启动1LLS001AP 备用启动，在KIC 中无法停运1LLS001AP ，就地使用紧急停运按钮停运后 1LLS001AP 显示洋红色,,已采取的行动措施：1 ）暂停试验， oncall 电气检查处理：2 ）查阅技术规范，记录相关的I0 ;3 ）安排现场恢复9LLS002JS 到初始状态，消除第一组I0 :RIS5;4 ）恢复 1LLS001AP 可用,根据现象判断，柴油机控制柜 2LLS002AP 中PLC 与柴油机本体控制器ECU 通讯协议故障导致。通讯协议故障导致PLC 未能正确向ECU 发送启动命令，柴油机启动失败,电气检香反馈：1 ）故障描述： 2LLS001AP 未正常启动，1LLS001AP 备用启动，在KIC 中无法停运 1LLS0001AP ，就地手动停运。2 ）原因分析：根据现象判断，柴油机控制柜2LLS002AP 中PLC 与柴油机本体控制器ECU 通讯协议故障导致。 通讯协议故障导致PLC 未能正确向ECU 发送启动命令，柴油机启动失败。3 ）处理过程：①响应主控 OnCall ，就地停运连锁启动的 1LLS001AP ;②2LLS002AR 计时器计时至6109 秒时，2LLS001AP 自动起机：③检查控制回路接线正常；④,,
执行FQ4-LLS-T-001，因主蓄电池故障4LLS001AP 启动失败导致 3LLS001AP 启动,401 大修结束后首次执行 FQ4-LLS-T-001，主控启动 4LLS001AP 时， 4LLS001AP 未正常启动，3LLS001AP 应急启动。期间主控产生异常报警： 4LLS452KA 水压试验泵柴油发电机组机械故障。就地紧急停机 3LLS001AP，及时复位急停电磁阀，并复位 3/4LLS002AR 控制柜上就地报警，恢复 3LLS001AP 可用，根据试验规程，恢复 8RIS011P0 可用。 4LLP001AP 启动失败后现场异常现象：①现场蓄电池发烫：怀疑切至主蓄电池故障；②启动过程中启动马达有哒哒哒的声响：怀疑启动蓄电池电压不足或启动马达工作异常,导致 4LLS001AP 和 3LLS001AP 两个柴油机不可用，双机组产生一个 I01， 结合试验 F04-LLS-T-001 产生的双机组 I01：RIS5，导致出现两个 I01，要求机组 24 h 后撤至 NS/RRA 模式,"1）已采取的行动措施：D 主控存在 4LLS001AP 机械故障报警，就地核实 3LLS001AP 运行状态正常，由于 3LLS001AP 处于应急启动状态，仪控反馈主控和现场均无法正常停运；②就地紧急停运 3LLS001AP（记录两个 I01：LLS2 和 RIS5，24h 后撤至 NS/RRA 模式）；
③oncall11 仪控人员取消3 、4LLS001AP 应急启动命令。因4LLS001AP 启动失败信号导致3LLS001AP 启动信号，需优先复位4LLS002AR 故障报警，随后复位 3LLS001AP 紧急停运按钮，最后复位 3LLS002AR 故障报警：④考虑到 3LLS100EL 电磁阀长时间带电可能会使电磁阀烧坏需尽早复位应急停运按钮， 3LLS001AP 恢复可用，消除I01:LLS2 ，记录I02:LLS1:oncall 维修电气、仪控、机械检查4LLS001AP 启动失败原因：③根据试验规程恢复初始状态，消除I01:RIS5。2 ）建议后续行动：①请维修专业检查4LLS001AP 无法正常启动原因，消除缺陷；②请设备管理处、维修机械明确LLS 柴油机空载最大允许时间",启动主用蓄电池 4LLS401BT 损坏,,"2) 停运后检查无 3LLS001AP 启动信号后, 需尽快复位紧急停运按钮, 避免 3LLS100EL 电磁阀长时间带电导致电磁阀损坏; 3) 根据试验现场检查情况, 分析 4LLS001AP 无法启动原因。若启动信号未下发, 需联系仪控人员检查, 若启动信号传递到现场, 需要联系电气人员检查故障原因。4) LLS001AP 启动方式: ①就地位置&LCP 启动; ②远方位置&KIC 启动; ③远方位置&LHA 电压≤0.8U&LHB 电压≤0.8U; ④另一机组 LLS001AP 启动失败(启动信号&转速&30r/min) 3 次",
执行FQ4-LLS-T-002试验时4LLS001AP异常停运,执行F04-LLS-T-002 柴油发电机和水压试验泵无密封注水带负荷启动和运行试验规程，试验过程中4LLS001AP 运行了5min5s ，主控异常触发发4LLS451KA 水压试验泵柴油发电机组电气故障、4LLS452KA 水压试验泵柴油发电机组机械故障，4LLS001AP 停运，3LLS001AP 根据逻辑自动启动。就地检查4LLS002AR 就地控制屏（4LLS001AP 柴油机），显示速度信号丢失警告，发电欠频警告，发电欠压警告，充电失败警告，油压低警告,1)4LLS001AP 启动后异常跳闸，导致4LLS001AP 不可用，产生I02 : LLS1 :2)4LLS001AP 启动后异常跳闸，导致3LLS001AP 启动，就地紧急停运3LLS001AP ，导致3/4LLS001AP 均不可用，产生I01:LLS2;3）导致3 、4 号机组存在两个第一组I01:LLS2、RIS5（试验将3/4RIS274VB 关闭，导致对3 /4 号机组水压试验泵不可用），按照技术规范机组需24h 向NS /RRA 模式后撤,1 ）已采取的行动措施：①安排就地检查4LLS002AR 就地控制屏 （4LLS001AP 柴油机），显示速度信号丢失警告，发电欠频警告，发电欠压警告，充电失败警告，油压低警告；②联系维修电气检查4LLS001AP 异常跳闸原因，联系仪控复位3LLS001AP 启动信号；③检查3LLS001AP 运行情况，柴油机运行正常，就地停运8RIS011PO ，就地停运 3LLS001AP ;④根据试验规程恢复步骤，恢复8RIS011PO 可用。2 ）建议后续行动：D 请维修电气尽快查明4LLS 柴油机异常停运原因：采取措施消除缺陷；②请维修仪控复位3LLS001AP 启动信号，尽快恢复3LLS001AP 可用,柴油机燃油罐出口过滤器堵塞，导致柴油机燃油供油不足自动停机,1 ）电气处理反馈：①D 处理进展：3LLS 已恢复可用，3LLS 与4LLS 之间的接线已恢复，机组I0 已消除。②原因分析：导致本次柴油机停机的直接原因为输油管路断油。3 现场原因核实过程：,2 ）停运后检查无3LLS001AP 启动信号后，需尽快复位紧急停运按钮，避免3LLS100EL 电磁阀长时间带电导致电磁阀损坏,
1 号机组出现1RPN436KA(LSS 故障或C21 试验）报警，LOCA 机显示以太网故障,"16 时43 分，1 号机出现1RPN436KA 报警（LSS 故障或C21 试验），与此同时LOCA 监测系统显示器1KIC601WS-000HV 的ERR 画面报警显示栏中出现LSS 故障（RPN436KA）和机架以太网络模块故障报警，并且报警无法复位消除。检查LOCA 计算机1KIC601WS-000HV 的SYS 画面（主要设备运行状态显示页）中的PLC 部分第二个模块显示为红色，正常运行时显示为绿色。仪控间检查1RPN006AR 并对比2RPN006AR ，发现柜内对应模块2 红灯亮、系统故障灯亮、电源指示灯灭。后经仪控澄清模块2 红灯是电池状态，电源灯不亮已有历史缺陷，见图1
图11RPN006AR上故障报警情况此报警为1号机组首次出现且出现报警时，主控LOCA监测显示器上梯形图放大功能无法正常使用，△I运行点不能变大，但是坐标轴系可以变大。且△I运行点不会实时自动变化，画面切换时△I运行点会变化，其他画面中的所有运行参数正常变化",1号机组出现1RPN436KA报警（LSS故障或C21试验），堆芯跟踪模块故障不可用，LSS显示器不可用，产生随机I02（RPN9：堆芯跟踪模块（CFM）不可用或两个显示器均不可用）,已采取的行动措施：1)立即查看和执行报警卡，检查设备故障信息和参数异常信息；2)执行故障规程《FQ1-RPN-I-001核仪表系统运行故障》；3）立即oncall仪控人员到厂，通知物理人员、安工，汇报处领导；4）执行《FQX-OP00-TD-180021/2号机组LSS系统故障应急预案》；5）根据技术规范要求跟踪堆芯RPN参数，每15min记录一次参数，并将1RPN0003HXT进行打印备用；6)LSS系统故障，大表中的堆芯稳态热功率显示不准确，安排一名操纵员前往L604熟悉KME系统相关操作，以便实时跟踪计算堆芯热功率值；7仪控人员到厂后重新启动软件，KIC及LOCA计算机1KIC601WS-000HV报警均消失。AI运行点恢复正常。经仪控人员检查初步分析是LOCA系统跟踪模块故障导致，IO记录RPN9,上位机底层软件存在BUG，导致LOCA上位机软件异常崩溃,仪控处理反馈1 ）工作过程：1 验证隔离边界，确认设备位置，检查初始条件，确认PLC 工作正常；②打开1RPN006AR 柜门；③重启LOCA 检测软件，软件运行恢复正常；④查看轴向功率偏差等参数，确认无异常：5 工作结束，向运行人员报告工作完成情况。2 ）故障原因分析：上位机底层软件存在BUG ，导致LOCA 上位机软件异常崩溃,PLC 模块1 ~6 的功能及对应故障：1 ）电源冗余模块，1 个电源模块对系统功能无影响，2 个电源模块同时故障会导致LOCA 处理部分与堆芯跟踪模块均不可用；2 ) CPU 模块，故障会导致LOCA 处理部分与堆芯跟踪模块均不可用；3 ）以太网模块，该模块用于与上位机通讯，故障会导致堆芯跟踪模块均不可用；4 ) DI 模块，故障对系统本身功能无影响，仅影响C21 测试信号功能；5D0 模块，故障会导致C21 信号无法触发或异常触发C21 信号；6 ) MODBUS 通讯模块，该模块与DCS 进行通讯，故障会导致LOCA 处理,
1 号机组出现1RPN436KA（LSS 故障或C21 试验）报警，LOCA 机显示以太网故障,"16:43，1 号机组出现1RPN436KA 报警（LSS 故障或C21 试验），与此同时LOCA 监测系统显示器1KIC601WS-000HV 的ERR 画面报警显示栏中出现LSS 故障（RPN436KA）和机架以太网络模块故障报警，并且报警无法复位消除。检查LOCA 计算机1KIC601WS-000HV 的SYS 画面（主要设备运行状态显示页）中的PLC 部分第二个模块显示为红色，正常运行时显示为绿色
仪控间检查1RPN006AR 并对比2RPN006AR 发现柜内对应模块2 红灯亮、系统故障灯亮、电源指示灯灭。后经仪控澄清，模块2 红灯是电池状态，电源灯不亮已有历史缺陷，见图1 。图11RPN006AR 上故障报警情况此报警为1 号机组首次出现，且出现报警时，主控LOCA 监测显示器上梯形图放大功能无法正常使用，△I 运行点不能变大。但是坐标轴系可以变大，且I 运行点不会实时自动变化，画面切换时△I 运行点会变化，其他画面中的所有运行参数正常变化",1 号机组出现1RPN436KA 报警（LSS 故障或C21 试验），堆芯跟踪模块故障不可用，LSS 显示器不可用，产生随机I02(RPN9 ：堆芯跟踪模块 （CFM ）不可用或两个显示器均不可用）,已采取的行动措施：1 ）立即查看和执行报警卡：2 ）执行故障规程《FQ1 - RPN-I-001 核仪表系统运行故障》；3 ）立即oncall 仪控人员到厂，通知物理人员、安工，汇报处领导；4 ）执行《FQX-OP00-TD-180021/2 号机组LSS 系统故障应急预案》；5 ）根据技术规范要求跟踪堆芯 RPN 参数，每15 min 记录一次参数，并将1RPN003HXT 进行打印备用；6 )LSS 系统故障，大表中的堆芯稳态热功率显示不准确，安排一名操纵员前往L604 熟悉KME 系统相关操作，以便实时跟踪计算堆芯热功率值；7 ）仪控人员到厂后重新启动软件，KIC 及LOCA 计算机1KIC601WS-000HV 报警均消失； AI 运行点恢复正常。经仪控人员检查初步分析是LOCA 系统跟踪模块故障,上位机底层软件存在BUG ，导致LOCA 上位机软件异常崩溃,仪控处理反馈，1 ）工作过程：D 验证隔离边界，确认设备位置，检查初始条件，确认PLC 工作正常；②打开1RPN006AR 柜门；③重启LOCA 检测软件，软件运行恢复正常：④查看轴向功率偏差等参数，确认无异常.；5 工作结束，向运行人员报告工作完成情况：2 ）故障原因分析：上位机底层软件存在BUG ，导致LOCA 上位机软件异常崩溃,PLC 模块1~6 的功能及对应故障1 ）电源冗余模块，1 个电源模块对系统功能无影响，2 个电源模块同时故障会导致LOCA 处理部分与堆芯跟踪模块均不可用：2 ) CPU 模块，故障会导致LOCA 处理部分与堆芯跟踪模块均不可用；3 ）以太网模块，该模块用于与上位机通讯，故障会导致堆芯跟踪模块均不可用；4 ) DI 模块，故障对系统本身功能无影响，仅影响C21 测试信号功能；5 ) DO 模块，故障会导致C21 信号无法触发或异常触发C21 信号；6 ) MODBUS 通讯模块，该模块与DCS 进行通讯，故障会导致LOCA 处理部分与堆芯跟踪模块均不可用。另LOCA 计算机1KIC601WS-000HV 的SYS 画面中除PLC 部分外的其余设备统称为跟踪模块。通过对以上不同功能模块故障快速判断故障的原因，从而决定后续的处理措施,
4 号机组LOCA 监测系统（LSS ）梯形图显示异常,仪控工作人员执行4LSS 系统C21 报警试验时，在试验执行结束后，主控4LSS 屏幕梯形图画无法显示完整梯形图，无法显示梯形图边界线，实时数据显示无异常。3 号机正执行8RIS011P0 对3 号机组中压安注箱充水工作,梯形图边界丧失，影响主控准确有效的监控^1,已采取的行动措施：1）主控室手动跟踪运行状态变化，15 min记录一次运行点数据；2）停止8RIS011PO对3号机组中压安注箱充水工作，消除限制条件。限制条件消除后，尝试重启4LSS系统软件，查看软件是否恢复正常，若软件重启失败，执行4LSS系统机柜更换工作（101工作）,LOCA监测软件键盘参数采集子程序运行异常，无法正常获取键盘参数值，导致系统无法标定梯形图边界，从而造成梯形图画面显示异常,仪控处理反馈，1）处理过程：①仪控尝试重启4LSS系统软件，软件重启失败；②重启4LSS系统主机：主机重启后，4LSS系统软件重启成功系统恢复正常。2）故障原因分析：LOCA监测软件键盘参数采集子程序运行异常无法正常获取键盘参数值，导致系统无法标定梯形图边界，从而造成梯形图画面显示异常,"1)4LSS屏幕梯形图画无法显示完整梯形图，实时数据显示无异常。不用记录102；2)4LSS系统软件卡涩，无法显示实时数据时，需要记录102：RPN9；
3）重启计算机主机需要记录101：RPN10；4）执行C21报警试验前，确认机组上无第一组I0或未使用限制条件",
4 号机组LOCA1 监测系统（LSS）通讯故障,夜班4 :35 左右，4LSS 计算机出现4RPN436KA（LSS 故障）报警当班值查看主控室LSS 计算机画面和4RPN006AR 内的LSS 画面发现LSS 参数不变化，BUP 盘热功率大表参数不变化，在4RPN006AR 内有系统故障灯亮。其余未发现其他异常,导致4LSS 系统软件卡死，软件卡死崩溃重启产生第一组I01:RPN10,已采取的行动措施：1 ）查看和执行报警卡，检查LSS 计算机画面和4RPN006AR 内的LSS 画面发现LSS 参数不变化BUP 盘热功率大表参数不变化参阅FQ4-RPN-I-001 故障规程有关章节和运行技术规范中的相关规定； 2)oncall 维修仪控进厂检查。经与维修仪控电话确认，通讯故障仅导致LSS 监测功能不可用，主机仍可用；3 ）立即安排现场人员到KME 读取4 号机组堆芯热功率，每10 min 记录一个参数；4 ）主控室根据物理提供的,系统报错软件退出，重新登录后出现通讯故障，确认为通讯端口异常，由正常端口COM3跳转至COM9,"仪控处理反馈：1）处理进展：已通过软件重启并配置软件通讯端口消除报警，目前系统已恢复正常。2）缺陷描述：运行人员在盘盘过程中发现4LSS监视界面出现系统错误提示，在点击确认后软件意外退出，重启软件后出现通信故障报警。3）原因分析：①4LSS系统软件卡死崩溃，与前两次故障类似（C21试验时点击试验按钮软件异常、参数修改后界面参数显示异常），为软件故障；
②经与厂家沟通，软件重启后通讯故障的原因为软件意外退出会导致通讯端口被初始化，恢复至默认值，需对软件端口进行重新选择与配置",3 /4 号机组LSS 系统的数据处理和显示在一个处理器和一个软件实现（其中1 /2 号机组含有两个处理器，一个用于数据处理，一个用于显示），故4LSS 系统软件卡死崩溃重启需要记录101 ，梯形图画面异常不用记录 10 ：主机故障或主机重启则需要记录101 ：RPN10,
4号机组LOCA监测系统（LSS）梯形图显示异常,中班仪控人员执行 4LSS 参数修改，将 100%FP 对应的轴向功率偏差参考线由-4%修改为-3.25%。参数导入后，梯形图无边界显示，但其他参数可以实时跟踪，已与安工确认当前不需要记录 10,梯形图边界丧失，影响主控准确有效的监控△1,已采取的行动措施：1）要求仪控分析故障原因并采取措施消除故障；2）考虑LOCA 计算机重启将产生第一组 10，故在消除缺陷前尽量不安排存在第一组 10 的工作,根据现场采集信息，初步分析画面异常原因为：LOCA 监测软件键盘参数采集子程序运行异常，无法正常获取键盘参数值，导致系统无法标定梯形图边界，从而造成梯形图画面显示异常,"仪控处理反馈：1）处理进展：经当班值同意，将 3、4 号机组 LSS 系统机柜工控机进行了对换（因 12 月 05 日 4 号机组 LSS 故障时紧急拆借 3 号机组工控机，而 3 号机组使用 4 号机组修复后的工控机，此次更换将工控机恢复至原对应机组），对换完成后 3、4 号机组 LSS 系统机柜均已恢复可用，重新导入物理参数后，3、4 号机组 LSS 系统各项参数显示正常。
2 ）缺陷描述：4 号机组在执行LSS 参数调整工作时，出现梯形图显示异常问题。3 ）工作过程：①确认4RPN006AR 设备位号，打开4RPN006AR 机柜门；②确认C21 信号处于闭锁位置；③在LOCA 监测软件上切换权限至工程师；④退出软件，关闭LOCA 计算机；5 互换3LSS 主机箱与4LSS 主机箱，重启LOCA 计算机机箱并重新登录软件；③确认软件恢复正常，重新下装键盘参数及磁盘参数，确认各项参数画面显示正常；②工作结束，关闭机柜门。4 ）原因分析：D 根据现场采集信息，初步分析画面异常原因为：LOCA 监测软件键盘参数采集子程序运行异常，无法正常获取键盘参数值。导致系统无法标定梯形图边界，从而造成梯形图画面显示异常。目前厂家尚未给出解决方法；②本次问题与12 月10 日出现的“执行4LSS 系统C21 报警试验后4LSS 系统梯形图显示异常”情况相同，该问题可能与",1)4LSS 屏幕梯形图画无法显示完整梯形图，实时数据显示无异常。不用记录 102；2)4LSS 系统软件卡涩，无法显示实时数据时，需要记录 I02：RPN9;3)重启计算机主机需要记录 I01：RPN10；4)执行 C21 报警试验前，确认机组上无第一组 I0 或未使用限制条件,
主控LOCA 监测系统（LSS ）显示器突然黑屏,,1)两个LSS 显示器均不可用，记录I02：RPN9;2)LSS 计算机不可用，记录I01：RPN10,已采取的行动措施：1）执行技术规范要求采取的措施，从KIC上读取RPN 系统必要的参数值，手动跟踪运行状态；2）已oncall 仪控、物理、安工、运工立即进厂，汇报值班处领导通知生产计划联系降功率保驾人员进厂；3）主控做好降功率典型操作票和后撤D 规程的准备,4LOCA 监测机柜工控机主机箱电源模块损坏，确认模块内一块压敏电阻击穿,仪控处理反馈：1 ）处理进展：经当班值同意，紧急拆借3 号机组LOCA 机柜工控机对4 号故障设备进行更换，更换完成后LOCA 监测机柜成功重启， LSS 系统恢复可用，重新导入参数后，热功率天表及堆芯监视画面显示正常。2 ）缺陷描述：4 号机组主控LOCA 监测系统远程显示器突然黑屏就地检香发现工控机电源指示灯闪烁，机柜电源空开自动跳闸LSS 系统失电不可用。3 ）工作过程：D4RPN0006AR 机柜的防雷接地装置故障，导致电源开关跳闸，实施TSD 后，拆除防雷接地装置，重新合闸，上游开关仍然跳闸；②4LSS 系统主机电源合闸后，导致空开跳闸，判断为工控机主机箱内部故障，导致进线电源短路。定位出4LSS 系统主机故障，经紧急拆借3 号机组LSS 系统主机作为备件。（3 号机组正在大修，对LSS 系统没有要求，设备可以作为紧急备件使用）；③实施安全措施闭锁C21 信号；④更换备件后，物理人员已准备好光盘和文件，更新LSS 键盘和磁盘参数， 4LSS 系统恢复可用；解除C21 闭锁信号。4 ）故障原因排查分析：4LSS 系统恢复后，仪控拆卸了故障主机上百个螺丝、解体十多个部件后，将问题定位到了主机内电源模块内一个压敏电阻被击穿,"1 )LSS 故障后相关经验：①D 机组大表中的堆芯稳态热功率取自LSS 系统数据，当LSS 故障的时候，以KME 数据为准，具体计算操作方法见“KME 操作手册”文件；②为满足技术规范要求：从KIC 上读取RPN 系统必要的参数值，手动跟踪运行状态。需要使用“离线运行点跟踪”EXCEL 表格（每
③技术规范要求：如果功率＞15 %FP ，6 h 内降负荷到这一功率水平之下， 同时要求根据△I 范围使负荷缓慢地（0 . 3 %FP /min ）下降到后撤功率水平，具体降功率时间点参考《FQY -50P -TPEP -00033 /4 号机组LSS 系统故障应急预案》中LSS 故障后降功率方案；④更换备件前，需要闭锁C21 信号，状态恢复后解除C21 信号；5 现场需要准备一份主机备件和光盘数据。作为应急维修时使用，维修编写生效LSS 故障紧急维修预案；2 )LSS 故障涉及的技术规范：①4LSS 屏幕梯形图画无法显示完整梯形图，实时数据显示无异常。不用记录102 ;②4LSS 系统软件卡涩，无法显示实时数据时，需要记录102 :RPN9 ;③重启计算机主机需要记录101 :RPN10 ;④执行C21 报警试验前，确认记录上无第一组I0 或未使用限制条件",
3 号主控触发3KCP500KA（NC 机柜供电故障报警）,01:50 ，主控触发3KCP500KANC 机柜供电故障，现场检查查发现 8KCP587AR 机柜上存在报警,产生3KCP500KA（NC 机柜供电故障报警），8KCP587AR 机柜存在失电风险,已采取的行动措施：1 ）查看和执行报警卡，现场检查发现8KCP587AR 机柜上存在报警；2 ）oncall 维修仪控检查处理,8KCP587AR 第一路24V 电源（PS1）故障，输入电压正常，无输出电压，触发8KCP587AR 机柜失电报警信号，进而触发3KCP500KA,"仪控处理反馈：1 ）处理进展结果：3 号主控3KCP500KA 报警已消除，NC 级KCP 机柜供电正常。2 ）缺陷描述：3 号主控出现3KCP500KA（NC 级KCP 机柜失电报警）。3 ）原因分析：8KCP587AR 第一路24V 电源（PS1）故障，输入电压正常，无输出电压，触发8KCP587AR 机柜失电报警信号进而触发3KCP500KA
4 ）处理措施：D 经现场检查发现8KCP587AR 机柜报警灯点亮，开柜门进一步确认第一路24V 电源故障；②紧急票检查PS1 电源输入电压正常，无输出电压，确认PS1 电源损坏；更换备件（已在实验室验证功能正常），更换备件后主控3KCP500KA 消失，8KCP587AR 机柜报警灯熄灭",3KCP500KA（NC 级KCP 机柜失电报警）的原因有：1 ) NC 机柜失去220V 电源；2 ) NC 机柜失去外部48V 电源,
主控数次出现4RCP910KA（RCP002P0 轴承箱油位低）报警,4 号主控数次出现4RCP910KA（RCP002P0 车轴承箱油位低）报警查看历史趋势。4RCP701MN 在轴承箱油位低于92 ％时会突降到87 ％左右，随着上轴承箱油位溢流至轴承箱，4RCP701MN 油位又灰复正常液位显示,泄漏油泵不会自动启动，影响主泵安全运行。1)4RCP701MN油位低存在跳闸主泵进而使反应堆停堆的风险；4RCP701MN与4RCP702MN同时出发低低报警（75%）将弓引起主泵跳闸，因为两个液位计属于同一型号，且本体故障产生报警的偶然性较大，如轴承箱油位继续下降，有产生跳变至75%以下的可能，增加了意外停泵的风险；2）主泵泄漏油泵的手动启动不影响正常运行：主泵泄漏油泵正常运行期间处于下部集油槽油位自动控制状态其启动的目的是将下部集油槽液体泵入上部集油槽，通过重力作用流入轴承箱，导致轴承箱油位上升。在干部集油槽油位未高至自动启动泄漏油泵的定值前，也可以手动启动。前提是保障下部集油槽油位在正常运行限值范围内。如出现轴承箱油位低报警，可通过手动启动泄漏油泵建立油流，是轴承箱油位上升，尽早消除报警,1）已采取的行动措施：Donca11维修仪控检查：②结合主泵轴承箱油流机理，通过将泄漏油泵4RCP023PO手动启动，将下部集油槽油输送到上部集油槽，油再进入轴承油箱，使得4RCP701MN上升到93.44%，报警消除。以此方式可尽快消除轴承箱油位低报警，消除不安全的隐患；2）建议后续行动：保持监视，如发生其他液位区间范围的液位突变情况，反馈仪控人员，组织主泵设备工程师和运行人员讨论下一步的行动项，考虑是否进行相关的信号闭锁,4RCP701MN的异常从2018年04月29日开始出现后，常触发4RCP910KA 4RCP003PO轴承箱油位低报警，仪控检查根据4RCP701MN测量原理（干簧管式液位计，通过磁性浮球控制干簧管内分布电阻的通、断产生变化电阻信号）和分析4RCP701MN变化曲线，基本确认主控触发4RCP910KA为4RCP701MN仪表本体细小偏差引起，报警存在一定偶然性。需在401大修期间对故障油位计4RCP701MNT进行更换（当前因主泵处于运行状态，4RCP701MN位于主泵间区域无法到达）,仪控处理反馈：1 处理进展：①在KDO 中添加4RCP701MN 的点位，更加准确地记录液位突变的历史趋势；②大修期间对故障油位计进行更换后缺陷消除；2 ）检修步骤：①拆下4RCP701MN ，用已校验的备用油位计进行更换；②用磁铁刷4RCP701MN 磁翻板，确认与现场液位一致,1)4RCP701MN 低报出现约维持10min ，该时间较长，存在安全隐患，需尽快消除；2 ）主泵泄漏油泵手动启动的条件为下部集油槽油位在规定要求的限值内，此次在约35 ％启动，下部集油槽液位下降到约28 ％时，手动停运，而后4RCP910KA 报警消除；3 ）必须避免4RCP701MN/702MN 同时触发低低报警（75%），以防正主泵跳闸,
4 号主控闪发4RGL001KA.RGL 运行故障报警,,影响RGL 系统控制的可靠性,已采取的行动措施，1)查看和执行报警卡，安排现场检查棒控棒位系统设备（逻辑柜 4RGL001AR，测量柜 4RGL009AR，处理柜 4RGL010AR，电源柜 4RGL011AR~4RGL026AR)报警情况，未见明显异常；2)oncall 仪控检查处理,就地检香报警日志，原因为“R棒组自动棒速低”触发逻辑柜非紧急故障，主控触发RGL001KA报警。R棒组自动棒速范围是8~72步/分，对应4~20mA模拟量电流信号。当前R棒组未动作，自动棒速为8步/分，对应模拟量信号处于4mA左右波动，波动超出报警阈值触发报警,仪控处理反馈：1)缺陷描述：主控闪发4RGL001KA报警，持续时间1 s； 2)处理进展结果：4RGL001KA报警已消除；3)故障原因分析：就地检查报警日志，原因为“R棒组自动棒速低”触发逻辑柜非紧急故障，主控触发RGL001KA报警。R棒组自动棒速范围是8~72步/分，对应4~20mA模拟量电流信号。当前R棒组未动作，自动棒速为8步/分，对应模拟量信号处于4mA左右波动，波动超出报警阈值触发报警,4RGL001KARGL 运行故障报警：棒控棒位系统设备（逻辑柜 4RGL001AR，测量柜 4RGL009AR，处理柜 4RGL010AR，电源柜 4RGL011AR~4RGL026AR）发生故障或失电,
主控闪发3RGL001KA RGL 运行故障和3RGL007KA RCS 故障报警,"22:15, KIC 闪发3RGL001KA(RGL 运行故障）/3RGL007KA(RCS 故障）",影响RGL 系统运行的可靠性,已采取的行动措施：1 ）查看和执行报警卡，检查棒控棒位系统设备（逻辑柜3RGL001AR ，测量柜3RGL009AR ，处理柜3RGL010AR ，电源柜 3RGL011AR ~3RGL026AR ）是否发生故障或失电，未见异常；2 ）oncall 仪控检查处理,1 ）直接原因：RGL 棒控逻辑柜PLC 检测到来自CCS 机柜的R 棒自动棒速低于8 步／min 时产生RGL 棒控系统非紧急报警（RGL001/007KA ）。当R 棒静止不动时，理论上CCS 送出的R 棒自动棒速信号为4mA ，RGLPLC 侧识别为8 步／min ，而由于模拟量信号传输存在一定的误差和波动，实际上会,仪控处理反馈：1）影响评估：闪发非紧急报警，对RGL系统运行无影响。2）故障原因分析：①直接原因：RGL棒控逻辑柜PLC检测到来自CCS机柜的R棒自动棒速低于8步/min时产生RGL棒控系统非紧急报警(RGL001/007KA)。当R棒静止不动时，理论上CCS送出的R棒自动棒速信号为4mA，RGLPLC侧识别为8步/min，而由于模拟量信号传输存在一定的误差和波动，实际上会出现小于4mA的情况，即RGLPLC侧采集到了小于8步/min的值，此时PLC中的判断逻辑即认为异常，从而产生非紧急报警：②根本原因：RGLPLC软件中R棒自动棒速低检测逻辑设计不完善，未考虑模拟量信号存在一定误差的情况，检测判断条件设置不合理,"1）3RGL001KA（RGL运行故障）报警触发的可能原因：棒控棒位系统设备（逻辑柜3RGL001AR，测量柜3RGL009AR，处理柜3RGL010AR，电源柜3RGL011AR～3RGL026AR）发生故障或失电。
2)3RGL007KA（RCS故障）报警触发的可能原因：棒控电源柜（3RGL011AR～3RGL026AR）或棒控逻辑柜（3RGL001AR）等设备发生下列故障：①电源柜或逻辑柜电源故障；②电源柜非紧急故障；③CCS命令故障；④测量值超范围；定值故障；?P4信号故障",
执行F01-RGL-T-002插入G2 棒后1RGL010MM 未按预期变化,执行F01-RGL-T-002，在插入G2 棒组后，1RGL010MM 未按预期变化，仍保持在224 步，同时1RGL024KS 异常亮起,1 ）可能影响G2 棒棒位监视；2 ）可能影响G2 棒动作；3 ）经仪控检查确认为G21 -2 棒束的棒位指示器故障。产生随机I O2 :RGL5,,棒位系统存在使G21-2测量棒位A码不能由1翻转为0因素。可能原因包括：1RGL009AR机柜G21-2棒束MCP23模块、格雷码信号传输通道、1RGL010AR机柜PLC涉及G21-2的DI模块等,仪控处理反馈：1）处理进展结果：控制棒动作正常，测量棒位显示正常。2）检查内容：①G21-2棒束测量棒位编码模块MCP23执行校0/校1试验，确认棒位传输通道正常传输0、1信号；②使用格雷码发生器模拟G21-2全行程测量棒位，确认棒位不同格雷码信号传输没有相互干扰；③运行插棒期间，测量G21-2棒位探测器感应电压，确认其发生变化，确认控制棒未机械性卡棒；④运行继续插棒，当G21-2下插到221步时，测量棒位由224跳变为216，符合预期；运行提棒至225步，确认测量棒位显示224步；③运行继续执行动棒试验，试验结果符合预期。3）故障原因：棒位系统存在使G21-2测量棒位A码不能由1翻转为0因素，可能原因包括：1RGL009AR机柜G21-2棒束MCP23模块、格雷码信号传输通道、1RGL010AR机柜PLC涉及G21-2的DI模块等,棒位探测器基本工作原理：测量线圈分5组，每组内相邻测量线圈反相串联，控制棒由底部（上图左侧）逐步提升到顶部（上图右侧）的过程中，每组测量线圈两端的感应电压将出现“低（电压）、高（电压）、低、高、低、高·”。端电压送往测量柜，处理卡件为每组测量线圈各设置一个电压阈值，当端电压超过阈值时，此测量线圈被编码为1：当低于阈值时，被编码为0。在控制棒提升过程中，每组测量线圈的编码将出现“0、1、0、1、0、1.”。依照各组测量线圈的分布，编码将出现“格莱码”形式分布，将其以8步精度转换为机械棒位。子组内测量棒位存在偏差的原因：测量线圈的圆值设置是在调试期间完成的，其验收准则是控制棒在某8个机械步区间内+5、+6、+7步。测量棒位显示8步均为合格。所以子组内两棒束间测量棒位可能存在8步偏差且不会任何触发棒位故障,
执行F04-RGL-T-002试验时N2棒组通过“失步校正1”方式下插10步和提升10步后，4RGL0160M显示为-1,执行定期试验F04-RGL-T-002时，N2棒组通过失步校正1”方式下插10步和提升10步后，4RGL0160M显示为-1。而正常提升回原位置后，4RGL0160M应显示为0。仪控人员就地核实N2棒组下插和提升10步后，磨损步计步器显示累加了20步，实际已恢复至原棒位，且4RGL001AR内的失步计数器对应的SU显示为0,影响定期试验F04-RGL-T-002的顺利开展,已采取的行动措施，1）暂停试验，恢复到初始状态：2）oncall仪控人员检查处理,N2棒组通过“失步校正1”方式下插10步和提升10步后，4RGL0160M显示为-1时，核实DCS一层和RGLSU工作站上4RGL0160M均显示为0，初步分析原因是KIC中4RGL016QM信号采集扫描时间（2S）较长，偶发未采集到-1至0的变化,,捧位探测器基本工作原理：测量线圈分5 组，每组内相邻测量线圈反相串联，控制棒由底部上图左侧）逐步提升到顶部（上图右侧）的过程中，每组测量线圈两端的感应电压将出现“低（电压）、高（电压）、低、高、低、高…”。端电压送往测量柜，处理卡件为每组测量线圈各设置一个电压阈值，当端电压超过阈值时，此测量线圈被编码为1：当低于阈值时，被编码为0。在控制棒提升过程中，每组测量线圈的编码将出现“0、1、0、1、0、1…”。依照各组测量线圈的分布编码将出现“格莱码”形式分布，将其以8 步精度转换为机械棒位。子组内测量棒位存在偏差的原因：测量线圈的阈值设置是在调试期间完成的，其验收准则是控制棒在某8 个机械步区间内+5、+6、+7 步，测量棒位显示8 步均为合格。所以子组内两棒束间测量棒位可能存在8 步偏差且不会任何触发棒位故障,
执行FQ1-RGL-T-002试验时插N1 棒后，1RGL017MM 未按预期变化,早班执行FQ1-RGL-T-002试验时，在动作插入N1 棒组时， 1RGL017MM 未按预期变化，仍保持在224 步,1 ）如果控制棒真实卡棒或失步，则机组面临降功率后撤风险：2 ）导致QSR 试验失败，无法顺利完成,1 ）已采取的行动措施：①暂停试验，检查一回路温度、热功率、核功率四个通道以及RIC 堆芯热电偶变化趋势，以判断N1 棒组是否真实下插： ②oncall 仪控检查。2 ）建议后续行动：①鉴于缺陷多次出现，请仪控优化保驾方案：提前准备缺陷处理工单，并排入计划与FQ1 -RGL-T-002 一起执行，以减少缺陷处理的前期准备时间；②仪控分析缺陷产生的根本原因并消除：③保驾人员增加物理人员及处理缺陷人员,棒位系统存在使N11 -1 测量棒位A 码不能由1 翻转为0 的因素可能原因包括：1RGL009AR 机柜N11 -1 棒束MCP23 模块、格雷码信号传输通道、1RGL010AR 机柜PLC 涉及N11 -1 的DI 模块等,仪控处理反馈1 ）工作过程：D 运行将N1 棒组下插12 步，N11 -1 仍显示224 步（预期216 步或208 步），进一步确认存在棒位异常②根据工作预案《FOX -RGL-TD -I18041MI 设备故障处理预案（RGL 测量棒位偏离预期异常）》进行下列排查；③N11 -1 棒束测量棒位编码模块MCP23 执行校0 ／校,棒位探测器基本工作原理，测量线圈分5组，每组内相邻测量线圈反相串联，控制棒由底部（上图左侧)逐步提升到顶部（上图右侧）的过程中，每组测量线圈两端的感应电压将出现“低（电压）、高（电压）、低、高、低、高。”。端电压送往测量柜，处理卡件为每组测量线圈各设置一个电压阈值，当端电压超过值时，此测量线圈被编码为1：当低于阈值时，被编码为0。在控制棒提升过程中，每组测量线圈的编码将出现“0、1、0、1、0、1...”。依照各组测量线圈的分布，编码将出现“格莱码”形式分布，将其以8步精度转换为机械棒位。子组内测量棒位存在偏差的原因：测量线圈的阈值设置是在调试期间完成的，其验收准则是控制棒在某8个机械步区间内+5、+6、+7步，测量棒位显示8步均为合格。所以子组内两棒束间测量棒位可能存在8步偏差且不会任何触发棒位故障,
执行 F04-RPA-T-010 时 4RIS032VP 在 BUP 上故障灯亮,2018年11月06日早班，根据运工指令需执行定期试验 F04-RPA-T-010，试验会导致高压安注阀门4RIS032VP开启：试验前需手动隔离安注浓硼回路，产生RIS8的第一组IO。试验开始前，操纵员对试验将联锁动作的阀门进行状态检查，发现BUP盘上4RIS032VP“关闭”和故障”灯均亮起。但是KIC上检查阀门各状态正常，就地核实阀门电源处无故障报警,因执行试验会导致产生RIS8的第一组IO。如试验过程中4RIS032VP故障无法开启，或阀门开启后因故障无法关闭，则会产生另一个第一组IO，潜在风险较大,已采取的行动措施当班值暂停执行试验，oncall仪控人员进行检查查,经仪控人员检查，确认4RIS032VP无异常信号。状态正常。仪控人员反馈，BUP上故障灯亮起，可能阀门曾经因某种原因产生了“开启时间超时”而在BUP上故障灯亮，不影响阀门的开启和关闭。经仪控确认后，在仪控人员保驾的情况下，执行定期试验，试验过程无异常，且试验完成后（4RIS032VP有开启和关闭），4RIS032VP阀门显示正常，BUP上“故障”灯不亮,,"1) DCS 厂家 1E 级 DCS 实现设备故障报警的模块代码有缺陷, 在 PLM 试验后会误点亮 BUP 上部失效, 后续仪控执行 RPR/DAS 试验前和试验后, 运行都对 BUP 盘台进行一次检查。排查是否有误点相关, 实际不影响设备的动作, 此时需要在 DCS 二层上右键点击设备状态对话框, 确认设备无异常, 机组曾在仪控执行 DAST3 试验后部分设备在 BUP 上故障灯亮起, 涉及设备主要有: DVC501/502VAIEAS001/002PORCV001/002/003P0. RCV048/050VPVVP140/141/142VVRIS020/021/021以上故障原因为 DCS 厂家 1E 级 DCS 实现设备故障报警的模块代码有缺陷, 在 PLM 试验后会误点亮 (一般是大修时) 窗口进行 1E 级 DCS 软件下装。此次执行 F04-RPA-T-010 试验前, BUP 上仍有, 但实际对试验无影响",
执行F04-RPA-T-030试验，流量表4EAS007MD 波动较大闪发低报 4EAS412KA（A 系列喷淋水流量低低）,中班（Q)FQ4-RPA-T-030：用RPA621KC 进行安全壳喷淋信号（1 ）逻辑试验规程，试验过程中启动了4EAS001PO 泵，流量表4EAS007MD 波动较大， 经常闪发低报4EAS412KA（A 系列喷淋水流量低低），1min5 次左右，平均值340m /h ，就地仪表350m /h 左右，远远大于低报定值293m /h ，仪表两次充水排气后还是波动,导致无法准确监视读取4EAS001PO 运行的流量，影响定期试验的结果判定,已采取的行动措施：1)现场检查现场EAS管道未见明显振动，4EAS007MD在线未见异常；2）安排现场核实就地流量表4EAS005LD读数情况：3主控检查4EAS001PO泵电流未见明显波动；4)联系仪控检查处理4EAS007MD,由于仪表正负压的平衡罐有气体，平衡罐的气体压缩和膨胀，弓引起进入平衡罐的水的流量波动，液体通过三通阀进入流量表的流量产生影响，4EAS007MD流量测量产生波动,,平衡罐的作用是事故工况的时候防止仪表管线里面的水被抽走，正常情况下平衡罐是不应该有气的，若管线里面有气，因仪表平衡罐比仪表及流量管线要高，所以在管道里面的气会聚集在这个平衡罐里，所以泵启动时会造成流量表波动。由于关闭平衡罐的平衡阀可能导致事故工况时仪表管线里面的水被抽走，以及分析到由于平衡罐里面有气体才导致每次试验时2EAS007MD流量表波动，试验前可考虑对平衡罐充水排气,
执行F04-RPA-T-044 时出现报警4ASG173KA1 和4ASG173KA2 报警，4ASG004P0 跳闸停运,早班执行（Q) FQ4-RPA-T-044 ：用ASG006KG 启动ASG 汽动泵 004P0 试验规程时，11 :34 分启动4ASG004P0 后，运行约7min ， 在11 :41:05 开始，4ASG004P0 转速快速上升到8824.9r/min ，主控同时出现报警4ASG173KA1004P0 汽轮机机械超速跳闸和 4ASG173KA2004P0 汽轮机电气超速跳闸，现场检查反馈4ASG004P0 跳闸停运,1)影响汽动泵可用性，进而产生I01：ASG1;2)在机组低状态和事故工况影响SG供水的可靠性；3）导致QSR试验《（Q）FQ4-RPA-T-044：用ASG006KG启动ASG汽动泵004P0试验规程》不合格,,调阀阀杆生锈与盘根摩擦力增大，导致阀门调节卡涩，再叠加泵 转速较大，从而引起跳泵,机械处理反馈1 ）处理进展：经过对调阀阀杆除锈润滑处理，经过机械对主调阀4ASG236VV 阀杆进行润滑并进行动做试验。在18 点28 分再次起启泵验证，泵运行13 min ，最高转速8144 r/min ，振动、压力、再循环流量满足设计要求，经安工、当班值确认，定期试验结果合格。2 ）处理措施：主调阀4ASG236VV 阀杆进行润滑并进行动做试验：①机械在4ASG004P0 处于热备用时，对阀杆进行润滑加油，4ASG236VV 处于开启到预定开度状态；②当班值通过将4ASG004P0 按钮置于TRIP 位置，使得4ASG235VV 和4ASG236VV 关闭；③然后通过将4ASG004P0 置于Reset 位置；④现场进行复位操作：将4ASG607KG 置于START 位置使得4ASG004P0 置于热备用状态，4ASG236VV 开启到预定开度。3 ）故障原因分析：调阀阀杆生锈与盘根摩擦力增大，导致阀门调节卡涩，再叠加泵转速较大，从而引起跳泵,1)ASG 汽动泵额定转速8000r/min ，超速信号：①电子超速保护：110 ％的额定转速；②机械超速保护：115 ％的额定转速：2 ）现场复位操作如下：①在4ASG607CR 上依次按下“消音”，“报警确认”，“复位”三个按钮，此时显示屏上显示“readyto start”；②通知主控在4ASG607KG ”上点击“START ”后，现场显示屏第二行显示“StatusAtLowIdle”：③若存在汽动泵跳闸后脱扣杆向下，复位时用手慢慢提升脱扣杆当它与触发器啮合时，脱扣杆就挂在上面，此时4ASG979LA 灯灭。备注：若只是主控KIC 中TRIP 打闸4ASG004P0 ，则无需使用复位杆复位。注意：只有当②步,
执行FQ4-RPA-T-043 用ASG004KG 启动ASG 汽动泵003P0 试验规程时。4ASG137VV无法开启,中班执行F04-RPA-T-043用ASG004KG启动ASG汽动泵003PO的试验规程，在4RPR043HPT上4ASG004KG已选择137VV”，又选择“设置”之后，4ASG137VV没有按照预期开启，后经仪控调整4ASG017VD限位后，试验重新进行，4ASG137VV按预期开启,导致试验时4ASG137VV未正常开启，4ASG003PO未正常启动，导致试验不合格,已采取的行动措施：1）确认4ASG137VV阀门未开启，泵未启动，按试验规程执行复位操作2）确认4ASG137VV阀门仅用压空供气正常；3）oncall仪控检查处理,4ASG017VD 关限位未触发，导致4ASG137VV 无法开启，气动泵无法启动,仪控处理反馈：1 ）处理进展：完成4ASG017VD 关限位调整， 4ASG137VV 正常打开，气动泵试验继续进行：2 ）缺陷描述： 4ASG137VV 无法开启；3 ）原因分析：4ASG017VD 关限位未触发，导致4ASG137VV 无法开启，气动泵无法启动；4 ）处理措施：现场对4ASG017VD 关限位进行调整，确认关限位正常触发。5 ）工作过程：①验证隔离边界，确认设备位号与工作票与一致：②打电话与主控沟通说明工作内容与工作风险：③检查4ASG017VD 阀门状态，阀门全关状态，关限位未触发：④对4ASG017VD 阀门关限位进行调整，关限位正常触发并与上位机显示一致：5 恢复4ASG017VD 阀门初始状态：③工作结束，归还工作许可证,ASG013VD、ASG015VD、ASG017VD 全关时，且ASG003PO 试验开关选择ASG137VV，试验试验开关置于“设置”位置，ASG137VV 自动打开，ASG0003PO 启动。即当4ASG013/015/017VD 中任一个阀门未全关时，将导致无法试验试验开关ASG004KG 或ASG006KG 启动汽动泵,
执行F04-RPB-T-045时4ASG014VD关限位未触发,"执行 F04-RPB-T-045, 用 ASG556KG 启执行 ASG 电动泵 002P0 试验规程时, 用 4ASG556KG 启动 4ASG002P0 时发现 4ASG002P0 未按预期启动",QSR 试验不合格,已采取的行动措施: 1)经查询逻辑图确认原因为 4ASG014VD 阀门关闭时关 限位未触发; 2) oncall 仪控检查,经维修仪控检查发现时 4ASG014VD 的 EP 压空供气压力较低导致,"仪控处理反馈 1)检修步骤: ①仪控确认 4ASG014VD 阀门关闭限位器无异常; ②就地检查 4ASG014VD 阀门的供气压力偏低, 基本确认是该原因导致阀门不能完全关闭; ③仪控开票调整: a.断开 EP 接线; b.调整供气压力到 40PSI; c.通过信号发生器分别模拟 4 mA、8mA、12 mA、16 mA、20mA 的信号, 检查阀门的线性满足要求; d.主控动作阀门确认阀门动作正常。2)故障原因分析: ASG012/013/014/015/016/017VD 都是气关阀, 但失气压空时阀门处于开启的安全位置, 当供气压力较低时可能导致阀门无法完全关闭, 因此就可能触发不到关限位。经维修仪控反馈这类阀门 EP 前供气压力在 40 PSI 左右, 不能低于 30 PSI, 通过 EP 调节为 3~15PSI (4~20, mA)。此次 4ASG014VDEP 前供气压力只有不到 20 PSI, 压力不够是导致阀门不能完全关闭的主要原因",1)根据运行技术规范，一个供水阀门维修不会导致 ASG 电动泵或者汽动泵不可用，但两个供水阀门（电动泵出口或汽动泵出口）不可用，其供水能力超过一台泵能力，即相当于一台汽动泵或者一台电动泵不可用；2)ASG 供水阀门如果关限位不能触发可能是限位问题，也可能是供气压力不足导致，需现场和专业核实。ASG 供水阀供气压力一般不能低于 30PSI；3）运行技术规范相关：维修仪控反馈在处理缺陷时需要占用 4ASG014VD，需拆除信号线，所以会导致 4ASG014VD 阀门无法接收保护信号，当班值考虑该阀门关闭后一台 SG 无法通过电动泵供水是否满足“ASG1 中的一台蒸汽发生器不能通过电动辅助给水泵或汽动辅助给水泵供水”而产生第一组 I0。后经查阅解释规范和问题汇编，确认一个供水阀隔离不会导致 ASG1 的第一组 I0,
执行FQ4-RPB-T-045 用ASG556KG 启执行ASG 电动泵002P0 试验规程时，用月4ASG556KG 启动4ASG002P0 时发现4ASG002P0 未按预期启动,执行F04-RPB-T-045 用ASG556KG 启执行ASG 电动泵002P0 试验规程时，用4ASG556KG 启动4ASG002P0 时发现4ASG002P0 未按预期启动，经确认原因为4ASG014VD 阀门关闭时关限位未触发，经维修仪控检查发现时4ASG014VD 的EP 压空供气压力较低导致经维修仪控开票调整．恢复4ASG014VD 的EP 压空供气压力，经后续多次验证4ASG014VD 可正常触发关限位保证了定期试验的顺利进行,1 ）导致4ASG002P0 未能预期启动，导致试验失败；2 ）隔离4ASC014VD 时影响ASG 电动泵向2 号蒸汽发生器的供水，经确认一个供水阀隔离不会导致ASG1 的第一组IO ，相关的技术规范解释如“相关知识”解释所示,已采取的行动措施：1 ）暂停试验，按试验规程进行复位，恢复初始状态；2 ）安排现场检查阀门供气压力和检查泵供电情况，泵供电未见异常，阀门4ASG014VD 的EP 压空供气压力较低；3 )oncall 维修仪控检查处理,"4ASG014VD 的 EP 压空供气压力较, 导致 4ASG014VD 阀门关闭时关限位未触发",,"1) 通过 4ASG556KG 选择 002P0 后, 再选择“设置”试验启泵时, 若 4ASG012/014/016VD 全关, 则 4ASG002P0 自动启。 4ASG012/014/016VD 任一阀门未全关则闭锁 4ASG002P0 试验启动。 2) ASG012/013/014/015/016/017VD 都是气关阀, 但压空失气时阀门将处于开启的安全位置, 当供气压力较低时可能导致阀门无法完全关闭, 因此就可能触发不到关限位。这类阀门 EP 前供气压力在 40 psi 左右, 不能低于 30 psi, 通过 EP 调节为 3~15 psi (4~20 mA)。此次 4ASG014VD 阀门 EP 前供气压力只有不到 20 psi, 压力不够是导致阀门不能完全关闭的主要原因。3) ASG1 事件规定了“一台 ASG 电动/气动给水泵不可用”以及不可用程度类似的“一台蒸汽发生器不能由 ASG 电动泵或汽动泵供水”的情况, 对于解释规范中调节阀不可用情况, 理解如下: ASG 泵通过母管形式向三台蒸发器供水, 两台电动泵 (50%流量+50%流量) 和两台汽动泵 (50%流量+50%流量) 出口流量经各自对应母管集合后, 再分别向三台蒸发器供水。6 个调节阀 (ASG012-017VD) 每个对应的流量相当于 33%, 因此两个调节阀 (对汽动泵) 或两个调节阀 (对电动泵) 的维修所造成的给水流量不可用约为 66%, 将这种情况按照相当于一台泵 (50%) 不可用事件进行规定, 而一个调节阀的不可用 (33%) 相比一台泵 50%) 不可用的程度轻, 因此不作为运行技术规范的要求
参考资料来源信息",
执行FQ4-RPB-T-046 时4APG063KA 未正常触发,"2017年11月25日早班在执行F04-RPB-T-046(用APG507KC进行ASG泵启动时APG隔离信号检查试验规程)试验,试验过程中当APG隔离后,按规程要求20s后核对出现4APG063KA(APG排污流量低)报警,该报警长时间没有出现,主控检查发现4APG004MD流量显示没有降低到要求值,导致报警不出现。3min后4APG004MD流量才开始缓慢下降,直到报警出现",QSR试验不合格,已采取的行动措施:oncall1仪控检查仪表。运行怀疑4APG004MD显示异常导致,"查看逻辑图APG063KA出现有两个原因:1)APG100VL和AGP010VL同时全开,延时20s;2)APG501KU的设定值减去APG004MD的数值大于7t/h,延时20s。查看画面:开启,排除4APG100VL和14APG010VL关闭,APG100VL4AGP010VL同时全开延时20s触发4APG063KA;2)4APG004MD长时间显示为10t/h左右,而APG501KU的设定值为15t/h,两者相差小于7t/h,因此无法满足4APG501KU的设定值减去4APG004MD的数值大于7t/h条件,确认报警无法触发。故障原因:4APG004MD为差压式流量计,在APG压力突变情况下有可能憋压,导致4APG004MD数值不变或变化很缓慢",,"APC063KA触发的原因1)APG100VL和AGP010VL同时全开,延时20s;2)APG501KU的设定值减去APG004MD的数值大于7t/h,延时20s",
2 号主控触发2KIC011KA1(SAR2/STR2服务器故障）报警,11 月07 日19:27:55 时，2 号主控触发2KIC011KA1(SAR2/STR2服务器故障）报警，查看2 号机组SRV 画面，SAR2-STR2显示故障，SAR1-STR1正常工作，主控机操站短时切换后恢复正常。仪控将SAR2-STR2服务器2KIC622WS-002HA重新启动后，报警于22 : 48 消除。而后巡检发现机操站在故障时间段部分参数的趋势显示洋红色。11 月08 日仪控持票对SAR2-STR2服务器重启，以修订服务器时间和确认趋势洋红色原因。在重启恢复时，主控室出现2KIC001KA和2KIC010KA（A /B 列CCT 服务器故障）报警报警，经仪控专业确认2 号机组CCT2 服务器不可用，仪控对CCT2 重启抢修后，CCT2 和SAR2-STR2服务器恢复正常,1)SAR2-STR2服务器故障，导致KIC 实时和历史存储服务器冗余丧失；2 ）如果A 列服务器也故障，将导致堆机操 站同时故障，产生第一组IO ，,已采取的行动措施：1)查看和执行报警卡，检查发现 SRV 画面显示 SAR2-STR2 故障，SAR1-STR1 工作正常，其他画面及服务器无异常；2)立即联系仪控人员检查，通过 ILO 对服务器状态进行远程查看未发现任何异常。在现场检查中，初步判断为 SAR2-STR2 服务器 3KIC622WS-002HA 死机,智能存储电池问题导致 SAR2-STR2 停运：SAR2STR22 的 ntp 时间同步异常（超前 7 min）是趋势刷新异常的直接原因,,"表1SARxSTRx(x为1~8)服务器与OWP操纵员站对应表OWP名称房间首选备用KIC-OWP1MCR L750SAR1STR1SAR2STR2KIC-OWP2MCR L750SAR2STR2SAR1STR1KIC-OWP3MCR L750SAR3STR3SAR4STR4KIC-OWP4MCR L750SAR4STR4SAR3STR3KIC-OWP5RSS L550SAR5STR5SAR6STR6KIC-OWP6RSS L550SAR6STR6SAR5STR5KIC-OWP7TAG L715SAR5STR5SAR6STR6KIC-OWP9(EM) SAR3STR3SAR4STR4KIC-OWP11CR L749SAR1STR1SAR2STR2KIC-OWP-POP1CR L749SAR5STR5SAR6STR6KIC-OWP-POP2CR L749SAR6STR6SAR5STR52) CCT1 与 CCT2 两台中央处理服务器同时失效, 则 KIC 平台完全失效。需将机组控制模式从 KIC 切换至 BUP",
4 号主控出现4KIC014KA SAR6 STR6 服务器故障,巡盘发现仪控故障列表上存在4KIC014KAB 列SAR6/STR6 服务器故障报警,"1) SAR6STR6 服务器故障, 导致工作站 KIC-OWP7 (TAG L715 房间) 丧失备用服务器; 2) SAR6STR6 服务器故障, 导致工作站 KIC-OWP6 (RSSL550 房间) 丧失主用服务器","已采取的行动措施: 1)查看和执行报警卡, 发现 SRV 画面中 SAR6/STR6 服务器存在故障; 2) oncall 仪控检查处理",1) SAR6STR6 服务器与 KIC 系统 1 环网失去通讯信号; 2) SAR6STR6 服务器与 1 环网通讯网线接头松动; 3) SAR6STR6 服务器与 1 环网通讯网卡死机,"仪控处理反馈: 1)处理进展: 4 号主控 4KIC014KA 报警已消除, KIC 系统各服务器运行状态正常。2) 缺陷描述: 4 号主控出现 L4KIC014KASAR6STR6 服务器故障报警。3) 原因分析: DSAR6STR6 服务器与 KIC 系统 1 环网失去通讯信号; 2) SAR6STR6 服务器与 1 环网通讯网线接头松动; 3 SAR6STR6 服务器与 1 环网通讯网卡死机。4) 处理措施: ①重新制作 SAR6STR6 服务器与 1 环网通讯网线接头; ②重启 SAR6STR6 服务器与 1 环网通讯网卡。5) 后续行动: 日常设备巡检中, 加强对网络通讯状态检查","注意：不允许同时对两个或多个服务进行操作。若互为欠余备份的SAR - STR 服务器同时失效会导致下表中的工作站失效。说明：SAR1 STR1 与 SAR2 STR2 互为余，SAR3 STR3 与 SAR4STR4 互为允余。SAR5 STR5 与 SAR6 STR6 互为允余，其服务的操作员站的对应关系如表1 所示。表 1SARxSTRx(x 为1~8）服务器与OWP 操纵员站对应表OWP 名称房间首选条用KIC-OWP1MCR L750SAR1STR1SAR2STR2KIC-OWP2MCR L750SAR2STR2SAR1STR1KIC-OWP3MCR L750SAR3STR3SAR4STR4KIC-OWP4MCR L750SAR4STR4SAR3STR3KIC-OWP5RSS L550SAR5STR5SAR6STR6KIC-OWP6RSS L550SAR6STR6SAR5STR5KIC-OWP7TAG L715SAR5STR5SAR6STR6KIC- OWP9(EM) SAR3STR3SAR4STR4KIC-OWP11CR L749SAR1STR1SAR2STR2KIC-OWP- POP1CR L749SAR5STR5SAR6STR6KIC-OWP-POP2CR L749SAR6STR6SAR5STR52）不互为允余备份的服务器同时失效，则此时其对应的操作员站会向备用服务器获取数据，对应工作站的功能可能受到影响，需执行失效的服务器执行标准工作指令F04-KIC-M-SYS04；KICSAR-STR 服务失效情况处理。注意：在服务恢复时，其原先服务的操作员站将恢复其首选服务，因此，在恢复投用瞬间，操作员站可能会出现短暂黑屏现象，此属正常现象
参考 资 料 信 息",
主控闪发3RGL022KA（SD 棒组故障）,4:30:01，闪发3RGL022KA:SD 棒组故障报警，查看趋势为3RGL045MM从224 变为136 ，后恢复到224 :14:28:52，再次闪发3RGL022KASD 棒组故障，查看趋势，发现3RGL045MM 测量棒位瞬间掉落至136 ，而后又恢复,影响SD 棒位监测的可靠性，卡件更换过程中，RGL 棒位显示不可用将产生第二组IO,已采取的行动措施：1 ）主控立即查看和执行报警卡，发现SD 的棒位显示3RGL045MM 从224 变为136 ，后恢复到224 ，其他棒位显示均正常。根据报警卡执行F03-RGL-I-001;2 ）检查RIC 画面堆芯温度趋势，未见明显异常情况，检查轴向功率变化趋势、堆芯热功率、反应堆功率均未见明显变化；3 ）oncall1 仪控检查处理,报警触发原因是格莱码D 码异常造成棒位由224 步跳变至136 又恢复为224 ，分析是格莱码处理器卡件（MCP22 ）异常，使格莱码值输出异常造成测量棒位异常变化,"仪控处理反馈：1）工作过程：①打开3RGL006AR，确认SD1-1卡件位置；②测量MCP22格莱码阈值（A：4.331，B：4.322，C：5.251D:5.382，E：7.54，单位V）；③断开MCP10卡件电源；④检查SD1-1D码输出接线，无异常；⑤更换MCP22卡件；⑥闭合MCP10卡件电源；调整MCP22格莱码阈值（A：4.331，B：4.322，C：5.251D：5.382，E：7.54，单位V）；确认SD1-1棒位显示正常；9关闭机柜门，确认报警消失。
2 ）原因分析：报警触发原因是格莱码D 码异常造成棒位由224 步跳变至136 又恢复为224 ，分析是格莱码处理器卡件（MCP22 ）异常，使格莱码值输出异常造成测量棒位异常变化：该现象为第一次出现，与之前主电流控制器（MCP10 ）短时失电造成棒位变为0 不一样",棒位探测器基本工作原理，测量线圈分5 组，每组内相邻测量线圈反相串联，控制棒由底部（上图左侧）逐步提升到顶部（上图右侧）的过程中，每组测量线圈两端的感应电压将出现“低（电压）、高（电压）、低、高、低、高”。立端电压送往测量柜。处理卡件为每组测量线圈各设置一个电压阈值，当端电压超过阈值时，此测量线圈被编码为1 ：当低于值时，被编码为0 。在控制棒提升过程中，每组测量线圈的编码将出现“0 、1 、0 、1 、0 、1 …… ”。依照各组测量线圈的分布，编码将出现“格莱码”形式分布，将其以8 步精度转换为机械棒位。子组内测量棒位存在偏差的原因：测量线圈的值设置是在调试期间完成的，其验收准则是控制棒在某8 个机械步区间内＋5 、＋6 、＋7 步，测量棒位显示8 步均为合格。所以子组内两棒束间测量棒位可能存在8 步偏差且不会任何触发棒位故障,
SIT350MG（对应主控1SIT007MY）频繁低液位报警并导致停泵进而导致阳电导高报警（1SIT008KA）,"发现1SIT350MG（对应主控1SIT0007MY）频繁低液位报警并导致停泵进而导致阳电导高报警
2SIT450MG（对应主控仪表2SIT008MY）凝汽器2 号检漏架（2MX-7.5M）光电液位开关低液位报警，导致凝汽器检漏架无法正常投运","导致凝结水系统检漏装置氢电导率-1 高频繁殖发，影响凝结水系统检漏装置可靠性
导致凝汽器检漏架无法正常投运","已采取的行动措施：1 ）主控查看和执行报警卡，检查1SIT007MY 的变化趋势；2 ）关注凝泵出口钠含量和电导率、蒸发器排污钠含量和阳电导的变化趋势，确认未见异常；3 ）联系化学检查处理
已采取的行动措施：1 ）主控检查2SIT008MY 的变化趋势；2 ）关注凝泵出口钠含量和电导率、蒸发器排污钠含量和阳电导的变化趋势，确认未见异常；3 ）联系化学检查处理","长时间运行，设备老化，导致光电液位开关故障
2SIT450MG 光电液位开关老化","化学处理反馈：1 ）处理措施：拆下旧的1SIT350MG 光电液位开关，更换新的合格的光电液位开关。经过验证，设备正常。注：光电液位开关如图1 中红圈所示。2 ）故障原因分析：长时间运行，设备老化，导致光电液位开关故障
S-sxsS-s' zxsTAISE 检漏汽水分离箱 350PU 光电液位开关 350SN 取样泵 XTI13SIT301AT 图 11SIT350MG 流程图
化学处理反馈1 处理过程：①拆下2SIT450MG 凝汽器光电液位开关，对其进行清洗，经过验证光电液位开关仍然处于故障状态，确认光电液位开关损坏；②拆除并更换2SIT450MG 光电液位开关；③检查2SIT450MG 光电液位开关测量正常。2 ）故障原因分析：2SIT450MG 光电液位开关老化","1SIT007MY (对应就地仪表 1SIT350MG) 正常值<0.08μS/cm, 当 1SIT007MY≥0.3μS/cm 时, 产生 1SIT008KA 凝结水系统检漏装置 氢电导率-1 高
2SIT008MY（对应就地仪表2SIT450MG）正常值<0.08μS/cm，当2SIT008MY≥0.3μS/cm时，产生2SIT009KA 凝结水系统检漏装置氢电导率-1 高",
4 号主控出现4GSE001KA TGC 系统故障报警,"20:24,4 号主控出现4GSE001KATGC 系统故障报警, BUP 同时触发4GSE001AA（汽轮机保护系统故障A 列）报警。设备上报警示显示为“备用控制器硬件故障报警”",1 ）汽轮机调节控制器（STG ）一用一备，备用STG 控制器CPU 故障停运，导致控制器穴余由原来的一用一备降级为无亢余。主用STG 控制器变为临时SPV 设备，单个故障即会导致汽轮机停机。且如果两个STG 控制器均故障，STG 控制器将无法向DCS 发出正确的停机信号，导致RGL 系统和常规岛多个系统的停机响应不正确； 2 ）更换故障的汽轮机调节控制器（STG I ）的过程中，可能会导致信号误发，可能引起RGL 和常规岛多个系统的错误响应,"已采取的行动措施，1 ）查看和执行报警卡；2 ）监视汽轮机运行参数未见异常，现场检查4GRE004AR 机柜未见异常；3 ）oncall 维
建议后续行动：此缺陷在101 大修前1 号机组出现过相同故障，处理的大致思路如下：1 ）维修仪控重启故障的汽轮机调节控制器（故障控制器断电、送电操作），仪控但是在2 号机进行过验证，重启过程不会对运行控制器造成影响：（1 号机重启并未起到预期效果，处理失败）；2 ）更换故障控制器CPU 彻底处理，更换完成后需进行程序下装并初始化。功率运行期间风险很大，可能对运行中的调节控制器造成影响，导致停机。鉴于消缺风险大且维修暂无正式维修方案，已要求维修仪控出正式维修方案进行处理，请运工保持跟踪",4GRE002AR 中 STG1 控制器CPU 故障停运,"仪控处理反馈：1 ）会议进行生产决策情况：①D4 月25 日首次决策：鉴于：a . ALSTOM 尚未进行技术澄清，执行故障处理时存在尚未明确的未知风险；b . 维修二处编制了TCA 方案（屏蔽CPU 故障过程中下游设备误动风险）。考虑执行TCA 后，在机组发生瞬态情况下的干预难度较大，危及汽轮机安全：c . 司类控制器在国内同行核电厂广已运行51 堆年，单一通道故障率为0 . 078 次／堆年，从未主从控制器同时故障的情况。首次生产决策意见：a . P320 系统保持STG2 单个控制器运行并按照临时SPV 设备管理，运行与维修定期巡检，4 号机组保持功率运行；b . 如果STG2 故障，运行按照I06 规程进行机组状态控制：C . 待ALSTOM 回函澄清明确STG 控制器CPU 模式切换开关处于不同位置对CPU 运行和输出的影响，为后续处理方案提供上游文件支持。后另组织会议决策，②07 月20 日最终决策：根据和ALSTOM 发函沟通，函件中关于STOP 模式的解释与仪控分析结果一致，并阐述了在控制器故障时所有输出卡件均为0 。最终决策处理措施：a 。大修期间对回函内容进行验证。b . 按照大
C ．根据大修验证结果编制机组正常运行期间，STG 控制器在线处理方案。2 ）检修过程（工单00897105 -01 ) ：2018 年07 月22 日-28 日，大修 NS /RRA 模式-MCS 模式，汽轮发电机组停运期间开展检修工作，过程如下：用万用表直流电压档检查STG1 控制器的 A13.4/013UC.4 开关量输出卡4 通道，跳机信号GSE036SY ，确认为输出0 。②用万用表直流电压档检查STG1 ．控制器的A13.4/013UC.4 开关量输出卡2 通道，自动控制信号GSE080EY ，确认输出为0 。③用校验仪直流电流档串人STG1 控制器的A11.10/011UC.10 模拟量输出卡1 通道，高压调节阀开度信号GRE010KM ，确认输出为0 。④用校验仪直流电流档串入STG1 控制器的A11.12/011UC.12 模拟量输出卡4 通道，蒸汽流量限值信号GRE082MY ，确认输出为0 。5 将记录仪表笔连接到STG1 控制器的A13.4/013UC.4 开关量输出卡4 通道，监测跳机信号GSE036SY 的输出。③将记录仪表笔和电阻连接到STG1 控制器的A11.12/011UC.12 模拟量输出卡4 通道，监测蒸汽流量限值信号GRE082MY 的输出。①按照《F04-MA03-TD-180184 号汽轮机STG 控制器故障在线处理工作方案》6 . 2 节，对4 号机组汽轮机STG1 控制器执行断电重启，断电重启后STG1 控制器未恢复正常运行。8 按照《F04-MA03-TD-180184 号汽轮机STG 控制器故障在线处理工作方案》6 . 3 节，对4 号机组汽轮机STG1 控制器执行更换，并进行控制器初始化和数据下装。STG1 控制器恢复正常运行。9 检查记录仪记录数据，确认跳机信号GSE036SY 和蒸汽流量限值信号GRE082MY 在控制器更换和组态下装过程中未出现跳变。0 检查确认STG1 控制器运行恢复正常，输出数据与STG2 一致。3 ）故障原因分析：经对P320 日志进行检查：确认报警为备用汽轮机调节控制器STG1 故障（LIOICSTDBYHARDFAULT ）导致。检查P320 系统故障列表，确认STG1 故障为CPU 硬件故障（PLC CPU hardwarefail- ure）。CPU“CPU OK ”灯亮，“RUN ”灯及“OUTPUT ENABLED ”灯灭，触发L101XP22 ：从控制器停运信号。4 ）结论：备用汽轮机调节控制器（STGI ）控制器CPU 故障，CPU 内软件停运产生L101XP22 ：从控制器停运信号。即4GRE002AR 中STG1 控制器CPU 故障停运，导致产生报警","产生 GSE001KA 报警的原因: 1)汽轮机保护控制器(STP) A, B, C 任一故障; 2)汽轮机调节控制器(STG)故障; 3)通讯控制器(CCS)故障; 4)就地控制器(FieldIVO)故障; 5) P320TGC机柜电源故障",
4 号机组闪发4GSE001KA：TGC 系统故障报警,"2019 年10 月17 日一2019 年10 月22 日，4 号机组多次发生P320与DCS 通讯故障，多次闪发4GSE001KA 报警。10 月17 日16： 05.16:16,4 号机组闪发2 次4GRE、4GSE、4GEX、4GGR、4GME 大量仪控报警，闪发4GGR996KA(N 选M 选择器故障）， 4GGR911KA(N 选M 选择器扰动)，系统画面短时显示洋红色。10 月19 日20:53:52,主控闪发4GSE001KATGCC 系统故障报警主控检查香4GSE、GRE 画面无异常，现场检查4KCP、4KCS、4GRE、4GSE 柜子无异常。10 月20 日13:09:57,主控再次出现","报警为 P320 侧检测到短时备用通讯失去产生的综合报警, 不影响 P320 运行","已采取的行动措施, : 1) 立即查看主控 4GSE 系统画面, 监视汽轮机参数, 未发现异常报警; 2) 立即安排就地查看 4GRE/GSE 系统控制柜, 当前未发现异常; 3) 发起 oncall, 要求仪控立即安排进行报警原因分析; 4) 运行做好事故预想, 熟悉预案和规程《FOY-0P00-TD-19004P320 系统 CCL 主备用控制器同时故障分析及机组运行控制方案》《FQ4-0P00-TD-180034STG 主备用控制器同时故障分析及机组运行控制方案》《F04-0P00-TD-17007 福清核电 4 号机组 P320 与 DCS 中断期间升降功率应急预案》",P320 内 A102/102HS 至 4KCP566AR 机柜内 FBM233 之间通讯节点故障,,为主站，P320 侧TGC-S 为从站，从P320 侧，依次经过HUB-光电转换模块-光纤熔接盒-DCS 侧光纤熔接盒-MC-FBM233 卡件进行通讯,
主控触发1GSE001KA：报警：TGC 系统故障,"主控触发1GSE001KA报警: TGC系统故障,主控检查1GSE系统参数及跳机参数无异常","仪控检查初步判断原因为备用电池电量低,需要更换电池,不影响机组运行",已采取的行动措施: 1)查看和执行报警卡: 2)oncall仪控检查处理,"检香汽轮机工程师站日志,出现控制器电池电量低报警","仪控处理反馈: 1)工作过程: ①检查确认工作对象,控制器电量显示红色且闪烁: ②打开电池槽盖板,拆除电池插头,取出电池; ③测量电池电压约为2.2V; ④测量备件电池电压约为2.8V; 连接电池备件接头到电源插孔: ③确认控制器上红色指示灯熄灭;
②到主控室工程师站清除历史报警,确认1GSE001KA,TGC 系统故障报警消除。2 ）故障原因分析：检查汽轮机工程师站日志，出现控制器电池电量低报警","CSE001KA TCC 系统故障报警触发的原因有：1 ）汽轮机保护控制器（STP）A,B,C 任一故障；2 ）汽轮机调节控制器（STG）故障；3 ）通讯控制器（CCS）故障；4 ）就地控制器（FieldVO）故障； 5)P320TGC 机柜电源故障",
主给水泵切换试验（TP2APA50）过程中发生因蒸汽发生器水位过低导致停堆,"调试人员按计划执行主给水泵切换试验（TP2APA50）。09 月12 日21:48:29 ，主控停运1 号主给水泵2APA102P0 ，联锁启动3 号主给水泵2APA302P0。21:49:02,2APA302P0 因失速保护动作跳闸，机组随即触发快速甩负荷至50 ％的信号。在甩负荷过程中三台蒸汽发生器水位不断下降。21:50:04 ，电功率降至489MW ，核功率降至71 %，2 号蒸汽发生器水位降至-1 . 26m ，停堆保护信号“一台蒸汽发生器水位低低反应堆自动停堆”触发，反应堆自动停堆，所有控制棒落棒。汽轮机停机。主控执行F02-0P02-AC-DEC",2APA302P0 保护动作跳闸，导致 SG 供水不足引起停堆,已采取的行动措施。1)执行 DEC 和 I1 规程控制机组：2)召集维修机电仪和设备管理工程师检查处理 2APA302P0 保护动作跳闸问题,1)直接原因：3 号主给水前置泵 2APA301P0 叶轮口环与泵体口环表面发生偏磨，导致泵启动及停泵过程中电机受到的阻力矩变大，过大的电机负载力矩，导致电机未能正常启动，失速保护动作跳泵。2)根本原因：在启泵时，前置泵壳体与叶轮处局部受热不平衡，导致前置泵叶轮口环与泵体口环之间局部间隙为零，叶轮口环与泵体口环之间发生动静碰磨。3)促成原因：在启泵时，泵转子振动均值及波动值高于正常运行时转子振动的均值及波动值，在启泵过程中会加剧叶轮口环与泵体口环动静碰磨,,主给水泵启泵要求：泵壳上下温度差≤25℃,
TP3CRF52 试验导致热海水返流弓起RRI 系统设冷水温上涨，进而弓起主泵副推力瓦温度高,早班运行值配合执行调试试验TP3CRF52 在50 %FP 平台下停运一台CRF 泵（3CRF002PO )，试验结束后进行恢复操作。由于正值交接班，3CRF002PO 的重新启动工作交由下值继续执行，此时凝汽器水室真空泵3CRF601PO 正在运行。中班接班后，由于参与TP3GCT51 试验工会前的需要，当班值未能在启泵条件满足后第一时间启动3CRF002PO 。16 ：50 ，3 号主控3 台主泵相继出现主泵副推力轴承温度高报警并仍在快速上涨（此时机组50 ％功率平台运行）。当班值操纵员发现后立即核实系统参数，发现运行列（3RRI004PO ）设冷水热交换器出口设冷水温度37 . 2 ℃，对应列SEC 贝捕后温度36 . 58 ℃。进一步查看历史趋势发现从16 ：10 左右，海水温度从27 . 3 ℃开始快速上涨,,已采取的行动措施：1）值内决策先启动一台B列SEC泵，发现B列海水温度无下降，电话与1号机组沟通，海水温度无异常；2）主控随后决策启动A列SEC泵3SEC001PO，泵启动后海水温度27.6℃，主控决策立即执行设冷切列，切换完成后主泵轴承及电机相关温度渐渐恢复正常,"CRF的A、B列冷却海水在CC跌落井处汇集，经由CC跌落井排往大海，CC跌落井堤坝标高约-2m。而凝汽器钛管最大高度接近-7m（具体标高不详，根据现场情况假设），两者存在5m左右的高度差。故当一台CRF泵停运后，停运列会因为虹吸效应而产生倒流，海水从CC跌落井逆流至停运泵的吸入口处。
根据S 规程，停运一台CRF 泵后，虹吸破坏阀会自动开启避免上述虹吸效应：而再次启泵前要关闭虹吸破坏阀。因虹吸效应已破坏，再次启泵前，仅关闭虹吸破坏阀不足以建立虹吸（因此时停运列出口至CC 跌落井这段管道充满空气），所以再次启泵前，需要凝汽器水室真空泵抽真空以协助虹吸的建立，使准备再次启动的停运列管道内充满海水。可见，再次启动停运列之前，因为虹吸效应，CC 跌落并处的热水（运行列出口海水）会沿着管道逆向流至停运列的CRF 泵吸入口处。但及时启泵，建立正常流量后，上述虹吸效应再次消失，热水不会倒流至泵的取水口。此次执行完TP3CRF52 试验后，由于启动凝汽器水室真空泵3CRF601PO 较长时间未启动3CRF002PO ，虹吸效应一直存在，导致热水持续流向B 列取水口。而B 列SEC 泵与CRF0002PO 共享取水口，故热水被运行的3SEC002PO 吸人导致SEC 出口温度高，进而导致RRI 出口温度高，造成下游负荷得不到有效冷却",运行处理反馈：见干预行动,1 ）优化TP3CRF52 凝汽器半侧解列试验规程，试验前确认运行的SEC 泵与即将停运的循泵不同列：或者停泵后隔离对应海水侧阀门，待准备启动前再开启；2 ）在循泵启动规程中加人重要提示，准备再次启动循泵之前，启动水室真空泵和启动循泵操作要连续执行，避免虹吸形成导致热水返流；3 ）安全列设备严格保持分列运行，防止出现共模失效（如果当时SEC A 、B 列联通阀开启，则后果非常严重，3 、4 号机组SEC 联通阀2016 年9月24 日关闭）,
执行 F04-VVP-T-002 主蒸汽隔离阀部分关闭试验时，多次闪发 4VVP203KAVVP002VV 未全开报警,01 月28 日11：214 号主控在执行F04-VVP-T-002（主蒸汽隔离阀部分关闭试验）过程中，进行2 号主蒸汽隔离阀A 列试验时，2 号主蒸汽隔离阀从90%开度恢复到全开后，主控多次闪发4VVP203KA（VVP002VV 未全开）故障报警，KIC 画面中4VVP002VV 多次脱开全开限位，过程中现场检查阀门未见动作，阀门触发有触到全开限位,1)4VVP002VV 若真实脱离全开限位，故障关闭将导致SG 液位波动，存在停堆风险；2）影响OSR 试验的判定,已采取的行动措施：1 ）立即联系现场操纵员和维修仪控和机械对阀门进行检查；2 ）主控对KIC 中故障现象进行视频录制和反馈保驾人员故障现象；3 ）立即停止试验并恢复阀门到初始状态；4 ）主控立即检查主蒸汽管线流量，蒸汽发生器液位未见异常波动；5 ）联系现场操纵员和保驾人员就地查看4VVP002VV 油压、气动泵压力未见异常。建议后续行动：1 ）请维修仪控和维修机械分析根本原因，准备处理方案：2 ）运行加强对4VVP002VV 油压和状态的监视,4VVP002VV 开限位触发裕量不足,机械处理反馈--工作过程：1 ）确认设备位号与工作内容一致；2 ）在DCS 将4VVP002VV 关限位（SM5 ）强制为当前值；3 ）拆下4VVP002VV 开限位（SM3 )，动作4VVP002VV 限位，确认限位动作正常；4 ）打开限位接线盒，做好拆线记录，拆除接线并包裹：5 ）动作4VVP002VV 限位，测量阻值为0 . 2Ω、0 . 5Ω2、2 . 52、0 . 2、,可能产生VVP203KA 报警的原因：1）正在进行部分关闭定期试验，开启限位开关VVP002SM3 没有连接上。2）电磁阀故障和/或油压减少3）开启限位开关VVP002SM3 故障。4）在KIC 上关闭VVP002VV,
执行FQ4-VVP-T-002（主蒸汽隔离阀部分关闭试验规程）试验时4VVP142VV 主控无法开,,4VVP142VV 无法开启，影响试验继续执行,已采取的行动措施：1）当班值立即暂停试验；2）onall 仪控人员过来检查处理；3）常关闭,"4VVP142VV 阀门开关信号传输如图 1 所示：KIC 上发出的命令中间经过软连接到 KSC125和 4VVP142VBC2 两个端子箱。再经过 4VVP142VV-C01 和 4VVP142VV-C02 两个电磁阀去云阀同时得电，才能动作 4VVP142VV。4VVP142VKCT25AR4VVP142BC1C01KIC4VVP142VKCS126AR4VVP142BC24VVP142VVC02
图24KCS125AR 中PLM 卡件状态图2 ．中所示为4KCS125AR 中PLM 卡件状态，红灯亮代表对应熔断器熔断。本次因为KCS125AR 和 4VVP142VVBC1 之间的熔断器熔断，使4VVP142VV-C01 电磁阀无法得电，导致4VVP142VV 无法动作。结论：故障原因-4VVP142VV-C01 电磁阀无电压，正负极端子短路",仪控处理反馈：1 ）工作过程（WOT : 00731764-01 ) : ①打开电磁阀接线盖检查接线紧固无松动迹象，检查4VVP142VVBC1 /BC2 的接线紧固无松动迹象；②在检查过程中发现4VVP142VV-C01 负极端子排装反导致正负极短路，4KCS125AR 机柜中熔断器烧毁；③拆除接线并做好拆线记录，对端子排进行更换位置，依据拆线记录恢复接线依据00731854 -01 工单对4KCS125AR 机柜中熔断器进行更换；④恢复就地BC 箱及电磁阀接线盖，配合运行人员执行实验。2 ）工作过程（WOT : 00731854-01 ) : D 打开4KCS125AR 柜门，检查发现TB600BN 熔断器烧毁，拆除4VVPC05029 电缆并做好拆线记录，对电缆进行绝缘测量测得值阻为55MΩ，依据此数据判断电缆未接地；②打开电磁阀接线盖检查电缆紧固无接地迹象．打开4VVP142BC1 /BC2 检查电缆接线紧固无松动现象，经检查过程中发现BC 箱内负极端子排装反，导致正负极短路造成熔断器烧毁，将端子位置进行调换后进行检查确认无短路现象③更换熔断器依据拆线记录恢复接线，,"1 ）熔断器可能因绝缘或老化等问题导致动作时熔断：2 ）在试验中，应立即检查4VVP142VV 就地是否正常关闭，否则旁路阀4VVP142VV 卡在非关闭位置，产生第一组10 [VVP3:8h 内机组开始向T<90℃的NS /RRA 模式后撤；如果相关阀门（VVP143 ,144 ,145VV ）能够强制关闭，开始后撤的期限改为7 天1",
给水泵1APA102P0推力轴承外侧温度1APA137MT1在主控显示“XXXX”,"巡盘发现给水泵1APA102P0推力轴承外侧温度1APA137MT_1在主控室显示为“XXX”
主控触发1APA191KA(给水泵A推力轴承外侧温度-1高)、1APA192KA(给水泵A推力轴承外侧温度-1高高)报警，检查发现1APA137MT1升高至超量程后显示××××，现场点温温度未见明显异常","影响主给水泵A的保护跳闸逻辑,1APA137MT_1高高(\(>105℃\))&1APA102MM<-670μm时将触发1APA102P0跳闸","已采取的行动措施:1)主控检查给水泵1APA102P0推力轴承轴向位移1APA102MM未见异常,并加强关注参数升压泵轴向位移1APA102MM变化情况:2)oncall仪控人员检查处理
已采取的行动措施，1）主控检查给水泵1APA102P0推力轴承轴向位移1APA102MM未见异常，并加强关注参数升压泵轴向位移1APA102MM变化情况和给水泵轴系温度和振动参数监视；2）oncall仪控人员检查处理","1APA137MT1信号转接线端子松动所致
主通道测量原件其中一根断线造成温度测量失效","仪控处理反馈:1)故障原因分析:可能原因分析:①D1APA137MT_1探头本身损坏;②就地信号转接CR箱中信号线端子松动;③KCP柜中1APA137MT1对应的卡件故障;④温度真实高仪表超量程。经检查确认故障原因为1APA137MT1信号转接线端子松动所致。2)工
15161789223 图1APA137MT_1信号线脱落情况
仪控处理反馈：1）工作过程：D联系系统工程师对1APA137MT测点进行强制为正常值：50℃;②打开就地1APA137MT接线盒，对接线外观及电缆进行检查无发现异常；③拆除1APA137MT主通道接线，用劲仪对热电阻三根接线进行测量，1~2.之间119.022、1~3之间无穷大、2~3之间0.32Ω2，判断元件内部断线；④对1APA137MT备用通道进行测量，1~2之间118.8Ω、2~3之间118.7Ω、1~3之间0.30Ω、三根线对地绝缘大于55MΩ;将备用通道恢复接线，在一层查看1APA137MT显示48.3℃，测量稳定；③关闭1APA137MT接线盒；②联系系统工程师对1APA137MT测点恢复强制2）故障原因分析：主通道测量原件其中一根断线造成温度测量失效","给水泵A轴向位移超限APA102MM (<-670μm) &给水泵A推力轴承外侧温度APA137MT_1高高 (>105℃) 将产生APA102PO的跳泵信号
给水泵A轴向位移超限APA102MM(<-670μm) &给水泵A推力轴承外侧温度APA137MT_1高高(>105℃)将产生APA102P0的跳泵信号",
,12:07:37时，1号主控触发1RGL001KA（RGL运行故障）、1RGL005KA（RCS运行故障）、1RGL006KA（RGL运行故障）、1RGL009KA（PWE运行故障）报警，立即查看RGL系统所有控制棒，棒位均正常,SD1棒组已触发双保持，SD1棒组存在落棒停堆风险。本循环首次出现,"1）已采取的行动措施：①执行报警规程进入1RGL001故障规程；②在仪控间查看1RGL030HC（RGL远程工作站），发现1RGL025AR(SD1棒组）的HMIPowerracks模块显示红色报警。③oncall仪控检查确认缺陷。2）建议后续行动：D由于ALSYN闪发故障，优先进行复位操作，若复位后报警再次出现。则根据仪控相应方案进行卡件更换：
②运行密切监视RGL的运行情况③请仪控人员分析根本原因",综合分析ALSYN与MDP报警信息，初步判定始发故障为1RGL025AR 保持机箱ALSYN 模块本身故障或上游电源异常，导致其输出电压丧失，产生主控报警并触发SD1 子组双夹持。由于ALSYN 输出给4 块MDP 的控制电失去，MDP 晶闸管无法进行整流，其输出给CRDM 线圈的电流逐渐降低。而后短时间内ALSYN 自行恢复，MDP 重新得电后自检发出“设定值故障”“内部故障”，同时监测到“小电流低”发出“电流故障”,仪控处理反馈1 ）检查内容：①手动强制双保持②测量1RGL025AR 保持、传递机箱MDP 输出处于正常范围说明报警MDP 功能正常，确认SD1 子组驱动机构的双夹持状态正常；③③结合ALSYN 输出电压故障，4 块MDP 报警由ALSYN 送出的控制电丧失导致，并非自身故障；④复位报警信号，ALSYN 与MDP 报警信号均能被清除，说明ALSYN 与MDP 已从故障状态恢复正常，报,控制棒被双夹持，控制棒无法正常动作，潜在风险后果，1 ）机组临界过程中出现控制棒双保持，可能导致临界失败；2 ）机组调试瞬态试验期间，如果出现控制棒双保持，可能导致机组非计划停机停堆事件。造成3RGL 系统在控制棒动棒期间多次出现双保持导致控制棒无法正常动作的原因为，在动棒过程中产生了控制棒驱动机构线圈电流报警，触发RGL 系统紧急故障,
,"机组升到满负荷后，3ABP403VV 主控仍显示大红色故障
巡检发现3A低加2ABP001MP显示××××，现场核实仪表外观无异常
执行D28 子文件包时，发现1ABP401VL就地显示“过扭矩”报警","3ABP403VV 主控显示大红色故障，影响阀门开关操作的可靠性
导致无法正常监视3A低加进汽压力
影响1ABP401VL 开关操作的可靠性","已采取的行动措施：1）安排现场检查检查确认3ABP403VV 阀门实际处于开启状态；2）填写缺陷申请单（WR）按计划处理
已采取的行动措施:1)安排现场检查确认3ABP404VV实际为开启状态,查看电动头上故障情况,未见异常;2)oncall电气检查处理
已采取文的行动措施：1)安排现场检查2ABP001MP仪表外观和接线未见异常；2)安排现场通过巡检2ABP101LP（3A低加壳体压力就地指示表）来监视3A低加进汽压力，压力在正常范围内；3）提工作申请（WR）按计划处理
已采取的行动措施：1 ）安排现场检查1ABP401VL 阀门的实际状态： 2 ）提工作申请（WR ）按计划处理","3ABP403VV-开限位开关摆臂松动导致开限位开关无法正常触发
3ABP404VVE电动执行机构程序设定不正确
压力变送器主板损坏
电动阀内部力矩设置过小","仪控处理反馈：1）检修过程：①使用螺丝刀打开3ABP403VV 开限位开关仪表盖：②使用万用表对3ABP403VV 开限位开关端子进行测量：
③拨动3ABP403VV 开限位开关摆臂，发现3ABP403VV 未触发，但开限位开关能正常动作：④使用万用表对3ABP403VV 开限位开关端子进行测量，使用内六角松开3ABP403VV 摆臂处紧固螺母，再使用螺丝刀对3ABP403VV 开限位开关重新调整至触发位置；使用内六角紧固3ABP403VV 开限位开关摆臂处螺母：③使用螺丝刀回装开限位开关仪表盖：？工作结束，清理现场。2 ）故障原因分析：3ABP403VV 开限位开关摆臂松动导致开限位开关无法正常触发
ABP403VV 的控制逻辑1 ）手动开启信号：KIC 开启＋开启允许信号； 2 ）开启允许信号：汽轮机跳闸信号不存在＆3A 且4A 低加液位不高：3 ）手动关闭信号：KIC 关闭；4 ）保护关闭信号：3A 低加解列或4A 低加解列或汽轮机跳闸
电气处理反馈:1)工作过程:①D检查3ABP404VV阀门电动执行机构参数,发现输入设置为三相保持,更改为两相保持;②参数修改完成后,将此阀门置于远控位,阀门自动由全开动作至全关。打就地位阀门开关均正常。联系主控,确认KIC画面显示正常,无故障出现。2)故障原因分析:3ABP404VV电动执行机构程序设定不正确
电气处理反馈：1 ）处理措施：调整力矩设置：2 ）工作过程：①就地查看1ABP401VL 面板上故障显示为“过扭矩”；②调整内部力矩设置，将开力矩设为“85 %”，关力矩设置为“80 ％”③联系运行人员对阀门进行完整的开关阀操作，观察是否再次触发；④故障消除，结票；3 ）故障原因分析：电动阀内部力矩设置过小","3ABP404VV控制逻辑:1)手动开启信号:KIC开启+允许开信号;2)手动关闭信号:KIC关闭;3)允许开启信号:汽轮机未跳闸+3A/4A低加水位不高+ABP401/403VL全开;4)保护关闭信号:汽轮机跳闸或3A低加解列或4A低加解列
ABP401 VLE 的控制逻辑：1 ）手动开启信号：KIC 开启＋允许开信号：2 ）手动关闭信号：KIC 关闭；3 ）允许开启信号：3A 且4A 低加水位不高＋ABP403VL 全开：4 ）自动关闭信号：3A 低加解列或4A 低加解列",
,接运工指令停运4CEX002P0 停止常规岛打循环，关闭 4ABP006VL 时出现故障报警，4ABP006VL 主控显示大红色,导致4ABP006VL 无法远程操作,已采取的行动措施：1 ）安排现场检查确认4ABP006VL 的开关状态，检查气动阀供气情况未见异常：2 ）联系仪控检查处理,4ABP006VL 在4KCP558AR 机柜中的供电负端（TB004BN-1（-））保险接触不良（4ABP006VL 供电负端失电）导致4ABP006VL 主控显示大红色,"仪控处理反馈，1 ）工作过程：D 打开4KCP558AR 机柜柜门：②拆下4KCP558AR 机柜TB414BN 端子排上的05+/05-接线并做
好拆线记录。测量TB414BN 端子排上的05 ＋与接地端电压为 DC24V ，测量TB414BN 端子排上的05 -与接地端无电压，恢复接线并做好接线记录：③拆下4KCP558AR 机柜TB414BN 端子排上的 06 +/06 -接线并做好拆线记录，测量TB414BN 端子排上的06 ＋与接地端无电压，测量TB414BN 端子排上的06 -与接地端无电压，恢复接线并做好接线记录：④检查4KCP558AR 机柜TB414BN 的TB004BN-1（+）、TB004BN-1(-）端子保险（检查发现测量TB004BN-1（-）端与接地端保险进线端为DC -24V 。出线端无电压，检查保险无异常无松动，重新合牢保险，测量电压恢复正常。4ABP006VL 阀门恢复正常；③关闭4KCP558AR 机柜柜门，工作结束。2 ）故障原因分析：4ABP006VL 在4KCP558AR 机柜中的供电负端［TB004BN-1（-）1 保险接触不良（4ABP006VL 供电负端失电）导致4ABP006VL 主控显示大红色
ABP006VL 的控制逻辑：1 ）自动开启：除氧器液位不高<500mm ，且除氧器进水管线满水ADG010SN 触发，且CEX 泵出口压力",,
,"1AGM001VN 主控显示输出开度 100%, KIC 实际反馈开度 62%现场阀门实际开度为 60%左右, 需调整阀门状态","导致 1AGM001VN 无法调节开大, 在工作油温高时, 将无法增大SRI 冷却水流量, 不能满足其应用的功能",已采取的行动措施: 1)安排现场检查确认 1AGM001VN 阀门实际开度为 60%;2)确认阀门仅用压空供气正常; 3)确认当前主给水泵 A 的工作油温度正常; 4)提工作申请(WR)由仪控检查处理,1AGM001VN h 阀门中性点变动，致使阀门卡在60 ％左右,仪控处理反馈1 ）处理过程：D 切换就地操作模式，对1AGM001VN 阀门进行操作验证，阀门开度在60 ％后无法开启；②机械人员检查阀门中性点后发现，中性点变动致使阀门卡在60 ％开度不会动作；③配合机械人员回复阀门中性点位置并固定：就地切换阀门操作模式验证阀门动作无卡涩，线性正常。运行远方操作验证，阀门动作正常；④记录当前1AGM001VN 阀门定位器有效参数，恢复远方控制模式。2 ）故障原因分析：1AGM001VN 阀门中性点变动，致使阀门卡在60 ％左右,AGM001VN/002VN/003VN 为电动主给水泵工作油冷却器冷却水调节阀，用于控制工作油温度在设定值,
,15 日，巡检发现2APA102MD 与2APA101KD 连接处（一次与二次根阀之间）泄漏量有扩大趋势。16 日，泄露继续扩大至1s5 滴接近线状流,2APA102MD 参与再循环调节阀2APA120VL 的控制，泄漏存在导致 2APA102MD 显示失真的风险，将影响2APA120VL 的控制，继而影响主给水泵A 的出口压力和流量，威胁蒸汽发生器（SG ）给水的安全,已采取的行动措施：1 ）将主给水泵2APA102PO 切换至2APA302PO 运行2 ）安排现场确认现场蒸汽泄漏暂未威胁到附近设备的运行安全，并保持关注：3 ）联系仪控配合隔离2APA102MD ：隔离时，在运行隔离仪表一次根阀后，由仪控通过关闭2APA730VL /731VL ，打开,接头密封失效,机械处理反馈：1）处理措施：①拆除接头，取下旧的密封垫，清理密封面检查无异常；②更换新的密封垫片，紧固接头。2）故障原因分析：接头密封失效,,
,在投运APD过程中，2ARE054VL就地电动头显示缺相故障,影响2ARE054VL开关动作的可靠性,已采取的行动措施：oncall电气检查处理,电动头动力接线插件松动,仪控处理反馈，1）检修步骤：①经现场检查发现电动头动力接线插件松动；②对电动头动力接线插件进行紧固，送电后开关试验确认缺陷消除；③工作结束后，清理现场。2）故障原因分析：电动头动力接线插件松动,2ARE054VL为1号蒸汽发生器主给水调节阀2ARE242VL下游的隔离阀,
,巡检发现4DEL002GF显示屏上冷却水阀开度在快速波动（波动范围大约在11%～16%），现场检查冷却水阀4DEL200VN并未动作,经和维修仪控确认当前不影响4DEL002GF正常运行,已采取的行动措施：oncall仪控检查处理注：仪控检查后反馈是由于控制阀门4DEL200VN的冷凝温度波动导致，而冷凝温度是由排气压力换算过来的，对于排气压力波动问题，反馈需要对排气压力表进行更换，但是在4DEL002GF运行时更换排气压力表可能导致4DEL002GF跳闸，将4DEL002GF切换至4DEL001GF运行之后再进行处理,经现场检查与分析，初步判断4DEL002GF1号压缩机排气压力变送器故障，测量出的排气压力不稳定（排气压力小幅度波动），使阀门开度命令快速波动。经检查处理后确认故障原因为：4DEL002GF1号压缩机排气压力变送器4DEL102MP仪表漂表,"仪控处理反馈：1）工作过程：①核实压力变送器备件库存情况，并领取备件：②运行人员进行4DEL切列工作，停运4DEL002GF：
③维修人员在4DEL002GF 停运后进一步的检查和维修工作。 4DEL002GF 停运后处理过程：①关闭4DEL102MP 仪表阀，拆除 4DEL102MP 仪表；②更换新的4DEL102MP 仪表；③打开4DEL102MP 仪表阀，投用仪表；2 ）故障原因分析确认：经检查确认故障原因为14DEL002GF 1 号压缩机排气压力变送器4DEL102MP 仪表漂表",,
,04:25，1号主控触发1GSE031/032/033KA（汽轮机转速-停止）报警查看画面确认汽轮机转速下降至0r/min，怀疑盘车存在故障，查看1GGR画面，确认1GGR001SM灭，1GGR002SM亮，盘车脱开啮合,导致盘车脱开啮合。汽轮机转子停转。存在受热不均弯曲变形的风险,"起采取的行动措施：1）就地查看1GGR001AR，P1、P2、P3分别显示7.5/0/8，屏幕上显示R1-End;2）根据F01-GGR-I-002（汽轮发电机组盘车启动应急预案），就地停运1GGR003MO，并复位1GGR001AR报警后，重新启动1GGR003MO，电机启动并啮合成功，汽轮机转速恢复至8r/min；
3 ）查看汽轮发电机相关参数，除1GME018MM（汽轮机转子偏心）在盘车停运、恢复启动期间略有变化外（由原来的16.0μm 恢复至16.5μm ，正在逐渐下降），其他无异常；4)oncall 电气人员、设备管理人员进厂检查，并确认汽轮发电机状态建议后续行动：1 ）请维修尽快查明盘车故障原因并彻底处理；2 ）确认汽轮发电机状态正常，避免影响后续冲转并网；3 ）运行根据近两次盘车异常处理情况，升版FQ1-GGR-I-002",高压主汽阀存在轻微泄露，泄露的蒸汽推动汽轮机转子转速上升。汽轮机转子转速上升导致主盘车正常脱开，在汽轮机转子下降时P1卡件卡死，导致主盘车未在8r/min 时啮合,电气处理反馈：1 ）检查内容：与运行人员沟通，将故障复位后启动主盘车，主盘车启动成功。和仪控人员一起检查故障时上位机汽轮机转速趋势，发现汽轮机转子由于受到外力转速上升，导致主盘车正常脱开，在汽轮机转子转速下降过程中，P1 卡件卡死导致主盘车,根据《FOX39GSES01101B45SS 汽轮机保护／调节系统（GSE/GRE）运行周期性试验规程》1.6.1 条中气密性试验合格标准为“在汽轮机高压主汽阀关闭，高压调节阀和中压调节阀全关30min 后，如汽轮机转速仍然低于额定转速的5%（75r/min），认为汽密性良好”,
,当班值根据4D28B-37第5.1节、5.4节启动GGR系统（保持润滑油泵，顶轴油泵，盘车运行）启动盘车，盘车启动两次均失败KIC中GGR701SY(MN turn gr alarm)灯亮，出现4GGR701KA(主盘车警报)和4GGR662KA（主盘车故障）报警，就地出现E14报警,主盘车无法启动,已采取的行动措施，1）根据《F04-GGR-I-002汽轮发电机组盘车启动应急预案》，安排现场检查根据预案的附录A在4GGR001AR上记录报警信号确认就地4GGR001AR上存在E14报警：电机耦合器故障：2）根据应急预案主控和就地对报警进行复位。再次启动。故障现象一致，仍无法启动：3）oncall电气检查处理,4 号汽轮机急停按钮被按下。汽轮机急停按钮被按下后，主盘车电机无发启动，就地监测不到主盘车电机转速，即触发E14 故障报警,电气处理馈：1 ）处理结果：4 号机组主盘车故障处理进展：现场所有故障报警已消除，主盘车启动成功。2 ）故障原因：4 号汽轮机急停按钮被按下。汽轮机急停按钮被按下后，主盘车电机无发启动，就地监测不到主盘车电机转速，即触发E14 故障报警。3 ）处理过程：①D 机电仪协同检查处理，仪控检查E14 相关主盘车P4 探头无故障，测量间隙正常。②电气就地检查，机械检查发现主盘车脱啮未到位，002SM 脱啮信号未触发，机械手动啮合主盘车后，002SM 啮合信号触发。002SM 信号未触发不影响主盘车启动，非本次故障原因。③就地检查主盘车及各控制信号无异常后，仪控复位E14 报警。④主盘车再次试启动，主盘车电机无动作。②就地再次检查发,主盘车故障原因有：1)盘车电源(LLP)故障；2)油质不合格；3)盘车控制柜卡件故障；4)油管路泄漏导致油压和油位同时下降；5)动停止信号停运盘车；6)润滑油母管压力GGR211MP/GGR212MP/GGR213MP三取二低于100kPa;7)顶轴油泵出口压力GGR431MP/GGR432MP二取一低于23MPa延时5s8)盘车启动30s后电流大于60A；9)盘车在啮合过程60s后电流大于60A；10)主盘车出现E14故障报警(电机耦合器故障)或P1卡件显示的其他故障,
,06月28日凌晨射线探伤期间JDT火灾自动报警系统触发自动报警，06月30夜班闪发两次4RCV803KA「4RCV003PO推力轴承箱（水平方向）振动高高」、4RCV804KA「4RCV003PO推力轴承箱（水平方向）振动高1、4RCV808KA「4RCV003PO径向轴承箱（水平方向）振动高1报警,1)若真实火灾，需要立即响应，影响操纵员判断；2）若上充泵真实振动高将导致其不可用，产生10,"已采取的行动措施：1）主控安排现场岗位查看是否真实火灾，主控通过4DTL001HV监视现场有无异常情况，通过KIC画面对相关区域重要运行设备进行温度监视；2）主控查看4RCV003PO电流及温度稳定，上充下泄和轴封正常；3）联系现场查看泵运行情况；4）通过对比，发现4RCV001PO和4RCV002PO也出现振动值升高的情况，其中4RCV133MV1最高达到25.27mm/s；
5 ）和工作负责人核实主控触发4RCV003PO振动高报警时正在进行NB229房间的探伤，且4RCV001PO和4RCV002PO出现振动升高时在相应房间进行探伤。且此次使用的放射源和06 月28 日使用的放射源源强较大（85Ci ，此前使用的放射源源强为23Ci ），怀疑和探伤有关，并工作负责人停止探伤",射线探伤可能导致火灾报警／上充泵振动探头报警,此次事件后，役检、维修通讯、维修仪控、辐射防护等专业人员进行了一次专门会议，并达成以下共识：1 ）射线探伤期间高剂量率辐照导致JDT 系统红外火焰探测器误报，误报存在一定概率性，无导致确定性报警的剂量阈值；2 ）射线探伤期间高剂量率辐照导致4RCV003PO振动高报警及4RCV001PO/4RCV002PO 多次出现振动高趋势，误报存在一定概率性，无导,"致确定性报警的剂量阈值；3）导致探头误报的原因为高辐照剂量率影响探测器电子元件，结合历史射线探伤经验，使用低辐照剂量率的小源发生探头误报的概率极低，可以忽略；4）后续当使用辐照剂量率较高的大源探伤时，对现场的红外火焰探测器进行屏蔽；当使用辐照剂量率较低的小源探伤时，无需屏蔽红外火焰探测器；5）后续当日常期间使用辐照剂量率较高的大源探伤时，对现场SPV系统等重要探头进行屏蔽；当使用辐照剂量率较低的小源探伤时或大修期间，无需屏蔽探头
射线探伤是利用某种射线来检查焊缝内部缺陷的一种方法。常用的射线有X射线和射线两种。X射线和射线能不同程度地透过金属材料，对照相胶片产生感光作用。利用这种性能，当射线通过被检查的焊缝时。因焊缝缺陷对射线的吸收能力不同。使射线落在胶片上的强度不一样，胶片感光程度也不一样，这样就能准确、可靠、非破坏性地显示缺陷的形状、位置和大小",
1 号主控触发1KRT011KA8:1KRT036MA监测通运故障报警,1 号主控触发1KRT011KA8:1KRT036MA监测通运故障报警,IKRT036MA 故障不可用，需要记录双机组I02: KRT9,已采取的行动措施：1 ）查看和执行报警卡；2 ）安排辐射防护就地检查确认1KRT036MA报警情况；3 ）安排现场检查1KRT036MA上游供电未见异常；4 ）反馈2 号机组主控，1KRT036MA故障不可用，产生双机组I02： KRT9，并请加强关注2KRT036MA的运行情况；5 ）oncall 仪控检查处理,取样泵内过滤芯安装位置不对。无法抽取取样气，流量计显示流量为0 ，通道出现气路故障,"仪控处理反馈，1 ）检修措施及步骤：①就地检查LPDU 的故障为“气路故障故障”，取样柜内流量表显示为0 ；②将LPDU 复位，20min 后触发故障报警，“气路故障”灯亮，取样柜内“负压报警”灯亮；③检查取样柜内各阀门状态，无异常，检查取样泵上取样软管连接位置，无问题；
④关闭上游取样管路阀门，打开取样管路上的气溶胶过滤装置，使取样泵直接抽取当前房间气体，流量计读数为0，打开下游排气管路对空阀，阀门排气口感应不到流动气体；判断取样泵故障，联系电气专业工作人员，他们经过检查发现，取样泵内过滤芯安装位置不对，导致取样泵无法抽取气体，流量计读数为0；?调整过滤芯位置重启取样泵，复位LPDU，流量计工作正常，真空度表工作正常：①观察45min，仪表运行正常；2)故障原因分析：取样泵内过滤芯安装位置不对，无法抽取取样气，流量计显示流量为0，通道出现气路故障",1)KRT036MA用于DVN、DVK、DVW系统通风管道空气β比活度的监测；2）KRT036MA测量对象来自多个房间（3KRT036MA有8个取样支路，4KRT036MA有7个取样支路），以3KRT036MA为例，8个取样支路对应8个房间，依靠各支路的电磁阀循环打开来扫描不同的房间，同一时间只有一个支路在工作中。假设当前工作在A支路，那么只有A支路的电磁阀是打开的，其他支路电磁阀关闭，工作5min后，A支路电磁阀关闭，B支路电磁阀打开，再过5min，B支路关闭，C支路打开依次类推,
1 号机组APA 泵切换启泵时导致AVC 故障报警触发,"执行 1APA202PO 切换至 1APA302PO 操作, 在启动 1IAPA302PO 时, 由于 1LGE 和 1LGF 母线电压波动导致触发 1AVC006KA: AVC 增磁闭锁和 1AVC007KA: AVC 减磁闭锁, 电压波动瞬态结束, 电压恢复正常后, 1AVC006KA 报警自动消失, 但 1AVC007KA 并未自动消失, 通过维修电气人员强制复归后报警消失",影响 1AVC 自动增磁、减磁调整电压,"已采取的行动措施: 1)保持关注 1LGE、1LGF 母线电压情况, 尽快完成切换操作, 恢复 LGF 母线带一台主给水泵运行, 若未恢复正常准备退出 AVC 手动增磁调整电压; 2)关注母线下游运行的转动设备尤其主给水泵的各项运行参数; 3) oncall 电气维保人员检查处理; 4) 母线电压恢复正常后要求电气人员强制复归减磁闭锁信号继电器消除报警","在主控启动 1APA302PO 时, 1LGF 母线电压降低, 最低降至 5660.8V, 导致主控触发 1AVC007KA (AVC 减磁闭锁报警)。启泵还导致 1LGE 母线电压升高, 最高达到 6962.2 V, 导致主控触发 1AVC006KA (AVC 增磁闭锁报警)。SKUUUZRA9 机组故障录波器启动 20:57:45.8201AVC006KA 报警出现 AAVC 增世闭锁 20:57:46.0261APA006KA 报警出现给水泵 C 最小流登再德环陶 2 手动调节 20:57:46.0301KK0002KA 报警确认出; 机组故障录波器启动 20:57:46.0511AVC006KAAVC 增磁闭锁报警确认出 20:57:48.8201AVC007KA8AVC 彩闭锁报警确认出理 20:57:49.5921APA006KA 报警出现给水泵 C 最小流量再环阔 2 手动调节 20:57:51.8191AVC006KAAVC 增闭锁报警消失 20:57:52.7981APA305KA 给水泵 C 速度控带故包报警消失 20:58:21.9901APA305KA 给水泵 C 速度控故报登消失 20:58:21.9941APA006KA20:58:22.0191AVC006KA 给水泵 C 墨小流再得环阀 2 手动书报管确认消失 AVC 增闭锁 20:58:22.0231AVC007KA 按影确认消失 20:58:54.0041KK0002KAAVC 减磁闭锁报确认消失 20:59:10.2961KK0002KAA 机组故障录波器启动报警确认出现 21:05:15.020 机组故障录波器启动报警消失图 1AVC 报警情况电压波动瞬态结束后, 增磁闭锁和减磁闭锁同一时间复归, 增减磁闭锁动作和复归均通过机组测控 D0 板输出, D0 板固有特性同时只能开出一个信号, 导致增",电气处理反馈：1 ）处理过程：①用短接线端接BN321:5 和39 ，强制减磁闭锁复归，在短接BN321:5 和38 强制动作，最后强制复归；②强制后信号正常复归，未更换继电器；③确认设备无异常报警，清理现场，归还工作票。2 ）故障原因分析：增磁闭锁与减磁闭锁复归信号同时出现，测控板卡固有特性为同一时刻只能输出一个信号，导致只有一个增磁闭锁信号复归，减磁闭锁未能复归,1 ）三台APA 泵的供电电源分别为：1LGE102JA(1APA102PO)、 1LGF103JA(1APA202PO)、1LGF102JA(1APA302PO;2)APA 泵切换相关的AVC 经验知识：D 在执行APA 泵切换过程中，特别是APA202/302PO 之间相互切换时，由于两台泵均由LGF 母线供电，在启动备用泵瞬间会导致母线LGF 母线电压大幅下降；②启动APA203PO 和APA302PO 时会导致1LGE 母线电压升高；③母线电压波动可能达到AVC 增减磁闭锁的限值；④AVC 增磁闭锁和减磁闭锁同时复归时，由于增减磁闭锁动作和复归均通过机组测控DO 板输出DO 板固有特性同时只能开出一个信号。因此导致AVC006KA 和 AVC007KA 只能复归一个报警，另一个报警需维修电气人员强制复归,
1 号机组P320 与DCS 通讯中断，主控触发1GGR996KA(N 选M 选择器错误）报警和1GGR911KA(N 选M 选择器扰动）报警,04:00 . 主控触发1GGR996KA(N 选M 选择器错误）报警和1GGR911KA(N 选M 选择器扰动）报警，检查KIC 画面发现1GEX、1GSE、1GRE、1GGR、 1GME、1GSS、1GPV 等画面参数部分参数显示×××，部分阀门状态显示洋红色、开度显示×××，部分指示灯显示洋红色。维修仪控查询DCS 通讯日志，确认在3 : 59 : 49P320 与DCS 通讯模块扫描故障信息，造成通讯模块的FBM 离线，失去通讯，相关画面参数／状态显示洋红色和××X,1 ）导致1GEX、1GSE、1GRE、1GGR、1GME、1GSS、1GPV 等系统KIC 画面参数部分参数显示×××，部分阀门状态显示洋红色、开度显示×× ×，部分指示灯显示洋红色。汽机大量参数无法在主控监视，特别是GEX 相关的参数，只能通过就地巡检和利用NCS 进行辅助监视；2 ）导致机组在KIC 上无法进行汽机升降功率控制。紧急情况下需要进入1 号主控旁L709 房间，在汽机工程师站1GRE001HC 上进行升降功率,"已采取的行动措施: 1)查看和执行报警卡, 检查发现 1GEX、1GSE、1GRE、1GGR、1GME、1GSS、1GPV 等系统 KIC 画面参数部分参数显示×××, 部分阀门状态显示洋红色、开度显示×××, 部分指示灯显示洋红色; 2) oncall 仪控检查处理: 3) 安排现场对出现异常的系统加强巡检","P320 与 DCS 右侧通讯卡件 FBM233 故障, 当左侧主用 MASTER 失效发生 FAILED, 切换到右侧已经故障的 FBM233, 造成了整个通讯中断。1 号机组右侧 FBM233 模块在 2017 年 03 月时出现缺陷而不可用, 因无窗口处理, 导致 1 号机组 P320 与 DCS 的通讯仅通过左侧的模块实现, 一旦左侧主用模块故障, 无法自动切换到右侧备用模块, 从而出现通讯中断的情况","仪控处理反馈, 1)检修步骤: ①在运行隔离办领取工作许可证, 与运行人员交流信息; ②再次确认 DCS 工程师站历史记录确认两个 FBM233 同时故障失效产生 failed; ③就地核实左侧 FBM 为 tracker, 右侧为 master; ④根据紧急工作方案在 DCS 对两个 FBM233 进行离线、上线操作, 通讯未恢复, 同时使机柜内左侧 FBM233 切换为 master, 右侧 FBM233 切换为 tracker; ⑤根据工作方案, 对右侧 FBM233 进行热插拔, 通讯未恢复; ③对左侧 FBM233 进行热插拔后, 此时左侧 FBM233 为 tracker 模式, 右侧 FBM233 为 master 模式, 但是通讯仍为恢复; ②根据工作方案, 准备更换右侧 FBM233 卡件, 当工作人员拔出 FBM233 时, 通讯恢复正常, 左侧 FBM233 切换为 master, 右侧 FBM233 切换为 tracker, 同时主控出现 1GSE001KA (因为右侧 FBM 网线拔掉原因), 更换新的 FBM 后, 经过两次重启, 通讯卡件正常工作, 重新启动的过程中, 闪发一次 1GSE001KA 报警; ③工作结束, 清理现场。2)处理结果: 恢复 1KCP566AR 内 FBM233 左卡件为主用, 右卡件为备用, 恢复 P320 与 DCS 的通讯。3)故障原因分析: P320 与 DCS 右侧通讯卡件 FBM233 故障, 当左侧主用 MASTER 失效发生 FAILED, 切换到右侧已经故障的 FBM233, 造成了整个通讯中断
invensysYFYSFOXBOROPOXBOROFOXBORO 石卡件 OperabonalStanusMasterIrackerBM233FBM233JASeries1ASerietRx/LinAFOXBOROFOXBOROFBM23 seriesFBM231EBM231 图 11KCP566AR 内 FBM233 卡件
1)P320 与 DCS 的通讯: 正常运行状态下, P320 与 DCS 的通讯通过 KCP566AR 内左、右两个 FBM 用一备, 可以自动进行切换。2)经验知识: ①在 KCP566AR 上进行 FBM233 卡件热拔插, 仅影其他影响; ②P320 与 DCS 间的通讯中断后, 不会导致 AVC 自动退出, 不影响 AVC 自动调节功能后, 不影响汽机调节系统自动动作, 主控室无法正常进行升降功率; ④通讯恢复后, 进行备用出期间主控会出现 1GSE001KA (TGC 系统故障) 报警, 网线恢复后, 报警会自动消除; 通讯恢复时, 卡件重新启动瞬间, 主控会闪发 1GSE001KA (TGC 系统故障) 报警",,
1 号机组P320 与DCS 通讯中断，主控触发1GGR996KA（N 选M 选择器错误）报警和1GGR911KA（N 选M 选择器扰动）报警,04:00 . 主控触发1GGR996KA（N 选M 选择器错误）报警和 1GGR911KA（N 选M 选择器扰动）报警，检查KIC 画面发现1GEX 、 1GSE、1GRE、1GGR、1GME、1GSS、1GPV 等画面参数部分参数显示\(x\times x\)，部分阀门状态显示洋红色、开度显示\(x\times x\)，部分指示灯显示洋红色。维修仪控查询DCS 通讯日志，确认在03:59:49 P320 与DCS 通讯模块扫描故障信息，造成通讯模块的FBM 离 线，失去通讯，相关画面参数／状态显示洋红色和\(x\times x\),1 ）导致1GEX 、1GSE、1GRE、1GGR、1GME、1GSS、1GPV 等系统 KIC 画面参数部分参数显示\(x\times x\)，部分阀门状态显示洋红色、开度显示\(x\times x\)，部分指示灯显示洋红色。汽轮机大量参数无法在主控监视，特别是GEX 相关的参数只能通过就地巡检和利用NCS 进行辅助监视；2 ）导致机组在KIC 上无法进行汽轮机升降功率控制，紧急情况下需要进入1 号主控旁L709 房间，在汽轮机工程师站1GRE001HC 上进行升降功率 已采取的行动措施：1 ）查看和执行报警卡，检查发现1GEX 、 1GSE、1GRE、1GGR、,阀门状态显示洋红色、开度显示\(xx\times\)，部分指示灯显示洋红色： 2)oncall 仪控检查处理；3 ）安排现场对出现异常的系统加强巡检,P320 与DCS 右侧通讯卡件FBM233 故障。当左侧主用MASTER 失效发生FAILED ，切换到右侧已经故障的FBM233 ，造成了整个通讯中断。1 号机组右侧FBM233 模块在2017 年03 月时出现缺陷而不可用，因无窗口处理。导致1 号机组P320 与DCS 的通讯仅通过左侧的模块实现，一旦左侧主用模块故障，无法自动切换到右侧备用模块，从而出现通讯中断的情况,仪控处理反馈：1)检修步骤：①在运行隔离办领取工作许可证，与运行人员交流信息：②再次确认DCS工程师站历史记录确认两个FBM233同时故障失效产生failed；③就地核实左侧FBM为tracker，右侧为master；4根据紧急工作方案在DCS对两个FBM233进行离线、上线操作，通讯未恢复，同时使机柜内左侧FBM233切换为master，右侧FBM233切换为tracker；5根据工作方案，对右侧FBM233进行热插拔，通讯未恢复；6对左侧FBM233进行热插拔后，此时左侧FBM233为tracker模式，右侧FBM233为master模式，但是通讯仍为恢复；7根据工作方案，准备更换右侧FBM233卡件，当工作人员拔出FBM233时，通讯恢复正常，左侧FBM233切换为master，右侧FBM233切换为tracker，同时主控出现1GSE001KA（因为右侧FBM网线拔掉原因），更换新的FBM后，经过两次重启，通讯卡件正常工作，重新启动的过程中，闪发一次1GSE001KA报警8工作结束，清理现场。invensysFOXBORNOYROPNFOXBORO石卡件HASeriesAFOBOFOBFM2331A Series图21KCP566AR内FBM233卡件2)处理结果：恢复1KCP566AR内FBM233左卡件为主用，右卡件为备用，恢复P320与DCS的通讯。3）故障原因分析：P320与DCS右侧通讯卡件FBM233故障，当左侧主用MASTER失效发生FAILED，切换到右侧已经故障的FBM233，造成了整个通讯中断,1)P320与DCS的通讯：正常运行状态下，P320与DCS的通讯通过KCP566AR内左、右两个FBM233模块实现的，两个通讯模块一用一备。可以自动进行切换。2）经验知识：①在KCP566AR上进行FBM233-卡件热拔插，仅影响P320与DCS间的通讯，未发现其他影响②P320与DCS间的通讯中断后，不会导致AVC自动退出，不影响AVC自动调节功能：③P320与DCS间的通讯中断后，不影响汽轮机调节系统自动动作，主控室无法正常进行升降功率；④通讯,
1 号机组执行1LH0 柴油机低功率试验前检查发现B1 涡轮增加器先导电磁阀故障导致1LH0001GE 不可用,早班执行《F01-LH0-T-001 柴油发电机组（B 列）低功率试验规程》前，仪控持票检查（配合1LH0 柴油机低功率试验，仪控检查1LH0350UC 电磁阀主活塞密封圈是否漏气）时发现B1 涡轮增加器先导电磁阀故障,B1 涡轮增加器先导电磁阀故障，将导致柴油机启动后进气排气部分的涡轮增压器B1 无法投运，该故障不影响低功率试验，但会造成B 列柴油机1LH0001GE 无法达到满功率运行，导致1LHQ001GE 不可用，产生第一组IO : LHP/Q1 ，要求3 天内机组开始向NS /RRA 模式后撤。如果附加柴油机替代该不可用应急柴油机，则事件视为第二组事件,,,②确认1LH0350UC设备位置，通知主控开工；③拆除1LH0350UC上的B1电磁阀，并确认垫片完好；④更换新备件，并确认紧固；5运行人员解除隔离，恢复上游压空；⑤对1LH0350UC进行验证，确认电磁阀动作正常，无漏气现象。2)故障原因分析：B1涡轮增压器电磁阀故障,"应急柴油机进排气系统有五组涡轮增压器A1/A2/B1/B2/B3。由350UC上的电磁阀控制自动投退，A1/A2在柴油机启动时投入。B1/B2/B3随柴油机功率增加自动投入。350UC为5组单独的电磁阀组成的阀组，包含5个电磁阀。A1/A2共用1个电磁阀，B1、B2、B3各对应1个电磁阀，另有1个备用电磁阀。电磁阀具备手动功能。正常运行时手动旋钮置“0”位置，紧急情况下可将旋钮旋至“1”位置，手动开启电磁阀。电磁阀控制序列：1)柴油发电机组启动A1/A2电磁阀投用;2)A1/A2增压器转速升至39000r/min时，B1增压器开启「对应约600kW功率];3)B1涡轮转速达到39000r/min时，B2增压器开启「对应约1700kW功率1;4)B2涡轮增压机平均转速达到40000r/min时，B3增压器开启[对应约2730kW功率1。柴油机低功率试验功率约2400kW,A1/A2/B1/B2投运，B3正常不会投运；5)调速器在发出B1启动命令后的5s内，如没有接收到B1涡轮增压机的转速信号，则判断B1涡轮增压机启动失败，同时启动B2涡轮增压机，以此类推",
1 号机组汽轮机冲转到1500r/min 后，1GSE001VV显示 \(x\times x\) ×，现场实际全开,"主控触发1GSE001KA 报警：TGC 系统故障，主控检查1GSE 系统参数及跳机参数无异常
1 号机组汽轮机冲转到1500r/min 后，1GSE001VV显示 \(x\times x\)， 现场实际全开","仪控检查初步判断原因为备用电池电量低，需要更换电池，不影响机组运行
导致主控无法查看汽轮机高压主汽门1GSE001VV 阀门开度","已采取的行动措施1 ）查看和执行报警卡：2 ）oncall 仪控检查处理
已采取的行动措施：1 ）安排现场值班人员和机械保驾人员查看检查确认1GSE001VV 阀门的实际开度，确认阀门实际全开：2 ）检查1GSE001VV 阀门电缆外观，未见明显异常；3 ）oncall 仪控检查处理","控制器电池电量低
1GME004CR 立端子箱内1GSE001VV 反馈1GSE011MM 接线第30 端子接线脱开","仪控处理反馈：1 工作过程：①检查确认工作对象，控制器电量显示红色且闪烁：②打开电池槽盖板，拆除电池插头，取出电池；③测量电池电压约为2 . 2V；
仪控处理反馈：1 ）工作过程：①开工前已确认1GSE001VV 通道显示1GSE011MM 显示 \(x\times x\times\) ；②对1GME004CR 柜内通道显示 1GSE011MM 设备接线进行检查，发现1GSE011MM 接线第30 端子接线脱开；③对1GSE011MM 接线第30 端子接线进行重新紧固；④恢复设备至初始投运状态，验证1GSE001VV 在主控显示正常；归还工作许可证。2 ）故障原因分析：1GME004CR 端子箱内1GSE001VV 反馈1GSE011MM 接线第30 端子接线脱开","产生：CSE001KA ：报警的原因1 ）汽轮机保护控制器（STP)A,B,C 任一故障2 ）汽轮机调节控制器（STG ）故障；3 ）通讯控制器（CCS ） 故障；4 ）就地控制器（Field VO ）故障：5 )P320TGC 机柜电源故障",
1 号机组触发1AC0029KA：低加疏水箱B 水位高,"06 月23 日01 :22 ,1 号机组触发1AC0029KA：低加疏水箱B 水位高，查看1AC0001HXT 画面，发现1AC0302P0 出口流量表 1AC0002MD 由190m3 /H 降至40m3 /H ，后继续波动到0 ，期间出现显示××××的情况。再循环阀门1AC0208VL 全开，正常疏水调节阀门1AC0207VL 全开，紧急疏水阀门1AC0202VL 逐渐开大至20 ％控制1AC0302BA 液位，1AC0302P0 电机电流升高至335A 左右（正常270A 左右），一回路热功率上涨约10MW 。06 月25 日23 :58 ： 50 ，主控触发1AC0310KA 低加疏水泵在循环阀手动调节报警，查看1AC0 画面发现1AC0208VL 为手动状态，开度为48 %，1AC0002MD 显示××××，将车1AC0208VL 手动关闭，1AC0207VL 自动调节1AC0302BA 液位，且液位稳定",,已采取的行动措施：1）操纵员将1AC0207/208VL同时置手动，初始时出于保护泵考虑，保守决策先关小1AC0207VL，使泵出力减小防止其长期超流量运行；2）在泵出力有所减小后，手动关小1AC0208VL，同时兼顾调节1AC0207VL，使1AC0302BA液位平稳下降，使得应急疏水阀1AC0202VL自动关闭；3）在1AC0208VL全关后，将手动调节1AC0207VL使水箱液位降低至0mm左右后将1AC0207VL恢复自动，至此恢复1AC0302BA水位由正常疏水自动控制；4）联系现场检查1AC0302PO运行情况；5）oncall仪控检查1AC0002MD仪表；6）仪控人员对1AC00002MD检香处理恢复正常显示后，观察1AC0002MD稳定后恢复1AC0208VL自动,设备动作原因分析1）1AC0208VL根据1AC0002MD流量自动控制：正常运行时其设定值为75m/h，当1AC0002MD1低于75m/h时1AC0208VL开大反之则关小：1AC0002MD低漂至0导致1AC0208VL自动全开；2)1AC0207VL根据1AC0302BA液位自动控制，正常运行时整定值设置为0mm，1AC0208VL全开后导致泵出口正常疏水流量严重分流回水箱.使得1AC0302BA液位上升。又使得1AC0207VL开大，直至开大至全开仍无法及时疏排来水1AC0302BA水位仍继续上升，最终由应急疏水阀1AC0206VL自动控制水位在100mm左右；3）流量增大导致1AC0302PO电流增大；4）因1AC0202VL开启，低加疏水直接排放到凝汽器，导致热损失，引起机组热效率下降，一回路热功率上涨。设备故障原因分析：1AC0002MD差压变送器故障,"仪控处理反馈：1)故障描述：1AC0002MD主控波动大。对取样管路进行排气处理；2处理进展结果：1AC0002MD取样管路内有气泡，排出后
1AC0002MD已投运，测量值稳定。25 日再次出现异常，经检查确定异常原因为差压变送器故障，对1AC0002MD 进行了更换并观察 48h，未再见异常：3）故障原因分析：1AC0002MD 差压变送器故障",1)ACO泵再循环阀全开后会严重抢水，使得绝大部分疏水返回水箱，即使正常疏水阀全开也无法及时疏走来水，导致液位升高至应急疏水介入；2)1AC0302BA由正常疏水切到紧急疏水后，热功率上涨约10MWe 左右；3）低加疏水箱B(AC0302BA）液位高高,
1.号机组APA 泵切换启泵时导致AVC 故障报警触发,,,已采取的行动措施1 ）保持关注1LGE 、1LGF 母线电压情况，尽快完成切泵操作，恢复LGF 母线带一台主给水泵运行，若未恢复正常准备退出AVC 手动增磁调整电压：2 ）关注母线下游运行的转动设备尤其主给水泵的各项运行参数；3 ）oncall 电气继保人员检查处理；4 ）母线电压恢复正常后要求电气人员强制复归减磁闭锁信号继电器消除报警,在主控启动1APA302P0 时，1LGF 母线电压降低，最低降至 5660.8V ，导致主控触发1AVC007KA(AVC 减磁闭锁报警）。启泵还导致1LGE 母线电压升高，最高达到6962.2V ，导致主控触发1AVC006KA(AVC 增磁闭锁报警）。JZKA 机组故障录波器启动按警出现20:57:45.8201AVC006KAAVC 增联闭锁 Z0:57:46.0261APA006KA 报警出现给水泵C 小流量再环三2 手动节20:57:46.0301KK0002KA 按登价认出机组故障录波器启动 20:57:46.0511AVC006KA 报警确认出3AVC 增丝闭锁,电气处理反馈：1）处理过程：①用短接线端接BN321：5和39，强制减磁闭锁复归，再短接BN321:5和38强制动作，最后强制复归；②强制后信号正常复归，未更换继电器；③确认设备无异常报警，清理现场，归还工作票。2）故障原因分析：增磁闭锁与减磁闭锁复归信号同时出现，测控板卡固有特性为同一时刻只能输出一个信号，导致只有一个增磁闭锁信号复归，减磁闭锁未能复归,,
1DEG001P0启动后，1DEG105VN已开启，但是1DEG101GF显示冷却水断水无法启动,执行 FQ1-DEG-C-001 DEG 冷冻机组手动切换操作票，计划将 1DEG301GF 切至 1DEG101GF，1DEG001PO 启动后，1DEG105VN 已开启，由于 1DEG101GF 冷却断水显示断。无法启动 1DEG101GF,导致 1DEG101GF 不可用，产生随机性质的第二组 IO：DEG1,已采取的行动措施：1）安排现场检查确认 1DEG101GF 冷却水侧（设冷水侧）阀门在线，未见异常：2)oncal1 仪控检查处理,1DEG103SP 定值漂移,仪控处理反馈：1）检修措施及步骤：①现场核实缺陷为 1DEG103SP 故障触发冷却水断水；②对 1DEG103SP 进行检查校验，发现仪表定值漂移；③对仪表定值进行调整校验，仪表校验合格；④恢复仪表至初始状态，1DEG103SP 在 1DEG101GF 控制面板上显示正常；5 请运行人员启动 1DEG101GF，运行正常，工作结束；2）故障原因分析：1DEG103SP 定值漂移,DEG 冷冻机上装的水量差压控制器只起断水保护开关作用，不能测量和控制水流量；DEG 冷冻机组冷冻水侧断水保护整定值为 35kPa；DEG 冷冻机组冷却水侧断水保护整定值为 27kPa,
1DEL003GF出水温度探头频繁报故障，触发出水温度低信号,主控出现1DEL003GF综合故障报警，1DEL003GF显示洋红不可用。现场检查1DEL003GF面板，发现曾多次出现冷冻水出水探头故障和冷冻水出水温度过低的报警,导致报警频繁触发,已采取的行动措施：提WR按计划处理,温度探头故障,仪控处理反馈故障原因分析：温度探头故障。更换备件处理后恢复,,
1LGA110JA跳闸导致1LKR母线失电处理,00:45主控出现大量报警，经查看发现1LGA110JA已跳闸，1LKR母线已失电。自动动作情况如下，1)1CET101ZV故障停运，1CET201ZV自动启动；2)1GSS190P0故障停运，已由应急疏水阀控制水位；3)1CV1201P0故障停运，凝汽器真空未受影响；4)1AC0301P0故障停运，已由应急疏水阀控制水位，现场1AC0102VL所在管道有振动，需关注；5)主控凝结水电导失去监测；6)封闭母线强迫风冷装置以及微正压装置自动切至另一列电源供电，现场确认无问题。,1LGA110JA已跳闸，1LKR母线已失电,,1LKR变压器低压侧零序电流互感器二次线端子接触不良；导致互感器二次侧出现过电压及过电流，引发接地保护动作,"电气处理反馈：1)故障描述：1LGA110JA不明原因跳闸，导致1LKR母线失电，需香明原因。2)原因分析：1LKR变压器低压侧零序电流互感器二次线端子接触不良，导致互感器二次侧出现过电压及过电流，引发接地
3 ）处理过程：①测量1LKR 配电柜母线及馈线抽屉绝缘，绝缘合格；②检查发现零序互感器二次侧接触不良，进行了紧固，校验1LKR 接地保护结果合格；③恢复1LKR 及下游馈线负荷供电，母线运行正常",经验知识1 ）配电盘失电后，稳定机组状态：对照负荷清单，检查自动动作情况，分析对机组的影响，必要时手动切换；2 机组状态稳定后，立即联系维修人员检查；3 ）根据停役操作票停役，以便检查和重新复役：4 ）查明原因后，对于转动设备重新送电之前一定要仪控人员核实转动设备无自动启动信号：5 ）复役过程需要电气、仪控、专工全程配合，及时将跳闸引起的异常报警或动作恢复正常：6 ）负荷复役尽量从易到难，避免再次失电引起较大瞬态,
1RAM002M0启动瞬间，触发接地保护，上游开关误动作误动作跳闸,1RAM002M0启动瞬间，触发接地保护，上游开关误动作误动作跳闸,导致1RAM002M0启动失败,已采取的行动措施：1)安排现场检查1RAM002P0上游供电开关，发现1LKB3161JA跳开；2)oncall维修电气检查处理,1)M40型漏电保护继电器说明书，明确要求“电机启动电流大于6倍额定电流时需调整漏保时间、增大CT或增加屏蔽磁环”；2)因1RCP004RS负荷投用（300A电流PWM斩波频繁启停），造成1RAM002M0上游开关抽冠1LKB3161JA内漏保CT受到电磁干扰误动作,电气处理反馈：1）处理过程：①取得工作许可证，召开工前会，确认工作范围及工作对象相关风险分析；②维修电气人员到达现场，分析故障原因，电机三相对地绝缘良好，相间阻值平衡稳定良好，电气逻辑正常；③初步判断1RAM002MORESYSM40型漏电保护继电器误动作；④经与值长协商在3A定值10s延时的工况下，重新起机试验，起机10s后1RAM002M0上游开关再次因漏电保护继电器动作跳闸（额定电流256A；启动电流约1400A）；5维修电气人员，在现场仔细观察、分析，发现1RAM002M0上游开关抽屉1LKB3161JA旁有1RCP004RS负荷投用，该负荷的电流特性是0~300A每隔1s左右频繁启停；,RAM保护跳闸信号可分作电动机进线断路器（LKA1161JA、LKB3161JA）保 护跳闸和发电机出口断路器（RAM401JA、RAM601JA）保护跳闸。当任意 RAM电动发电机组组1跳闸信号触发时，电动机进线断路器保护跳闸，以 LKA1161JA为例：机组1跳闸信号包括以下信号①机组1励磁期间（403JA 合闸期间）发生励磁故障（401XI）；②差动保护跳闸（402XI）；③短路 过流保护（403XI）；④逆功率保护（401XW）；RAM401JA过流保护跳闸； ③RAM402TL发出RAM401JA合闸信号（置于“ON”，信号记忆当RAM402TL 置于“OFF”时信号复位）时LKA1161JA故障。以RAM401JA为例，发电机 出口断路器保护跳闸信号如下①机组1跳闸信号（同上）；②LKA1161JA 在分闸状态：3公共出线低频信号（501XU）,
1RAM002M0投运后，主控KIC画面上1RAM002M0驱动端轴承振动显示正常，1RAM021MT显示正常，但是1RAM022MT显示“xXXX”,1RAM002M0投运后，主控KIC画面上1RAM002M0驱动端轴承振动和非驱动端轴承温度1RAM021MT均显示正常，但是1RAM022MT(1RAM002M0驱动端轴承温度）显示“\(X\times X\times X"\),导致无法在KIC中监视1RAM002M0驱动端轴承温度,"已采取的行动措施，1）主控查看1RAM002M0驱动端轴承振动和非驱动端轴承温度1RAM021MT均显示正常：
2 ）主控查看1RAM022MT 变化趋势，确认1RAM022MT 故障情况：3 ）提工作申请（WR ）按计划处理",该型热电阻接口采用航空插头，针脚与插口见接触不良。1RAM022MT航空插头接触不良。导致DCS收到信号超出量程范围故显示“XXXX”,,1）当RAM002MO驱动端轴承温度RAM022MT≥90℃时，将产生RAM022KA002MO驱动端轴承温度高报警；2）当RAM002MO驱动端轴承温度RAM022MT≥105℃时，将产生RAM042KA002MO驱动端轴承温度高高报警；3）RAM002MO驱动端轴承温度异常升高的可能原因有：①轴承欠润滑；②轴承过润滑；③轴承腐蚀变形；④传感器故障；润滑油不合格；6润滑油道污染,
1RCV030VP无法将容控箱液位调整至1.47m,1RCV030VP无法将容控箱液位调节至1.47m，维修反馈：阀门特性不合格，给50%开度，就地只到35%左右：给100%开度，就地只开度75%左右,无法正常调节1RCV030VP至TEP的开度，导致1RCV002BA液位调节异常,已采取的行动措施：关注1RCV002BA液位，必要时手动控制,1RCV030VP定位器及EP定值飘移,"仪控处理反馈一检修步骤1）做好拆线记录后拆除1RCV030VP定位器接线；2）对1RCV030VP进行特性检查，发现定位器及EP定值飘移，重新调整后合格：
3）将1RCV030VP恢复至初始状态，请运行人员配合确认阀门动作正常",RCV012MN达到2.01m，RCV030VP全开”指向硼回收系统（TEP），当水位下降至1.93m时，该指令消失：当RCV011MN在1.47~1.68m时，RCV030VP调节开度使RCV002BA液位调整至1.47m,
1SEN001FI进口蝶阀1SEN003VC显示编码器硬件故障，主控与现场均无法关闭,"执行定期切换 ""F01-SEN-C-005 将 1SEN001FI 切至 1SEN002FI 运行"" 时, 发现 1SEN001FI 进口蝶阀 1SEN003VC 显示编码器硬件故障, 主控与现场均无法关闭","导致阀门无法关闭, 无法对 1SEN001FI 进行退出操作","已采取的行动措施: 1) 暂切换回 1SEN001FI 运行, 1SEN002FI 保持备用; 2) oncal1 电气维修人员检查处理","1SEN003VC 编码器损坏, 导致阀门位置信号丢失","电气处理反馈 1) 故障现象: 1SEN003VC 显示 ""编码器硬件故障报警"", 阀门无法远控和就地操作。2) 处理过程: ①经现场检查, 电动头显示 ""编码器硬件故障""; ②断电后将损坏的编码器拆下, 更换新的编码器, 进行安装紧固; ③电动头进行送电, 重新对电动阀门开、关限位进行设定; ④联系主控远方对阀门进行开关操作, 确认故障消除; 5 工作结束后, 清理现场, 请运行人员验收后归还工作票。3) 故障原因分析: 1SEN003VC 编码器损坏, 导致阀门位置信号丢失","SEN003VC 控制逻辑:1) 手动开启; KIC 中手动开启; 2) 自动开启; SEN001FI 已在役; 3) 手动关闭; KIC 中手动关闭; 4) 自动关闭; SEN002FI 已在役, 且电动滤水器 B (SEN002FI) 进出口阀门全开 (SEN004VC/006VC 开启)",
1TEG001ZV轴承油密封故障,现场巡检发现1TEG001ZV运行噪音异常增大，且轴承处有甩油轴承温度超过100℃,1）风机轴封磨损，将导致设备损坏；2）厂房漏油有火灾风险,已采取的行动措施：1)根据《FQ9-TEG-C-019TEG含氧风机切换操作票》进行风机切换操作；2)完成风机切换并保持风机及其加热器开关1LKJ261JA.9DNN9948JA断开状态；3）主控立即onca11机械人员前来检查；4)记录第二组随机IO：DVN1，同时通知2号主控室记录相应的IO,轴承保持架毁损，油封掉落导致轴承甩油，风机运行噪音异常增大,维修机械处理反馈：机械人员确认风机非驱动端轴承保持架已经损毁，导致油封掉落开票进行轴承整体更换,,
1号主控出现发电机转子接地报警、非电量保护装置故障,"07：56：02时主控触发1GPA631KA（发电机转子接地故障），1GPA592KA（非电量保护装置故障），1GEX130KA（发电机转子接地故障），1GEX106KA（励磁系统综合故障）
02月11日，1号主控触发1LAA006KA: 接地故障报警，现场初步检查怀疑蓄电池爬酸导致，对蓄电池进一步检查发现1LAA001BT第35节蓄电池出现漏酸：02月14日05:28，再次闪发1LAA006KA接地故障报警，现场查看绝缘监测仪报警记录。显示绝缘报警值R+约44.1k，R-约38.7k(报警值50k)，触发时间约1min","开展手动举刷工作时存在跳机风险
1)断开1LAA母线蓄电池开关1LAA005JA，产生I02: LN1(检修必须在14天内完成)；2)1LAA仅给1LNE供电，导致1LNE系统供电可靠性降低；3)1LAA系统共105节蓄电池，每节蓄电池电压约2.2V，剔除第35节蓄电池后，蓄电池总电压减少约2.2V，蓄电池容量减少约0.95%，专业评估对蓄电池组整体性能无影响","已采取的行动措施：1)查看和执行报警卡；2)oncall电气检查处理：3)维修电气对发电机进行举刷，报警已复位
1)已采取的行动措施：①将1LAA母线蓄电池开关1LAA005JA断开，产生I02: LN1(检修必须在14天内完成)；②参考危化品处置方案，房间设置隔离带，对房间氢气浓度进行测量，氢气浓度无异常增加；③确认电气专业有针对蓄电池漏酸的处理预案，并联系化学和工业安全提供支持；④当班值加强对1LAA、1LNE系统主控画面巡检及现场巡检。2)建议后续行动：①请维修电气尽快核实备件，并尽快更换恢复蓄电池的可用性；②若无备件，评估在少一节蓄电池(1LAA共105节蓄电池)的情况下对蓄电池总容量和供电","碳刷与滑环接触不良。碳刷存在轻微卡涩
1LAA001BT 第 35 节蓄电池漏酸，主控出现 1LAA006KA 接地故障报警","电气处理反馈1)检修步骤：D按照FOX-MA-TD-E16013，发电机转子接地保护动作应急预案第六节情况（1)步骤执行：②确认1GEX系统无异常告警：③在1GEX835CR处设置录波装置，电流卡钳卡住端子14(2.08)13(2.07)上;④按下1GEX001AR柜门手动举刷按钮202T0，查看录波波形，与预案附录9.2碳刷与转子大轴接触良好时电流波形对比可知，波形发生畸变，缺失约1.5个周波（测量碳刷与发电机转子滑环接触不良，不能形成电流回路，导致波形缺失），故碳刷与滑环接触不良，碳刷存在轻微卡涩；5工作结束。清理现场，归还工作许可证。
2)故障原因分析：碳刷与滑环接触不良，碳刷存在轻微卡涩
c.105 大修对该段蓄电池组进行整体更换。2）安工反馈意见：①查阅预防性维修大纲，蓄电池有月检、季检以及每六个换料周期的定期更换，其中月检需要检查“a.记录蓄电池室室温，检查蓄电池的外观、清洁度及结构的完整性。b.检查蓄电池有无意外接地。c.检查蓄电池有无裂缝或电解液的渗漏情况。”蓄电池外壳老化是一个缓慢过程，面对数量众多的蓄电池，专业人员在执行定期检查过程中应更加仔细。及时发现老化现象并采取措施；②在02 月14 日再次冈发报警，故障原因仍然是第35 节蓄电池遗留的漏酸导致蓄电池组绝缘下降，反映出在第一次出现绝缘低报警时专业人员采取的维修措施不完善（未将泄漏的第35 节蓄电池取出、未对地面的硫酸液渍进行彻底清洁），对于蓄电池间地面、电池组表面以及支架上已有的硫酸雾气没有采取有效措施；③蓄电池间通风是直接从环境中引入空气，由于吸风口布置不一致，1、2 号机蓄电池间湿度差异较大。1号机蓄电池间湿度较大一方面会加速蓄电池老化，另一方面02 月14 日空气中湿度较大，加之泄漏的硫酸未完全清理，导致再次出现绝缘低的报警。对于蓄电池间的通风变更需设备管理处尽快推动",绝缘监测仪1LAA001XK≤50kQ 时触发1LAA006KA 接地故障报警,
1号主控安工站机柜内冷凝水积聚,1号主控安工站机柜箱内有冷凝水积聚，部分积水已流出柜门外。打开机箱门检查发现内温度较高，发现该机柜内有一孔洞，有湿热风吹出图1柜内存在凝结水情况9.SAT729WV图2机柜未封堵严密的孔洞,影响KIC 安工站的安全稳定运行，若故障停运将产生第二组IO :KIC1,1 ）已采取的行动措施：①联系仪控处理积水；②检查发现为安工站站台内部9SAT 管道穿墙孔洞未封堵联系维支准备封堵孔洞；③运行清查1 、2 主控其他工作站及KPR 工作站是否存在冷凝水积水及孔洞封堵情况，进一步检查发现1KIC602/604WS 以及2 号机也存在孔洞未封堵（2 号机已联系维修人员响应进行处理）。2 ）建议后续行动：请仪控清理积水和维支封堵孔洞时做好风险控制，确保不影响安工站可用性,1KIC-0WP3 工作站盘台内有一未封堵孔洞，内部有湿热风吹出，导致 1KIC-0WP3 工作站盘台内冷凝水积聚,仪控处理反馈：1 ）工作过程（WOT :00963088-01 ) :①检查1KIC-0WP3 工作站盘台，确定故障原因；②和值长交代工作内容和风险，值长允许后开始工作：③打开1KIC-00WP3 工作站盘台的前、后盖板；④对1KIC- 0WP3 工作站盘台内部进行冷凝水清理；③回装1KIC-0WP3 工作站盘台的前、后盖板；③由土建专业完成空洞的封堵作业（WOT :00963104- 01 ）。2 ）故障原因分析：1KIC-0WP3 工作站盘台内有一未封堵孔洞，内部有湿热风吹出，导致1KIC-0WP3 工作站盘台内冷凝水积聚,运行技术规范：RP 模式下，一台0WP 不可用产生第二组10(KIC1 )，要求采取措施：1 ）重新分配工作站；2 ）检修必须在7 天内完成,
1号主控触发1GSY025KA（封闭母线强迫风冷装置综合故障）报警封闭母线强迫风冷装置退出运行,02：53，1号主控触发1GSY025KA（封闭母线强迫风冷装置综合故障）报警，查看1GSY001HXT画面1GSY031IA（封闭母线强迫风冷装置投入运行灯）灭，就地查看1GSY离相封闭母线强迫风冷的四台风机均停运，且1GSY001AR上出现报警“POWERDEFAULT”就地尝试复位报警并启动风机未能成功,1）导致1GSY离相封闭母线强迫风冷的四台风机均停运，影响离相封闭母线冷却，风机全部停运后30min内降功率至发电机输出电流25kA；2）如果另一组备用风机无故障报警，则切换至另一组风机。如果另一组热交换器无故障报警，则切换至另一组热交换器。如有，则降功率控制温度：3）如果温度持续上升，则封闭母线机械及电气性能下降,已采取的行动措施：1）查看和执行报警卡，检查GSY系统KIC画面，发现1GSY0031IA（封闭母线强迫风冷装置投入运行灯）灯灭；2）安排现场检查发现封闭母线强迫风冷的四台风机均停运，立即安排就地尝试复位报警并启动一列风机运行，未能成功；3）主控监视封闭母线相关的温度变化趋势，加强监测CCB两侧导体温度探头（1GSY002MT和1GSY003MT）变化趋势，并按报警卡要求进行响应；4）主控操纵员熟悉相关运行文件并做好降功率准备；5）oncall维修电气和设备管理工程师检查处理，确认电压监视继电器故障，先采取拆除继电器接线方式消除报警（短接1GSY001AR内的电压监视继电器输出触点），恢复启动一列风机1GSY101/102ZV运行。建议后续行动1）电气核实条件并消除缺陷；2）在缺陷彻底处理之前，运行当班值持续监视1GSY系统运行情况；,风冷电压监视继电器 K1 故障,电气处理反馈：1)检查内容：风冷电源监视继电器故障，导致冷却器电源被切断。更换故障继电器后，强迫风冷系统恢复正常。2)处理进展结果：已更换故障继电器，并拆除临时短接线，系统恢复正常运行。3)工作过程：D就地检查电压监视继电器 K1 故障，确认 1GSY101/102/103/104ZV 风机全停；②测量 K1 继电器三相输入电压正常，断开柜内开关 IPB-QC1；③做好拆接线记录，更换新继电器 K1（已校验合格），按原记录恢复接线并紧固端子；④合上柜内开关 IPB-OC1，观察继电器 K1 指示灯状态显示正常；5 观察 1GSY0001AR 控制显示屏无报警，联系运行人员启动风机正常，持票观察 2 天无异常；③工作结束，请运行人员验收后归还工作许可证；4)故障原因：风冷电压监视继电器 K1 故障,"1 号机离相封闭母线主回路风冷控制柜 1GSY001AR#1 柜所控制的风机 1GSY101ZV、1GSY102ZV, #2 柜所控制的风机 1GSY103ZV1GSY104ZV 全停且无法启动时：1)机组需在 1GSY101ZV、1GSY102ZV、1GSY103ZV、1GSY104ZV",
1号主控触发1RGL001、005、006、009KA报警,"01: 14, 1 号主控触发: 1RGL001KA RGL 运行故障、1RGL005KARCS 运行故障、1RGL006KA RGL 运行故障、1RGL009KA PWE 运行故障报警。联系电气现场检查发现 1RGL021AR 故障灯亮。在仪控间查看 1RGL030HC (RGL 远程工作站), 发现 1RGL021AR (N12 棒组) 的 HMpowerracks 模块显示红色报警","根据 1RGL001 故障规程, 已将 R 棒和 G 棒置手动, 且 N12 棒组故障初步判断已触发双保持。①若机组出现重大瞬态, 可能导致 G 棒组不能自动动作: ②N12 棒组存在落棒停堆风险。更换过程的风险: 由于要对保持线圈的 MDP 模块进行更换, 先要对整个子组 4 个棒束的保持线圈进行断电, 导致控制棒保持线圈失电。由于当前已触发双夹持, 传递线圈也带电, 传递销爪可以保持控制棒位置不变。若更换过程中传递线圈再出现故障将导致控制棒落棒, 有停堆风险。控制风险的措施: ①断电前要确认双夹持已确定触发和传递线圈已带电; ②控制仪控人员更换 MDP 卡件的时间 (20min 左右)。当前状态的双夹持为自动触发的, 仪控可通过机柜上的操作机构手动触发双夹持, 保证双夹持可靠触发。通过分析, 仪控人员采取两种方法共同确认传递线圈带电: ①通过查看模块上的指示灯可以确认传递线圈带电; ②使用方用表测量传递线圈电源输出模块输出电压正常","已采取的行动措施, 1) 主控立即查看 RGL 系统所有控制棒, 棒位均正常。根据报警卡执行 FQ1-RGL-I-001, 将 R 棒和 G 棒打手动; 2) 安排现场检查发现 1RGL021AR (对应 N1-2 棒组) 柜上紧急灯和双重保持灯亮: 3) oncal1 仪控进厂检查; 4) R 棒置于手动后, 无法进行温度自动控制, 确认无影响一回路温度变化的工作开展。确认当前 1STR 无出力, 避免大量使用辅助蒸汽时, 引起一回路温度波动的情况出现; 5) 主控密切监视一回路平均温度, 核功率, 电功率, 控制棒棒位指示变化情况: 加强对二回路负荷监控","经检查分析为 1RGL021AR(N12 子组电源柜) 第 1 束棒保持 MDP 模块 (驱动机构线圈供电模块) 电流检测单元故障, 产生“小电流偏低”电流故障报警, 触发子组进入双保持状态",,1)供电关系：动力电RAM 一MDP 卡件一控制棒线圈。2)MDP 的控制电为 LNE 和LMA，失去控制电会出发双保持。3）控制棒被双夹持，控制棒无 法正常动作，潜在风险后果：①机组临界过程中出现控制棒双保持，可能导致临界失败；②机组调试瞬态试验期间，如果出现控制棒双保持，可能导致机组非计划停机停堆事件。造成3RGL 系统在控制棒动棒期间多次出现双保持导致控制棒无法正常动作的原因为，在动棒过程中产生了控制棒驱动机构线圈电流报警，触发RGL 系统紧急故障,
2 号主控触发2GPA231KA 发电机第二套保护装置故障,"21:55,2 号主控触发2GPA231KA 发电机第二套保护装置故障。现场检查发现2GPA002AR(2 号发电机保护B 柜）黑屏，柜内直流电源空开211JA 跳闸，柜子上游开关2LBM202JA 无异常。发电机第一套保护装置未见异常",可靠性下降,1 ）已采取的行动措施：D 现场检查，发现2GPA002AR(2 号发电机保护B 柜）其中一块屏幕黑屏；②检查发现2GPA002AR 内的直流电源空开211JA 跳闸，核实其上游开关2LBM202JA ，开关未跳闸，未见异常；③重点关注发电机第一套保护装置，未见异常；④oncall 维修电气进厂检查。2 ）建议后续行动：请维修电气分析原因，消除缺陷，尽快恢复发电机第二套保护,,电气处理反馈1）工作过程：①确认隔离；②测试电源回路；③更换电源板卡；④重新上电；5 检查装置正常运行。2）故障原因分析：2GPA002AR保护装置电源板卡故障,GPA 系统包括6 个就地保护柜，发电机保护A 柜2GPA001AR 、发电机保护B 柜2GPA002AR 、主变／高厂变保护C 柜2GPA003AR 、主变／高厂变保护D 柜2GPA004AR 、发电机非电量保护E 柜2GPA005AR 、发变组保护管理机F 柜2GPA100AR 。GPA 按照双重原则设置保护，保护功能配置两套，且由不同的直流电源供电。其中2GPA001AR 和2GPA003AR 由2LBM 供电， 2GPA002AR 和2GPA004AR 由2LBJ 供电，2GPA005AR 和2GPA100AR 均有2LBJ 、2LBM 两路电源，并可以通过选择开关进行切换。另外，2LNE 向 2GPA100AR 提供照明、主机、显示屏和打印机的电源,
2 号主控触发2GSE201KA 安全油回路压力（通道一）遮断,"03:19:06,2 号主控触发2GSE201KA 安全油回路压力（通道一） 遮断、2GSE401KA 汽轮机测量（通道一）故障、2GRE377KA 安全油系统压力（1 /3 ，到DCS）扰动报警，主控查看2GSE201MP 压力从10 . 7MPa 瞬时下降至0 。现场查看2GSE201MP 京就地表头显示有读数，为10696kPa 。与其同一测点的压力表2GRE204MP 就地表头显示10 691 kPa 故障出现时安全油压力低3 取2 跳机保护一个通道触发，若",,已采取的行动措施：1）主控执行报警卡，现场查看2GSE201MP 就地表头显示有读数为10696kPa。与其同一测点的压力表2GRE204MP 就地表头显示10691kPa，初步判断仪表传输通道或卡件存在故障；2）现场检查无异常漏油、振动；3）oncall 维修仪控人员进厂排查故障；4）查阅逻辑图，当前安全油压力低3 取2 跳机保护一个通道触发，若2GSE202MP、2GSE203MP 再有一块表触发压力低将产生跳机信号，目前2GSE202MP、2GSE203MP 压力显示正常,2GSE201MP 信号回路保险丝熔断,"仪控处理反馈：1）缺陷描述：2 号主控触发2GSE201KA 安全油回路压力（通道一）遮断报警，2GSE201MP 三主控显示压力为0。2）工作过程：①主控检查软件2GSE201MP 信号丢失，产生质量位，机柜确认保险丝熔断，同时保险指示灯亮；②取的工作票，与主控进行沟通；
③在P320 内部对2GSE201MP 产生的停机信号进行强制屏蔽，防止误停机风险；④根据P320 内部接线图更换2GSE201MP 熔断的保险丝：清理现场，关闭2GRE002AR 控制柜；③恢复信号强制，检查确认主控所有异常报警消失：①归还许可证。3 ）故障原因分析：2GSE201MP 信号回路保险丝熔断",安全油压2GSE201MP、2GSE202MP、2GSE203MP 压力低于5.0MPa.3取2 保护跳机,
2 号主控闪发2KIC021KA（A 列KIC 切换到BUP ）报警,"23:08:49,2 号主控触发2KIC021KA（A 列KIC 切换到BUP ）报警BUP 盘上触发2KIC001AA（KIC 设备失效A 列）和2KIC002AA（KIC 设备失效B 列）,23:08:54,报警消除。23:08:53、23:08:55,分别触发 2KIC0001KA（A 列CCT 服务器故障）、2KIC010KA（B 列CCT 服务器故障）报警，当前这两个报警持续触发。查看KIC 监视画面，CCT1 显示故障，CCT2 状态为“INCOMP”经仪控专业人员初步反馈，当前CCT1 服务器故障不可用，已自动切换至CCT2 服务器运行。闪发2KIC021KA 的原因为CCT1 服务器故障后自动切换至CCT2 服务器的过程中触发",1 ）根据IKIC 事故规程，2KIC001AA 或2KIC002AA 报警触发需执行IKIC 规程；2 ）当前CCT1 服务器故障，若CCT2 服务器运行异常，则KIC 丧失；3 ）一台CCT 不可用，需记录KIC3 第二组IO,"已采取的行动措施，1)oncall 仪控专业人员进厂检查处理：2 ）根据 IKIC 规程及KIC3 缓解措施，检查KIC 房间温度及LNE/LMA/LNP/LMB 电压未见异常：
3）主控减少非必要的KIC操作：4）执行KIC3缓解措施。建议后续行动：请仪控专业尽快检查确认当前KIC运行状态，并制订方案处理CCT1服务器故障",CCT1服务器死机导致CCT1服务器显示故障停运,仪控处理反馈：1)检修步骤：①在值长允许后开始工作；②将CCT1服务器在就地手动重启；③在AMC软件上对CCT1服务进行启动；④检查确认2KIC001KA、2KIC010KA消失，CCT1可正常访问；5确认2KIC系统所有服务正常。2)故障原因分析：CCT1服务器死机导致CCT1服务器显示故障停运,1)CCT1与CCT2两台中央处理器服务器同时失效，则KIC平台完全失效，将机组控制模式从KIC切换至BUP;2)DCS二层与一层的数据交互：①一层数据上传：·每台CFR（前端服务器）通过一个交换机和DCS一层的两台API服务器相连。·A列的AW1-1服务器和B列的AW2-1服务器上传到二层的数据是一致的。A列的AW1-2服务器和B列的AW2-2服务器上传到二层的数据是一致的。A列的两台AW的数据结合到一起就是电厂KCP系统上传的完整数据。B列亦然。·一层AW只向CFR发送发生了变化的数 据。·两台CFR都将数据发送给CCT进行处理。·两台CCT(中央数据处理服务器)互为备用，一主一从。·只有主CCT的数据会发送到SAR-STR（数据存储服务器）。·OWP（操作员站）从SAR-STR中读取数据提供给操作员。②二层数据下发：·OWP（操作员站）下发的命令由SAR-STR（数据存储服务器）发送给CCT。·只有主CCT（中央数据处理服务器）向由它选中的CFR(前端服务器）发送命令。·被主CCT选中的CFR向AW发送命令,
2 号机组0 柔迪机低切氧迅验的不带入导致2LHO001GE 不可用,早班执行《FQ2-LHQ-T-001 柴油发电机组（B 列）低功率试验规程》时，就地出现“LHP500UC5ECSCOMMONALARM”综合故障报警机械现场检查柴油机进气排气部分的涡轮增压器B2 未投运，备用的B3 自动投入。根据现象B2 涡轮增压器未能正常投入，初步分析为涡轮增压器控制机构电磁阀组2LHO350UC 中对应B2 涡轮增压传感器的电磁阀故障,该故障不影响低功率试验，但会造成B 列柴油机2LHQ001GE 无法达到满功率运行，导致2LHO001GE 不可用，产生第一组I0：LHP/Q1，3 天内机组开始向NS/RRA 模式后撤。如果附加柴油机替代该不可用应急柴油机。则事件视为第二组事件。运行已确认附加柴油机是可用的，并做好替代准备,"已采取的行动措施。2LHO 柴油机低功率 试验结束后，运行召集设备管理处、维修一处、核安全处召开工后会，确认以下行动项：1 ）维修机械现场已确认B2 涡轮增压器未投入；2 ）设备管理处已确认四组涡轮增压器不能满足柴油机满功率要求因此柴油机不可用，记录第一组I0 ： LHP/Q1,3 天内机组开始向NS /RRA 模式后撤3 ）维修支持处现场搭设脚手架，维修电气进行在线诊断，进一步确认故障原因；4 ）确认电磁阀故障后，维修仪控准备好备件对故障电磁阀进行更换；5 ）维修仪控更换完成后进行静态验证，验证合格后执行低功率或满功率试验，验证 A1 /A2 /B1 /B2 /B3 涡轮增压器投入功能： 6 ）请设备管理处、维修一处分析根本原因",直接原因为阀杆活塞0形密封圈破损漏气，导致B2涡轮增压器无法投运；根本原因为电磁阀老化,,"1) 经验知识：①处理涡轮增压器电磁阀故障问题时，运行将柴油机置检修隔离启动压空2LH0601/602VA。更换完成后通过重新执行低功率试验验证合格。事件导致2LHQ柴油机不可用14 h 12 min。②单个涡轮增压器未投运不影响低功率试验，但会造成B 列柴油机2LH0001GE无法达到满功率运行，导致2LH0001GE不可用，产生第一组I0：LHP/Q1。③处理涡轮增压器电磁阀故障问题需要搭脚手架，需尽早安排保温脚手架人员。2) 应急柴油机进排气系统有五组涡轮增压器A1/A2/B1/B2/B3，由350UC上的电磁阀控制自动投退，A1/A2 在柴油机启动时投入，B1/B2/B3 随柴油机功率增加自动投入。350UC为5 组单独的电磁阀组成的阀组，包含5 个电磁阀。A1/A2 共用1 个电磁阀，B1、B2、B3 各对应1 个电磁阀，另有1 个备用电磁阀。电磁阀具备手动功能，正常运行时手动旋钮置“0”位置，紧急情况下可将旋钮旋至“1”位置，手动开启电磁阀。电磁阀控制序列：①柴油发电机组启动A1/A2 电磁阀投用②A1/A2 增压器转速升至39000 r/min 时，B1 增压器开启「对应约600kW 功率」；③B1 涡轮转速达到39000 r/min 时，B2 增压器开启「对应约1700kW 功率1；④B2 涡轮增压机平均转速达到40000 r/min 时，B3 增压器开启「对应约2730 kW 功率。柴油机低功率试验功率约2400 kW,A1/A2/B1/B2 投运，B3 正常不会投运：调速器在发出B1 启动命令后的5 s 内.如没有接收到B1 涡轮增压机的转速信号，则判断B1 涡轮增压机启动失败，同时启动B2 涡轮增压机，以此类推",
2 号机组打闸后，盘车转速探头P3 故障,04 月04 日，2 号机组应电网要求调停，于04 月05 日07 ：30 打闸停机，停机后仪控人员发现2GGR001AR 控制箱内P3 显示屏显示“READY”，但是P3 显示屏显示读数与P1 /P2 不相同。汽轮机惰转达到8r/min 时主盘车将不能自动啮合,将导致主盘车不能自动啮合,已采取的行动措施：oncall 仪控检查处理，仪控人员发现2GGR001AR #控制箱内P3 显示屏显示异常之后，判断为P3 转速探,探头灵敏度降低,仪控处理反馈1 ）检修步骤：①确认主盘车电机已停运：②用塞尺测量2GGR001MC 的间隙为0 . 9mm；③调整2GGR001MC 间隙为 0 . 5mm；4 重新投入盘车电机，并由电气人员恢复报警，确认 2GGR001MC 显示正确。2 ）故障原因分析：探头灵敏度降低,"1 ）盘车啮合只有两种情况：①汽轮机从1500r/min下降时在 8r/min,P1/P2/P3显示相同自动啮合；②汽轮机在静止时啮合。 2 ）盘车转速探头P1/P2/P3，布置如下，第12 步P1 & 2P3+图1 主盘车内部结构示意图①检测器P1 和P2 测量汽轮机大轴端部的大齿轮转速，它们由大齿轮轮齿触发。②检测器P3 测量盘车电动机 转速并由蜗杆传动装置挠性联轴器上螺栓头触发。3 ）经验知识：1 在汽轮机打闸后盘车电机启动后，需对转速卡件GGR001AR 上P1 、 P2 、P3 进行检查。若P3 卡件转速显示异常，采取按压GGR001MC 探头固定支架方式尝试使转速恢复正常，保证汽轮机8r/min 附近时 盘车啮合正常。
②在盘车电机启动后需对盘车控制柜上GGR001AR上转速显示进行检查，检查确认P1、P2、P3转速显示正常。③汽轮机惰转过程中需关注GGR001AR控制面板如果盘车无故障，GGR001AR控制箱内P1显示屏需要显示“READY”，P1/P2显示屏显示读数相同（显示当前汽轮机大轴转速），P3不断跟随大轴转速变化（显示当前盘车电机转速），当P1/P2与P3显示一致时，盘车啮合带动大轴转动。否则达到8r/min时主盘车将不能自动啮合",
2ABP403VL现场出现过扭矩报警，KIC上显示大红色,2ABP403VL现场出现过扭矩报警。KIC上显示大红色,影响3A/4A低加水侧的投运,已采取的行动措施：1）安排现场检查确认阀门实际状态在全关状态，检查电动头存在关力矩报警；2）oncall维修电气检查处理,关行程偏差造成过扭矩报警,电气处理反馈：1）检修措施及步骤：①D现场检查2ABP403VL阀位在1%时出现关力矩报警；②确认阀门已至全关位，重新设定电动头关限位后报警消除；③对电动阀门进行开关操作，通知运行人员对阀门进行验证；④工作结束后，清理现场；2）故障原因分析：关行程偏差造成过扭矩报警,ABP403VL（4A低加出水电动阀）的控制逻辑：1)开启条件：3/4A低加液位均不高&lt;38mm。2）自动关闭：①3A低加解列；②4A低加解列,
2AC0301P0处于停运状态，主控出现泵电机线圈温度高高和高报警,执行2AC0系统A列在线时，执行到准备启动2AC0301P0时， 发现主控有2AC0301P0定子线圈温度高高和高报警,导致无法真实监测定子线圈温度,已采取的行动措施：1)查看和执行报警卡；2)安排现场检查 2AC0301P0 外观未见异常，点温电机外壳未见温度异常；3) oncall 仪控检查处理,2AC0403KT 接线松动,仪控处理反馈：1)处理措施：①打开2AC0102BC 接线盒；②根据 端接文件检查2AC0403KT 接线，发现接线松动紧回后报警消失。2) 故障原因分析：2AC0403KT 接线松动,低加疏水泵A 电机定子线圈温度AC0403/404/405/406/407/408KT ≥145℃时，将产生3AC0032KA（低加疏水泵A 电机定子线圈温度 高高）报警,
2ADG除氧器液位控制异常切手动,"16 日 19:00, 2 号主控操纵员巡盘发现 2ADG002KU/2CEX025VL/2CEX026VL (除氧器液位控制回路) 处于手动控制状态。立即查看除氧器液位及其变化趋势, 发现除氧器液位从 16:11 左右切手动, 随后液位缓慢上升至 360mm。17 日 16:01, 主控室再次出现 2ADG002KU/2CEX025VL/2CEX026VL 切手动现象, 除氧器液位下降至 280mm
1ADG101SN（除氧器抽汽止回阀后疏水袋水位高液位开关）、102SN（除氧器抽汽止回阀后疏水袋水位高高液位开关）触发的疏水袋高液位、高高液位报警长期存在，导致疏水阀1ADG143VV一直保护开启","导致除氧器液位控制异常切手动, 丧失自动控制, 引起除氧器液位控制偏差
导致除氧器抽汽止回阀后疏水袋水位高液位/高高液位长期触发，导致疏水阀1ADG143VV一直保护打开，导致部分除氧器部分抽汽被旁通，影响汽轮机热效率","已采取的行动措施: 1) 主控调整除氧器液位到正常值后, 恢复 2CEX002KU、2CEX025/026VL 自动, 并保持关注; 2) 安排现场检查 2CEX025/026VL 阀门供气情况, 未见异常; 3) oncall 仪控检查处理
已采取的行动措施联系仪控检查处理","2CEX025VL 阀位控制命令回路信号比较器处接线松动
1ADG101SN、1ADG102SN根阀没开，积水造成液位长期高报","仪义控处理反馈 1) 工作过程: ①确认机组功率稳定; ②执行工作方案《F02-MA-TD-1150672ADG 液位控制回路异常切手动缺陷处理方案》; ③确认接线紧固, 故障消除。2) 故障原因分析: 2CEX025VL 阀位控制命令回路信号比较器处接线松动
电气处理反馈1）工作过程：D1ADG101SN、1ADG102SN高液位、高高液位检查；②恢复仪表至正常状态，检查确认故障解除。2）故障原因分析：1ADG101SN、1ADG102SN根阀没开，积水造成液位长期高报",ADG143VV 的控制逻辑：1 ）手动开启信号：KIC 开启；2 ）手动关闭信号：KIC 关闭；3 ）自动开启信号：汽轮机跳闸或汽轮机负荷≤30 ％或疏水袋液位ADG101SN 高或关ADG001VV ;4 ）自动关闭信号：汽轮机跳闸且汽轮机负荷≤30 ％且疏水袋液位ADG101SN 高且关ADG001VV 信号消失后2 s ;5 ）保护开启信号：疏水袋液位 ADG102SN 高高,
2ADG除氧器液位控制阀门2CEX025VL/2CEX026VL异常切手动,"16 日19:00,2 号主控操纵员巡盘发现L 2ADG002KU/2CEX025VL/2CEX026VL（除氧器液位控制回路）处于手动控制状态。立即查看除氧器液位及其变化趋势，发现除氧器液位从16:11 左右切手动随后液位缓慢上升至360mm。17 日16:01，主控室再次出现2ADG002KU/2CEX025VL/2CEX026VIL 切手动的现象，除氧器液位下降至280mm",导致除氧器液位控制异常切手动。丧失自动控制，引起除氧器液位控制偏差,已采取的行动措施：1）主控调整除氧器液位到正常值后，恢复2CEX002KU、2CEX025/026VL 自动，并保持关注；2）安排现场检查2CEX025/026VL 阀门供气情况，未见异常；3）oncall 仪控检查处理,2CEX025VL 阀位控制命令回路信号比较器处接线松动,仪控处理反馈1 ）工作过程：①确认机组功率稳定；②执行工作方案《FQ2-MA-TD-I150672ADG 液位控制回路异常切手动缺陷处理方案》；③确认接线紧固，故障消除。2 ）故障原因分析：2CEX025VL 阀位控制命令回路信号比较器处接线松动,,
2AGM001VN现场开度与主控显示开度不符，2AGM001VN主控显示开度为43%，但输出开度为100%，就地查看其开度已全开,电动给水泵组A工作冷油器冷却水出口调阀2AGM001VN现场开度与主控不符，2AGM001VN主控显示开度为43%，但输出开度为100%，就地查看其开度已全开,导致主控无法准确查看2AGM001VN的实际开度：影响2AGM001VN的控制可靠性,已采取的行动措施：1)安排现场检查确认2AGM001VN阀门实际已全开；2)主控确认主给水泵A工作油温度正常；3)确认阀门仅用压空供气正常；4)提工作申请(WR)由仪控检查处理,定位器反馈松脱或参数设置错误,,AGM001VN/002VN/003VN 为电动主给水泵工作油冷却器冷却水调节阀，用于控制工作油温度在设定值,
"2AHP507VV主控显示大红色,同时主控触发2AHP109KA(AHP系统抽汽疏水阀故障)报警",2AHP507VV 主控显示大红色，同时主控触发 2AHP109KA (AHP 系统 抽汽疏水阀故障) 报警，现场核实 2AHP507VV 卡涩，阀门就地可 以手动全关，开启最多只能到 40%左右,降低了 6A 高加抽汽管线疏水的可靠性,已采取的行动措施：1)查看和执行报警卡，检查发现 2AHP507VV 显示大红色；2)安排就地核实发现 2AHP507VV 卡涩，阀门就地可 以手动全关，开启最多只能到 40%左右；3) oncall 维修机械检查 处理,2AHP507VV 阀门气动执行机构膜片破裂,"行机构膜片破裂。4)工作过程：①主控召开工前会后现场实施隔 离；②气动头各个部位做好记号，转动手轮释放弹簧紧力；③拆 卸气动头气源管线并安放牢固；④拆卸阀杆联轴器螺栓并取下联 轴器上半部分；松开气动头上下气缸之间锁紧螺栓，留四条长螺 栓慢慢松开全部释放弹簧紧力；⑤取下膜片及膜片托盘，检查为 膜片损坏；⑥使用钢丝刷对膜片托盘进行打磨抛光；
8 清洁度检查，回装膜片托盘并在托盘周围涂抹凡士林，安装膜片 (PB700BADHACFORSIZE2*2);?回装上气缸并均匀紧固气缸中间锁 紧螺栓，最终力矩：30N·m；0回装阀杆联轴器并在螺栓处涂抹螺 纹锁紧胶：①回装气缸供气管线，调整阀门开关位置；②联系主控 办理临时摘牌对阀门进行供气；③由主控将阀门从手动状态切换至 自动状态：14 现场观察阀门开关正常",AHP507VV (6A 高加进汽阀后疏水阀 D 的控制逻辑 1) 自动开启：疏 水袋液位高 AHP101SN 触发。2) 保护开启：疏水袋液位高高 AHP102SN 触发。3) 自动关闭：自动开启信号消失后 2s,
2APA215VL全开，但是主控显示半开半关,2APA215VL全开，但是主控显示半开半关将2APA215VL置手动,2APA215VL显示半开半关，使得2APA203KS 灯灭，导致给水泵无启动允许,已采取的行动措施：1 ）安排现场检查阀门实际开度，现场实际全开，确认阀门限位触发情况；2 ）检查阀门仪用压空供气情况， 未见异常；3 ）oncall 仪控检查处理,2APA215VL阀门开限位未触发,仪控处理反馈：1 ）检修过程：①对2APA215VL阀门开限位开关进行检查，发现开限位开关未触发；②对2APA215VL阀门开限位开关调整为触发状态、主控显示正常。2 ）故障原因分析： 2APA215VL阀门开限位未触发,APA220VL在给水泵转速<6r/min时，闭锁切置手动控制。 APA215VL切手动控制不受该转速限制,
2APA302P0停运时触发泵反转信号,中班2号机按计划执行主给水泵切换操作，由3号泵切换至2号泵运行。在停运2APA302P0时主控触发2APA303KA给水泵C反转报警(2APA303KA)并联锁自动关闭泵出口阀2APA313VL。主控查看2APA302P0转速先下降(停泵时)后上升(反转)最后下降至0(出口阀开始关闭后)，整个过程持续时间约1.5min。随后现场复位反转信号、主控重新打开出口阀，报警未再次触发,1)反转信号出现将导致给水泵C无允许启动信号，影响主给水泵备用可靠性。无法实现备用启动功能。2)泵反转可能对泵和电机产生不利影响,"已采取的行动措施：1)立即查看和执行报警卡，按报警卡检查确认主给水泵出口阀2APA313VL已自动关闭，查看主给水泵C转速2APA301MC变化趋势，查看是否存在仪表故障情况： 2)主控加强关注主给水泵反转时轴承振动和轴承温度变化趋势：3)立即检查2AGM301P0处于运行，确保反转时，润滑油供应正常：4)调查趋势发现主给水泵C出口压力和中压管道压力未见明显上涨情况，安排现场检查中压管线安全阀2APA331VV未见动作，未见安全阀出口蒸汽跑出的情况；5)检查除氧器压力和液位未见明显上升情况；6)反转停止后，安排现场复位反转信号；7)确认故障原因后，恢复开启出口阀2APA313VL开启，将3号泵置正常备用状态；8)联系维修机械、设备管理分
建议后续行动：维修机械、设备管理分析3 号主给水泵停运期间真实反转的可能性、潜在影响，消缺和制定后续APA 泵停运时防止泵反转的技术施",1 ）探头安装问题，反转信号为误触发，泵未发生真实反转，产生反转信号的原因为转速探头方向发生了反向。2 ）在进行给水泵切换操作过程中，先将给水泵切换至手动控制模式再将给水泵转速手动控制到最小转速位置（约600~700r/min ，此时勺管位置已处于最小位置），最后在KIC 手动断开泵电机电源。随后主给水泵和电机失去动力电源，进行自由惰转。在电机停运约7s 后主控出现了主给水泵反转信号，并伴随转速上升和泵出口电动截止阀保护关闭现象。在电机断电后，即使泵组失去动力，由于电机质量和转速均大于给水泵，液力耦合器已经保持在最小位置，正常惰转时电机带动主给水泵进行惰转，转速曲线呈现类似抛物线曲线。在转速为170 r/min 左右产生了泵反转信号。反转信号触发导致勺管发生动作（当转速控制系统处于手动控制模式时，反转信号C 触发会导致勺管动作到最大位置），导致处于更高速度惰转的电机带动给水泵转速上升,"仪控处理反馈：1 ）故障原因分析：①探头安装问题，反转信号为误触发，泵未发生真实反转，产生反转信号的原因为转速探头方向发生了反向。②在进行给水泵切换操作过程中，先将给水泵切换至手动控制模式，再将给水泵转速手动控制到最小转速位置 （600~700r/min ，此时勺管位置已处于最小位置），最后在KIC 手动断开泵电机电源。随后主给水泵和电机失去动力电源，进行自由惰转。在电机停运约7s 后主控出现了主给水泵反转信号，并伴随转速上升和泵出口电动截止阀保护关闭现象。在电机断电后，即使泵组失去动力，由于电机质量和转速均大于给水泵，液力耦合器已经保持在最小位置，正常惰转时电机带动主给水泵进行惰转。转速曲线呈现类似抛物线曲线。在转速为170r/min 左右产生了泵反转信号。反转信号触发导致勺管发生动作（当转速控制系统处于手动控制模式时，反转信号C 触发会导致勺管动作到最大位置），导
2 ）主要应对措施和建议：①出现反转时可以采取关闭备用泵组的暖泵水阀门进行验证报警是否仍触发；②在触发反转报警后，尽早安排就地手动复位报警",反转转速探头的安装要求，安装时需要保证1 ）探头的轴向方向同齿轮轴垂直2 ）保证探头表面同齿轮表面间隙在合适范围内；3 ）保证方向标记点的方向正确：4 ）保证探头上平面的方向同齿轮侧面平行。若不满足上述要求可能导致的现象有：1 ）安装间隙正常 时，转速正常，反转信号不能触发，探头反转功能不能实现；2 ）安装间隙正常时，转速正常，反转信号每次均触发；3 ）若探头上平面的方向同齿轮侧面方向在相差20 度附近时，探头会表现为偶发性出现转速反转信号。推测感应点1 探头方向标记点平面方向推测感应点2 图1 反转转速探头安装要求示意图反转信号参与的控制逻辑：1 ）润滑油泵联锁选择开关501KC 选择在interlock 位置＆给水泵反转信号AGM102SY ，自动启动润滑油泵；2 ）参与给水泵允许启动状态正常（APA103KS 或203KS 或303KS 亮）信号：给水泵最小流量隔离阀和再循环阀全开和给水前置泵进口阀全开及给水泵不反转（或给水泵A 不在最小转速位置时,
2APG002RF法兰漏水处理,执行F02-RPB-T-024试验过程中，根据规程逐步减小经过再生热交换器2APG002RF的排污流量，当排污隔离阀全关后，现场发现2APG002RF法兰处（APG侧）出现柱状漏水，约筷子粗，呈喷射状。导致再生热交换器2APG002RF不可用003LP6'88 0S00008YT006LT区IA0800008 114.3002RF100VLSACTA9601IA860 区IALL0必IA1801 6000L'9ZL01011 800文,APG系统再生式换热器不可用,已采取的行动措施：1)现场发现2APG002RF法兰处（APG侧）呈线状漏水，约筷子粗；2）主控立即oncall维修机械人员进行检查处理；3）主控安排现场将2APG096VL、2APG100VL手动关闭，隔离漏点；4）投运2APG001RF建立排污流量至35t/h,2APG002RF入口法兰垫片密封失效,机械处理反馈：1 ）故障现象：执行FQ2 -RPB -T -024 试验过程中，根据规程逐步减小经过再生热交换器2APG002RF 的排污流量，当排污隔离阀全关后，现场发现2APG002RF 法兰处（APG 侧）出现柱状漏水。约筷子粗，呈喷射状。2 ）处理进展：①机械办理紧急票对2APG002RF 漏水法兰进行紧固：②检修结束后当班重新投运 2APG002RF ，排污流量调至30t /h 运行20min ，漏点不再渗漏；③逐步恢复APG 排污流量至70t /h ，观察0 . 5h 漏点无泄漏。3 ）检修步骤：机械将力矩值加至1300N ·m 后泄漏控制在约9s 1 滴，根据经验，待2APG002RF 投运后泄漏会逐渐减小；4 ）故障原因分析：机械检查后反馈泄漏原因为2APG002RF 人口法兰垫片密封失效,手动调节过程着重需要注意以下逻辑：1 ）APG100VL 自动关闭信号：当APG087VL 非全开或者存在002RF 冷却水异常信号。2 ） APG002RF 冷却水异常信号：①002RF 人口冷却水压力低（005SP -1 MPa ）延时10s ;②002RF 冷却水温度高（005ST -190℃）延时8s ;③002RF 冷却水流量高（403XU -185t /h ）延时11s 。3 )2APG087VL 自动关闭信号：002RF 人口冷却水压力低（005SP -1MPa ）且100VL 全开,
2ARE055VL电动阀显示“旋钮硬件故障,2ARE055VL电动阀显示“旋钮硬件故障,影响阀门开关操作,已采取的行动措施填写工作申请（WR）按计划处理,旋钮卡涩,"电气处理反馈1)检修步骤: ①验证隔离边界、检修设备位置: ②经检查2ARE55VL电动阀按钮卡涩, 用毛刷进行清理: ③清理完毕后故障消除; ④经运行人员确认后, 归还工作票: 2)故障原因分析: 旋钮卡涩",2ARE055VL为2号蒸发器主给水调节阀2ARE032VL上游的隔离阀,
2DEG305VN阀门现场开启后，冷冻机控制屏上显示冷却水断水,夜班执行F02-DEG-C-001DEG冷冻机组手动切换操作票，将2DEG101GF切至2DEG301GF运行。启动2DEG301GF时，冷冻机控制屏上显示冷却水断水报警，导致2DEG301GF无法启动,冷冻机控制屏上显示冷却水断水报警，导致2DEG301GF无法自动不可用，产生随机I02：DEG1,已采取的行动措施：1）暂停冷冻机切换操作，维持正常运行的冷冻机运行；2）安排现场检查2DEG301GF冷却水（设冷侧）在线，未见异常；3）oncall仪控检查处理,冷却水流量差压开关2DEG303SP仪表本体内的顶针位移，导致仪表定值漂移,义控处理反馈：1)检修措施及步骤：①通过查询图纸和现场控制面板上，判断故障原因为2DEG303SP产生;②对2DEG303SP进行检查，发现仪表本体内的顶针产生了偏移，手动恢复顶针的位置，并固定；③对2DEG303SP进行校验，经过调整后，仪表校验合格；④请运行人员启动2DEG301GF，2DEG303SP显示正常；2）故障原因分析：2DEG303SP仪表本体内的顶针位移，导致仪表定值漂移,DEG冷冻机上装的水量差压控制器只起断水保护开关作用，不能测量和控制水流量。DEG冷冻机组冷冻水侧断水保护整定值为35kPa；DEG冷冻机组冷却水侧断水保护整定值为27kPa,
2DEL001AR上135LA冷冻水压力低故障报警,2DEL001AR上135LA冷冻水压力低故障报警,导致产生冷冻水压力低报警,已采取的行动措施：提工作申请WR按计划处理,系统的实际压力低导致报警故障出现，压力恢复后，需要进行 复位，复位后，报警信号消除,"仪控处理反馈：1）检修措施及步骤：①关闭2DEL001LPD的根 阀并对2DEL002LP进行校验，仪表合格，开启根阀；
②关闭2DEL009SP 的根阀，将2DEL009SP 现场进行校验，测得仪表超出误差范围，对2DEL009SP 调整满足要求合格后回装，但是 2DEL001AR 上135LA 报警灯仍然亮着，判断压力低报警跟仪表无关，沟通运行对2DEL001AR 上的报警复位后，报警灯消除；3 ）因使用了了1DEL 系统的冷冻水，导致系统压力低，导致2DEL001AR 箱上的报警信号出现。压力恢复后，需要进行复位复位后，报警信号消除。2 ）故障原因分析：系统的实际压力低导致报警故障出现，压力恢复后，需要进行复位，复位后，报警信号消除",,
2DEL001GF冷却水流量保护故障跳闸,2DEL001GF 跳闸，就地查看2DEL001GF 就地PLC 控制面板故障信息上面显示“冷却水流量保护”，由于报警无法复位，冷冻机组无法启动，同时导致2DVC105MZ 湿度高报警触发,2DEL001GF 无法启动，导致不可用，产生I02:DEL1;2DEL001GF 跳闸导致2DVC105MZ 湿度高报警触发，产生第二组IO:DVC1,已采取的行动措施：1 ）将2RRI004P0 和2SEC004P0 启动，启动2DEL002GF:2)oncall 仪控检查处理,2DEL109SP 定值漂移,仪控处理反馈：1 ）检修措施及步骤：D 确认2DEL109SP 设备位置：②将2DEL109SP 的隔离阀隔离，拆卸2DEL109SP ，经校验，发现定值漂移有漂移，定值是低报报30kPa ，漂移到了72 . 8kPa ，对其进行调整，合格后回装。2 ）故障原因分析：定值漂移,,
2GGR001VD开度在3.6%~13.7%之间周期性波动,"21:46,2GGR001VD突然关小，之后在3.6%~13.7%之间持续周期性波动，导致2GGR油温在41~48℃之间周期性波动。2GGR001VD波动一段时间后，继而又恢复稳定，开度维持在5.2%","影响润滑油油的控制稳定，导致2GGR系统油温、回油温度、轴承温度均呈周期性波动，存在以下风险： 1)GGR系统油温、回油温度、轴承温度可能呈周期性波动，影响汽轮机轴承润滑，可能导致汽轮机振动增大，影响汽轮机正常运行； 2)润滑油GGR102MT温度正常为45±1℃，若GGR001VD故障导致润滑油温度波动，可能触发润滑油温度低报警（35℃），高报警（50℃），高高报警（60℃）；3）润滑油回油温度GGR321-330MT正常为35~60℃，高报警值60℃，高高报警65℃，根据报警卡要求，润滑油回油温度达到高高报警65℃需手动打闸停机；4)发电机径向轴承温度GGR309/319/310/320MT正常值<115℃，高报值115℃，高高报警值130℃，根据报警卡要求，发电机径向轴承温度达到高高报警130℃需手动打闸停机；
5）汽轮机径向轴承温度GGR301-306MT、GGR311-316MT正常值<115℃,高报值115℃,高高报警值130℃,任一径向轴承温度2/2达到高高报警值参与软件跳机;6）汽轮机推力轴承温度GGR340/341/342/343MT正常值<95℃,高报值95℃,高高报警值110℃,任一推力轴承温度2/2达到高高报警值参与软件跳机","已采取的行动措施:1）密切监视汽轮机相关参数:2)oncall维修仪控、设备管理人员进厂检查:3）运行做好事故预想,熟悉预案和规程","2GGR001VD现场阀门开度5%左右时,阀门控制较为灵敏,当2GGR102MT温度波动时,2GGR001VD开度变化过快,阀门的相应调节无法及时使温度稳定,故阀门会处于一直波动调节中","仪控处理反馈1)检查内容:2GGR001VD受润滑油母管温度2GGR102MT控制。当2GGR102MT温度超过46℃时,每30s发一个0.8s的开阀指令,当2GGR102MT温度低于44℃时,每30s发一个0.8s的关阀指令。2GGR001VD现场目前阀门开度5%左右,阀门控制较为灵敏当2GGR102MT温度波动时,2GGR001VD开度变化过快,阀门的相应调节无法及时使温度稳定,故阀门会处于一直波动调节中。2)处理措施:实施TCA:将“温度超过46℃或低于44℃时,每30s发一个0.8s的开关阀指令”修改为“温度超过46℃或低于44℃时,每45s发一个0.8s的开关阀指令”降低阀门的调节灵敏度(该TCA已转永久变更)。3)故障原因分析:2GGR001VD现场阀门开度5%左右时,阀门控制较为灵敏,当2GGR102MT温度波动时,2GGR001VD开度变化过快,阀门的相应调节无法及时使温度稳定,故阀门会处于一直波动调节中",CCRO01VD的控制逻辑:1）自动控制：GGR001VD阀门开度自动控制由润滑油母管温度GGR102MT控制，GGR102MT控制设定值为45℃，在44~46℃之间GGR001VD不进行调节，当润滑油母管温度GGR102MT温度超过46℃时，DCS每30s给GGR001VD下发一个持续时间为0.8s的开阀指令，当润滑油母管温度GGR102MT温度低于44℃时，DCS每30s给GGR001VD下发一个持续时间为0.8s的关阀指令。即GGR001VD自动调节模式为每30s判断一次，若,
2GRE004VV故障关闭,12：16，2号机组并网后，带初始负荷55MW，继续升负荷至220MW过程中，170MW时（13：13：53），2GRE004VV突然全关，出现2GRE355KA（调节阀控制回路——扰动）报警、2GRE323KA（4号高压调节阀控制回路扰动报警,1）影响汽轮发电机组的正常安全运行，可能产生不利的汽轮机振动，需密切关注汽轮机参数；2)2GRE004VV突然开启，蒸汽流量突然增加，可能导致一回路热功率增加,已采取的行动措施：1)暂停升功率；2）加强监视汽轮机振动情况：3）oncall仪控检查处理,航空插头脱落,"仪控处理反馈1 ）检修过程：①取得工作许可证，与运行人员交流信息：②验证隔离边界、检修设备位置；③对2GRE004VV 阀门控制卡检查，阀门行程位置信号故障：
④就地测量送到GRE 系统的4~20mA 反馈为0 ，其他送到GME 系统和DCS 的电流信号正常：检查GRE 阀门行程位置信号发现 2GRE047MM 插头脱落，将接头重新插紧：③检查GRE 系统机柜 2GRE004VV 阀门控制卡无任何故障报警：7 工作结束，清理现场：8 归还工作许可证，运行人员验收。2 ）故障原因分析：航空插头脱落",1 ）GRE355KA（调节阀控制回路各一一扰动）报警触发的原因有：①中调阀或高调阀闭环控制扰动：②电源丢失；③任一中压调节阀阀位闭环控制故障。2)GRE323KA(4 号高压调节阀控制回路一扰动）报警触发的原因有：①电源丢失；2)②4 号高压调节阀阀位闭环控制故障,
2NCS001AR有故障报警.2号测控屏通讯板故障，导致2AVC007KA消失,14:00左右2AVC007KA：AVRSETPOINTLOWERINTERLOCK（AVR减磁） 消除。电气检查反馈2NCS001AR有故障报警，2号机组测控屏通讯板故障，导致2AVC007KA消失,导致减磁闭锁报警消除,已采取的行动措施：1)查看和执行报警卡；2)oncall电气检查处理,2号发变组测控屏通讯板卡故障,电气处理反馈1)检修步骤：①召开工前会：②断开2NCS001AR500kV2号发变组测控屏内装置电源空开F201、F202、F001;③更换通讯板卡CP-2017；④闭合2NCS001AR500kV2发变组测控屏内装置电源空开F201、F202、F001;5检查测控装置重启正常。2）故障原因分析：2号发变组测控屏通讯板卡故障,1)机组AVC出现增磁闭锁或减磁闭锁信号，表示机组实际参数已越AVC系统参数限值，在光字信息中可查看具体越限参数，属于正常情况。如同时出现增磁闭锁、减磁闭锁，表示系统异常，机组AVC系统应退出；2)AVC运行期间，在减磁闭锁的情况下，6kV的母线1L6*的电压持,
2RCV059VV阀门严重漏氢处理,"12月19日中班对2RCV002BA供氢管线(NX区域)进行查漏(背景:OSHY压力异常降低)。现场利用氢表查漏过程中发现2RCV059VV阀杆处漏氢,氢表已达满量程","1)2RCV059VV氢气泄漏可能产生氢爆,造成设备及人身伤亡。另外,其所在厂房空间较小,增加了氢爆概率;2)2RCV059VV氢气泄漏将使耗氢量增加,可能导致OSHY管网压力过低;3)吹扫氮气室息风险;4)吹扫不彻底,氢气进入RCV002BA",已采取的行动措施：1）利用2RCV503VY，接临时软管至该层大厅空旷区域，并控制工作区，吹扫过程中实时监测排气成分。完成后恢复隔离边界并保持2RCV503VY开启；2）氮气置换氢气：维修更换工作结束后，利用2RCV503VY接临时软管至该层大厅空旷区域，并控制工作区，通过氮气置换维修过程中可能进入的氢气，吹扫过程中实时监测排气成分。完成后恢复相关阀门初始状态并再次检查隔离边界；3）管线投运后需关注容控箱压力及一回路溶氢量，后续现象显示置换后管道内的氮气量并未对相关参数造成影响,阀门膜头和密封环损坏,"机械处理反馈1）检修步骤：①配合运行安装吹扫管线；②拆卸阀门，并持续测氢；③解体阀门更换损坏的膜头及密封环后回装；
④运行验证合格并拆除吹扫管线：2 ）故障原因分析：阀门膜头老化破损",氮气置换氢气时，2RCV057VY 与2RCV059VY 之间的死管段无法吹尽。但由于该段管道现场实际布置非常短，因此可通过以下方法解决：氮氢置换完成（临时软管出口未检测到氢气）并恢复边界后通知维修人员开工，将2RCV059VY 拆除后立即搬运至大厅空旷区域进行薄膜更换，死管段内少量氢气可通过房间通风及防火门的临时开启保证其有效扩散,
2RIS021P0上游开关2LLE4101JA 故障跳闸,21:02 ，主控触发2LLA011KA（LLE 总故障），2RIS435KA（硼酸再循环回路流量低），查看KIC 画面发现硼酸再循环泵2RIS021P0 故障停运,2RIS021P0 故障跳闸停运，而2RIS022P0 此时处于备用停运状态导致两台RIS7000ppm 再循环泵不可用，产生随机I01: RIS8,已采取的行动措施：1 ）查看和执行报警卡，主控查看处于运行的 2RIS021P0 故障跳闸；2 ）安排现场检查2RIS021P0 上游电源 2LLE4101JA ，确认开关故障跳闸；3 ）安排现场将2RIS021P0 切换到 2RIS022P0 运行，2RIS022P0 运行后，消除第一组I0: RIS8 。故障的 2RIS021P0 不可用仍存在第二组I02: RIS7 ;4 ）oncall 维修电气人员检查处理,2LLE4101JA 监测熔断器001FU 状态的微动开关故障，常开触点闭合，导致跳闸继电器001XD 得电，主回路跳闸，2RIS021P0 停运,"电气处理反馈，1 ）缺陷描述：2LLE4101JA（下游负荷2RIS021P0 ）抽屉停运指示灯亮，故障灯亮。2 ）故障原因：监测熔断器001FU 状态的微动开关故障，常开触点闭合，导致跳闸继电器001XD 得电，主回路跳闸，2RIS021P0 停运。
3）处理措施：①检查确认2LLE4101JA抽屉出线紧固，无变色、过热情况；②测量下游负荷绝缘&gt;550MQ，三相直阻均为1.92，数据合格；③检查确认抽屉主回路、一次接插件接线紧固，无变色、过热情况；④检查抽屉主回路熔丝001FU导通情况正常；⑤检查确认热继电器未动作；⑥测量监测熔断器001FU状态的微动开关常开触点闭合：常闭触点断开，状态异常，确认损坏；⑦更换同型号微动开关；联系运行将2LLE4101JA推入合闸：9启动j2RIS021PO，测量三相运行电流均正常，无报警",RIS021PO硼酸再循环泵的控制逻辑，无自动启停信号。手动启动信号：就地机柜上RIS053CC置于START；手动停运信号：就地机柜上RIS053CC置于STOP,
2RPE011P0处于自动位在2RPE015PS高液位时未启动，打手动后按启动也无法启动,2RPE015PS液位已快溢出，2RPE011P0处于自动位在2RPE015PS高液位时未启动，打手动后按启动也无法启动。注：2RPE011P0已多次发生相似异常，上次发生在2018年1月8日中班，需更换相关浮球开关,导致2RPE011P0无法启动，2RPE015PS有满溢分风险,已采取的行动措施：1）现场尝试将泵置于手动，按启动按钮后泵未能启动；2)oncall仪控检查处理,2RPE137/138/139SN三个液位开关翻转触发不灵敏,仪控处理反馈：1）检修步骤：①D现场确认设备位置，并通知主控开工，确认2RPE011P0置于手动状态；②检查2RPE137/138/139SN，发现三个液位开关均有翻转触发不灵敏现象；③联系系统工程师，更换2RPE137/138/139SN，并对定值及位置进行调整，确认开关可以正常触发；④恢复设备至初始状态，请运行人员配合分别在手动模式下模拟开关触发，2RPE011P0均可以正常启停，验证合格。2）故障原因分析：2RPE137/138/139SN三个液位开关翻转触发不灵敏,2RPE015PS地坑泵2RPE011P0的控制逻辑：1）自动启动：就地控制柜上211CC置于AUTO位置&地坑高液位开关2RPE138SN角触发液位高，2RPE011P0自动启动；2）手动启动：就地控制柜上211CC置于MANU位置&就地控制柜上按下启动按钮211T0，2RPE011P0启动3）自动停运：地坑低液位开关2RPE137SN触发液位低信号，2RPE011P0自动停运（无论泵处,
2RPE035P0就地手动无法启动，在上游电源开关上用试验盒也无法启动,2RPE023PS 坑内排水泵2RPE035P0就地手动无法启动，在上游电源开关上用试验盒也无法启动,2RPE023PS 的积水较多，2RPE035P0不可用影响正常排水,,,2RPE035P0 低液位浮子卡涩,KX 广房地坑 HBPE022PS1 疏水泵 RPE035PO 的控制逻辑：RPE035PO 启动信号：1RPE023PS 坑高液位开关 RPE183SN 液位高触发或就地控制箱上手动启动命令：②泵没有运行 2.5min；③RPE023PS 坑低液位开关 RPE193SN 液位低没有触发：④没有手动停运命令：5 没有 KRT051MA、052MA、053MA、054MA 之一触发的放射性高 2 报警。同时存在上述信号时，泵将启动，否则泵将停运,
2VVP174VVh阀门限位开关故故障，现场已完全关闭阀门，但主控未关闭，报警依旧存在,2D10-01B：2GCT主汽门前管线在线时，2VVP174VV全关限位无法触发，现场已完全关闭阀门，但主控未关闭,2VVP174VV全关限位无法触发,已采取的行动措施：oncall 仪控检查处理,限位开关松动,仪控处理反馈——工作过程:1）现场核实设备，确认2VVP174VV限位开关松动；2)对2VVP174VV关限位开关进行紧固调整；3）确认2VVP174VV关限位开关能正常动作恢复,VVP174VV是1号蒸汽发生器供氮气管线隔离阀：正常关闭防止高温蒸汽泄漏,
2号主控KIC触发2RGL410KA（CCS运行故障）报警,20:15:57，2号主控触发2RGL410KA（CCS运行故障），KIC画面中2RGL410KS灯亮，RGL各组控制棒未见异常动作，现场检查2RGL301AR（反应堆功率控制（CCS）机柜）上故障灯亮，柜门未异常开启,根据报警规程，报警触发原因可能为CCS机柜柜门开启（经现场查看已初步排除）、电源故障或CCS机柜模块丢失。经咨询仪控专业人员，CCS机柜电源及模块为双冗余设计，若单路故障，则冗余度降低，不直接影响RGL系统运行；若双路电源或模块故障，则可能导致部分控制棒组无法正常动作（不会直接导致落棒）,已采取的行动措施，1）查看和执行报警卡；2）主控检查RGL系统画面，现场查看CCS机柜确认故障情况，发现2RGL301AR故障灯亮；3）oncall仪控人员进厂检查处理；4）主控密切监视2RGL系统运行情况，避免可能导致控制棒动作的操作,反应堆控制柜2RGL301AR控制平台自诊断发现错误。后续自诊断未再次出现异常，触发报警以提示用户，对2RGL系统可用性无影响，无需处理,,RGL系统卡件自诊断报警，2h后将自动消失,
2号机组主盘车反复啮合后又脱开,夜班2号机组降功率打闸以便维修2CEX102CS钛管泄漏缺陷，汽轮机打闸后，当盘车转速下降至约8r/min时，2GGR001SM变亮，2GGR002SM不亮，显示盘车啮合，但几秒过后，2GGR001SM重新变为不亮，2GGR002SM重新变亮，即盘车重新脱开。如此反复几次，均是如此。经询问现场操作人员和保驾人员。反馈就地盘车也是短时啮合后脱开,导致主盘车反复啮合又脱开，无法正常投入：存在汽轮机转子受热不均弯曲变形的风险,,汽轮机进气阀门存在轻微泄露，泄露的蒸汽推动汽轮机转子转速上升而脱开啮合,运行处理反馈，1）处理措施：①查看汽轮机解列后的转速下降曲线，降至8r/min 用时接近3h。汽轮机正常从打闸1500 r/min 下降至盘车转速8 r/min 时间约为1h40 min（真空不破坏的情况下），汽轮机惰转时间明显大于上述时间，则汽轮机主调阀和主汽门可能有微量内漏；②经过分析，怀疑2GSE 和2GRE 的进汽截止阀和调阀密封性不严，导致有少量蒸汽进入汽轮机，泄漏的蒸汽推动汽轮机转子转速上升而脱开啮合；③当时一回路核功率为8%FP，为了防止主盘车由于不停地啮合、脱扣而损坏，主控团队进行了充分讨论分析并获批准后，决定适当降低一回路功率；④当一回路降至4%FP 后，主盘车啮合成功，并不再脱开。2）故障原因分析：汽轮机进气阀门存在轻微泄露，泄露的蒸汽推动汽轮机转子转速上升而脱开啮合,主盘车允许启动条件：1)润滑油压力大于100 kPa;2)顶轴油压力大于23 MPa;3)辅助盘车441VH停运状态：4)GHE 油氢压差正常（大于30kPa）,
3 号SG 给水旁路上游隔离阀2ARE061VL 电动头显示编码器硬件故障,中班巡检发现2 号机组3 号SG 给水旁路上游隔离阀2ARE061VL 电动头显示“编码器硬件故障”。正常显示为“状态OK ”。当前2ARE061VL 全开，旁路阀2ARE244VL100 ％开度向蒸汽发生器供水,1 ）若阀门异常关闭，可能导致3 号蒸发器水位较大波动；2 ）需要开关2ARE061VL 时阀门可能无法动作,已采取的行动措施：1 ）查询逻辑图，确认2ARE061VL 无自动开关逻辑；2 ）检查1 、2 号机组其他给水旁路隔离阀状态正常：3 ）联系维修电气人员检查处理；4 ）主控对SG 水位波动干预进行事故预想。建议后续行动维修电气专业尽快准备检查处理方案、消除故障,2ARE061VL 电动执行器内编码器故障,"仪控处理反馈: 1)故障现象: 2ARE061VL电动执行器显示“编码器硬件故障”。2)检查内容: ①现场检查2ARE061VL电动执行器上显示“编码器硬件故障”阀门处于100%开度,怀疑编码器板故障,需更换编码器板; ②更换编码器板后需要动作阀门来调整限位,准备好工单01522475-01,更换编码器并完成限位调整。3)检修内容及步骤(工单01522475-01): ①打开控制盒盖,拆除编码器板并做好拆接线记录②安装新编码器板并按照拆接线记录恢复编码器接线; ③联系机械人员进行开、关限位调整; ④联系主控进行远方、就地操作(开阀时间: 15s、关阀时间: 15s),均显示正常; ⑤工作结束后,清理现场; ⑥请运行人员验收后归还工作票。4)处理结果: 2ARE061VL电动头编码器已更换并进行限位调整,现已显示正常。5)故障原因: 2ARE061VL电动执行器内编码器故障","2ARE061VL为旁路给水调节阀 2ARE244VL前电动隔离阀,在功率大于20%FP时给3号蒸汽发生器供水",
3 号主控堆操站故障（黑屏和趋势显示异常）,3 号机组堆操站3KIC601WS 于12 : 06 全部黑屏，其中两块屏幕花屏。重启堆操站后发现堆操站时钟显示异常，趋势显示滞后,1 ）堆操站黑屏，主控堆操站失效，产生I02 : KIC1 ; 2 ）趋势显示异常，影响操作员对状态判断,已采取的行动措施：1 ）重新分配工作站：2 ）oncall 仪控检查处理,1 ）堆操站显卡老化导致出现偶发显卡硬件故障，工作站黑屏；2 ）由于硬件性能无法满足要求，系统硬件时间未与平台时间完成同步，出现工作站趋势显示异常问题,仪控处理反馈：1 ）故障处理情况（WOT : 00937440-01 ，处理3KIC601WS 黑屏）：①处理进展：3 号主控堆操站工作正常；②原因分析：堆操站显卡老化导致出现偶发显卡硬件故障，工作站黑屏；③处理措施：硬重启3KIC601WS 工作站；④影响评估：堆操站黑屏，主控堆操站失效。2 ）故障处理情况（WOT : 00937678-01 ，3KIC601WS 趋势显示异常处理）：①处理进展：3 号主控堆操站工作正常；②原因分析：由于硬件性能无法满足要求，系统硬件时间未与平台时间完成同步，出现工作站趋势显示异常问题；③处理措施：使用时间强制同步命令，同步硬件时间：4 影响评,运行技术规范：RP 模式下一台0WP 不可用，记录第二组IO : KIC1 ，重新分配工作站，检修必须在7 天内完成,
3 号主控堆操纵故障（黑屏）,"10:55,3 号机组堆操纵3KIC601WS 全部黑屏，左侧3 块屏幕黑屏，右侧2 块屏幕显示灰底。现象与06 月01 日故障类似，3KIC601WS 不可用",1 ) 1 个0WP 不可用，记录第二组IO ; KIC1 ，重新分配工作站，检修必须在7 天内完成；2 ）如果因为共因导致整个KIC 不可用，需要切换至BUP 控制，4 h 内不能恢复KIC ，需要机组后撤至NS /RRA 运行,已采取的行动措施：1 ）堆操立即后撤至值长站进行机组状态监视和操作；2 ）查看其他三个站监视和操作功能响应正常，查看SRV 画面显示正常，心跳信号正常；3 ）当班值停止一切不必要的KIC 操作；4 ）通过BUP 老盘台、ECP 盘台和可用KIC 工作站密切监视机组参数；5 ）熟悉IKIC 规程，做好KIC 全部失效的准备；6 )oncall 仪控人员检查。建议后续行动：06 月01 日故障后06 月03 号故障重复出现，请维修仪控尽快消除缺陷，找出根本原因，并进行全面排查,堆操站显卡老化导致出现显卡硬件故障，工作站黑屏,仪义控处理反馈：1 ）影响评估：06 月01 日，该堆操站出现屏幕黑屏现象，为显卡故障，考虑到3 、4 号机组只有一个备件（备件停产多年，已无法采购，当前仅剩一个拆机备件），跟当班值商量硬重启工作站，如果恢复正常，则先不进行备件更换，下次出现问题继续更换，当天工作站正常运行：06 月03 日，工作站再次黑屏，仪控进行工作站主机更换，现场运行正常：2 ）处理进展：3 号主控堆操站工作正常；3 ）原因分析：堆操站显卡老化导致出现显卡硬件故障，工作站黑屏：4 ）处理措施：更换3KIC601WS 工作站主机：302 大修实施KIC 系统硬件升级工作,运行技术规范：RP 模式下一台0WP 不可用，记录第二组IO ：KIC1 ，重新分配工作站，检修必须在7 天内完成,
3 号主控室触发3KC0054KA（安全A 列机柜故障报警）报警,2 :17 ，主控出现3KC0054KA 报警，现场检查3KCS115AR 故障灯亮，2h 后报警未自动消除,故障恶化将可能失去保护通道的部分监测和控制功能,"已采取的行动措施: 1)查看和执行报警卡, 现场检查 3KCS115AR 故障灯亮; 2) oncall 仪控检查处理","诊断软件分析结果显示, 该报警是由于卡件自检过程中偶发性地检测到故障信号所致, 该报警具有记忆功能, 无法自动复位","仪义控处理反馈: 1)故障现象: 主控触发 3KC0054KA 报警 (安全 A 列机柜故障报警), 就地检查发现 3KCS115AR 机柜报警灯亮, 柜内主处理器卡件 MPA 的 MAINT1 指示灯常亮; 2)影响评估: 主处理器卡件为三重余设计, 其包括 MPA/MPB/MPC 三块处理器卡件, 其中一块报警, 不影响系统正常功能运行 3) 处理进展: 通过紧急票对 3KCS115AR 机柜内主处理器卡件 MPA 进行热插拔复位, 报警已消除; 4)检修步骤: 对主处理器卡件 MPA 进行热插拔复位, 报警已消除; 5)故障原因分析: 诊断软件分析结果显示, 该报警是由于卡件自检过程中偶发性地检测到故障信号所致, 该报警具有记忆功能, 无法自动复位","KCS 机柜的自诊断报警: 处理器卡件、通讯卡件、AI 卡件件、AO 卡件、DI 卡件、DO 卡件等的自诊断报警: 1)其中最常见的自诊断报警有 AO 信号控制电流变化 (ASG 调节阀动作期间产生 KC0054KA、GCT 系统的调节阀动作时产生 KC0034KA, KC0044KA), 持续 2h 后消失; 2)通讯卡、DO 卡自诊断报警, 根据卡件所在的位置不同可以产生各个报警, 持续 2h 后消失; 3)处理器 MP 卡件故障报警, 其他类型的故障报警, 报警持续 2h 后不消失",
3 号主控触发3RGL015KA(G1 棒组故障）报警,14:25~14:30 时间段内，主控频繁闪发3RGL015KA(G1 棒组故障）， 3RGL051MM 在224 步到136 步之前频繁波动,1 ）影响棒位监视：2 ）若G 棒组真实故障可能导致功率畸变或停堆,已采取的行动措施：1 ）查看和执行报警卡，按报警卡执行IRGL001;2 ） 按报警卡主控检查G1 棒组失步报警灯触发情况：3 ）主控检查功率量程四个通道未见异常波动，检查RIC 画面堆芯热电偶温度未见异常畸变，监视一回路平均温度，核功率，电功率，LSS 系统均无明显异常：4 ）oncall 维修仪控人员检查,,仪控处理反馈：1 ）处理进展：3RGL015KA E 报警为闪发，已对故障主电流卡件进行更换，报警已消失。2 ）原因分析：①G1 -3 棒束的主电流卡件偶发电流高报警：②初步原因分析，G1 -3 主电流卡件输出电流异常波动，超出报警值导致报警。3 ）处理措施：对故障主电流卡件3RGL008ARG1 -3 棒束的MCP10 卡件进行更换。4 ）影响评估：G1 -3 棒束的主电流卡件故障可能导致该束棒棒位指示异常，但不影响控制棒束正常动作,3RGL015KA(G1 棒组故障）报警触发的可能原因有：棒束一棒组失步；②棒束一棒束失步；③棒束在低位,
3 号主控触发3RIC713KA 堆芯冷却监测系统故障（A 系列）报警,22 : 17 分3 号主控触发3RIC713KA 堆芯冷却监测系统故障（A 系列）报警，主控检查KIC 中3RIC002HXT 中3RIC351KS 灯亮（011AR system fault)，3RIC001HXT 中3RIC030KM 显示xxx，BUP 上3RIC713AA 堆芯冷却监测系统故障（A 系列）故障灯亮,影响3RIC030KM 和3RIC030MT 的监视功能,"1 ）已采取的行动措施：D 执行报警卡：安排现场检查3RIC011AR；②主控检查后备盘ICCMS 显示屏A 列3RIC101HV 中ICCMS 状态，发现ICCMS 系统总故障报警灯亮，系统故障报警灯亮，系统故障列表中“至少一个模拟（逻辑）输入无效”灯亮，3RIC030MT 显示大红色（208℃，故障前为 335℃）；
3 ③检查在3RIC001HXT /002HXT 和3RIC101HV /201HV 中除 3RIC030KM /030MT 外其他RIC 堆芯热电偶、RCP 压力、温度、液位等相关参数均正常；④查看3RIC030KM 趋势发现从22 ：17 分后显示洋红色：oncall 维修仪控进厂检查。2 ）建议后续行动：①请维修二处检查处理并分析故障产生的根本原因：2 ②主控加强3RIC101HV /201HV 和3RIC001HXT /002HXT",中其他参数的监视,5 恢复新温度卡件所有接线，确认温度显示恢复正常：③通知主控验收， 确认报警消失；7 收拾工器具，清理现场，关闭机柜门,3RIC13KA 堆芯冷却监测系统故障（A 系列D 报触发的可能原因1 ）电源故障。2)3RIC011AR （堆芯冷却监测机柜）的自检装置探测到故障：①至少一个模拟或逻辑输入信号失效：②机柜硬件检测到故障；3③系统RTE 检测到故障。3）定期试验,
3 号主控闪发四次B 列鼓网压差高1 、高2 、高3 报警,中班自21 时13 分开始至23 时02 分，共闪发4 次3CFI904KA （3CFIB 列鼓网前后液位差高1 报警）、3CFI906KA（3CFIB 列鼓网前后液位差高2 报警）、3CFI902KA1(023TF 鼓网前后差压高3 ）报警，就地检查3CFI322MN、324MN、326MN 天未发现异常,3CFI322MN、324MN、326MN 三块表在触发高4 信号时3 取2 延时3 s 跳B 列循泵，因鼓网压差高4 报警逻辑也为3 取2 ，故未出现高4 报警，考虑到仪表故障可能性较大，若3CFI322MN、324MN、326MN 三块表中有一块已触发过高4 信号，若同时再触发一个高4 信号，则B 列循泵跳闸，机组需紧急降负荷,"1 ）已采取的行动措施：D 就地检查3CFI322MN、324MN、326MN 未发现异常；②就地启动B 列耙斗，未见明显异物；③onca11 维修仪控人员，就地对3CFI322MN、324MN、326MN 保持密切观察，仪控业主人员已从生活区出发：
④当班值根据 F03-CRF-I-001 循环水系统运行异常故障规程进行事故预想。2)建议后续行动: D 仪控人员就地密切关注 3CF1322MN、324MN、326MN 有无波动, 同时在一层查找相应点位趋势, 尽快定位故障仪表; ②处理故障仪表过程需做好充分风险预案, 避免误动","CFI 系统超声波液位计受水汽影响较大, 对仪表测量形成干扰","仪控处理反馈: 1)检修步骤: 1 确认设备位号与工作许可证一致, 与主控沟通说明工作内容及风险; ②拆除 3CF1132CR 内 3CF1322XU1/3 的 1 号端子、3 号端子、5 号端子、7 号端子; ③断开 3LNE9993JA, 观察显示器状态为乱码状态, 确认已断电; ④联系起重吊起盖板, 检查就地探头状态, 仪表探头表面存在少量凝结水汽, 对探头进行清理; 推入 3LNE9993JA, 恢复 3CF1132CR 内 3CF1322XU1/3 的 1 号端子、3 号端子、5 号端子, 对高 4 信号进行闭锁; ③持票观察期间存在闪发高 3 报警, 与业主沟通实施 TCA 对高 4 信号进行延时 30s; ②恢复 3CF1132CR 内 3CF1322XU1/3 的 7 号端子; 8 工作结束, 清理现场。2)故障原因分析: CFI 系统超声波液位计受水汽影响较大, 对仪表测量形成干扰","3CF1322MN 为超声波液位计, 3CF1324/326MN 为静压式液位计。B 列鼓网前后液位压差 3CF1322MN、324MN、326MN 的控制逻辑: 1)3 个压差探头测到液位差都<0.1 m 水柱时, 滤网为低速运行(线速度 2.5 m/min); 2)1/3 探头测到液位差≥0.1 m 水柱时, KIC 中触发 3CF1904KA (3CF1032TF 鼓网前后液位压差高 1)报警, 转中速运行(线速度 10 m/min); 3)2/3 探头测到液位差≥0.2 m 水柱时, KIC 中触发 3CF1906KA (3CF1032TF 鼓网前后液位压差高 2)报警, 转高速(线速度 20 m/min); 4)1/3 探头测到液位差≥0.3 m 水柱时, KIC 中触发 3CF1902KA1 (3CF1032TF 鼓网前后液位差高 3)报警:
5)2/3 探头测到液位差≥0.8 m 水柱时, KIC 中触发 3CF1902KA2 (3CF1032TF 鼓网前后液位差压高 4)报警, 相应的循泵 3CRF001P0 跳闸",
3 号主泵转速表3RCP360MC 读数显示波动并逐步降低,13:003号机组3号主泵转速表3RCP360MC读数显示波动并逐步降低： 16:003RCP360MC低漂至1200r/min，主泵顶轴油泵3RCP031P0启动。此时一回路处于热停模式，主泵主瓦受力：顶轴油泵启动后建立强迫油循环，主瓦温度计3RCP811MT3RCP812MT降低约10℃,1)3RCP360MC 转速表参与控制的设备及保护信号包括顶轴油泵 3RCP031P0、3RCP968VZ、3RCP971VP、3RCP961VP、3RCP972VP 并且参与主泵卡转子及超速跳泵保护信号；2)3RCP360MC 故障主要风险在于影响顶轴油泵自动启动信号，正常情况下，主泵停运信号或主泵转速低于 1200r/min(3RCP360MC）将自动启动顶轴油泵，并且这两个信号都需要与上3RCP360MC 的非零转速信号才能生效，即3RCP360MC 故障可能导致顶轴油泵自动启动信号全部失效,已采取的行动措施：oncall 仪控检查仪表,"经各专业讨论，3RCP360MC 失效原因为：固定转速传感器的顶盖较薄（厚度5mm)，在一回路温度、压力、主泵状态等因素影响下发生较大变形位移，造成转速测量值偏低导致两种转速探头（核级和零转速）无法进行正确调整。一般在冷态时调整正确，在热态时位移形变过大导致无法正常工作。①变形主要还是角度变化，不是平行上移；②零转速探头齿轮宽10mm；③探头的偏移量大致为：零转速探头7~8mm。回路290 ℃时，顶板上移约2~3mm
热态冷态焊接点858160.6",仪控处理反馈：1）处理进展：①实施TCA，将3RCP340MY测量数值引I入3RCP360MC；②当前3RCP340MY引入3RCP360MC，相当于3号主泵只有一个转速信号可用。为了避免3RCP340MY失效造成RCP60试验失败，拟增加转速机架（实施TSD），将3RCP341MC信号引入临时增加的转速机架中，在一层中显示。转速机架备件厂内没有，正在向泰山还有厂家核实备件：③拟增加的TSD方案：在3KCS833AR中临时增加转速机架，将3RCP340MC2信号引入临时增加的转速机架中，增加3KCS833AR至3KD0941AR临时电缆将3RCP340MC2信号送至3KD0941AR中处理，在一层中显示；④后在停泵窗口检修后缺陷消除。2）检修步骤：①松开3RCP360MC探头；②按照现场实际条件重新调整3RCP360MC的位置：③重新恢复并紧固3RCP360MC探头,"主泵零转速表逻辑：1）RCP160MC或RCP260MC或RCP360MC高高1750r/min触发RCP000KA
2)RCP160/260/360MC 高高 1750r/min 与上对应的 RCP140/240/340MY 高高 1750 r/min 触发 RCP981/983/985KA，导致对应主泵停运；3）RCP001/002/003P0 启动 8 s 后且 1 h 内，若 RCP160/260/360MC 小于 200r/min，导致对应主泵停运；4)RCP160/260/360MC 任一仪表低至 200r/min 会自动开启对应主泵的再循环阀 RCP912/942/972VP：5）",
3 号机组B 列鼓网电机间反冲洗水沟堵塞,"现场巡检人员发现3 号机组B 列鼓网电机间排污沟渠堵塞严重，房间积水迅速上涨，有淹没鼓网电机风险，现场人员及时干预避免鼓网电机被淹，事件序列如下：D11 :31 运行现操巡检发现3 号机组B 列鼓网电机间有大量积水，水位距地面约10cm ；②11 :32 运行现操核实情况后立即反馈现场主管、3 号主控311 :32 主控了解情况后向现场下达干预指令并检查A 列情况同时onca11 维支人员立即赶赴现场；④11 :33 运行现操核实完A 列无异常返回B 列鼓网电机间时，发现水位上涨很快，约上涨了20cm ：鉴于水位上涨较快，现操立即采取紧急干预措施：511 :35 运行现操使用在PX 泵房寻找到的铁锹紧急疏通排水沟渠，但由于铁锹柄较排水滤网孔径大，疏通效果不明显：@③11 :36 电机间水位距离电机已经不足10cm ：现场人员紧急通知常规岛寻找一个细柄的拖把送至B 列鼓网电机间，用细柄疏通效果明显，水位开始下降，鼓网电机水淹风险解除： 711 :41 约10min 左右维支服务人员到达，清理滤网及房间内其他堵塞物（海带、海草），并同时排查各下游集水井，并在捞渣框进行捞渣操作，各区域水位恢复正常，事件结束图1 鼓网电机间水灌图
风险或潜在后果",,已采取的行动措施：1 ）现场人员现场寻找工具采取紧急疏通排污槽，在现场无合适工具情况下，紧急求助常规岛岗位携带工具支援；2 ）在干预被淹B 列鼓网电机间时，同时派人检查A 列鼓网电机间情况，防止事故扩大； 3 ）主控立即onca11 维支服务人员到场配合清理堵塞物；4 ）主控展开事故预想，熟悉《FQ3-CRF-I -001 循环水系统运行异常故障规程》和《3 /4,"号机组最终热阱能力损失应对预案》等相关文件；5）后续事件成功干预，危机解除后当班值班场人员提高鼓网电机间和格栅除污机的巡检频率
根据后续从临时滤网及捞渣坑打捞出来的杂物来看，主要是海带等杂物堵塞临时滤网，并在水流的推动力下，将临时滤网推到靠近水流出口位置，造成出口封闭堵塞滤网被杂物推到靠近水流出口位置，造成出口封闭堵塞。图2杂物堵塞位置图
设备管理处反馈：1）维修支持处核实鼓网电机间水泥盖板情况，盖板下方为海水进鼓网流道。经评估分析将现有水泥盖板更换为塑料格栅。将鼓网电机间的积水排回鼓网进水流道；2）在鼓网电机间排水渠增加多级过滤装置；3）关于鼓网电机间湿度大造成的设备腐蚀问题，由维修支持处对墙面进行防腐处理，技术支持处对设备做好防腐工作",,"1 ）取水明渠拦污网拦污效果较差，在海工条件恶化的情况下，有海生物越过拦污网进入冷源系统，堵塞流道风险；2 ）事件发生之前3CFI012DG 处于维修不可用状态，导致B 列鼓网只有一台格栅除污机可用，增加了杂物进入鼓网的几率，当前我厂格栅除污机维修频率较高，可靠性较低，建议后续采取措施降低格栅除污机的故障率；3 ）鼓网电机间排污槽新增的临时滤网无法固定，此次事件中滤网堵塞后被水流冲到排水槽出口处，导致污水无法及时排掉，进而导致电机间被淹，后续建议对其进行固定在排污槽中部处理；4 ）现场配置专用的鼓网电机间被疏通工具和绝缘靴。同时评估该房间相关配电箱的防水性，防止房间被淹人员干预时有触电风险； 5 ）现场张贴《鼓网电机水淹应急处置预案》并组织外围人员进行相关演练；6 建立维支人员定期格栅除污机和鼓网电机间杂物清理机制，运行人员增加CFI 系统专项巡检制度；7 ）紧急情况时，主控可以立即停运反冲洗水泵，避免鼓网电机间液位继续上涨；8 ）通过变更改造，增加鼓网电机间排水路径。9 ）正常运行时需加强对鼓网巡检：①除了正常巡检要求外，每班要额外进行巡检，主要观察鼓网电机是否有异音，润滑油位、油质是否正常。②若A /B 列鼓网电机润滑油位小于1 /4 或者油质呈现乳化时则发起oncall 联系电气人员加油。③若鼓网冲洗水槽出现堵塞（目视有物体堵住滤网），立即oncall 维修服务进行清理
参考资料信息",
3 号机组CFI 系统B 列格栅除污机3CFI012DG 和3CFI014DG 压差持续升高,,影响3号机组B列冷源可靠性,已采取的行动措施：1)安排运行现场增大格栅除污机打捞频率，安排专人监视3号机组格栅除污机前后压差和鼓网前后压差；2)做好事故预想，熟悉取水口堵塞相关的应急预案和事故规程；3)运工生效细格栅压差达到1.3m后运行于预的TOI，安排现场加大巡检力度，将3/4号机组格栅除污机自动循环运行时间修改为2h一次，增加动作频率；适度增加CTE加药量；4)联系和要求维修支持专业加大取水口和鼓网间异物打捞频率，要求维修支持对取水口拦污网进行更换（已确认旧拦污网失效）和扶正倾覆的拦污网浮筒；5)联系维修机械和设备管理机械进行检查处理和分析格栅除污机松绳报警，采取措施处理格栅除污机无法下降到底打捞杂物的异常；,PX取水口拦污网的失效：导致B列细格栅底部吸入大量海带,"机械处理反馈：1)原因分析：PX取水口拦污网的失效，B列细格栅底部存在大量海带。2）处理措施：①对3CFI012DG和3CFI014DG增加配重，但仍无法使格栅除污机下降到底部捞渣；②加工倒钩和刀片对3CFI012DG和3CFI014DG进行加装，同时对3CFI013DG增加配重，动作验证，未见明显效果；③在格栅除污机下方焊接倒钩、利用高压水枪跟随格栅除污机下到底部进行冲洗等手段，均未能彻底解决问题；④运行安排降功率后，分别单独停运和启动A列、B列循泵潜水员下水进行检查处理，发现在细格栅上附着大量海带。潜水员对3CFI012DG和3CFI014DG、3CFI013DG流道的粗格栅、细格栅和流道进行清理海带。
3）处理进展结果：格栅除污机运行已恢复正常，无松绳报警，耙斗可以下降到底，前后压差恢复正常。4）后续行动：密切关注细格栅前后压差：增加格栅除污机动作频率：增加取水明渠巡视。维修支持处理反馈：1)检查内容结果：潜水员在A列和B列粗格栅和细格栅处，清理出大量海带。检查过程中，未在格栅除污机轨道上发现导致格栅除污机卡涩的硬物。缺陷处理小组当即决策，潜水员出水。下放格栅除污机进行验证，发现格栅除污机在循泵停运后，耙斗可以正常动作下降到底并打捞出大量海带。2）原因分析：拦污网已达到更换周期，由于主钢丝绳松弛导致浮筒",,
3 号机组DCS 上游授时系统DTV 故障导致KIC 系统失效主控室操纵员站不可用,"事件时间序列01:20)3 号机组主控操纵员站KIC 心跳信号变为直线，画面数据停止刷新，运行当班值oncall 维修人员进厂处理。01:20 当班值将机组控制模式切至BUP 模式。01:20 运行当班值开始记录3 号机组出现第一组IO。:01:45oncall 仪控、通讯相关人员从生活区及凯景赶往现场。
: 02: 04 途中当班值反馈 KIC 出现 3KIC020/023KA 后主控室操纵员站全部黑屏。: 02: 43 仪控、通讯人员抵达 3 号机组主控室, 确认 3 号机组 DCS 系统上游时钟故障, 时间由 2017-01-01 向前跳变为 2016-12-01。: 02:47 运行、仪控、通讯三方沟通明确优先处理方式为: 先消除时钟故障问题后再进行 KIC 平台恢复工作。: 02:48 通讯人员到 8W601 查看设备状态——主备母钟显示时间 2016-12-01 02:48:10, 给 DCS 授时的交流 B 码分配器显示时间: 2016-11-3018:48:10 (UTC 时间与北京时间相差 8h)。: 03: 10 完成 KCP/KIC 系统日志的备份及状态核查。: 03: 11 开始执行 KIC 系统服务器及工作站重启工作(注: 执行脚本重启)。: 03: 12 通讯人员对 DCS 上游的主备母钟进行了重启操作, 观察 15 min (内部设置 15 min 左右信号同步)后, 交流 B 码未恢复正常正确时间。遂判断 TC 上游信号异常。: 03: 25 完成 KIC 平台服务器工作站重启, 检查 CFR 时间同步情况, 等待通讯处理好时钟故障进行平台重启。: 03: 28 通讯人员断开 TC 网控楼送过来的 GPS 时间源信号, 手动设置主备母钟时间, 等待 15min 后仍未同步, 第一次手动修改失败。: 03: 56 经与通讯专业沟通, 通讯不能确定交流 B 码分配器能否同上游主备母时钟同步成功, 仪控决定采取将 DCS 切到内部时钟, 并按照 cold start 启动方式恢复平台。: 03:58 通讯人员再次手动修改主备母钟时分秒, 观察 15min, 此次修改时间成功。: 04:00 开始 CFR1/2 服务器 ntp.conf 配置文件的修改及 KCP 内部时间切换工作。: 04:08 完成 CFR1/2 服务器 ntp.conf 配置文件修改及 CFR 服务器重启, 开始执行 startkic platform 操作, 完成 KCP 内部时间切换工作。04: 13 交流 B 码分配器 1 与主备母钟时间同步, 04: 15 交流 B 码分配器 2 与主备母钟时间同步, 8W601 时钟系统恢复正常。: 04: 16 完成 KIC 平台 startkic platform 操作。: 04: 17 执行 KIC 平台 cold start 操作。: 04: 18 通讯反馈时钟信号已经同步成功。04:30 通讯接到仪控通知, 恢复下游 DCS 系统授时, : 04:31KIC 平台在 cold start 过程中报错, 启动失败
04:38DTV 给 DCS 提供校时信号的时钟信号同步成功。考虑到内部时钟运行会导致趋势及 KDO 功能不完善, 仪控决定将 DCS 系统切回外部时钟, 并执行操作系统软件启动, 为第二次执行 cold start 做准备。04: 45 完成 KCP/KIC 切外部时钟操作、KIC 服务器、工作站重启、平台 startkic platform 操作。: 04: 46 执行第二次 cold start 操作。",3 号机组主控室操纵员站不可用到 4h44min 产生非计划第一组 I0.3 号机组非计划降功率至 780MW,"已采取的行动措施: 1) 机组控制模式切至 BUP 模式控制机组状态; 2) oncall 仪控和通讯人员检查处理; 3) 执行技术规范要求用 BUP 控制降功率; 4) 主控室操纵员站恢复可用, 执行 SKIC 规程, 将 BUP 控制模式切回 KIC 控制模式, 控制稳定机组状态","1) 3DTV 时钟信号跳变原因分析: 通讯专业通过调取 B 码检测仪中对上游 GPS 母钟 B 码的检测记录, 发现在 2017 年 01 月 01 日 00:00:00 时, B 码中出现非法天数字符 367 天, 该异常持续 24h, 并于第二天零点恢复。部分截图记录如下图所示, 红线框内为 IRIG-B 码协议中解析的天数, 00C6 0003 为 366 天, 00C70003 为 367 天, 即跨年时经历了从 366 天到 367 天的变化过程。根据以上分析, 此次时间跳变的主要原因是上游一级母钟 ST2000 发出的 B 码时间信号解析出错误时间信息, 同时, 二级主备母钟设计存在缺陷导致错误时间未能被有效过滤, 最终导致 DCS 授时异常。
AA00A90043002601110000017B00A8100C1F173B3801/间=2016-12-31 23:59:55 分配弄 1000000014C00490043D0c5. 0003002601110000017C00A8100C1F173B3901 时 门 2016-12-31 23:59:56 分 100000001A8100C1F173B3A01/时门间-2016-12- 31 23:59:57 码分配器 1000000015000A9004300c60003002601110020017E00A8100C1F173B3B01 时门 =2016-12-3123:59:58110101000000011 时 2016-12-3123:59:591=2017-1-1 0:00:00, 1026000001000011010100000201 时面[=2017-1-1 0:00:01, 1010100000301/时门 1=2017-1-1 0:00:02, 010100000401 时值 1- 2017-1-10:00:03, =2017-1-1 0:00:04, 图 1DTV 日志信息 2) 3DTV 故障导致 3KIC 失效原因分析: 根据 KIC 系统的平台日志, 2017-01-01 00:09:00 DCS
3③事件促成原因：a. 通讯人员技能不足，对2016年元日时钟跳变问题原因分析不彻底，未做好跟踪、处理。b. 维修人员对修复软件中整点同步机制的跟踪力度不够，未能推进厂家商运前完成问题的修改。c. 跨专业的风险识别沟通不足，维修及通讯专业未能组织对该问题进行专题讨论沟通，导致通讯及维修专业都未能提前准备针对上游时钟跳变故障的有效预防整改方案",仪控处理反馈：1）处理过程：在本次事件的处理过程中，在外部GPS时钟源无法投用的情况下，维修人员紧急将校时时钟源切换为内部时钟，根据3KIC系统软件平台故障处理方法的工作预案，优先执行了cold start启动操作，但在执行过程中平台启动失败。在通讯专业完成外部时钟源投用后，仪控将DCS校时时钟源切回外部GPS校时，考虑到在最短时间内投用KIC系统，避免非计划的降功率，决定再次依据工作预案，执行第二次cold start操作，在执行14min后，第三步骤耗时较历史经验值长。仪控决策终止cold操作，并决策进行硬重启后实施firststart操作KIC平台启动成功，但sarlstr1服务器（堆操作员站对应的实时服务器）未能正常启动。2）原因分析：D3DTV时钟信号跳变原因分析：时间跳变的主要原因是上游一级母钟ST2000发出的B码时间信号解析出错误时间信息，同时，二级主备母钟设计存在缺陷导致错误时间未能被有效过滤，最终导致DCS授时异常。已在3号机组小修期间对主备母钟进行软件升级，对367天的非法数据进行有效过滤：后续将加快北斗时间源技改项目的实施，消除ST2000下发错误B码的可能。②3DTV故障导致3KIC失效原因分析：外部时钟向前跳变1个月，CFR通过NTP协议在整点将时间强制同步为外部时间（不考虑外部时间与内部时间是否存在偏差），造成KIC系统无法正常接收来至一层的数据，最终导致了KIC平台失效。KIC系统对于外部时钟突跳的容错性需要通过升级软件进行改进,时钟跨年跳变故障机理3、4机组二级母钟内部分为主备两台时钟。其对于外部时间的校时机制相同，在主备母钟正常运行状态下，每隔2min校时一次。校时顺序为年、月、日、时、分、秒依次顺序校时，修改内部时间，B码时间码的月、日是通过天数计算出的。同时，其备钟与主钟之间也有一个实时比对的过程，若备钟连续五秒的相互比对后发现自身时间与主钟时间均不一致，则认为主钟时钟异常，此时二级母钟会进行主备切换。2015年，正常天数是365，上游一级母钟ST2000在2016年01月01日零点下发了一个366天的时钟信号。此时8W601的二级母钟主钟先,
3 号机组主控室机操工作站黑屏,3 号机组主控室机操站卡顿后第4 、5 屏幕黑屏,导致一台0WP 不可用：产生I02 : KIC1,已采取的行动措施：1 ）重新分配工作站：2 ）oncall 仪控检查处理,由于机操站显卡故障。导致机操站屏幕显示卡顿后黑屏,仪控处理反馈：1 ）缺陷描述：3 号机组主控室机操站第4 、5 屏幕黑屏； 2 ）处理进展：完成3 号主控室机操站重启，工作站恢复可用；3 ）检修步骤：重启机操站；4 ）故障原因分析：由于机操站显卡故障，导致机操站屏幕显示卡顿后黑屏,运行技术规范：RCD 模式下一台或两台 OWP 不可用，记录第二组 I0：KIC1，重新分配工作站，检修必须在 7 天内完成,
3 号机组出现3GPA631KA发电机转子接地故障报警,,导致产生转子接地报警,已采取的行动措施: 1)查看和执行报警卡: 2)oncall 电气检查处理,"DMR 电刷与发电机大轴滑环接触不良, 导致保护装置测量的转子对地绝缘电阻值小于 4kQ2 的时间未能躲过报警时间定值","电气处理反馈: 1)工作过程: ①手动进行第一次举刷, 观察 DMR 电刷正常举起, 215XZ 测量阻值稳定后显示约 4.4k2: 未出现报警; ②手动进行第二次举刷, 观察 DMR 电刷正常举起, 215XZ 测量阻值稳定后显示约 4.5kQ, 未出现报警; ③手动进行第三次举刷, 观察 DMR 电刷正常举起, 215XZ 测量阻值稳定后显示约 5.3kQ2, 未出现报警, 同时进行录波; ④检查第二次举刷时测量回路波形存在畸变; 工作结束。清理现场, 恢复隔离边界, 检查确认标牌完整。2)检查确认内容: D 本次报警原因为 DMR 电刷与发电机大轴滑环接触不良, 导致保护装置测量的转子对地绝缘电阻值小于 4kQ2 的时间未能躲过报警时间定值。②本次转子接地故障处理过程中 3 次手动举刷测量结果皆高于报警值, 证明转子对地绝缘情况良好。③通过举刷录波波形并对比 1、2 号机组历史波形数据分析, 判断 DMR 电刷与发电机大轴滑环存在接触不良的情况。3)故障原因分析: DMR 电刷与发电机大轴滑环接触不良, 导致保护装置测量的转子对地绝缘电阻值小于 4kQ2 的时间未能躲过报警时间定值","3GEX001AR 转子接地保护设定值 (I 段 R<4000Q, t, =5s), 每天进行一次转子接地电源检测, 报警中 3GEX106KA (励磁系统综合报警) 是 AVC 投入的闭锁条件之一, 出现该报警, AVC 会自动退出",
3 号机组安工站3KIC603WS 黑屏和卡死不可用,"16:40,3 号机组安工站3KIC603WS-001/002/003HV 黑屏，004/005HV 卡死，3KIC603WS 不可用，记录I02: KIC1，主控未出现相关报警",1)1 个0WP 不可用，需要记录第二组I0:KIC1，检修必须在7 天内完成；2 ）如果因为共同导致整个KIC 不可用，需要切换至BUP 控制，4 h 内不能恢复KIC，需要机组后撤至NS/RRA 运行；3 ）此时因DVN 全停、3SEC002P0 隔离检修及3KIC603WS 不可用已存在三个102 ，制约机组其他102 相关工作的开展,已采取的行动措施：1 ）经查看其他三个站监视和操作功能正常：2 当班值停止一切不必要的KIC 操作；3 ）通过BUP 盘台、ECP 盘台和可用KIC 工作站密切监视机组参数；4 ）熟悉IKIC 规程，做好KIC 全部失效的准备； 5 ）oncall 维修仪控人员检查处理,工作站显卡老化故障,仪控处理反馈1 ）检修步骤：①D 收集平台日志：②停运KIC-0WP3 ，对3KIC-0WP3 主机进行更换③确认更换完成，重启3KIC-0WP3 ；④确认工作站恢复正常，平台无异常。2 ）故障原因分析：工作站显卡老化故障,运行技术规范：RP 模式下一台0WP 不可用，记录第二组IO ：KIC1 ，重新分配工作站，检修必须在7 天内完成,
3 号机组触发3GPA631KA发电机转子接地报警,,发电机转子接地影响发电机的运行以及安全，故障扩大可能导致发电机跳闸,已采取的行动措施：1）查看和执行相应报警卡，密切监视发电机、励磁系统状态2）现场检查GPA机柜，存在“转子接地一段报警”；3）当班值熟悉I6停机不停堆规程，做好事故预想：4）oncall1维修电气检查处理,碳刷接触不良,"电气处理反馈：1）检查内容：
①经检查转子接地保护装置历史记录，触发报警时测得绝缘阻值为29892（报警值为4000Q）；②经手动举刷，观察电刷正常动作，测得阻值在3200~36000 间波动，最后波动数值为大于65000 ，由于测量期间测得阻值小于4000Q ，触发了转子接地报警，与此前2 号机组情况类似（2 号机组原因为电刷接触不良）；③同时01 月14 日在并网前进行了多次手动及自动举刷测量，发电机转子绝缘对地情况良好，结合第2 点，初步判断发电机转子不存在真实接地；④根据《FQY-MA02-TD-17014 发电机转子接地报警检查处理应急预案》，测量值在2000Q 与4000Q 之间。2 ）工作过程： ①在KIC 上确认记录报警；②在励磁调节柜LCP 显示屏确认报警：③3GPA 系统确认报警；④在转子接地保护装置上检查并记录动作电阻值：由运行人员在就地进行手动举刷操作，按下励磁调节柜手动测试按钮202T0 ，维修人员进行监护工作，同时一人在汽机平台励磁机处观察举刷装置：③记录测量值。3 ）故障原因分析：碳刷接触不良",GEX106KA（励磁系统综合报警）是AVC 投入的闭锁条件之一，出现该报警，AVC 会自动退出,
3 号机组达临界过程中，触发报警、控制棒双保持,当班期间执行达临界操作，期间提升功率棒组（270 ~290 步之间）触发控制棒双保持报警（3RGL001、005、006、009KA ）,控制棒被双夹持，控制棒无法正常动作，无法执行达临界操作,,,仪控处理反馈：1)处理措施：更换了新的SC检测1卡件，工作正常。2） 工作过程：①通知主控工作开始，打开机柜柜门；②将强制双重开关打到“强制双重保持”模式，确认双重保持触发；③对故障卡件进行SC反馈电流测量，电流正常；④对卡件进行拔插：将强制双重保持开关打到“正常”位置，按下故障清除按钮，对报警清除；③通知主控操纵员，提升2步控制棒；②故故障报警再次出现，将强制双重开关打到“强制双重保持”模式。确认双重保持触发：8对故障SC检测1卡件进行更换；③将强制双重保持开关打到“正常”位置，按下故障清除按钮，对报警清除；通知主控操纵员，提升2步控制棒；①机柜状态正常，未出现报警；②通知主控工作完成。3）机组影响评估：出现控制棒双保持，影响控制棒动作。4）故障原因分析：3号机组重新达临界过程中，G2.1-3由第5提6步时出现SC大电流过小报警，测量SC线圈反馈的大电流正常；初步分析SC检测1卡件误产生大电流检测时序，出现SC大电流过小报警,控制棒被双夹持，控制棒无法正常动作，，潜在风险后果：1 ）机组临界过程中出现控制棒双保持，可能导致临界失败；2 ）机组调试瞬态试验期间，如果出现控制棒双保持，可能导致机组非计划停机停堆事件。造成3RGL 系统在控制棒动棒期间多次出现双保持导致控制棒无法正常动作的原因为，在动棒过程中产生了控制棒驱动机构线圈电流报警，触发RGL 系统紧急故障,
3 号机组除氧器液位大幅波动,中班3 号机巡盘过程中发现3ADG 除氧器水位大幅波动：液位整定值为300mm ，最大一次波动范围在 170~353mm 之间，引起除氧器液位波动，CEX 凝结水泵电流波动、出口流量和压力波动，导致3ATE 多次跳闸（3ATE003P0 因出口压力高跳闸）,3CEX025VL 异常缺陷处理前存在的风险：1 ）如果阀门阀位反馈信号长期保持，可能导致3CEX025VL 异常关闭，凝结水流量供应不足有停机,,3CEX025VL阀门定位器故障导致反馈信号异常波动,仪控处理反馈：1）工作过程：①D检查3CEX025VL定位器参数并做好记录：②关闭3CEX025VL供气阀3CEX9025VA；③打开3CEX025VL定位器、阀位反馈器盖子，拆除定位器、阀位反馈器接线并做好拆线记录：④按照技术方案拆除3CEX025VL定位器气源管线接头并拆除定位器、阀位反馈器；5按照技术方案回装3CEX025VL定位器、阀位反馈器新备件并回装气源管线接头；③按拆线记录恢复 3CEX025VL定位器、阀位反馈器接线：②打开3CEX025VL供气阀 3CEX9025VA；根据《FQY-CEX-M-I003CEX025VL阀门特性检查》维修规程对3CEX025VL进行特性检查，并将检验合格的参数记录在校验单上；?检查3CEX025VL新定位器参数并做好记录；0回装 3CEX025VL定位器、阀位反馈器盖子：①联系主控操作3CEX025VL验证合格；2）故障原因分析：3CEX025VL阀门定位器故障导致反馈信号异常波动,"当由于某种原因（如液位偏差大于100mm）导致3ADG002KU和 3CEX025VL同时由自动切至手动后，进行切回自动时：1）通过手动控制3CEX025VL调节3ADG液位至整定值（300mm）；
2 ）根据3CEX025VL 计算出3ADG002KU 输出值并在00M 中输入该值；3 ）将3CEX025VL 置于自动，然后再将3ADG002KU 置于自动。 说明：3CEX026VL 无手动，直接通过3ADG002KU 控制。3ADG002KU 输出值=0.8x3CEX025VL 开度+8%（计算时以3CEX025VL 开度输出值为准）",
3ABP510VV在KIC画面中显示洋红色,3ABP510VV在KIC画面中显示洋红色,导致3ABP510VV无法手动操作,已采取的行动措施：1)安排现场检查阀门的实际开关状态；2)oncall仪控检查处理,3ABP510VV 限位开关没有触发,仪控处理反馈：1 ）工作过程：①使用螺丝刀拆开3ABP510VV 限位开关盖子；②使用内六角及开口扳手松开3ABP510VV 开限位开关固定螺丝；,ABPS10VV(3AB 抽汽母管正回伐阀前疏水伐的控制逻辑：1 ）自动开启：①汽轮机跳闸；②发电机有功功率<30%；③3A/B 低加抽汽母管止回阀有保护关闭命令；④疏水袋水位高ABP111SN 触发。2 ）保护开启：疏水袋水位高高ABP112SN 触发。3 ）自动关闭：自动开启命令消失后2S,
3ADG012VL无法自动关闭，主控显示大红色,3ADG012VL无法自动关闭，主控显示大红色,导致3ADG012VL无法自动关闭,已采取的行动措施：1)安排现场检查确认阀门实际状态和电动头报警信息；2)oncall维修电气检查处理,3ADG012VL就地显示过力矩报警,电气处理反馈：1）工作过程：D现场检查发现3ADG012VL就地显示过力矩报警：②与值长沟通，开紧急票处理并取得隔离许可证：③到达现场，与主控沟通，就地手轮操作阀门，无卡涩（手轮操作后过力矩报警自动消除）；④就地电动开关阀门正常，无报警；将电动头打到远控，主控能正常操作阀门开关。2）故障原因分析：3ADG012VL就地显示过力矩报警,3ADG012VL的控制逻辑：1)手动开启信号：KIC开启+允许开启信号：2）允许开启信号：除氧器水位不高；3）保护关闭信号：除氧器水位高高,
3AGM003VN气动执行机构与阀杆脱开,KIC巡盘发现3AGM318MT（3号主给水泵工作油温度）为80℃左右，调节阀3AGM003VN开度显示100%，而3AGM118MT（1号主给水泵工作油温度）为75℃，调节阀3AGM001VN开度显示86%。3号主给水泵AGM工作油温度相比设定值75℃偏高5℃3AGM003VN已全开，导致调阀无调节裕量,导致3号主给水泵油温高，影响3号主给水泵的安全运行。异常恶化时可能将导致3号主给水泵跳闸，进而引起机组产生大的瞬态,已采取的行动措施1)现场检查发现3AGM003VN气动执行机构与阀杆脱开：2组织各专业检查故障原因和消除故障；3)将3号主给水泵的工作油冷却器SRI侧冷却水切换至3AGM003VN的旁路管线运行后，将3AGM003VN隔离处理，处理好后恢复到3AGM003VN供冷却水运行,阀杆与气动执行机构连接块固定螺栓松动，引起3AGM003VN气动执行机构与阀杆脱开，导致阀芯部分落入管道中，使得3号主给水泵工作油冷却器SRI侧冷却水流量偏低，导致油温高。3AGM003VN阀门全开到无调节裕量,②拆除阀杆与气动执行机构连接块，阀门手动关闭：③重新回装执行机构与阀杆的连接块，并紧固螺栓。2 ）故障原因分析：阀杆与气动执行机构连接块固定螺栓松动,AGM 工作油油温主要取决于功率损失（转速滑差）和工作油流量、冷却水流量（冷却水流量由AGM001VN/002VN/003VN 控制）,
3APA302P0启动过程中出现3APA305KA报警,夜班当班值执行将3APA102P0切换至3APA302P0运行操作时，3APA302P0启动后主控触发出现3APA305KA（给水泵C速度控制故障报警），同时系统画面上3AGM308SY点亮（综合故障报警）,触发报警3APA305KA（给水泵C速度控制故障报警）,已采取的行动措施：1）查看和执行报警卡；2）暂停正在执行的A泵切换到C泵的操作，并将主给水泵C(3APA302P0）置于安全稳定状态（3APA302P0处于自动位置，转速3800r/min，出口阀手动关闭状态，转速控制器处于手动。和设备管理确认主给水泵在循环管线投入的状态下可以运行2h）；3）主控关注主给水泵C的转速控制情况，确认转速控制方式设置正常；4）安排现场检查就地转速控制柜显示屏上故障报警情况：5）oncall仪控检查处理,报警的出现最大可能原因为在停泵阶段转速探头上积有较多油污和灰尘沾污，导致探头工作环境不满足铁磁性要求，造成探头未能检测到齿轮转动或电压脉冲,经过分析认为：若出现接线错误，则3APA305KA 出现后不能被复位：若转速或方向传感器等本体故障，则3APA305KA 出现后不可能被复位掉，且从起泵至目前来看，泵的各项运行参数均正常。④原因分析结论：根据事件后调查结果和目前转速显示情况可以排除转速探头故障、卡件故障、接线错误和松动等情况。此报警的出现最大可能为，在停泵阶段探头上积有较多油污和灰尘沾污，导致探头工作环境不满足铁磁性要求，造成探头未能检测到齿轮转动或电压脉冲。基于上述分析，判断此报警仅会出现在起泵阶段，当泵已正常启动后，可对该报警进行复位处理，对泵的正常运行和转速调节无影响。4）处理措施：在3AGM 就地控制柜上复位报警，目前已消报，泵已切至自动。5）后续行动：与运行、设备管理处召开会议，探讨分析故障原因细节部分，确定检查探头通道的窗口。6）影响评估：在3APA302P0 泵离开低转速区后，可复位此报警，不影响泵运行,3APA305KA（给水泵C 速度控制故障）报警触发的原因主要有两方面：1）该给水泵被选择“在役”后（未运行），转速控制处在自动模式：2）转速控制回路故障,
3ASG003P0在主控按下跳闸按钮汽动泵未能按照预期停运,大修值执行F03-ASG-TPTSL-0016系列A汽动辅助给水泵超速试验规程，执行规程B.2节手动脱扣试验，汽动泵转速到达8000r/min时，按照规程主控将3ASG003P0跳闸按钮置于TRIP位置时，主控显示汽动泵转速异常上升9787r/min，未能正常停运,,"已采取的行动措施：1）立即联系现场操作员通过就地打闸按钮停运，3ASG003PO正常停运，同时发现汽动泵停运前3ASG005MD仪表管线有水喷出。2）联系清洁人员清理地面水渍，联系维修专业检查评估水渍对其他设备的影响。3）oncall设备管理、机械、仪控、电气人员分析3ASG003PO未能正常停运原因，并消除缺陷。
建议后续行动：1 ）请机械人员检查泵出口管道法兰有无泄漏，仪控人员检查处理3ASG005MD 仪表。2 ）请设备管理一机一人分析汽动泵未能正常停运原因，并采取措施消除缺陷，并评估3ASG003PO 及相关管线的可用性。3 ）请维修机械检查3ASG135VV 阀门动作是否正常，维修电气检查电磁阀3ASG991VV 动作是否正常，并消除缺陷",3ASG991VV 本体至转接箱的正极线芯不导通，导致试验过程中 3ASG991VV 未按照预期得电动作,行验证，维修后功能验证并不完整，建议后续维修对同类型电磁阀进行纠正性／预防性维修后，阀门回装后需增加对线路测量的验证工作，以确保电磁阀维修后功能完整有效,ASG 汽动泵打闸方式有以下几种：3ASG003P0 为例1 ）主控关闭汽动泵供汽阀3ASG137/138VV:2 ）主控TRIP 日电磁阀3ASG135VV:3 ）就地急停按钮：4 ）就地泵本体打闸杆,
3CEX025VL在机组升功率时调节存在波动,3号机组升功率期间，3CEX025VL在自动控制时，多次出现大幅波动(8%~17%)，导致ADG的CEX补水流量大幅变化，同时由于汽轮机抽气量变化，汽轮机振动同时也增加，一回路平均温度大幅波动。当班值在仪控的配合下3次放自动控制后，每次稳定约25min后，均会再次出现波动,3CEX025VL异常缺陷处理前存在的风险：1)如果阀门阀位反馈信号长期保持，可能导致3CEX025VL异常关闭，凝结水流量供应不足有停机停堆风险；2)阀门大幅度波动，将弓[起除氧器液位和压力的波动，进而引起除氧器加热蒸汽的波动，会影响一回路温度和△I的控制；3)阀门异常动作可能导致ATE由于出口压力高跳闸，影响二回路,已采取的行动措施。1)加强关注除氧器液位趋势变化，关注凝泵出口流量压力波动、凝泵电流波动以及凝泵运行参数变化趋势；2)3ADG002KU 放手动控制 ADG 液位；3) oncal1 仪控、机械检查处理；4)仪控人员继续分析波动原因（低负荷时初步分析：3ARE 液位波动导致 ADG 的单通道和三通道切换所致；但第三次放自动时，给水流量已超过单三通道切换值，怀疑其他原因）,经检香判断为 3CEX025VL 阀杆连接件与阀座支撑架导向轨轻摩，经机械人员现场打磨导向轨后验证，阀门运行稳定，未再波动,,当由于某种原因（如液位偏差大于 100 mm）导致 3ADG002KU 和 3CEX025VL 同时由自动切至手动后，进行切回自动时：1) 通过手动控制 3CEX025VL 调节 3ADG 液位至整定值（300mm）；2) 根据,
3CEX025VL在机组升功率时调节存在波动,3号机组升功率期间，3CEX025VL在自动控制时，多次出现大幅波动（8%～17%），导致ADG的CEX补水流量大幅变化，同时由于汽轮机抽气量变化，汽轮机振动同时也增加，一回路平均温度大幅波动。当班值在仪控的配合下3次放自动控制后，每次稳定约25min后，均会再次出现波动,3CEX025VL异常缺陷处理前存在的风L险：1）如果阀门阀位反馈信号长期保持，可能导致3CEX025VL异常关闭，凝结水流量供应不足有停机停堆风险；2）阀门大幅度波动，将引起除氧器液位和压力的波动，进而引起除氧器加热蒸汽的波动，会影响一回路温度和△I的控制；3）阀门异常动作可能导致ATE由于出口压力高跳闸，影响二回路水质；4）阀门异常动作导致凝泵电流波动、出口流量和压力波动，影响泵的安全运行,起采取的行动措施：1）加强关注除氧器液位趋势变化，关注凝泵出口流量压力波动、凝泵电流波动以及凝泵运行参数变化趋势：2）3ADG002KU放手动控制ADG液位；3）oncall仪控、机械检查处理；4）仪控人员继续分析波动原因（低负荷时初步分析：3ARE液位波动导致ADG的单通道和三通道切换所致；但第三次放自动时，给水流量已超过单三通道切换值，怀疑其他原因）,经检查判断为3CEX025VL 阀杆连接件与阀座支撑架导向轨轻摩，经机械人员现场打磨导向轨后验证，阀门运行稳定，未再波动,仪控处理反馈：1 ）检查结果：检查阀门PID 参数、DCS 控制回路、阀门控制气路及气源供气压力均正常，可排除仪控问题。2 ）可能原因分析：结合大修前上一次的现象，阀门在小开度下波动，在功率提升后阀门开度变大后正常，初步怀疑阀门在小开度下由于前后压差大及存在轻微卡涩导致阀门动作不灵敏导致。机械处理反馈： 1 ）工作过程：①领取工作许可证，确认设备位置并建立检修隔离区域：②用砂纸将阀门导向杆上的锈迹除掉：③用白布将阀门导向,当由于某种原因（如液位偏差大于100mm）导致3ADG002KU和3CEX025VL同时由自动切至手动后，进行切回自动时：1）通过手动控制3CEX025VL调节3ADG液位至整定值（300mm）；2）根据3CEX025VL计算出3ADG002KU车输出值并在00M中输入该值；3）将3CEX025VL置于自动，然后再将3ADG002KU置于自动。说明：3CEX026VL无手动，直接通过3ADG002KU控制。3ADG002KU输出值=0.8×3CEX025VL开度+8%（计算时以3CEX025VL开度输出值为准）,
3CFI004M0的电源柜在I位置故障灯亮，且主控显示洋红报故障,3CFI004M0的电源柜在I位置故障灯亮，且主控显示洋红报故障,,已采取的行动措施：1）发现3CFI004M0主控显示洋红色，查看为MCC故障，安排现场检查发现3CFI004M0的电源柜在I位置故障灯亮； 2)oncall电气处理,微机电动机监控装置异常,电气处理反馈1）检修过程：①验证隔离边界，确认设备位置，建立检修区域：②拉出3LKH221JA抽，核对柜内接线与图纸一致：③推入3LKH221JA抽屉，微机电动机保护装置显示异常，且故障灯亮；④用备件更换微机电动机保护装置：5备件更换完后，重新推入3LKH221JA抽屉并合闸，指示正常；⑤找运行人员验证，主控显示正常：7工作结束，清理现场，将设备恢复至初始状态2）故障原因分析：微机电动机监控装置异常,"A列鼓网前后液位压差3CFI311MN、313MN、315MN的控制逻辑：1)3个压差探头测到液位差都&lt;0.1m水柱时，滤网为低速运行(线速度2.5m/min);2)1/3探头测到液位差≥0.1m水柱时，KIC中触发3CFI903KA(3CFI031TF鼓网前后液位压差高1)报警，转中速运行(线速度10m/min);3)2/3探头测到液位差≥0.2m水柱时，KIC中触发3CFI905KA(3CFI031TF鼓网前后液位差压高2)报警，转高速(线速度20m/min);4)1/3探头测到液位差≥0.3m水柱时，KIC中触发3CFI901KA1(3CFI031TF鼓网前后液位差高3)报警：
5)2/3探头测到液位差≥0.8m 水柱时，KIC 中触发3CFI901KA2 （3CFI032TF 鼓网前后液位差压高4）相应的循泵3CRF001P0 跳闸",
3CRF001P0检修气封压力持续下降,自12 月04 日3CRF001P0 检修气封3CRF101LP 压力一直处于下降状态，从初始0 . 58 MPa 下降到当前0 . 32 MPa 。12 月05 日中班机械人员将气封背压调节阀3CRF119VA 调节至最大调节能力开度，但气封压力依然有下降趋势：如果气封压力继续下降，将存在海水泄漏进入循泵房间的风险,影响循泵气封的可用性，存在海水泄漏进入循泵房间的风险,已采取的行动措施：1 ）加强巡检，每小时对循泵气封进行一次巡检，确保压力不低于0 . 25 MPa ;2 ) oncall 维修支持增加顶盖临时排水泵（正式的顶盖排水泵处于隔离状态）；3 ）联系设备管理和机械评价给出气封允许的最低压力值：4 ）oncall 机械人员检查3CRF119VA 是否存在堵塞,减压阀3CRF119VA 故障，缺少密封部件,机械处理反馈：1 ）处理措施：检查背压调节阀3CRF119VA ，发现缺少密封部件更换新阀；2 ）故障原因分析：减压阀3CRF119VA 故障，缺少密封部件,循泵气封背压调节阀3CRF119VA /120VA 的整定压力为0 . 5MPa,
3DEG002M0电机存在异音,现场巡检发现3DEG002M0有异音,可能导致电机损坏,已采取的行动措施：1 ）安排现场对电机轴承进行点温监测，出现异常升高时及时反馈；2 ）做好泵切换停运的准备；3 ）oncall 维修电气检查处理,电机轴承缺油,仪控处理反馈：1 ）检查处理过程：① 用点温仪测量电机轴承温度已稳定，驱端：46.2 ℃，非驱端有风扇罩无需测量；② 将加油嘴油帽拧开并进行清洁；③ 对电机驱端和非驱端第一次分别加（LGAW2 ）油脂8 枪和8 枪：④20min 后用点温仪测量，驱端：47.0 ℃；5 对电机驱端和非驱端第二次分别加（LGAW2 ）油脂8 枪和8 枪：③20min 后用点温仪测量，驱端： 48.1 ℃；① 对电机驱端和非驱端第三次分别加（LGAW2 ）油脂5 枪和3 枪：20min 后用点温仪测量，驱端：49.8 ℃，温度已稳定；③用听音棒监,根据DEG 泵的EOMM 手册对电机的要求：电动机运行时，轴承温度应不高于95℃。电机运行时有杂音，不正常的故障原因和处理方法分别如下： ①轴承磨损，有故障：检修或更换新轴承：②定、转子铁芯松动：检查振动原因，重新压紧铁芯进行处理；③电压太高或不平衡：测量电源电压，检香电压太高或不平衡的原因，并进行处理；④轴承缺少润滑脂：清洗轴承，添加润滑脂，使其充满轴承室容积的1/2~2/3；5风扇碰风罩或风道阻塞：修理风扇和风罩，使其尺寸正确，清理风道；③气隙不均匀，定子转子相擦：调整气隙，提高装配质量,
3DEG201GF因供油温度高保护跳闸，无法启动,中班启动3DEG201GF时，启动后就地出现供油温度高报警导致3DEG201GF跳闸，现场油温最高约81℃,降低冷冻水机组可靠性，产生DEG1的第二组IO：DEG1,已采取的行动措施：1)安排现场检查冷冻机故障跳闸原因为供油温度高报警导致3DEG201GF跳闸，油温最高达到81℃；2)安排现场检查3DEG201RF油冷却器在线是否存在异常（检查3DEG203VH/204VH在线），未见异常；3)oncal1维修机械检查处理；4)检查供油压差是否存在异常，供油压差稍偏低，机械调整3DEG202VH后，供油压差恢复正常后，但仍然会出现供油温度高跳机,3DEG201GF导叶0位与导叶执行器不一致，冷水机组主机启动时导叶未完全闭合，机组启动负荷过大（约79%），轴承温升快,机械处理反馈：1)已采取措施：①仪控检查机组冷媒泵并确认工作正常；②电气专业检查导叶执行机构驱动马达并对其重新校对；③对润滑油供油压差调节阀及油温调节阀进行适度调整后，启动3DEG201GF成功2)原因分析：①D直接原因：3DEG201GF起机阶段供油温度升至62℃，冷水机组保护停机；②根本原因：3DEG201GF导叶0位与导叶执行器不一致，冷水机组主机启动时导叶未完全闭合，机组启动负荷过大（约79%），轴承温升快；③促成原因：供油压差及油温调节阀调节不当，未在供油温度上升初始阶段及时调整油压及油温调节阀,制冷机运行中用油温调节阀（3DEG127VQ/227VQ/327VQ）将供油温度调节在35~55℃范围内。油温调节阀（3DEG127VQ/227VQ/327VQ0）的开度在现场调试时根据机组运行的工况已整定好，在机组运行的过程中，随工况的变化，供油温度一般会出现波动，若在允许的35~55℃范围内，现场一般不再作调整：若供油温度超出正常范围则有必要进行调节。供油温度过高，到57℃时报警，62℃冷冻机停止运行。油温调节阀（3DEG127VQ/227VQ/327VQ）是调节供给油冷却器的冷媒液的量来调节油温，用手动调节时，关小油温调节阀，冷却效果将降低，油温将上升：若开大油温调节阀（3DEG127VQ/227VQ/327VQ），油温将降低。制冷机停机期间，保持油箱中油温在50~55℃之间。电加热器在制冷机运行中自动切断加热，而当制冷机停机后又自动进入加热状态。机组初次安装投运时或机组长期断电停机后应提前12h使油加热器投入工作（机组通电后油加热器就自动投入工作），将油温保持在45~55℃之间。启动前最好先启动油泵运行2~3min，使油箱内油温分布均匀,
3DEG301GF出现导叶开度断线报警,早班3DEG301GF出现导叶开度断线报警,出现导叶开度断线报警，导叶切到手动控制,已采取的行动措施：1)安排现场检查确认报警，复位故障报警，恢复导叶自动控制；2)提WR按计划处理,3DEG301MZ执行机构故障,"电气处理反馈：1)检修过程(工单00371353-01)：①确认冷水机组3DEG301GF设备处于停运状态；②对冷水机组控制箱3DEG001AR内部端子接线进行紧固；③对电动阀3DEG322V0接线进行检查，确认接线正确，接触良好无松动；
4 送上控制电源使用信号发生器对3DEG301MZ 阀门输出信号进行测量，阀门处于全关位置，电流显示42 . 39mA（理论值全关显示4mA ，全开显示20mA ) ;③调节3DEG301MZ 阀门电位器，输出电流无变化；6 用信号发生器模拟4~20mA 信号，3DEG301AR 显示屏阀门开度指示正常：7 经过分析确认阀门执行机构损坏：8 经与业主沟通，确认建（02 ）工单更换3DEG301MZ 执行机构：③工作结束，清理现场。2 ）检修过程（工单00371353-02）：D 确认冷水机组3DEG301GF 设备处于停运状态，3LHB116JA、3LLD521JA 处于断开位置：②确认检修设备所在位置并做好安全防护措施：③打开3DEG301MZ 接线盒，验证无电，拆除外部电缆，并做好拆接线记录，发现线号101MZ -80 线芯未用线鼻子压接，并使用合格线鼻子压接好：④拆下电动执行机构，使用合格备件进行更换，按照拆接线记录恢复接线，确认3DEG301MZ 内部无异物，恢复接线盒；5 联系运行人员进行启机验证3DEG301GF 工作正常，无报警；③工作结束，清理现场，将设备恢复至初",冷冻机组的压缩机进口导叶调节机构的作用：制冷量控制是用装在压缩机进口处导叶的开度大小来控制压缩机吸入制冷剂蒸气的流量，从而控制制冷机的制冷量。该可调导叶根据需保持冷水出水温度恒定，由微机控制系统通过采集的温度变化信号输出指令，控制电动执行器的机械旋转方向，通过连杆和齿轮来实现导叶的开、闭动作，亦可手动操作，最终实现对制冷量的调节,
3DVG001SD故障触发导致3DVG001RS保护停运,"主控出现3DVG009KA(空气加热器故障):就地检查报警灯3DVG018LA亮(3DVG001RS流量异常),3DVG001RS保护停运",辅助给水泵、RAM电机和RGL柜房间温度受影响,"已采取的行动措施: 1)运行就地检查过滤器压差正常, 防火风阀状态正常; 2)联系仪控处理",3DVG001SD故障飘表,仪控处理反馈: 对仪表进行重新调整校验后故障消除,DVG001SD触发 DVG001RS电加热器进口空气流量低报警值为0.6 mber,
3DVK001SZ湿度高报警一直触发，检查发现3DVK005RS 未自动启动,主控KIC 中碘吸附器湿度高报警灯3DVK001SZ 一直触发但3DVK005RS 未自动启动,可能导致碘吸附器湿度高而失效,已采的行动措施，1 ）安排现场检查3DVK005RS 上游的供电开关为推入送电状态：2 ）安排现场使用3DVK001CC 复位，3DVK005RS 仍未启动,1)3LKL261JA 抽屉柜内元器件故障：2)3DVK005RS 为上升沿信号触发启动，重新触发上升沿信号之后，3DVK005RS 正常启动,电气处理反馈：1 ）检修过程：D 对3LKL261JA ＃抽屉柜内部接线及元器件进行检查时发现3DVKC0251-2 号芯线脱落；②对3DVKC0251-2 号芯线进行端接，插入试验盒，按下合闸按钮，合闸指示灯亮：按下分闸按钮，分闸指示灯亮；③请运行人员验收，分闸合闸都正常；43DVK001CC 复位后加热器仍未启动经仪控检查核实3DVK005RS 为上升沿信号触发启动，重新触发上升沿信号之后，3DVK005RS 正常启动；2 ）故障原因分析： ①3LKL261JA 抽屉柜内元器件故障：②3DVK005RS 为上升沿信号触发启动，重新触发上升沿信号之后，3DVK005RS 正常启动,电加热器温度DVK005ST 不高（<50℃)&碘吸附器管线内温度DVK001ST 不高（<80℃)，则电加热器DVK005RS 将自动启动,
3DVS004ZV主控KIC中显示洋红色,主控KIC巡盘发现L3DVS004ZV在KIC中显示洋红色,影响主控KIC监视3DVS004ZVE的运行状态,已采取的行动措施：1）安排现场检查3DVS004ZV开关状态，未见明显异常：2)oncall 仪控检查，仪控反馈是由于电气柜上的信号未反馈到DCS，转电气专业处理,3LKL271JA排查TP信号未送至DCS，导致3DVS004ZV主控显示洋红色，经确认为3LKL271JA二次插线松动所致,电气处理反馈：1）缺陷描述：3LKL271JA排查TP信号未送至DCS原因，导致3DVS004ZV主控显示洋红色；2）检修过程：①与主控沟通了解情况后开紧急工作票；②验证设备位号和隔离边界；③检查3LKL271JA各部件、开关接线有无松动；④发现3LKL271JA二次插线松动，并紧固；⑤与当班值长沟通确认主控显示洋红色已消失；⑥工作结束清理现场，归还工作许可证；3）故障原因分析：3LKL271JA二次插线松动,DVS003/004ZV为安全注入和安全壳喷淋泵通风系统排风机，为低压安注泵和安喷泵电机房间提供通风,
3GFR冷却回路和再生回路启动时3GFR043KS灯亮（3GFR031FI压差高报警）,"夜班主控按照3D28B-50（GFR启动，循环处理），按照运工指令，先执行冷却回路和再生回路的启动，检查油箱温度006MT为25℃,主控启动3GFR014M0后，出现3GFR043KS灯亮（3GFR031FI压差高报警），但3GFR046KS灯不亮（3GFR036FI压差不高），现场检查0.38MPa.g。随即先将3GFR014M0停运，分析原因",影响机组上行,已采取的行动措施先将3GFR014M0停运，分析原因。建议后续行动：经讨论后，再次启动3GFR014M0并将油箱加热器投入：让油,"由于3GFR031RF的SRI是投入的，且现场查看3GFR043LT的温度为20℃,初步分析可能是3GFR031FI处的油温太低，导致流动时的黏滞力过大，从而触发043KS","运行处理反馈。1)在油箱温度为25℃时启动3GFR014M0时会出现3GFR043KS2)加热器投入后，3GFR043KS需要等约两小时（查看趋势03:04,3GFR043KS灯亮,05:10,KS灯灭)才会消失，如果时间再长的话则考虑过滤器是否堵塞；3)3GFR043KS消失时的油箱温度约为34℃",GFR043SP在压差达到240kPa后，触发GFR043KS。同时，将产生报警GFR040KA,
3GSS113MN测量探杆故障,"3GSS113MN测量探杆故障,液位测量处于质量位状态","2级疏水箱其余液位计也有共模失效的风险,若3GSS113、211MN故障,有可能造成二级再热隔离或甩负荷","已采取的行动措施:实施TCA,编制TOI","探杆密封件失效,导致探杆渗水泄漏,影响导波雷达表头无法正常工作","处理反馈:经维修、设备管理、生产计划、运行讨论,一致认为液位计故障原因是探杆密封件失效,导致探杆渗水泄漏,影响导波雷达表头无法正常工作。处理过程:1)3GSS211MN、113MN均已采用TCA强制为550mm,同时质量位信号为0;2)运行二处准备临时TOI;3)增加差压变送器控制液位",1)若3GSS111/112/113MN三个仪表中有两个测量值高于1360mm， 则MSR二级自动隔离；2)若3GSS111/112/113MN三个仪表中有两个测量值高于1200mm，且MSR一级已经隔离，则触发汽轮机甩负荷,
3GSS271VL阀门卡涩,3 号机组降功率期间巡盘发现3GSS202BA 液位700mm（正常液位550mm)，其紧急疏水阀3GSS275VL在20 ％开度（正常应为0 )， 正常疏水阀3GSS271VL在62 ％开度，但要求输出开度为100 %，怀疑3GSS271VL阀门卡涩,3GSS202BA 液位由紧急疏水阀控制，存在GSS 二级加热器隔离和汽轮机用负荷风险,已采取的行动措施：oncall 维修人员检查处理。建议后续行动： 1 ）阀门实施TCA ，使阀门自动状态下当阀门开度在60 ％以上时保持阀门60 ％的开度，在60 ％以下开度时保持正常控制；2 )302 大修时，机械对阀门进行解体检查，确定阀门本体有无问题,1 ）阀门内部有异物或阀杆有轻微变形；2 ）定位器0 圈损坏，影响输出压力,"机械处理反馈1 ）将阀门打到手动状态，机械人员现场开关试验此阀门，可将阀门从0 ～100 ％开关，但是在62 ％以下开关顺畅，在62 ％～100 ％过程中需要用力开关（比62 ％以下用力稍大）。由此怀疑阀门内部有异物或阀杆有轻微变形，需解体检查，现在不满足解体条件。运工、机械、仪控商讨对此阀门实施TCA ，使阀门自动状
2)仪控检查定位器，发现定位器0 圈损坏，影响输出压力。更换0 型圈后，仪控检查气源输入压力为2 . 8bar 左右给出100％信号后，阀门最大可开至90 ％左右，将输入压力增加至3 . 2bar ，阀门可开至100 %；3）下午在主控对此阀门进行两次验证：第一次，每次将阀门开大10 %，逐渐开至100 %；第二次，直接将阀门从0 开至100 ％。两次阀门均能正常开关，无异常。下一步计划：1）取消TCA，将阀门恢复正常。工单号1000992-05；2)302 大修时，机械对阀门进行解体检查，确定阀门本体有无问题","1)3GSS271VL 的控制定值为550mm,3GSS275VL 的控制定值为700mm;2)若3GSS111/112/113MN 三个仪表中有两个测量值高于1360mm，则MSR 二级自动隔离；3）若3GSS111/112/113MN 三个仪表中有两个测量值高于1200mm，且MSR 一级已经隔离，则触发汽轮机甩负荷",
3LHP柴油机定期试验期间N2.2-1触发SC小电流过大报警产生双重保持,"11: 25, 主控出现 3RGL001/005/006/009KA 报警。N2.2 棒组双保持","控制棒被双夹持, 控制棒无法正常动作","已采取的行动措施: 1)查看和执行报警卡, 主控立即查看 RGL 系统所有控制棒, 棒位均正常。根据报警卡执行 F03-RGL-I-001, 将 R 棒和 G 棒打手动; 2)安排现场检查发现 3RGL019AR (N2.2 棒组) 柜上双重保持灯亮; 3)R 棒置于手动后, 无法进行温度自动控制, 确认无影响一回路温度变化的工作, 注意控制好一回路温度, 不要进行可能引起一回路温度和负荷变化的操作, 确认当前 3STR 无出力; 4)主控密切监视一回路平均温度, 核功率, 电功率, 控制棒棒位指示变化情况, 加强对二回路负荷监控; 5)oncall 仪控检查处理","3 号机组在执行 3LHP 柴油发电机低功率试验时母线供电切换瞬间触发了 3RGLN2.2-1 棒 SC 线圈小电流过大报警, 控制棒双保持。初步分析为供电切换瞬间 LMA 母线短时失电, 引起 3RGL 电源柜中控制电源卡件 (A/B 电源) 输出产生波动, 该波动对 SC 线圈所属的调节、检测卡件造成干扰, 从而误触发 SC 小电流过大报警","仪控处理反馈: 1)处理进展结果: 报警已消除, RGL 系统恢复正常。2)处理措施: 对报警进行了清除、复位。3)工作过程: ①打开 3RGL019AR 机柜柜门; ②确认报警棒束为 N2.2-1; ③按下“故障清除”按钮, 对报警进行消除; ④确认报警消除, 关闭机柜柜门; 5 通知主控工作完成。
4)故障原因分析: 3 号机组在执行 3LHP 柴油发电机低功率试验时母线供电切换瞬间触发了 3RGLN2.2-1 棒 SC 线圈小电流过大报警, 控制棒双保持。初步分析为供电切换瞬间 LMA 母线短时失电, 引起 3RGL 电源柜中控制电源卡件 (A/B 电源) 输出产生波动, 该波动对 SC 线圈所属的调节、检测卡件造成干扰, 从而误触发 SC 小电流过大报警。5)后续行动: 对电流报警的产生原因做进一步分析, 找出根本原因。6 机组影响评估: 出现控制棒双保持, 影响控制棒动作",,
3LKP系统母线电压3LKP850MU3号主控室KIC画面显示为xxXX,3LKP系统母线电压3LKP850MU，3号主控室KIC画面显示为XXXX,无法监测3LKP母线电压,已采取的行动措施：填写WR，发起工作申请,柜内3LKP850MU电压变送器输出侧电缆正负极接反,电气处理反馈1)检修过程：①打开3LKP001TB后柜门及进线监测单元柜门；②验电；③核实850MU输出侧101BN23、24号接线与另一侧接线正负极接反；④做好标记后拆除101BN23、24号端子接线：取下850MU输出侧101BN23、24号接线套管；⑤将850MU-6套管由黄色电缆更换到红色电缆；⑥将850MU-7套管由红色电缆更换到黄色电缆；8核对无误后将套管号为850MU-6的红色电缆端接至23号端子；⑦核对无误后将套管号为850MU-7的黄色电缆端接至24号端子；0与主控核实，确认KIC画面显示正常。2）故障原因分析：柜内3LKP850MU电压变送器输出侧电缆正负极接反,,
3PTR001P0运行时，出口逆止阀处存在管道敲击声,,导致泵出口管道内存在水锤敲击声，存在引起泵流量压力波动的风险和泵逆止阀损坏的风险,已采取的行动措施：1）降低3PTR001P0流量调低到310m/h左右时水锤声消失：2）oncall设备管理人员现场检查处理,当PTR泵流量在（310~360m3/h）区间时，由于该流量可能无法使泵出口止回阀全开，此时阀瓣在腔室内处于浮动状态，随着流量的波动，不断地撞击阀体限位凸台，产生异音（既有撞击限位凸台的声音，也包含阀瓣与摇臂之间的摩擦声音）,设备管理处理反馈：1 ）影响评估：由于当前3 号机组乏池没有装载核燃料，PTR 系统流量略低于设计值不影响乏池冷却，不会影响核安全功能，但阀门未全开，需要注意泵出口压力，需要时恢复流量到要求值：2 ）故障原因分析：当PTR 泵流量在（310~360m /h）区间时，由于该流量可能无法使泵出口止回阀全开，此时阀瓣在腔室内处于浮动状态，随着流量的波动，不断地撞击阀体限位凸台撞，产生异音,每台PTR 冷却循环泵的正常流量在冷却乏燃料水池时为421 . 5m /h （以 361.5m /h 的流量保证其冷却，同时以60m /h 的流量进行净化，而且冷却和净化都是连续运行的），在作为RRA 系统应急备用时为300m3 /h,
3REN194VL阀门存在外漏冒蒸汽,,1)3REN194VL为安全壳隔离阀，阀门外漏蒸汽，影响安全壳隔离功能的可靠性；2）影响1号蒸汽发生器APG排污水取样，该阀门若隔离，将导致1号蒸汽发生器取样中断，化学技术规范要求，APG排污水（P&gt;25%Pn的RP模式）Na离子需每日手动取样分析一次,已采取的行动措施：1)现场核实蒸汽泄漏情况，并核实蒸汽对附近设备运行的影响，发现蒸汽泄漏威胁阀门旁边的电缆安全，联系机械和仪控进行评估和用防火布进行临时遮蔽；2）联系机械检查确认泄漏位置情况，维修支持人员配合拆除保温，发现阀门中法兰漏气；3）机械进行紧固处理无效，要求机械重新准备工作方案进行处理,根据解体检查情况，确定本次外漏原因为设备制造厂安装问题造成，阀盖与阀笼连接不到位（错位约1mm），进而影响中法兰垫片压缩量（理论压缩量1.5mm），导致阀门外漏,"机械处理反馈：1)处理进展结果：对阀门进行解体检修，并对垫片进行了更换，维修后试验各项数据合格正常，验证已无外漏；2）处理措施：①在线紧固无法消除缺陷，现场已用防火布进行防护，防止周边设备损伤；②准备工作方案对3REN194VL机械解体检修，并对垫片进行了更换，维修后试验各项数据合格正常，临时签出解除隔离验证已无外漏；③对我厂规程进行了排查，规程中对于此环节有明确要求，在阀笼回转时要旋转45°，以确保阀笼和阀盖装配到位。已发起CR202011891进行经验反馈学习。
3 ）故障原因分析：根据解体检查情况，确定本次外漏原因为设备制造厂安装问题造成，阀盖与阀笼连接不到位（错位约1mm )，进而影响中法兰垫片压缩量（理论压缩量1 . 5mm )，导致阀门外漏",化学技术规范要求，APG 系统（P>25%Pn 的RP 模式），如果一台或更多在线钠表不可用，手动分析1 ／日［1 ／日，每日一次，相邻两个执行日的最长间隔（连续两次使用裕度的最长间隔）>36 h1,
3RIS013VP全开30s后在KIC画面中显示故障大红色,早班执行F03-RPB-T-016用RPB371KC进行安全注入逻辑试验规程时，按照规程执行过程中3RIS013VP全开30s后变成大红色（开启故障），3RCV034/375VP未按照逻辑正常关闭,导致 FQ3-RPB-T-016 用RPB371KC 进行安全注入逻辑试验规程试验失败,已采取的行动措施：1）现场检查配电盘无异常，OPEN 灯亮；2）就地检查3RIS013VP 全开，无异常；3）联系电气和仪控人员检查发现3RIS013VP 机械限位器未触发电气人员处理后，重新执行试验，试验结果满意,1)电气限位(F0/FC)送配电盘和KIC 进行显示，机械限位（SM3/SM5）参与逻辑控制；2）3RPB371KC 打试验位后，3RIS013VP 开启，全开30s 后变大红色（开启故障）。原因为3RIS013VP 在接到3RPB371KC 打试验位开启指令后开启，在电动头内部的全开限位（电气限位）触发后停止开启，但是此时机械全开限位SM3 未触发。（即逻辑图中电动头内部的F0 触发，但是SM3 未触发）。在DCS 内部会判断开启故障阀门变大红色；3）由于3RIS013VP 的机械全开限位SM3 未触发，故3RCV034/375VP 不会关闭；4）电气人员通过调整3RIS013VP 电动头内部的电气限位开关，来调整阀门行程，使阀门的机械限位SM3 触发，试验顺利完成,机械处理反馈：1）检修步骤：①对3RIS013VP 阀门外部机械开限位进行调整；②与主控沟通，主控开关阀门两次。限位均能正常触发；③确认阀门正常，主控无报警；④工作结束，清理现场。2）故障原因分析：阀门本体限位未触发,"RIS013VP 的控制逻辑：1 ）手动开启信号DKIC013VP 置于OPEN ②BUP005TL 置于OPEN2 ）手动关闭信号：DKIC-013VP 置于CLOSE2BUP-005TL 置于CLOSE3 ）自动开启信号：D 安注信号SI ，RPR 触发，1E 级②PTR001BA 液位高于L2(5.9m)，且以下任一条件满足：a.ADP 保护信号触发b.RPN 源量程中子通量高紧停堆c.容控箱RCV001BA 液位低3(RCV011MN,0.87m) d.RRA 自动补给信号4 ）自动关闭信号PTR001BA 液位L2(5.9m)，1E 级＋安注再循环未手动复位说明：RRA 自动补给信号只引起RIS 系统B 列动作。5 ）参与其他设备的控制逻辑：DRCV375VP 自动关闭信号：a.RIS013VP 开启+RRA 自动补水信号：b.RIS013VP 开启+B 列SI 信号：C.RIS013VP 开启+B 列源量程中子通量高信号：d.RIS013VP 开启+B 列ADP 信号 号；e.RIS013VP 开启+VCT 水位低3。2②RCV034VP 的自动关闭信号： a.RIS013VP 全开+（VCT 液位低3(012MN-0.87m）或B 列防误稀释信号ADP 或B 列SI 或RCV034VP 全开时B 列源量程中子通量高或RRA 自动补水信号）；b.KIC 中将RPB371KC 置于TEST+RIS013VP 全开",
3RIS129VP存在泄漏，漏量3~4s一滴,3RIS129VP存在泄漏，漏量3~4s一滴,如泄漏扩大，「可能影响3RIS002PO功能,已采取的行动措施：oncall维修机械检查,阀门起跳压力为2.2MPa，密封压力为2.09MPa，泵启动瞬时压力可能达到或接近起跳压力，同时根据起泵时泄漏观察情况，判断为起泵瞬间阀门微起造成泄漏，当前仍有少量泄漏怀疑为密封面回座不严、卡有杂质或磕伤（观察4号机组试验，起泵出口压力瞬间最高达到2.0MPa而4RIS129VP无泄漏，3RIS129VP为个例情况）,机械处理反馈：4-7：在执行定期试验时泵下游压力短时超过安全阀定值起跳导致。当前安全阀出口约30s一滴的微漏（可能原因为起跳后密封面杂质或回座不严），经评估该缺陷不影响设备的安全功能。4月10日泄漏量变为10滴/min，不影响阀门安全功能及系统运行，准备工单进行在线手柄检查及敲击和泄漏率测量，根据在线处理后情况决定后续处理措施。处理措施：根据由易到难的步骤依次执行1)检查手柄、敲击回座（896515-01已完成。泄漏未消除，处理后泄漏率为1滴/min。2）手动强,《3RIS129VP安全阀压力整定及密封性试验》中要求安全阀的整定压力值为：（2.20±0.07）MPa.g，密封性试验压力值为：（2.09±0.06）MPa.g（反向打压介质为气体，压力为0.03MPa.g，打压时间为15min，以阀盖检漏孔无气泡冒出为合格）,
3RPE001BA和3RCP002BA压力偏低,3RPE001BA和3RCP002BA压力偏低,导致3RCP002BA/3RPE001BA 无足够氮气覆盖的情况下接收一回路的含氢废水，有氢气爆炸的风险,已采取的行动措施：oncall1 维修机械对3RAZ031VZ进行检查,3RAZ031VZ 失去正常调节能力。阀门指挥器无法全关，怀疑指挥器存在内漏,1 机械处理反馈一一处理进展：2018 年1 月23 日机械反馈经检查初步判断为阀门本体供气管线上的阀芯内漏，当前无法处理，建02 工单进行跟踪；2018 年2 ．月10 日机械对3RAZ031VZ 解体检查后发现I 压管线内有较多铁锈灰尘，检查过滤器滤芯铁锈较多怀疑堵塞，可能是前期管道内有水导致生锈。经与运行沟通后对RAZ 管道进行吹扫。吹扫后调节3RAZ031VZ 下游压力至0 . 025MPa.g ，后3RPE001BA 和3RCP002BA 压力稳定：2 ）运行处理反馈：2018 年2 月13 日对RAZ 管道进行吹扫，3RAZ403VZ 下游吹扫出大量黑色粉末状物质,,
3RPE010P0就地手动启动后无法停运,中班对3PW18678 进行解隔离，对3RPE010P0 出口软管漏水问题处理情况进行验证。在3RPE014PS 液位L 的情况下就地手动启动3REP010P0 ，泵正常启动，随后液位LL 信号触发，但就地无法停运3RPE010P0 。现场将 3RPE010P0 重新置于自动控制，但是3RPE010P0 仍无法自动停运。现场在3RPE010P0 上游电源3LKE2121JA 上用试验盒停运3RPE010P0 ，3RPE010P0 正常停运,导致3RPE010P0 无法手动、自动停运，存在损坏泵的风险,已采取的行动措施：使用试验盒停运3RPE010P0,1 ）就地手动启动3RPE010P0 前，地坑液位L 信号已经存在，其产生的脉冲信号已消失，RS 触发器输出为停运信号；2 ）就地手动启动3RPE010P0 ，启动信号产生的脉冲信号使RS 触发器翻转，输出为启动信号；3 ）液位LL 时，相应的保护停运信号因为已有一个液位L 的保护停运信号存在，故无法再次产生脉冲信号；4 ）手动停运3RPE010P0 ，同样因为已有保护停运信号在，而无法再次触发停运脉冲信号,,"1) 非紧急情况, 不要在液位 L 的情况下启动 3RPE010PO。推广来说, 在非紧急情况, 不要在已有启动信号的情况下停运 3REP010PO, 也不要在已有停运信号的情况下启动 3RPE010PO。2) 紧急情况下, 可以使用试验盒在电气盘柜上启动/停运 3RPE010PO。该情况同样适用于 3RPE005/006/007/008/009P03RPE-017PO/4RPE018P03RPE023PO/4RPE024PO。3) RPE 泵保护启动/保护停运逻辑特点: ①保护启动/停运信号通过产生的脉冲信号参与控制, 一旦启动/停运信号产生, 在其消失前无法重新产生新的脉冲信号。即使是有新的启动/停运逻辑也不行。即控制器的输出不仅取决于当前输入信号, 还取决于之前的输入信号; ②控制的输出信号与输入信号出现的先后顺序有关; ③极端情况下, 可能出现输入只有停运信号但控制器输出为启动信号的情况。4) 3RPE010PO 在 DCS 一层的控制逻辑: ①KSC 模式下, KIC 手动启动/停运信号为正常启动/停运信号, 优先级相对比较低; ②其他启动/停运信号为保护启动/停运信号, 优先级相对比较高; ③保护启动信号和保护停运信号之间优先级是相同的, 在两个信号同时存在时。其输出具有一定的特殊性",
3SAP001C0应急压空机启动后在控制屏出现浓缩排污高报警。导致 3SAP001C0停运,,1)由于此时执行规程时3SAP002C0处于试验位置，故障出现时3SAP002C0已经不可用，所以此时与3SAP001C0故障不可用叠加，机组产生了随机的第一组I0（两台应急压空机不可用）。恢复3SAP002C0可用后，因3SAP001C0不可用，存在I02：SAP1:2）一台应急压空不可用，导致机组仅用压缩空气供应的穴余度降低,1）已采取的行动措施：D按照规程恢复将3SAP002C0由试验位置恢复至正常位置。消除第一组I0;②主控确认3号机组SAP系统压力正常，并加强关注；③为保证3SAP002C0优先启动已将3SAP002C0切换至基本负荷压力带2，3SAP001C0置备用，压力带1;④联系2号机组确认OSAP主压空系统运行正常；oncall维修电气现场检查处理。2）建议后续行动：①请维修分析故障原因，准备好处理方案并消除缺陷；2②运行加强3SAP系统压力监视,3SAP001C0空压机电磁阀堵塞,"1）电气处理反馈：①缺陷描述：3SAP应急空压机多次出现浓缩排污阀故障，导致空压机无法启动（2019年11月14日，3SAP001C0由于浓缩排污阀故障无法启动：2019年09月09日，3SAP002C0由于浓缩排污阀故障无法启动）。②原因分析：3SAP001C0空压机电磁阀堵塞。
a ．拆除电磁阀后，发现电磁阀通道处存在白色粉末状固体将电磁阀堵塞导致液位高报。由于排污阀中冷疏水器前方存在空气过滤器，异物进入疏水器、电磁阀的可能性较小，初步原因分析为疏水器内壁（材质为金属铝）氧化，产生氧化铝（白色粉末状），长期堆积后堵塞电磁阀。b ．经咨询1 /2 号机组SAP 缺陷情况，分析认为SAP035/036VA（闸阀）出口对空且开口向上，在正常运行期间，此阀门为关闭状态，异物可能在闸板上堆积，阀门打开时引入系统管道。1 /2 号机组在2016 年出现此故障后，将出口用布封堵，至今未再出现此故障。③处理措施：拆除电磁阀后，发现电磁阀通道处存在白色粉末状固体，将电磁阀堵塞导致液位高报。由于排污阀中冷疏水器前方存在空气过滤器，异物进入疏水器、电磁阀的可能性较小初步原因分析为疏水器内壁（材质为金属铝）氧化，产生氧化铝（白色粉末状），长期堆积后堵塞电磁阀。已完成排污阀及疏水器清理，故障已消除。④后续行动：a ．根据前期经验，排污阀疏水器清理后发生堵塞概率降低敌新增3/4SAP001/002C0疏水器及电磁排污阀清理检查的PM 项目，周期W12;b ．将3/4SAP035/036VA 出口用布封堵（目前为铁丝网）。 2 ）安工建议反馈：3 号机组2 台应急压空机组近期重复出现类似缺陷导","致OSR定期试验失败，需关注设备故障的根本原因分析及纠正行动是否有效，是否存在共模故障
技术规范要求，RP模式下，如果一台应急空气压缩机不可用，将产生第二组I0：SAP1，所采取的措施：检修必须在14天内完成。如果两台应急空气压缩机不可用，将产生第一组I0：SAP2，所采取的措施：D检修必须在3天内完成：②8h内确认机组间共用的空气连接管线的可用性
核安全处：《1~4号机组核安全周报（2019年11月11日-11月17日）》；维修二处电气：EAM中工单01411415-01的完工报告：WR/WOT：00649134/01411415-01（紧急工单）",
3SAP002C0空压机浓缩排污故障,中班执行F03-SAP-T-001：检查应急空压机001C0&002C0的应急备用功能试验规程时，在启动3SAP002C0 时，控制面板出现“浓缩排污”故障报警。该报警导致3SAP002C0 跳闸导致3SAP002C0 不可用,1 ）由于此时执行规程时3SAP001C0 处于试验位置，故障出现时3SAP001C0 已经不可用，所以与此时3SAP002C0 故障不可用叠加，机组产生了随机的第一组10 （两台应急压空机不可用）。恢复3SAP001C0 可用后，因3SAP002C0 不可用，存在102: SAP1:2 ）一台应急压空不可用，导致机组仅用压缩空气供应的余度降低,1 ）已采取的行动措施：D 按照规程恢复将3SAP001C0 由试验位置恢复至正常位置，消除第一组10 ;②主控确认3 号机组SAP 系统压力正常，并加强关注；③联系2 号机组确认OSAP 主压空系统运行正常；④oncall 维修电气现场检查处理。2 ）建议后续行动：①请维修分析故障原因，准备好处理方案并消除缺陷：2②运行加强3SAP 系统压力监视,,电气处理反馈：1）故障问题：3SAP002C0空压机浓缩排污故障：2）原因分析：3SAP002C0空压机电磁阀3SAP220VK疏水管堵塞：3）处理措施：①与主控沟通后领取工作许可证：②检查3SAP002C0空压机电磁阀：3SAP221VK/3SAP220VK发现3SAP220VK疏水管堵塞，对3SAP220VK输水管进行清洁及疏通，确认疏水管无堵塞，同时检查3SAP221VK电磁阀疏水管无异常；③测量3SAP002C0空压机电磁阀3SAP221VK直阻为497.5Ω，直阻正常：④测量3SAP002C0空压机电磁阀3SAP220VK直阻为500.5Ω，直阻正常：5回装电磁阀各部位零件，确认紧固，无异物残留；6联系运行人员上电验证，确认3SAP002C0空压机浓缩排污故障消失，无异常；7工作结束，归还工作票。4）后续行动项：对发现堵塞疏水管的白色异物进行化验，分析疏水管堵塞的根本原因,技术规范要求，RP模式下，如果一台应急空气压缩机不可用，将产生第二组I0：SAP1，所采取的措施：检修必须在14天内完成。如果两台应急空气压缩机不可用，将产生第一组I0：SAP2，所采取的措施：①检修必须在3天内完成：②8h内确认机组间共用的空气连接管线的可用性,
3号主控1号工作站鼠标不可用,3号主控堆操站（3KIC601WS）鼠标故障不可用,导致一台0WP不可用，产生I02：KIC1,已采取的行动措施：1)重新分配工作站；2)oncall1仪控检查处理,USB鼠标接口松动,仪控处理反馈：1）故障现象：3号主控1号工作站鼠标不可用；2)处理进展：完成故障处理，1号工作站鼠标恢复可用，I02消除；3）检修步骤：对鼠标进行热插拔，鼠标恢复可用；4）故障原因分析：USB鼠标接口松动,运行技术规范：RP模式下一台0WP不可用，记录第二组I0：KIC1，重新分配工作站，检修必须在7天内完成,
3号主控出现3KC0014KA保护I通道机柜故障,,"机柜故障可能导致 RPR 保护动作, 存在停机停堆风险","已采取的行动措施: 1) 查看和执行报警卡; 2) 查看 RPR 画面和质量位画面, 未发现异常; 3) 就地检查 KCS 和 KCP 机柜, 发现 3KCS011AR 和 3KCS012AR 故障报警灯亮; 4) 梳理当前 3RPR 系统无相关工作; 5) oncall 仪控人员检查处理","1) 触发报警的原因为 3KCS012AR 机柜内一块 A0 卡件自诊断故障; 2) 使用诊断软件采集到的该 A0 卡件自诊断信息显示 ""Externalerror mismatch"", 初步分析为卡件外部回路异常","仪控处理反馈: 1) 处理进展: 3KC0014KA 报警 2 h 自动消失, 3 号机组 KCS 系统运行状态正常。2) 检修步骤: 该卡件同型号报警之前曾出现过三次, 根据厂家建议对 A0 卡件进行更换。对该 A0 卡件保持持续观察, 若后续该 A0 卡件还出现同型号报警, 则对相关信号回路的接线进行检查。3) 故障原因分析: ①触发报警的原因为 3KCS012AR 机柜内一块 A0 卡件自诊断故障; ②使用诊断软件采集到的该 A0 卡件自诊断信息显示 ""Externalerror mismatch"", 初步分析为卡件外部回路异常",KCS 机柜的自诊断报警: 处理器卡件、通讯卡件、AI 卡件件、A0 卡件、DI 卡件、D0 卡件等的自诊断报警,
3号主控出现3KRT011KA8（036MA触发监测通道故障报警），就地无法复位,4:42分3号主控出现3KRT011KA8（036MA触发监测通道故障）报警，并闪发3KRT047KA（036MA扫描式风管气体β活度2级报警）,经辐射防护人员现场核实3KRT036MA故障不可用（双机组IO），产生KRT9的第二组IO,已采取的行动措施：1)查看和执行报警卡；2)联系辐射防护检查确认3KRT036MA故障情况；3）反馈4号机组主控，3KRT036MA不可用产生双机组IO2：KRT9；4)要求辐射防护检查确认4KRT036MA运行正常；5）oncall维修仪检查处理,3KRT036MA继电器板的光电耦合器故障。导致启动取样泵运行的信号消失，取样泵停运，取样回路中压力异常，导致LPDU显示工作故障、气路故障,"仪控处理反馈：1）处理进展：3KRT036MA取样泵运行正常，设备运行正常。2）缺陷描述：主控显示3KRT036MA故障、二级报警，就地设备无法复位。3）原因分析：3KRT036MA继电器板故障，导致取样泵停运，触发设备工作故障报警、气路故障报警。3KRT036MA继电器板的光电耦合器故障，导致启动取样泵运行的信号消失，取样泵停运，取样回路中压力异常，导致LPDU显示工作故障、气路故障。4）处理措施：①检查取样泵控制信号，发现无启动取样泵信号送至电气箱；②检查取样泵控制信号回路。LPDU未发出启泵信号，确定为LPDU控制信号异常：
③检查LPDU 内继电器板电路，电路板线路正常，判断为光电耦合器故障，导致启泵信号中断；④更换LPDU 内继电器板的光电耦合器芯片。更换完成后重启LPDU ，取样泵启动。取样泵及设备各部分正常运行，设备恢复至正常运行状态；5 观察设备正常运行3h 后，与主控沟通，归还工作票，IO 消除",1)KRT036MA 用于DVN、DVK、DVW 系统通风管道空气β比活度的监测；2) KRT036MA 测量对象来自多个房间（3KRT036MA 有8 个取样支路， 4KRT036MA 有7 个取样支路），以3KRT036MA 为例，8 个取样支路对应8 个房间，依靠各支路的电磁阀循环打开来扫描不同的房间，同一时间只有一个支路在工作中。假设当前工作在A 支路，那么只有A 支路的电磁阀是打开的，其他支路电磁阀关闭，工作5min 后，A 支路电磁阀关闭，B 支路电磁阀打开，再过5min ，B 支路关闭，C 支路打开..依次类推,
3号主控触发3RRM002ZV电机轴承非轴伸端振动高高报警同时触发3R530 房间火警,3号主控触发3RRM002ZV电机轴承非轴伸端振动高高报警同时触发3R530房间火警。风机停运后3RRM002ZV非驱动端温度3RRM504MT持续升高。最高升高到78.8℃。随后缓慢下降。进岛核实，现场无明火及浓烟，3RRM002MO目视无明显异常,1)RRM通风为控制棒驱动机构提供冷却，若RRM通风全部或部分失去导致控制棒驱动机构失去足够冷却，可能导致机组后撤；2)3RRM004ZV按临时SPV设备管控；3）若3R厂房发生明火火灾，根据EAL机组可能需要进入应急状态,已采取的行动措施：1）确认3R530正是3RRM002ZV所在的房间；2）启动3RRM004ZV，停运3RRM002ZV，同时将3RRM002ZV电源断开；3）启动消防二级干预队到8m气闸门待命，同时通知厂区三级消防队在17号汇合点待命；4）通知维修机械开启气闸门人员在8m气闸门待命；5）通知维修电气人员到厂准备对3RRM002ZV进行处理；6）联系辐射防护人员走紧急进入R厂房流程；7）机组暂停升功率（根据功率运行期间进入R厂房的辐射防护规定，需要保持反应堆功率稳定）,1)电机出厂时非驱动端轴承装配错误。电机非驱动端应为圆柱滚子轴承，厂家错误选配了深沟球轴承，径向负荷承载能力较原设计圆柱滚子轴承下降一半以上，同时由于深沟球轴承内、外圈之间允许轴向位移量较小，无法补偿电机轴系正常热膨胀产生的轴向位移，运行期间轴系热膨胀量无法释放。导致电机两端深沟球轴承同时承受额外轴向力；2）因非驱动端深沟球轴承需同时承受径、轴向叠加载荷，运行工况较驱动端深沟球轴承更加恶劣，电机运行期间非驱动端轴承外圈滚道面外侧与内圈滚道面内侧成,维修电气处理反馈：1）对电动机非驱动端进行解体检查，发现电机非驱动端轴承已损坏；2）领用备件完成电机更换，维修后试验合格,若振动值超过7.2 mm/s（国标中对带减振器电机的振动限值）则建议切换风机,
3号主控闪发3CRF503KA（3CRF001M0三非驱动端垂直振动高）报警,19:46主控闪发3CRF503KA（3CRF001M0非驱动端垂直振动高）报警，检查发现3CRF103MV瞬时波动达到78μm（报警定值65μm），同一时刻3CRF101/105/107/109MV也存在振动值增大的现象,导致3CRF001M0三非驱动端闪发振动高报警,已采取的行动措施，1)查看和执行报警卡，发现3CRF103MV瞬时波动达到78μm（报警定值65μm），同一时刻3CRF101/105/107/109MV也存在振动值增大的现象；2)主控查看泵和电机轴承温度变化趋势未见异常；3)安排现场查看循环电机和泵未见明显异音和振动；4)oncall性能测振现场检查测量；5)oncall仪控人员检查处理；6)oncall设备管理工程师组织人员检查分析原因；7主控加强监视3CRF001P0泵和电机振动参数和轴承温度趋势现场加强3CRF001P0振动和异音情况的巡视,排查报警原因为13CRF101SZ电缆绝缘层磨损断裂.使得3CRF101SZ电压波动引起,"2 ）检修步骤（WOT:01192654-01,对3CRF317BC 箱内接线进行检查）: ①确认设备位号与工作票一致,与运行人员沟通工作风险：②将 3CGR001MP 打为手动模式：③对3CRF317BC 箱内 3CGR101SZ/101MV/103MV/105MV 电压检查；④确认3CRF317BC 箱内 3CGR101SZ/101MV/ 103MV/105MV 电压正常；手动拉动3CRF101SZ 电缆，输出电压波动：？拆除3CRF101SZ 信号电缆：？恢复3CGR001MP 自动；8 另建工单处理（01194051-01）；③在3CRF001PO 停运状态，3CRF101SZ 更换完成后，恢复3CRF101SZ 信号电缆；0 工作结束，清理现场。3 ）故障原因分析：3CRF101SZ 电压波动引起。4 ）检修步骤（WOT:01194051-01， 3CRF101SZ 检查更换）：①确认设备位号与工作票一致，验证隔离边界；②机械配合人员拆除电机保护罩，发现3CRF101SZ 电缆绝缘层磨损断裂，拆除3CRF101SZ 接线；③将损坏3CRF101SZ 拆除，更换新备件；④端接备件信号电缆，模拟新备件动作验证仪表功能正常：恢复并紧固探头安装，联系机械恢复保护罩安装；③确认仪状态正常。5 ）故障原因分析：仪表信号线磨损断裂",3CRF101SZ 为3CRF001PO 反转监测开关；CRF001PO 反转（CRF101SZ）信号触发＋（CGR041SP 润滑油压力不高或CRF001PO 不在运行）＋油压低 CGR035SP 触发＋润滑油温度CGR045ST 不低,
3号主控频发触发3APA435KA给水泵A阀门故障,"15：00左右，3号主控频繁闪发3APA435KA（给水泵A阀门故障）报警，3APA100VL（主给水泵A口电动阀）主控KIC中显示大红色，现场检查就地电动头上存在缺相报警（PHASELOST，如图1所示）
图13APA100VL 电动头缺相报警",1 ）若阀门关限位触发，会联锁泵保护停运；2 ）若需要隔离3APA100VL ，会导致3APA 系统主给水泵A 不可用，按照规程需要降功率至784MW 运行，且可能会影响节后3 号机组升功率；3 ）为确保电动头不会因缺陷恶化后触发关限位导致主给水泵A 故障跳闸，将3APA100VL 断电，使得存在3APA102P0 泵组出现破口跑水时，无法及时通过远程关闭3APA100VL 隔离破口点的风险,已采取的行动措施：1 ）主控检查当前运行的主给水泵A 泵流量无变化，保持在2550m /h 左右；2 ）就地检查3APA100VL 电动头显示缺相报警：3 ）联系设备管理电气专业人员初步确认3APA100VL 缺相不会导致阀门误动作；4 ）主控做好对主给水泵A 运行状态监视，做好切换到主给水泵C 运行的准备：；5 ）oncall 维修电气专业检查3APA100VL 故障原因,1 ）电动头缺相报警原因为电动头控制接线盒内电源板损坏；2 ）电动头异音故障原因为电动头电机转子非驱动端转子转轴和轴承磨损,"电气处理反馈：1)检查反馈： D3APA100VL 阀门为开启状态，目前故障不会导致阀门非预期动作；②配合运行将 3APA100VL 断电，确保电动头不会因缺陷恶化后触发关限位；③编制缺陷处理方案；④处理该缺陷时需动作电动头：需 1 号给水泵停运。经与值长及运工沟通，3APA100VL 缺陷当前不具备窗口处理，后续走日常计划等窗口处理 2)检修过程：①检查电动头电机盒，发现电机转子非驱动端转轴，轴承磨损；②对转子转轴磨损部分进行修复，采用切除磨损部分，切除半径 2 mm，新增 2 mm 厚度轴套的方式进行修复，轴套外径与未磨损处外径保持一致，轴向 17.046mm、径向 17.048mm；轴套材质使用 45#碳钢；③使用绝缘涂料对电机定子膛存在碰磨痕迹处进行刷涂，绝缘涂料型号：环氧粘接胶 ARALDITFAY205A 与瞬干胶 LOCTITE480 进行 10:1 调和；④更换 3APA100VL 电动头电机非驱动端轴承备件：测量电机三相直阻分别为 12.552, 12.57Ω, 12.5802, 三相直阻误差 0.24%, 小于 10%合格：电机对地绝缘 550MQ2；③对电动头送电，就地开关阀验证并对开阀及关阀启动电流进行录播，波形正常，开关阀电流均为 2.37A，开关阀期间使用听音棒听音，异音消除，远方开关阀验证电动头运行正常；7 对电动头进行清洁，工作结束。3)故障原因分析：","①电动头缺相报警原因为电动头控制接线盒内电源板损坏；②电动头异音故障原因为电动头电机转子非驱动端转子转轴和轴承磨损
3APA100VL 参与的 APA 控制逻辑： D3APA100VL 关信号触发 3APA102PO 跳闸；②3APA100VL 全开信号是主给水",
3号主泵电机空气冷却器出口RRI金属软管4RRI024FL漏水引起4JPI007BA液位缓慢升高,21：21．触发4JPI025KA（RCP泵房间的水进入废液箱），4JPI007BA液位自02月17日5:20，开始从232mm缓慢上涨，02月19日19:00上涨速率变快，当前4JPI007BA液位300.10mm，经计算当前进水速率约1.24L/h(见图1)201V01610002010/00/15222019/0021:000:0图14.JPI007BA液位上涨趋势,1)若漏点为主泵的RRI管线，则将影响主泵安全运行；2)若主泵消防在后续窗口真实启动，油水混合物将无法顺畅排到4JPI007BA，或通过溢流管线导致8TEU005/006BA进油；3）如按照当前的速率，约96.7天后，4JPI007BA液位将达到主控满量程(1900mm),已采取的行动措施，1)检查主泵消防未动作，且RX内JPI为干管，漏水可能性较小；oncal1拆除了4JPI055VE下游的堵头，查看了4JPI101VE下游的水量和压力，基本排出了壳外JPI通过JPI101VE-4JPI070VE-4JPI028/029/030VE-进入4JPI007BA的可能。另外主泵一级消防的,金属软管泄漏原因：软管与支架接触，管道振动过大，导致金属编织网损坏，内部波纹管破裂,"机械处理反馈，1）金属软管泄漏原因：软管与支架接触，管道振动过大，导致金属编织网损坏，内部波纹管破裂。2）调停期间工作安排：①分三组进行排查，排查后还要对漏点位置其他设备进行影响评估；
②ETY 吹扫结束后对有备件的破损金属软管进行更换；③对于无备件损坏的金属软管，经专题会讨论进行技术评估后引流至集水箱。3 ）最终处理：①排查岛内其他金属软管有无破损；②对4RRI024FL 进行更换；③对三个环路主泵金属软管加装防护措施",,
3号主泵高压冷却器设冷水流量3RRI155MD显示逐渐下降,3号机组早班11时01分开始，3号主泵高压冷却器设冷水流量3RRI155MD从31m/h持续逐渐下降，下降速率约每小时降低8m/h，11时50分已触发3RRI055KA（RCP003PO高压冷却器流量低）报警,1）结合3RRI001BA液位轻微下降趋势，可能为3RRI155MD仪表接管破口或渗漏，仪表位于岛内，需进岛处理，若破口增大，可能导致3RRI001BA液位不可控下降；2）若仪表为漂表，则将在3RRI227VN打至手动的情况下，无设备误动风险，但影响主控监视,已采取的行动措施：1）当班值立即查看主泵高压冷却器后轴封水温度等各项参数，未发现异常，且无明显变化趋势，同时间段1号、2号主泵高压冷却器冷却水流量稳定；2）现场排查3号主泵高压冷却器设冷水岛外部分在线，无异常；3）查看3RRI101LD/103LD/105LD，流量均为162m/h左右，无异常；4）查看RRI头箱液位及流量，发现3RRI001BA液位自11时左右有轻微下降趋势；5）考虑到3RRI155MD可能漂表，且该表涉及动作信号中仅有H1信号触发3RRI227VN自动关闭，已将3RRI227VN打至手动；6）oncall维修仪控人员。建议后续行动：1）当班值主控密切监视主泵各项参数及3RRI头箱液位、流量变化，就地密切监视3RRI105LD流量；2）仪控人员结合故障现象，尽快定位故障原因；3）缺陷处理可能需要进入核岛厂房内，请工业安全和辐射防护专业准备好后续进岛配合的工作,FBM201：卡件故障，导致其输出至TA 端子第3 通道的电压异常,仪控处理反馈：1 ）检修过程：①确认设备位号与工作包一致，与主控沟通说明工作内容与风险；②根据《3RRI155MD 流量异常检查处理方案》对机柜侧接线及信号进行检查；③确认接线牢固，检查TA 端子输出电流及电压；④确认电流异常，低于4 mA ，检查TA 端子输出电压，远低于24,"V(4~5 V之间);尝试更换TA端子和预制电缆,异常仍存在;③更换FBM201卡件,再次测量TA端子输出电流及电压,恢复正常;②恢复仪表接线,确认二层信号恢复正常,关闭机柜门,工作结束。2)故障原因分析:FBM201卡件故障,导致其输出至TA端子第3通道的电压异常
当RRI225VN(226VN、227VN)处于自动时,高压冷却器设冷水流量RRI151MD(153MD、155MD)≥35m/h时,RRI225VN(226VN227VN将自动关闭",
3号机组多次闪发3KK0002KA机组故障录波器启动（其余3台机组未启动）,2018年07月12日，夜班闪发7次3KK0002KA机组故障录波器启动报警,故障录波器启动表示电气系统存在异常情况：若属实而未及时干预将存在极大的安全隐患,已采仅的行动措施：1）主控、现场查看各中高压电气系统运行情况（电压和电流波动情况；2）oncal1维修电气人员进厂,8LGIB母线二次电压N线未接入故障录波器，导致机组故障录波器三相电压采样不平衡，B相电压低于录波装置低越限定值52V启动录波器录波,电气处理反馈：1）现场检查3号机组故障录波器从2018年07月12日03：56:43至2018年07月12日07:35:05之间频繁启动录波，录波启动原因均为8LCIB母线电压Ub低越限启动2)现场现场检查8LGIB母线通过母联供电：中压配电盘上一次电压指示正确：3）该录波启动信号在8LGIB进行停电倒母线之前就已存在，已按照工单00952664-01进行检查，明确录波启动原因为：8LGIB母线二次电压N线未接入故障录波器，导致机组故障录波器三相电压采样不平衡，B相电压低于录波装置低越限定值52V，启动录波器录波,电气处理缺陷时可通过示波器看香找故障原因,
4 号主控出现4ARE425KA“ARE106VT任-输入失效”报警,"03:53:58,4 号主控触发4ARE425KA（ARE106VT任-输入失效）报警，查看ARE 画面，4ARE406KM显示数字变为黄色，4ARE406KM用于3 号蒸汽发生器水位控制（水位实测值）。期间 4ARE030/054/060MN水位均在0m 左右，且读数未见异常，3 号蒸发器水位控制正常",影响SG 水位控制的可靠性，如果两个或两个以上的输入通道失效，运行人员将蒸汽发生器水位控制切换到手动控制模式 （ARE033VL和ARE244VL）,已采取的行动措施：1)查看KIC历史趋势未见明显异常；2)立即查看和执行报警卡；3）检查4RPR036HXT4RPR039HXT中ARE030MN，ARE054MN，ARE060MN的质量位触发情况；4)执行《F04-RRC-I-001核蒸汽供应系统控制装置和安全设施故障处理规程》；5)oncal1维修仪控人员进厂处理。建议后续行动：主控人员将密切关注SG水位和相关报警，并做好事故预想，必要时根据程序干预SG水位,4KCS035CR中4ARE054MN模拟量隔离模块故障。导致输入到KCP侧参与蒸汽发生器液位调节的4ARE054MN通道故障，主控触发4ARE425KA报警,仪控处理反馈，1)处理进展：①取得工作许可证，与主控充分沟通；②按照《4ARE054MN_11显示质量位工作方案》进行检查处理；③确认4ARE054MN通道的接线均牢靠；④检查确认4KCS035CR中4ARE054MN模拟量隔离模块故障更换合格的卡件备件，通道显示正常；5报主控工作结束，清理现场，归还工作许可证2)检修步骤：①接线紧固性排查，未见异常；②测量隔离卡件电流后发现故障点为隔离卡件，进行卡件更换；③更换过程中产生保护IIIP通道质量位失效报警4RPR780KA报警、及穴余通道偏差报警4RPR740KA报警。④在更换隔离模块过程中，由于仪表测量电流下降，触发“三号蒸汽发生器低水位-IIIIP”报警，由于该通道保护已剔除，不参与保护动作。5模块更换完成后，4ARE425KA报警消失，KIC画面显示恢复正常。3）故障风险分析：更换位于4KCS035CR机柜内的4ARE054MN信号隔离模块将导致位于1EDCS和NC DCS中的4ARE054MN信号失效，将造成该仪表参与的反应堆保护逻辑及蒸汽发生器水位控制逻辑降级：,"1)每台蒸汽发生器还有4只容量程水位表(对SG3其水位变送器的代号分别为ARE030MN、054MN、060MN和057MN)，它的0%水位定在管板上表面以上的11.27m处，位于给水进口下面，全量程为3.6m。这4只容量程水位测量装置都有显示和保护功能。其中ARE030MN、054MN、060MN还兼有水位控制功能，通过表决器取它们的平均值作为蒸汽发生器水位调节系统的实测水位信号。在保护方面，用四取二逻辑提供低低水位(15%)停堆保护以对付热阱丧失事故，和提供高高水位(75%)保护，避免汽轮机叶片的损坏，以及限制蒸汽管道事故的后果。对于SG3由ARE060MN和057MN参与低水位(25%)保护，保护逻辑为1/2。
2) ARE030MN, ARE054MN, ARE060MN 为 ARE 106VT 的三个输入通道，当其中任意一个输入通道失效将触发 4ARE425KAARE106VT 任一输入失效”报警。3) 质量位画面 4RPR036HXT 一 4RPR039HXT 可以检查 SG 液位计的质量位触发情况",
4 号主控出现4KIC002KA(A 列CFR 服务器故障）和4KIC005KA(A 列HEARTBEAT 信号故障）报警,13:59 ，主控出现4KIC002KA(A 列CFR 服务器故障）和4KIC005KA(A 列HEARTBEAT 信号故障）报警，查看SRV 画面CFR1 显示“INCOMP”并显示黄色：AW1 -1 显示红色，其余AW 显示正常绿色,"1 ）此时AW1 -1 与CFR1 单通道通讯故障，如果AW2 -1 不可用则会导致在KIC 二层不能控制下游部分设备（需仪控提供相关清单），并需遵守 I02 ：KIC4 的相关运行技术规范要求（互为穴余的两个AW 不可用）；2 ） 此时AW1 -1 与CFR1 单通道通讯故障，如果AW1 -2 不可用，相当于一列CFR 不可用，需遵守I02 ：KIC4 的相关运行技术规范要求（一列CFR 不可用）；
3)仪控反馈为就地电脑一个内存条损坏，另外一个内存条可用其容量为2GB，而当前系统运行所占内存为500MB左右，不影响运行",1)已采取的行动措施：①检查KIC画面，未发现其他异常；②主控确认KIC操作正常；③已oncall维修仪控现场检查。2)建议后续行动：D请仪控尽快查找AW1-1与二层通讯故障的原因，并消除缺陷；②请仪控检查确认其他AW运行正常；③运行加强对KIC画面的监视,根据4AP1工作站启动日志，发现该工作站内存故障，导致工作站死机，失去与二层CFR链接，出现4KIC002/005KA报警,仪控处理反馈：1）缺陷描述：02月06日13：59，主控出现4KIC002KA（A列CFR服务器故障）和4KIC005KA（A列HEARTBEAT信号故障）报警查看SRV画面CFR1显示INCOMP”并显示黄色，AW1-1显示红色，其余AW显示正常绿色。2)处理进展：4号机组AP1工作站恢复，单条内存运行，当前该工作站内存使用状态466MB/2GB（正常运行460～500MB/3.5GB），4KIC002/005KA报警消失，KIC平台运行正常。3）处理措施：①检查KIC平台运行状态，确认其他服务器、工作站状态正常；②重启4AP1工作站；③重启过程中发现，该工作站内存错误警告，只有一条内存运行，工作站启动；④启动4AP1工作站FoxApi服务，该工作站与二层通讯恢复正常：观察20min，4AP1工作站正常，KIC平台运行正常。4)故障原因分析：根据4AP1工作站启动日志，发现该工作站内存故障，导致工作站死机，失去与二层CFR链接，出现4KIC002/005KA报警。5）后续行动：跟踪现场运行状态，领取备件，在合适的窗口更换4AP1工作站内存,"1）当CFR1与CFR2同时失效时，则DCS一二层通讯完全断开，直接表现为KIC画面上设备状态及参数全部显示洋红色故障。按照运行技术规范两列CFR 同时失效，运行需切至BUP 控制模式。2)DCS 二层与一层的数据交互①一层数据上传：·每台CFR（前端服务器）通过一个交换机和DCS 一层的两台API 服务器相连·A 列的AW1-1 服务器和B 列的AW2-1 服务器上传到二层的数据是一致的。A 列的AW1-2 服务器和B 列的AW2-2 服务器上传到二层的数据是一致的。A 列的两台AW 的数据结合到一起就是电厂KCP 系统上传的完整数据。B 列亦然。Level 2ChangedarchiveddatadataSTRSARCHangeddataCCT 1CCT 2masterslaveChangedChangedvaluesvaluesCFR 1CFR 2ChangedRequestvaluesAW1-1AW1-2AW2-1AW2-2Level 1 图1 一层数据上传
一层AW 只向CFR 发送发生了变化的数据。，两台CFR 都将数据发送给CCT 进行处理。·两台CCT （中央数据处理服务器）互为备用：一主一从。：只 有主CCT 的数据会发送到SAR -STR 数据存储服务器）。·OWP （操作员站）从SAR -STR 中读取数据提供给操作员。②二层数据下发：·OWP （操作员 站）下发的命令由SAR -STR （数据存储服务器）发送给CCT 。·只有主CCT （中央数据处理服务器）向由它选中的CFR （前端服务器）发送命令。·被主CCT 选中的CFR 向AW 发送命令Level 2commandcommandAcknow. STRcommandcommandAcknow. CCT 1CCT 2masters1avecommandcommandacknowledge1electedCFR2CFR 1commandcommandacknowledgeAW-1AW1-2AW2-1AW2-2Level 1 图2 二层数据命令下发 STR CCT 1master CFR2 AW1-1AW1-2AW2-1AW2-2",
4 号主控出现4KIC009KAB 列CFR 服务器故障,"06:43,4 号主控出现4KIC009KAB 列CFR 服务器故障报警，画面显示CFR2 处于“INCOMP”状态并显示黄色，上部一条通讯线路显示红色标识",1 ）如果一台CFR 不可用，导致IO2（KIC4 )，检修必须在7 天内完成， CFR 服务器穴余丧失；2 ）仪控人员根据故障现象初步判断目前B 列CFR 服务器仍处于工作状态，怀疑两根连接网线中的一根松动导致；3 )KIC 系统各服务器及工作站为双网络穴余运行，且服务器为AVB 两列余运行，一个网络或者是一个服务器故障不会导致平台失效,1 ）已采取的行动措施：①执行报警卡规程；②检查KIC 平台运行及KIC 心跳信号未见异常；③oncall 维修仪控进厂检查。2 ）建议后续行动：①维修仪控分析根本原因，消除缺陷；②运行继续关注KIC 平台以及CFR 服务器的运行状态,,仪控处理反馈：1 ）影响评估：KIC 系统各服务器及工作站为双网络冗余运行，且服务器为A /B 两列冗余运行，一个网络或者是一个服务器故障不会导致平台失效。2 ）处理进展：CFR2 恢复双环网运行，KIC 平台运行稳定。3 ）处理措施：重启CFR2 网卡，网络恢复正常。401 大修进行KIC 硬件升级项目。4 ）故障原因分析：DCFR2 服务器环2 网卡死机，导致与CFR2 与环2 通讯丢失出现4KIC009KA 报警：CFR2 冗余网络环1 通讯正常，即CFR2 未失效；②初步根因分析，CFR2 服务器网卡存在老化现象，偶发进程运行卡顿,当CFR1 与CFR2 同时失效时，则DCS 一二层通讯完全断开，直接表现为KIC 画面上设备状态及参数全部显示洋红色故障。按照运行技术规范两列CFR 同时失效，运行需切至BUP 控制模式,
4 号主控出现4LBA006KA 接地故障报警,在执行 4CTE 检修解隔离将 4LGE106JA 推入并合上控制电空开后 (01:56:06 完成操作)，01:57:40，主控出现 4LBA006KA 接地故障报警，02:02:14 将 4LGA108JA 送电并合上控制电源开关，现场检查存在 13、14、18、44 支路绝缘低（其中 18、44 支路分别对应 4LGA 母线和 4LGE 母线）,1) 4LGA108JA（负荷为 4CTE002TR）和 4LGE106JA 无法送电，4CTE 无法启动制氦，影响对下游管线加药；2) 若缺陷扩大可能导致 4LBA 母线失电，反应堆停堆进入 I10A 事故规程,已采取的行动措施：1) 执行报警卡，主控检查 4LBA 母线电压正常；2) 立即安排现场人员检查 4LBA 母线发现现场存在 13、14、18、44 支路绝缘低报警，后续又增加 15、16 支路绝缘低报警；3) 立即重新断开 4LGE106JA 和 4LGA108JA，18、44 支路报警消失，仍存在 13、14、15、16 支路报警；4) oncall 维修电气人员响应；5) 主控熟悉《F04-I10A-TP0PAC-0002 失去 A 系列 110 V 直流电源(LBA)）,1) 4LGA108JA 与 4LGE106JA 开关柜 003BN 的 30 和 35 号端子错误接入了 4CTE002TR 和 4CTE001TR 上送的控制电缆备用芯，导致备用芯接入了开关柜侧控制回路与 4LBA 相连：从全部端子与电缆号码管的一致性，初步判断是安装接线错误遗留；2) 在 05 月 09 日 4CTE001/002TR 预维期间，参照 3CTE001/002TR 已实施措施，将变压器侧控制电缆备用芯接地，自的用于降低电缆直流线芯的感应交流电压导致了开关柜侧控制回路在 8HX 接地，在投运控制电时导致 4LBA 正极端接地,"电气处理反馈：1) 处理进展：已完工完成异常处理。
2) 设备可用性分析：异常定位在 4LGA108JA 与 4LGE106JA 开关柜间隔内接线，经处理后送开关柜控制电，4LBA 未再次出现接地报警。3) 原因分析：D4LGA108JA 与 4LGE106JA 开关柜 003BN 的 30 和 35 号端子错误接入 4CTE002TR 和 4CTE001TR 上送的控制电缆备用芯，导致备用芯接入了开关柜侧控制回路与 4LBA 相连：从全部端子与电缆号码管的一致性，初步判断是安装接线错误遗留；②在 05 月 09 日 4CTE001/002TR 预维期间，参照 3CTE001/002TR 已实施措施，将变压器侧控制电缆备用芯接地，自的用于降低电缆直流线芯的感应交流电压，导致了开关柜侧控制回路在 8HX 接",4LBA001XK 接地故障探测器正极报警整定值为50kQ2，到绝缘纸小于50kQ2 时，将触发4LBA006KA 接地故障报警,
4 号主控触发4KC0044KA（保护通道V 机柜故障）保护V 通道机柜故障报警,"07:44,4号主控出现L 4KC0044KA保护通道N 机柜故障报警，就地香看4KCS044AR 和4KCS045AR 故障报警灯亮",故障恶化将可能失去保护通道的部分监测和控制功能,已采取的行动措施，1 ）执行报警卡规程：2 ）查看RPR 画面和质量位画面，未发现异常；3 ）就地检查KCS 和KCP 机柜，发现4KCS044AR 和4KCS045AR 故障报警灯亮；4 ）梳理当前4RPR 系统无相关工作,经检香确认4KC0044KA 报警原因为4KCS044AR 内通讯卡件（RXM 卡： 4KCS044AR-001UC-RXMC）触发自诊断报警，经分析该报警为卡件内偶发瞬时性通讯异常（通讯超时、数据包丢失等）导致，报警持续2h 自动消失,仪控处理反馈：1 ）影响评估：Tricon RXM 卡件为三块卡件同时工作的余配置，该偶发故障不影响系统运行；2 ）处理进展：4KC0044KA 已自动消失，4 号机组KCS 系统运行状态正常；3 ）检修步骤：检查、确认通讯卡件,1)TriconRXM 卡件为三块卡件同时工作的允余配置，该偶发故障不影响系统运行；2)KCS 机柜的自诊断报警：处理器卡件、通讯卡件、AI 卡件件、A0 卡件、DI 卡件、D0 卡件等的自诊断报警：①其中最常见的自诊断报警有A0 信号控制电流变化（ASG 调节阀动作期间产生KC0054KA、GCT 系统的调节阀动作时产生KC0034KA，KC0044KA），持续2h 后消失。②通讯卡、D0 卡自诊断报警，根据卡件所在的位置不同可以产生各个报警，持续2h 后消失。③处理器MP 卡件故障报警，其他类型的故障报警，报警持续2h 后不消失,
4 号主控触发4RIC713KA：堆芯温度监测机柜故障（A 列）报警,13:56 分KIC 触发4RIC713KA 报警堆芯冷却监测系统故障（A 系列）,影响4RIC030KM 和4RIC030MT 的监视功能,已采取的行动措施，1）查看和执行报警卡：安排现场检查 4RIC011AR 报警情况2)oncal1 维修仪控进厂检查,4RIC011AR 机柜内一块报警检测卡件（SDM4）故障,仪控处理反馈1 ）影响分析：SDM4 卡件主要功能为机柜硬件故障报警检测，该卡件不参与RIC 系统堆芯温度及水位的采集、计算和监测功能。因此，该卡件故障不会影响RIC 系统堆芯温度及水位系统的正常运行监测，不会导致RIC 系统堆芯温度监测功能丧失，不产生IO 。2 ）处理措施：申请紧急工作票，使用备件进行更换处理。3 ）检修步骤：①打开4RIC011AR 机柜门，定位故障卡件，用绝缘胶带做好标记；②拔下故障卡件，插入新卡件；③先按下SM2 ，再SM1 按钮进行复位：4 确认报警消失，关闭机柜门,4RCZL3A 堆芯冷却监测系统故障（A 系列）报警触发的可能原因1 ）电源故障。2 )4RIC011AR （堆芯冷却监测机柜）的自检装置探测到故障。①至少一个模拟或逻辑输入信号失效：②机柜硬件检测到故障；3 系统RTE 检测到故障。3 ）定期试验,
4 号机执行调试试验强制 C21 信号时 C21 信号未触发,TP4GTA55 快速用负荷试验过程中 C21 信号无法手动触发,影响 C21 用负荷功能的可靠性,已采取的行动措施：LSS 上及时定报警，防止占用内存,经咨询厂家软件设计人员，分析原因为：4LSS 系统 LOCA 监测计算程序因内部实时和历史累计数据过多，占用大量运行内存，导致 LOCA 监测计算程序中 C21 手动触发功能模块反应迟钝，出现无响应情况。重启 LOCA！监测计算程序，释放内存容量，手动触发 C21 功能恢复正常,"仪控处理反馈：1) 处理进展：①在 4LSS 系统机柜侧检查并确认程序人机界面数据实时刷新，数据结果符合当前机组状态，判断 LSS 系统逻辑运算正常，能够实时跟踪机组状态。②经主控同意，由操纵员将 C21 信号闭锁，仪控执行定期试验规程《FOY-RPN-T-I001LSS 系统 C21 报警试验》，验证 LSS 系统 C21 报警触发通道是否正常，因试验过程中点击 C21 手动触发按钮后，程序界面无响应，试验结果失败，初步分析原因为 LOCA 监测计算程序中 C21 信号手动触发功能模块异常。③经安工与当班值同意：仪控对 4LSS 机柜 LOCA 监测计算程序进行重启，重启完成后，再次执行定期试验规程验证 LSS 系统 C21 报警触发通道，试验结果合格，C21 手动触发功能恢复正常。④试验结束，确认系统状态正常，通知主控解除 C21 信号闭锁，继续执行 TP4GTA55 快速用负荷试验，手动触发 C21 信号正常试验结果合格。
2) 故障原因分析：4LSS 系统 LOCA 监测计算程序因内部实时和历史累计数据过多，占用大量运行内存，导致 LOCA 监测计算程序中 C21 手动触发功能模块反应迟钝，出现无响应情况。重启 LOCA 监测计算程序，释放内存容量，手动触发 C21 功能恢复正常",4LSS 系统 LOCA 监测计算程序因内部实时和历史累计数据过多占用大量运行内存，导致 LOCA 监测计算程序中 C21 手动触发功能模块反应迟钝，出现无响应情况,
4 号机组RGL 至DCS 通讯故障导致RGL 系统在KIC 画面失去手动控制和监视,7 :40.4 号机组操纵员发现4KIC 中RGL 画面模块显示洋红色。4RGL 系统在KIC 上失去手动控制和监视功能。维修仪控人员接到主控室oncall 后迅速响应，经分析判断，确认为4RGL 到4DCS 通讯模块FBM233 卡件故障，导致4 号机组4RGL 到4DCS 通讯中断，超出《福建福清核电3 、4 号机组运行技术规范》“反应堆功率运行模式（RP ）”下“RGL 系统用于和DCS 通信的GW 单元必须可用”的规定。9 :00 ，通过对FBM233 卡件执行软件重新下载及上线操作，4RGL 到4DCS 通讯功能恢复正常，4KIC 画面中RGL 相关显示及控制功能恢复正常,4RGL 系统在KIC 上失去控制和监视功能。主控室失去对控制棒的手动控制和棒位监视,已采取的行动措施：1 ）维持机组状态，避免控制棒的手动操作：2 若控制棒动作，检查控制棒自动动作正常；3 ）oncall 仪控人员检查处理,1 ）直接原因：DCS 中的V5090B 下游通讯协议驱动模块FBM233 卡件偶发失效故障；2 ）根本原因：RGL -DCS 通讯设备功能的技术管理不到位，对于首次进行互联的设备测试深度不足,"仪控处理反馈: 1) 缺陷描述: 4RGL 系统 KIC 画面全部显示洋红色。2) 处理进展: 缺陷已完成处理, 4RGL 系统 KIC 画面显示恢复正常。3) 处理措施: 对 4KCP509AR 中的 FBM233 卡件重新执行软件下装操作并上线后, 通讯功能恢复正常。4 工作过程: ①取得工作许可证: ②召开工前会; ③打开一层工作站进入 ICC 组态画面; ④对 FBM233 进行重新上线操作; 5 查看 KIC 画面仍洋红; ⑤对通讯协议进行重新下装; ⑥查看 KIC 画面恢复正常; ⑦归还工作许可证。5) 原因分析: 4RGL 至 4DCS 通讯中断, 中断点发生在 4KCP509AR 的 FBM233 卡件, 故障原因为软件驱动功能异常","综上所述，RGL 与DCS 通讯故障对核安全的功能影响是安全可控的。另一方面，当机组发生KIC 系统不可用事件时，记为I01 事件，KIC 不可用的过程中，整个KIC 系统中包括RGL 画面在内的所有设备显示与手动操作功能均不可用：RGL-DCS 通讯失效发生时，KIC 系统中仅限于RGL 相关的显示与手动操作不可用。RGL-DCS 通讯故障的影响范围远低于KIC 失效对机组的影响，但因技术规范缺少详细规定不能按照I0 方式管理。目前《福清3、4 号机组运行技术规范》中对RGL 与DCS 通讯可用性的规范描述不清晰，仅规定了RGL 系统一个网关（GW ）不可用的I0 事件及所采取措施，未说明RGL 与DCS 通讯丧失的情况下的I0 事件及所需采取的措施。综合以上分析：运行技术规范对RGL-DCS 系统通讯的相关规定不清晰，存在一定的不合理，也不利于及时有效执行技术规范，拟核实同行电厂的RGL 到DCS 通讯在运行技术规范要求情况，同时针对福清核电3、4号机组RGL 到DCS 通讯功能对运行技术规范影响情况将向设计发函澄清。进一步明确这类情形的技术规范适用要求或增加明确的规定
参考资料来源信息",
4 号机组RGL 至DCS 通讯故障导致RGL 系统在KIC 画面失去手动控制和监视运行事件,"7:40,4 号机组操纵员发现4KIC 中RGL 画面模块显示洋红色,4RGL 系统在KIC 上失去手动控制和监视功能。维修仪控人员接到主控室oncall 后迅速响应,经分析判断,确认为4RGL 到4DCS 通讯模块FBM233 卡件故障,导致4 号机组4RGL 到4DCS 通讯中断超出《福建福清核电3 、4 号机组运行技术规范》“反应堆功率运行模式（RP ）”下“RGL 系统用于和DCS 通信的GW 单元必须可用”的规定",4RGL 系统在KIC 上失去控制和监视功能.主控室失去对控制棒的手动控制和棒位监视,已采取的行动措施:1 ）安排现场检查棒控电源柜（4RGL011AR~ 4RGL026AR）、棒控逻辑柜（4RGL001AR）、棒位测量柜（4RGL009AR）或棒位处理柜（4RGL010AR）设备是否存在故障报警信息：2 ）oncall 维修仪控人员检查,1）直接原因：DCS中的V5090B下游通讯协议驱动模块FBM233卡件偶发失效故障；2）根本原因：RGL-DCS通讯设备功能的技术管理不到位，对于首次进行互联的设备测试深度不足,仪控处理反馈：1）故障现象：4RGL系统KIC画面全部显示洋红色。2）处理进展：缺陷已完成处理，4RGL系统KIC画面显示恢复正常。3）故障原因分析：4RGL至4DCS通讯中断，中断点发生在4KCP509AR的FBM233卡件，故障原因为软件驱动功能异常。4）处理措施：对4KCP509AR中的FBM233卡件重新执行软件下载操作并上线后，通讯功能恢复正常。5）后续行动：①给厂家发出函件，分析发生通讯中断的软硬件根本原因；②根据同行反馈，使用相同DCS以及RGL设备的厂家发生过类似的通讯中断问题，目前该问题为我厂初次发生，跟踪其他核电的处理方式和处理效果,"4RCL-DCS通讯故障的核安全景影响与运行技术规范条款分析：4RGL-DCS通讯故障发生后。电厂立即对故障进行响应处理以及查找根本原因，同时召集运行处，维修仪控，核安全处，设备管理处等部门讨论分析此次事件对核安全的影响，通过分析可得知，故障对核安全的影响是安全可控的。另外通过分析得知，运行技术规范对RGL-DCS系统通讯的相关规定不清晰，存在一定的不合理，同时电厂仍然严格要求报为运行事件，并按照最严格的要求执行一系列的纠正措施。具体分析如下：1)控制棒处于手动控制时，RGL-DCS通讯中断，控制棒失去手动控制功能。如果机组需要快速后撤，不能通过快速插棒来实现。但此时机组可以硼化后撤；2)控制棒处于自动控制时，RGL-DCS通讯中断，控制棒棒位变化可以自动跟随汽机负荷变化。如果出现汽机甩负荷的情况，此时控制棒可以跟随快速插棒：
3）事故情况下，RGL-DCS通讯中断，自动或手动的紧急停堆，控制棒可以落入堆芯，不影响机组状态的控制以及事故规程的执行。在RGL与DCS通讯中断时，RGL系统仍能保持通讯中断前的状态，仅失去控制棒的手动控制和棒位监视。控制棒失去手动控制功能时，可以通过硼化或稀释的手段控制反应性：KIC画面失去各状态灯和棒位监视功能时，可以通过BUP盘和仪控工程师站查看棒位显示情况。综上所述，RGL与DCS通讯故障对核安全的功能影响是安全可控的。另一方面，当机组发生KIC系统不可用事件时，记为I01事件，KIC不可用的过程中，整个KIC系统中包括RGL画面在内的所有设备显示与手动操作功能均不可用：RGL-DCS通讯失效发生时KIC系统中仅限于RGL相关的显示与手动操作不可用。RGL-",
4 号机组值长站B 列SVDU 不可用,仪控执行4PT09151:4 号机组SVDU 双路供电检查（B 列）工作过程中发现值长站B 列SVDU(4KIC610WS）供电检查程序无法正确执行。维修仪控开紧急票对 4KIC610WS 进行重启后发现主控室堆操和机操站的B 列SVUD 心跳信号出现一定程度的卡涩现象。重新将4KIC610WS 停运后，其他工作站心跳信号恢复正常,1 ）值长站B 列SVDU 失去监视和操作功能：2 产生I02:KIC5 要求检修必须在7天内完成：3 ）如果此时其他工作站出现一台SVUD 不可用会产生I01:KIC6 要求24h 内开始向NS /RRA 模式后撤,,"4KIC610WS 重新启动后与其他 3 台 B 列 SVDU 的时间存在 4min 左右的偏差,导致 B 列 SVUD 心跳信号出现一定程度的卡涩现象 (SVDU 不接受外部授时,只有自己的内部时间)",,"在主控制室3个操纵员工作站各有2台SVDUA、B系列各1台)。如果SVDU上出现下列情况,则宣布该台SVDU不可用:①SVDU的屏幕不可用;②SVDU的服务器不可用",
4 号机组触发4GSY024KA，出线箱强迫风冷报警2 故障报警,"22:26,4 号机组触发4GSY024KA：出线箱强迫风冷报警2 故障报警，现场4GSY002AR 上查看存在单元a 风阀4GSY101VA 打开故障报警",,已采取的行动措施：1 ）立即现场查看发现4GSY101VA 开度接近为零，4GSY002AR 上存在单元a 风阀4GSY101VA 打开故障报警；2 ）立即安排现场手动从单元a 切换至单元b 运行；3 ）运行熟悉故障规程，持续监视发电机出线温度，做好事故预想；4 ）发起oncall ，要求电气、设备管理立即进行原因分析并进行处理,根本原因：风阀风叶与边框存在碰磨，导致风阀开启失败。促成原因：PLC 程序逻辑设计不合理，先启风机后开阀门的吸力及碰摩问题导致风阀执行器偶发性开启转矩不足（目前启动逻辑为先启动风机再开风阀，风阀执行器转动力矩为10N ·m ，裕量不足）,"电气处理反馈：1 ）故障现象：22:26,4 号机组触发4GSY024KA ，出线箱强迫风冷报警2 故障报警，现场4GSY002AR 上查看存在单元a 风阀4GSY101VA 打开故障报警。2 ）处理过程：①联系当班值配合手动启动发电机出线箱A 列风机，定位了故障原因为风阀风叶与边框碰磨导致启动失败。②开票进行上电检查确认风阀能执行开、关操作，同时发现风阀存在三处风阀风叶与边框间隙小（分别为0 . 2 mm 、0 . 1 mm 、＜0 . 02 mm ）及风叶转轴润滑脂脏污（泥状）的情况。③对边框间隙小的风叶进行打磨，清洗风叶转轴并重新涂抹润滑脂后，再次手动操作风阀执行器可顺利翻转，上电后执行器自动翻转功能也恢复正常，故障已处理完成。3 ）原因分析：①根本原因：风阀风叶与边框存在碰磨，导致风阀开启失败。②促成原因：PLC 程序逻辑设计不合理，先启风机后开阀门的吸力及碰摩问题导致风阀执行器偶发性开启转矩不足。（自前启动逻辑为先启动风机再开风阀，风阀执行器转动力矩为10N ·m ，裕量不足。）4 ）后续行动：①D 开票对3 号机组发电机出线箱入口风阀和4 号机组发电机出线箱B 列入口风阀进行清理检查，WR : 00718275(3 号机组）、00718278(4 号机组）;②针对PLC 程序逻辑设计不合理问题，计划在403 大修窗口执行风机和风阀的启动逻辑变更工作：变更为先打开风阀再启动风机；③升版《发电机出线箱强迫风冷装置滤网更换》规程，增加风阀风叶转轴转动润滑清洗检查项目，将润滑方式优化为喷剂式。
5 ）变更实施前发生此类型故障处理建议：D 运行人员可手动切换至另一个单元运行，同步oncall 维修处理缺陷；②若另一单元运行失败，在发电机出线箱风冷温度达到105 ℃前，按照3 /4 号机离 相封母风冷系统故障处理规程执行手动开启风阀故障单元入口阀 门，将风冷投入正常运行",4CSY024KA 出线箱强迫风冷报警2 故障报警触发的可能原因有：1 ） 单元a 风阀4GSY101VA 打开故障报警；2 ）单元a 风阀4GSY102VA 打开故障报警；3 ）单元a 风阀4GSY101VA 关闭故障报警；4 ）单元a 风阀4GSY102VA 关闭故障报警；5 ）单元b 风阀4GSY201VA 打开故障 报警；6 ）单元b 风阀4GSY202VA 打开故障报警；7 ）单元b 风阀4GSY201VA 关闭故障报警；8 单元b 风阀4GSY202VA 关闭故障报 警；9 ）空气滤清器4GSY101FF 阻塞报警；10 ）空气滤清器 4GSY201FF 阻塞报警；11 ）风机4GSY101ZV 故障报警；12 ）风机4GSY201ZV 故障报警；13 ）风机电机4GSY101M0 过载报警；14 ）风机电机4GSY201M0 过载报警,
4ABP102VL主控显示大红色,"执行4ABP充水排气时, 4ABP102VL在主控KIC中显示大红色。存在开故障, 检查阀门全关时就地电动头显示过力矩报警",4ABP102VL主控显示大红色无法正常动作,"已采取的行动措施: 1) 安排现场检查阀门实际开关状态和电动头报警情况, 确认电动头上显示过力矩报警: 2) oncall电气检查处理",4ABP102VL关限位位置偏移,电气处理反馈：1）工作过程：D现场检查4ABP102VL屏幕有过力矩显示，主控显示大红色；②开紧急票处理，对4ABP102VL关限位重新调整；③就地电动操作4ABP102VL阀门正常；④联系主控远方操作4ABP102VL阀门正常；2）故障原因分析：4ABP102VL关限位位置偏移,ABP102 VL(2A1低加出水电动阀）的控制逻辑：1)开启条件：1/2A低加高液位未触发&lt;-800mm;2）自动关闭：①1A低加解列；②2A低加解列；3）ABP102VL未全开时，1号、2号低加旁路阀ABP008VL将保护全开,
4AC0302M0运行过程中故障跳匣,4AC0302M0运行时故障跳闸，就地开关柜存在过载报警,导致泵跳闸不可用，影响汽轮机热效率,已采取的行动措施：1 ）安排常规岛现场检查泵外观情况，安排电气岗位现场检查泵供电开关，发现开关存在过载报警；2 ）oncall 电气和机械检查处理,4AC0302M0 泵轴卡死导致电机跳闸，解体后发现叶轮处泵轴断裂,电气处理反馈一工作过程：1 ）检查发现上游开关4LKT561JA 过载保护动作；2 ）测量电机绝缘：大于550MΩ，直阻：三相均为0.2MΩ；3 ）就地盘动电机转轴卡死；4 联系机械专业人员脱开联轴器：5 ）电机转轴盘动顺畅，泵轴卡死；6 ）与机械专业人员交接，由机械人员处理泵轴卡死机械处理反馈：1 ）工作过程：①D 拆下4AC0302P0 联轴器；②对泵组进行解体检查；③更换损坏叶轮口环、泵体口环、及转子；④对泵组进行组装回装并对联轴器找中心：5 再鉴定合格。2 ）故障原因分析：4AC0302P0 解体后发现叶轮处泵轴断裂,疏水泵4AC0302P0 用于将低加疏水箱4AC0302BA 的正常疏水送往3号低加和4 号低加间的水侧,
4AGM201AR上显示空调故障（出现A14错误代码）,"现场巡检发现4AGM201AR上显示空调故障（出现A14错误代码）
2015 年 04 月一 08 月期间，1 号机组 3 号主给水泵多次出现水含量升高事件，期间均伴有推力轴承回油视窗充满大量泡沫异常，且出现泡沫期间，油视窗有间歇性气流返涌现象","可能影响4AGM201AR空调工作可靠性
排气性能不良、油泡沫多将引起主给水泵输出速度存在不同程度的振荡或执行器和勺管周期的移动，影响 APA 泵运行安全","已采取的行动措施：1)现场确认 4AGM201AR 机柜工作温度正常，未见机柜表面温度高情况；2)现场确认机柜空调供电正常；3)联系仪控确认当前报警不影响空调运行，提工作申请按计划处理
已采取的行动措施：1）主控加强泵和电机轴承温度的监视；2）主控加强监视泵转速震荡情况；3 安排现场加强对液力耦合器油箱油位的监视；4）安排机械利用滤油机进行滤油，和准备好备用新油，以便必要时进行换油；5）安排化学加强监测液力耦合器油箱内油的含水量，按化学技术规范进行跟踪控制","4AGM201AR 机柜空调温度传感器功能故障导致出现 A14 错误代码
经分析出现泡沫的原因可能为液力耦合器油箱呼吸器堵塞，造成耦合器箱体压，导致其内部气体绕道回油管线从轴承室呼吸器排出，此过程中回油与排油反复搅浑，在回油管中产生泡沫。2015 年 09 月一 10 月 2APA 系统 1/3 号泵均出现过类似泡沫问题。经现场验证，打开液力耦合器箱体侧面法兰盲板后（与大气相通），有大量油烟冒出，随后回油视窗泡沫迅速消失（1 min 内），可确认耦合器箱体憋压导致泡沫产生，并初步判断为耦合器呼吸器堵塞导致。液力耦合器呼吸器主要由于平衡液力耦合器油箱与大气的压力，由于滤芯过密采用折叠滤纸结构，极有可能导致滤纸吸附油烟和污物后堵塞网孔，导致排气阻力过大，无法实现其正常空气流通能力","仪控处理反馈：1)检修过程：①使用机柜钥匙打开 4AGM201AR 机柜；②手动断开 4AGM201AR 柜体空调电源；③使用螺丝刀拆开 4AGM201AR 7 柜体空调后部盖板，检查发现空调传感器故障；④使用新备件更换空调传感器；5 手动恢复 4AGM201AR 空调电源；③关闭 4AGM201AR 机柜，使用机柜钥匙上锁；②观察 4AGM201AR 机柜空调正常运行，无故障代码出现。2)故障原因分析：4AGM201AR 机柜空调温度传感器功能故障导致出现 A14 错误代码
机械处理反馈：1) 处理措施：根据外电厂运行经验，通过变更改造将液力耦合器油箱呼吸器滤芯由 3μm 的折叠滤纸型滤芯，更换为 50μm 滤布式滤芯，以增加防油烟堵塞能力；2) 原因分析：经分析出现泡沫的原因可能为液力耦合器油箱呼吸器堵塞，造成耦合器箱体压，导致其内部气体绕道回油管线从轴
承室呼吸器排出，此过程中回油与排油反复搅浑，在回油管中产生泡沫。2015年09月一10月2APA系统1/3号泵均出现过类似泡沫问题。经现场验证，打开液力耦合器箱体侧面法兰盲板后（与大气相通），有大量油烟冒出，随后回油视窗泡沫迅速消失（1min内），可确认耦合器箱体憋压导致泡沫产生，并初步判断为耦合器呼吸器堵塞导致。液力耦合器呼吸器主要由于平衡液力耦合器油箱与大气的压力，由于滤芯过密采用折叠滤纸结构，极有可能导致滤纸吸附油烟和污物后堵塞网孔，导致排气阻力过大。无法实现其正常空气通流能力",液力耦合器呼吸器堵塞将导致油气分离效果差，引起油中含泡沫，存在引起主给水泵转速震荡的风险,
4APA120VL阀门全开时，开限位未触发,4APA120VL 阀门全开时，开限位未触发,导致 4APA102P0 无允许启动信号,已采取的行动措施：1)安排现场检查 4APA120VL 阀门现场实际开关情况和限位触发情况，及其阀门供气情况；2)oncall 仪控检查处理,对 4APA120VL 阀门限位开关（开限位）拐臂螺栓进行紧固后消除,仪控处理反馈1）检修过程与步骤：①确认 4APA120VL 阀门处于全开位；②检查 4APA120VL 阀门全开限位，全开限位功能正常；③根据阀门实际开度调整阀门限位开关位置与阀门实际指示一致。并对 4APA120VL 阀门限位开关（开限位）拐臂螺栓进行紧固；④联系主控运行人员操作 4APA120VL 阀门，验证开限位功能正常。2）故障原因分析：对 4APA120VL 阀门限位开关（开限位）拐臂螺栓进行紧固,,
4APA202P0启动失败，因热累积禁止再启动,"1) 主控现象: 4APA202PO 启动失败, 主控显示大红色; 2) 现场现象: DSPAJ150C 存在数字“3”报警, 含义为热累积禁止再启动; ②远方跳闸继电器 002XR 继电器未动作, 说明不存在远方跳闸信号; ③中压盘柜无其他报警灯亮","导致 4APA202PO 启动失败, 且使得 4APA202PO 无法作为备用泵","已采取的行动措施: 1) 安排现场检查 4APA202PO 上游电源开关盘柜 SPAJ150C 上存在数字“3”报警, 确认为“热累积禁止再启动”; 2) oncall 维修电气检查处理",由于热累积禁止再启动动作闭锁了 4APA202PO 再启动,"电气处理反馈: 1) 现场现象: ①SPAJ150C 存在数字“3”报警, 含义为热累积禁止再启动; ②远方跳闸继电器 002XR 继电器未动作, 说明不存在远方跳闸信号; ③中压盘柜无其他报警灯亮。2) 原因分析: 根据现场现象判断, 由于热累积禁止再启动动作闭锁了 4APA202PO 再启动。3) 采取行动: ①由于热累积只可自然衰减, 不可手动复位, 现场保持观察约 10min 后热累积报警已自动复归; ②根据图纸确认热累积禁止再启动出口仅动作于闭锁启泵, 不会出口于跳闸。4) 处理进展: 热累积报警已自动复归后, 重新启动 4APA202PO 成功。5) 结论: ①热累积禁止再启动报警已复归; ②现场就地盘柜无其他异常报警; ③现场电气盘柜已具备再次启泵条件","热累积禁止再启动出口仅动作于闭锁启泵, 不会出口于跳闸主给水泵, 热累积只可自然衰减, 自动复归, 不可手动复位",
4ASG125VZ处大量氮气泄漏,"早班现场巡检发现8SGZ801EV氮气供气管线有大量的气流声，氮气汽化器上出现大量结冰情况，且氮气储罐液位下降速率较快（计算用气量约300m/h）已达至低值。前一天早班巡检8SGZ801EV储罐液位为5680mm，此时液位已降到了大约3100mm。图1氮气气化器上结冰情况3号、4号主控室核实流体传输单：并无大量使用低压氮气工作3号主控调低压氮气管网压力3RAZ001MP趋势发现从2019年08月28日07：03分开始3RAZ001MP迅速从0.71MPa下降到0.64MPa。3RAZ001MP下游氮气使用累积量3RAZ0020D未见明显累积，初步怀疑为上游存在氮气泄漏。4号机组低压氮气管网情况和3号机组类似
11月06日，为配合进行OSAP全停工作，需要启动4SAP002C0保证4号机组仅用压空供给。就地启动4SAP002C0后，其出口压力表4SAP001MP压力在0.68~0.75MPa之间反复波动","1)大量氮气泄漏，导致泄漏点区域存在氮气室息风险；2)危及低压氮气管网下游的负荷的氮气供应，如3/4ASG001BA氮气覆盖、REA硼酸箱氮覆盖、4号机组大修相关氮吹扫开展等等
压空管路压力大幅波动",已采取的行动措施：1）安排就地检查发现就地压缩机存在反复加载卸载情况；2）检查核实4SAP002DS有检修工作，安排现场核实4SAP002DS入口阀门状态，后关闭4SAP002DS入口阀门4SAP040VA#和4SAP206VA，之后4SAP001MP压力稳定在0.71MPa，不再波动,"原因分析和查漏过程：经隔离经理清查工作票发现 08 月 28 日夜班发出有一张紧急工作许可证 20194PW254594ASG125VZ 全面解体检查。该检修工作等待中止”时间 08 月 28 日 06:01，“中止确认”时间也约在 07:00。说明在 08 月 28 日 07:00 这个时段现场存在将 4ASG124VZ 打开的情况。这个时间与低压氮气管网压力下降时间基本吻合。经检查确认 4ASG125VZ 泄漏后，关闭上游隔离阀 4ASG124VZ
4SAP002DS断电后，其内部电磁阀可能存在漏气，导致压缩机启动后反复加载卸载","1)运行处理反馈：D 组织隔离经理带人携带氧表、穿戴空呼，前往 4ASG001BA 房间检查，发现氮气供应减压阀 4RAZ015VZ 所在管道有非常明显补气的气流声；②在 4ASG001BA 水箱底部氧含量稳定显示 20.8%，在爬到 4ASG001BA 顶部过程中，氧表读数下降明显，并出现报警声；③上到顶部确认 4ASG125VZ 泄漏后，关闭上游隔离阀 4ASG124VZ，3/4 号机组低压氮气管网压力 3/4RAZ001MP 逐渐恢复到 0.71 MPa;2)机械处理反馈——处理措施：①开启 4ASG124VZ，调整 4ASG125VZ 定值；②调整 4ASG125VZ 压力为 0.0117MPa，观察半小时，无漏气现象，压力为 0.0117 MPa
关闭4SAP002DS口阀门，使4SAP002DS停止漏气","4ASG125VZ 为 4ASG001BA 的氮气调节阀，维持水箱压力在不超过 0.012 MPa. g
SAP压控机也存在类似情况，在压缩机失电后将导致空压机疏水阀开启。有管网漏气卸压风险，在对压缩机断电隔离前，为避免漏气需要关闭压缩机出口阀",
4CFI011DG强制位无法操作,执行（NQ)FQ4-CFI-T-001：拦污栅耙斗的限位开关和应急停止试验规程时，4CFI011DG 就地置强制位置后无法动作,影响定期试验的继续开展，影响格栅除污机运行的可靠性,,,电气处理反馈1 ）检修过程：①联系服务人员吊开4CFI011DG 保护罩： ②检查4CFI011DG 限位开关，发现松绳限位开关接线脱落：③对松绳限位开关接线重新端接并对其位置进行调整紧固：④联系运行人员启动验证，无异常。2 ）故障原因分析：松绳限位接线脱落,"1 ）格栅除污机的控制方式：在泵站电气房间内（4PX621）的4CFI101AR （或4CFI102AR）控制盘上，每个格栅除污机的控制方式有三种：“自动”“强制”“现场”，由选择开关“CC ”来选择其运行方式：
①自动模式：正常运行方式，此时格栅除污机可以通过时间继电器控制其每隔8h 启动运行一次：或者由高压差信号（大于0 . 12m 时）：触发启动捞渣，直至压差降低才停止。当压差大于0 . 25m 时触发主控室报警：自动启动循环捞渣结束后，耙斗应停运在上部正常位置；②强制模式：耙斗将不停地进行“耙斗循环”，此时应监视耙斗运行情况，根据需要及时切换运行状态，以防止设备的频繁运行而损坏：③现场模式：耙斗由就地控制",
4DEG003P0振动高导致不可用,启动4DEG003P0 时，驱动端振动高达10mm /s ，超出限值,导致4DEG003P0不可用，影响4DEG301GF 的可用性。产生I02: DEG1,已采取的行动措施，1 ）停运4DEG003P0 ，切换到4DEG002P0 运行；2 ）联系机械检查处理,泵轴螺纹段、驱动端轴承锁紧螺母有磨损，导致轴承内圈发生位移，引起振动高,机械处理反馈：1 ）检修措施和处理结果：前期完成泵驱动端轴承更换、前支腿调整，维修后试验最大振动值3 . 8mm /s ，轴承温度正常，无异音。后通过再次解体检查，检修过程中发现叶轮动不平衡量较大同时发现轴承有磨损，完成更换及装配，维修后试验合格，振动最大值为1 . 4mm /s ；2 ） 设备可用性评价：泵运行正常，设备可用；3 ）故障原因分析：泵轴螺纹段、驱动端轴承锁紧螺母有磨损，导致轴承内圈发生位移，引起振动高,,
4DEL201VN在4DEL001GF启机后无法自动开启。需要进行性能检查,夜班启动4DEL001GF时，4DEL201VN没有动作。4DEL201VN置手动能正常全开全关,导致4DEL001GF无法启动,已采取的行动措施：oncal1维修仪控检查处理,,仪控处理反馈：1 ）工作过程：D 在与业主人员共同调节 4DEL201VN ，在运行人员的鉴定下阀门自动开启；②在运行配合下验证阀门，开关正常：2 ）故障原因分析：4DEL001GF 操作屏启动故障未复位，导致阀门无法自动开启,DEL201VN 为DEL001GF 冷凝器冷却水气动调节阀,
4ETY043VA气动执行机构下隔膜法兰螺栓力矩偏小漏气，导致4SAR001MD（反应堆厂房压缩空气流量计）流量异常上涨,巡盘发现 4SAR001MD 流量从 03 月 10 日 23 点 22 分开始突然上涨至 28.50 Nm/h，期间最高至 31.70 Nm/h，在 28.5~31.70 Nm3/h 区间波动,1）当 4SAR001MD 大于 45Nm/h 时，将进入事故规程《F04-OP02-AC-ISAR2 安全壳内的压缩空气系统故障》；2）4SAR001MD 真实增加将导致 4RX 壳内压力上涨速率增加，可能将威胁 4 号机组安全壳的严密性,"1）已采取的行动措施：①查看安全壳压力表 4ETY503MP 及 4ETY101MP～104MP 压力上涨趋势，暂未发现明显拐点，可能因时间较短未明显引起安全壳压力上涨，需要保持持续关注；②排查近期相关操作，暂未发现可能引起 4SAR001MD 流量上涨的操作；③安排运行人员对 4SAR001MD 下游至 4RX 厂房壳外部分进行排查，暂未发现明显压空泄漏异常；④当班值根据《F04-SAR-C-001.4SAR 进岛查漏典型操作票》，通过 KIC 画面检查各壳内气动阀暂未发现异常，将保持持续监视；③oncall 维修仪控同事，对 4SAR001MD 仪表校表；③oncall 维修机械同事、维修仪控同事，准备检漏液，人员就位后再次进行壳外部分外漏检查；②oncall 保健物理同事，做好进岛查漏准备；8 熟悉事故规程《FQ4-OP02-AC-ISAR2 安全壳内的压缩空气系统故障》。
2 ）建议后续行动：D 主控室密切监视 4SAR001MD 及 4ETY503MP 及 4ETY101MP~104MP；②维修仪控对 4SAR001MD 校表，维修机械、仪控协同对壳外 4SAR 管线查外漏；③根据校表及壳外查漏结果讨论进岛排查方案：④化学人员做好安全壳布样准备，以便后续可能开展的对安全壳降压",1 ）经进入核岛进行 SAR 查漏，漏点定位到 4ETY043VA 阀门气缸存在大量漏气；2)4ETY043VA 气动执行机构下隔膜法兰螺栓力矩偏小,机械处理反馈：1 ）处理进展：4ETY043VA 下膜片法兰螺栓全部紧固至 30N·M ，开关动作验证 4ETY043VA（动作时间满足监督要求）。阀门开启后，用检漏液检查，阀门没有泄漏，4SAR001MD 流量恢复到正常值范围内（约7~10 Nm/h);2 ）故障原因分析：4ETY043VA 气动执行机构下隔膜法兰,1)进入4号机组核岛厂房开展4ETY043VA处理工作时，进出反应堆厂房人员气闸门，需要使用特殊规定；2）开关动作验证4ETY043VA时，将影响4KRT008/009MA的可用性，需提前联系辐射防护配合停运，4KRT009MA不可用时需记录相应的IO，工作结束后恢复4KRT008/009MA运行,
4GSE124MP仪表接管处呈现状漏油,"15: 30现场巡检发现4GSE124MP漏油, 呈线状流, 从常规岛8m地面格栅漏滴漏至0m","1) 麟酸酯型抗燃油存在微毒; 2) 4GFR油箱油位低于200 mm会导致GFR泵跳闸, 引起调节油压低从而引起停机; 3) 高温管道保温层有滴油, 有火灾风险","已采取的行动措施: 1) 当前已用桶接油, 并联系机械清理地面积油, 现场已拉警示带; 2) oncal1仪控、机械、安全质量处人员现场检查, 同时安排消防车在4MX厂房外待命; 3) 主控和现场监视4GFR001BA油箱油位, 1h降低5 mm, 当前液位333m (低于200mm会导致GFR泵跳闸, 导致跳机); 4) 安排机械对4GFR001BA进行紧急补油(共补油200L); 5) 与仪控及专业商讨漏点隔离处理方案(如后所述); 6) 停止常规岛动火作业;
7)GFR 膦酸酯型抗燃油存在微毒，现场确认通风正常，并打开常规岛大门和窗户进行通风，进入现场注意做好防护；8) 联系化学对油质取样分析跟踪；9) 就地收集的废油已通知机械回收和通知服务清理地面残油；10) 现场人员发现漏油点下面的蒸汽管道保温棉有进油，当前维修服务人员正在更换GSS管道保温棉，其余管道保温棉是否需要更换请维支评估",4GSE124MP仪表的连接接头处不平整（有毛刺）密封不严导致 4GSE124MP仪表处漏油,"运行处理决策：经当班值和专业讨论。为避免隔离对机组状态的影响。制定处理过程：1) 仪控首先在DCS一层以5%每次速率关闭4GRE012VV，每次关闭时关注其他环路调阀动作情况和汽轮机振动情况。稳定后再继续关闭，直到调阀全关。HA1W121EL-121DI133121VH122DI1148888MMM888123MMGSE012VV图14GSE124MP流程图
2) 运行通过关闭可4GSE012VV的进油阀4GSE624VH，进油阀关闭后会导致4GSE012VV关闭，确认关闭后再隔离出油阀4GRE625VH;3) 确认隔离后维修对缺陷进行处理：4) 缺陷处理完成，运行先开出油阀4GRE625VH，再缓慢开启进油阀4GSE624VH，同时观察4GSE012VV的开启情况。5) 4GSE012VV完全开启后，仪控在一层以5%速率缓慢开启4GRE012VV，直到全开。根据预定的方",运行二处：4号机组异常反馈4GSE124MP漏油；运行二处四值：运行二处内部经验反馈4GSE124MP引I压管漏油处理的经验反馈；运行二处白班值：运行二处内部经验反馈-4GSE124MP引I压管漏油处理的经验反馈；维修二处仪控：EAM中工单01031266-01的完工报告：WR/WOT：00447867/01031266-01（紧急工单）,
4GSS206MY8报警处理,2018 年05 月22 日中班开始主控频繁出现4GSS911KA（N 选M 选择器扰动报警），经检查4GSS206MY8 闪发报警，并且在巡检过程中发现4GSS201BA 疏水阀4GSS261VL 阀门会不定期大幅度波动,频繁闪发4GSS911KA 报警对于操纵员监视机组状态产生一定干扰,已采取的行动措施：oncall 仪控检查处理。建议后续行动：1 ）确认报警出现原因首先根据逻辑图，GSS206MY8 意义为GSS201BA 的三个液位计仪表（201/202/203MN ）偏差较大导致，偏差值为 140mm （量程范围的10 %）。在KDO 中组趋势可以看出 4GSS201/202/203MN 液位分别为450mm /450mm /590mm 左右波动，当液位偏差波动到大于140mm 时，主控出现报警。同时仪控也核实,4GSS203MN 零点漂移,仪控处理反馈：1）仪控暂时将4GSS203MN强制到575mm。首先仪控将203MN强制为一个低点的定值，消除主控报警：同时从逻辑图可以看出GSS201/202/203MN平均值控制4GSS201BA正常疏水阀GSS261VL，如果GSS203MN强制的值和590mm 相差较大，会导致平均值突然减小，影响调阀动作，可能导致GSS201BA液位波动，经讨论建议强制到575mm。2）仪控对4GSS203MN进行校表，检查仪表是否有零点漂移。经仪控校验发现4GSS203MN出现零点漂移，随后进行校准。3）同时机械对4GSS203MN 个仪表漏气进行处理。后经现场核实漏气点为4GSS202MN，所以漏气不是仪表数值偏移的原因。4）待GSS203MN仪表缺陷处理完成后，仪控恢复仪表自动。为防止GSS201BA液位波动较大，根据讨论仪控恢复GSS203MN 定值到500mm 过程中采用逐步降低定值的方法，每次仪表强制定值减小10mm，同时观察GSS201BA液位波动，待液位稳定后再执行下一步，直到GSS203MN 液位恢复到500mm 左右且与201/202MN 液位显示相差不大，随后再恢复自动。5）在实际强制实施过程中，每次较小10mm，4GSS206MY 显示很平稳，没有出现液位波动情况。GSS203MN 放回自动后，4GSS201/202/203MN 仪表显示分别为：478.9mm/498mm/526mm,若4GSS201/202/203MN 三个仪表中有两个测量值高于1190mm，则MSR一级自动隔离；若4GSS201/202/203MN 三个仪表中有两个测量值高于1050mm，且MSR二级已经隔离，则触发汽机甩负荷,
4JDT系统常规岛7号控制器3回路多个探头频繁触发丢失报警,4JDT系统常规岛7号控制器3回路多个探头频繁触发丢失报警,若探头真实丢失故障将无法实现火灾报警和监测功能，机组火灾情况失去监视,已采取的行动措施1）主控安排现场岗位加强巡检，主控通过4DTL0001HV监视现场有无异常情况，通过KIC画面对相关区域重要运行设备进行温度监视；2）立即oncall通讯到场检查处理,4JDT327CR模块箱中一个多余未使用的输入模块本身故障，拉低整个3回路的巡检电压，导致3回路多个探头闪发故障,"通讯处理反馈：1）在4JDT3111MJ至4JDT327CR直接接上临时电缆，故障未消除，排除电缆的问题；2）排查7个红外火焰探测器，未发现问题，排除红外火焰探测器的问题；3）甩开回路上所接的感温电缆和雨淋阀，故障未消除，排除感温电缆和雨淋阀导致故障；
4 ）对模块箱中多余未使用的输入模块（3 回路共有19 个未使用的输入模块）进行排查，定位到4JDT327CR 模块箱中一个多余未使用的输入模块本身故障，拉低整改3 回路的巡检电压，导致3 回路多个探头闪发故障，拆除该未使用的输入模块后，故障消除，并观察未再触发故障；5 ）处理后4MX 火灾报警系统无任何故障报警，系统恢复正常；6 提技改ECR010176（对1 ~4 号机组常规岛火灾报警系统没有使用的模块或备用模块取消），通过技改取消1 -4MX 火警系统中未使用的模块，减轻系统负担，同时减少故障点",根据技术规范要求：“一个或多个安全防火区，安全防火小区或要求可用设备所处的防火区（反应堆厂房除外）的一个或多个的火灾探测回路部分或全部不可用。”时需要记录JDT3 的102,
4KCP500KANC机柜供电故障报警,KIC中出现4KCP500KANC机柜供电故障，主控立即安排现场检查发现4KCP564AR上存在故障报警,4KCP564AR机柜存在失电风险,已采取的行动措施：1)查看和执行报警卡，现场检查发现4KCP564AR上存在故障报警；2)oncall仪控检查处理,检查核实为4KCP564AR机柜48V供电段模块PS3故障，导致4KCP564AR失去一路48V供电，进而出现4KCP500KA报警,仪控检查处理反馈：1）处理进展：4KCP500KA报警消除；2）缺陷描述：主控出现4KCP500KA报警，4KCP564AR48V电源供电模板PS3故障；3）故障原因分析：检查核实为4KCP564AR机柜48V供电段模块PS3故障，导致4KCP564AR失去一路48V供电；进而出现4KCP500KA报警；4)处理措施：更换4KCP564AR机柜48V供电段模块PS3，恢复4KCP564AR48V双路供电能力,1)4KCP500KA（NC级KCP机柜失电报警）的原因有：①NC机柜失去220V电源；2)NC机柜失去外部48V电源。2)4KCP564AR机柜48V供电段模块：有PS3/PS4双路供电，当两路均丧失时，受影响的4EPP001SY/002SY指示失效,
4KRT005MA停运且置闭锁，再供电后自动投运,中班执行的文件包《4D401-64 RRI A列在线与充水排气》中，要求通知辐射防护工作人员投运4KRT005MA（设备冷却水放射性活度监测道），当班值联系辐射防护工作人员投运4KRT005MA，辐射防护工作人员检查反馈现场仪表为投运状态。此前08月10日夜班为实施4KRT001AR再供电工作，执行《FQ4.KRT-C-0244KRT001AR停役典型操作票》执行该典操时，停运闭锁了4KRT005MA，此期间未进行投运4KRT005MA的操作,仪表非预期投运,已采取的行动措施：1）向辐射防护以及仪控人员核实确认仪表非预期投运原因：2）编写相关经验反馈进行学习,当只进行软闭锁的MA 断电后重新送电时，MA 将自动解锁投运。所以当4KRT001AR 再供电实施后恢复供电时，处于软闭锁的4KRT005MA 自动解锁投运,"仪控处理反馈：1 ）问题描述：4KRT005MA 停运且置闭锁，再供电后自动投运2 ）原因分析：KRT 仪表（MA ）的闭锁存在软闭锁和硬闭锁两种D 硬闭锁，KIC 或是SVDU 中将相应MA 的KC 置于TEST 位置、辐射防护就地将MA 的BC 箱内的选择旋钮置于禁止位置都属于硬闭锁，见图1 。BC 箱内的选择旋钮置于禁止位置后，MA 的报警和联锁动作均不会触发。KC 置TEST 位置将闭锁联锁动作，但MA 仍能触发报警发送到主控KIC 。就地BC 箱置闭锁位置：以4KRT004MA 为列，4KRT004MA 的BC 箱4KRT004BC 如下左图所示，选择旋钮如图1 所示，a ：闭锁时将三个旋钮拨向禁止位：b . 解锁时分别拨向失效、警告、高报。图1 就地控制箱上置“禁止”位置②软闭锁一般在KRT 的数字化就地处理箱（LPDU ）上按下SUPV 按钮对MA 进行闭锁，见图2 。
4KRT009MA 未软闭锁前4KRT009MA 软闭锁后4KRT009CR4KRT009CR 闭锁后正灯亮69980313888 . 5 按下SUPV 图2 就地处理箱上置闭锁示意图软闭锁，可以闭锁MA 的报警和联锁动作。但当只进行软闭锁的MA 断电后重新送电时，MA 将自动解锁投运。所以当4KRT001AR 再供电实施后恢复供电时，处于软闭锁的4KRT005MA 自动解锁投运",,
4KRT011KA1C005MA 监测通道故障报警）频繁闪发,10 日中班4KRT011KA1(005MA 监测通道故障报警）频繁闪发，辐射防护反馈就地流量正常，但是流量失效报警频繁触发。11 日夜班多次闪发4KRT011KA1(005MA 监测通道故障报警），辐射防护人员就地检查确认仪表故障，并oncall 仪控进厂处理,影响4RRI 系统A 列设冷水放射性监测的可靠性,已采取的行动措施1 ）查看和执行报警卡；2 ）安排辐射防护人员现场检查确认仪表故障情况，反馈现场仪表运行正常，未见异常；3 ）主控确认4RRI001BA 液位正常，未见异常上涨情况；4 ）oncall 仪控检查处理： 5 ）记录和执行 I02: KRT11,仪控检查反馈流量计KRT005SD 端子接线松动，紧固处理后，报警不再触发,,"KRT005MA/006MA用来监测核岛设备冷却水系统（RRI）A列/B列中的放射性活度。以及时发现一回路辅助系统各类承压边界的完整性一屏障监测。KRT005MA/006MA通道流量失效报警信号一日出现就不会自行消失，取样水流恢复正常后仪表会自动进入测量状态，但失效信号必需要人员到KRT机柜手动解除。正常运行中（未进行设冷的任何操作）。若出现KRT005、006MA失效报警，需通知辐射防护人员检查仪表的运行情况。核实是否通道失水，尝试解除失效报警信号，若可解除，则一般不是KRT仪表自身的问题，多为水流波动或其他因素导致，可继续运行观察或检查。部分RRI阀门的操作也会引I起KRT流量失效报警。KRT005MA/006MA流量计相关工作注意事项：1)开展KRT005MA流量计及探测器腔室进行冲洗工作时。在清洗结束后，重新投运仪表时，RRI头箱液位将会有少量下降，需要关注设冷头箱液位避免现场去RPE的疏水阀未关严，引起设冷头箱液位持续的下降。
2 ）进行冲洗结束后，提醒工作负责人注意SED 的阀门以关严，避免SED 阀门未关严，导致KRT005MA 长期充满SED 水，无法监测RRI 水的放射性，而产生运行事件。某电厂运行事件：20144 年03 月18 日现场巡视发现D2RRI608VN(D2KRT006MA 的SED 冲洗隔离阀）未完全关到位，约有20 ％左右开度。因D2RRI 系统B 列为停运状态，系统压力低于9SED 系统压力，导致冲洗水通过D2KRT006MA 导致其不可用。通知主控并经主控同意后，按规程将D2RRI608VN 全关到位。汇报值长、安工：期间机组记102",
4KRT013KA8CKRT033MA 1 监测通道故障报警）,11:04，主控KIC 出现4KRT013KA8(KRT033MA 监测通道故障报警），主控立即查看4KRT033MA 和4KRT043MA 趋势未见明显变化，后经辐射防护和仪控检查反馈现场仪表计数率低报警，设备不可用。15 : 12 仪控处理消除4KRT033MA 故障报警，恢复可用,"1 ）报警出现前，机组已存在3 个第二组IO(JDT2, EAS2, JP *1),4KRT033MA 不可用产生IO2: KRT5，因4KRT033MA 和KRT043MA 均位于4KRT033BC 中，仪控和辐射防护确认4KRT043MA 同时也不可用， 4KRT043MA 不可用产生一个IO2: PAMS2。故11 : 04 开始4 号机组累积5 个第二组10 ，根据运行技术规范，要求开始24H 后撤计时。当班值在 4KRT033MA 报警触发后，立即要求现场停止正在执行F08-JPT-T-002 试验并进行雨淋阀的恢复操作，11 : 18 辅变雨淋阀恢复可用，消除JP＊第二组IO，累积IO 数量减为4 个。退出技术规范后撤计时。
2)4KRT033MA（和4KRT043MA）不可用，影响3 号蒸汽发生器中N -16 和惰性气体活度以及SG 一次侧向二次侧的泄漏检测",已采取的行动措施：1 ）查看和执行报警卡，检查3 号蒸汽发生器放射性监测仪表4KRT033MA(4KRT043MA)，以及4KRT003MA;2 ）安排现场检查确,4KRT033MA参考峰漂移导致报警触发,"仪控处理反馈：1）故障描述：主控KIC出现4KRT033MA故障报警；2）原因分析：4KRT033MA参考峰漂移；3）处理过程：①查看MOD文件，发现历史事件中触发故障报警信息为“低计数”；②查看LPU历史趋势，设备计数正常；③对LPU进行电测试；测试结果合格；④将就地设备置于“禁止”状态，重启设备发现LPU触发“参考峰计数超出范围”故障导致设备无法找到参考峰；检查设备的探测器能谱，发现参考峰398ch，超出正常范围(250~300ch)；
③逐步将探测器高压由750V 调整至724V ，参考峰调整为261ch ，达到正常范围，故障报警消除；②故障报警消除后持续观察40min ，参考峰稳定在261ch 左右，无故障报警；8 对设备进行重启，重启后设备正常找到“参考峰”，并稳定在261ch 左右，与主控沟通，I0 消除，持票观察未见异常后归还工作许可证：4 ）后续行动：如4KRT033MA 后续继续发生故障报警，则对探测器进行能量刻度，若刻度结果不满足要求则更换探测器",4KRT033MA 和4KRT043MA 均位于4KRT033BC 中，当4KRT033MA 不可用时，可能同时4KRT043MA 也不可用，在RP 模式4KRT043MA 不可用将产生一个I02:PAMS2,
4LKY431JA开关故障（负荷4ATE622RS）导致4ATE控制系统故障报警、4LBM接地故障报警,主控触发4ATE001KA（ATE控制系统故障报警）、4LKY001KA3（开关柜故障）、4LBM002KA5（直流系统故障）、4LBM001KA6（直流系统接地故障）报警：现场4LKY431JA冒烟，现场有焦潮味；4LBM盘柜检查存在“复控母--1.4V”报警，现场绝缘报警仪上显示复控母对地电阻值1.5kΩ,影响4ATE再生回路，无法进行树脂再生工作：4ATE606BA丧失一路电加热器：4ATE003AR存在失电风险，从而导致净化回路停运，二回路有水质恶化风险，可能导致机组后撤：中和池无法排水,已采取的行动措施。1)oncall电气专业检查处理；2）通过紧急TCA流程拆除4ATE622RS相关控制反馈接线，恢复4ATE411JA供电后，4ATE再生回路功能恢复正常,由于4LKY431JA开关B相螺栓松动，B相出线端子与电缆接触不良，运行过程中B相接线端子部位过热产生灼烧，导致4LKY431JA跳闸，产生4LKY001KA3报警：灼烧产生的过热波及正上方的二次插接件，导致4LKY431JA二次插接件受热变形、导致直流控制电源接线绝缘破损，二次插接件上接线受灼烧绝缘皮破损，来至4LBM109JA的直流控制电源接线负极绝缘破损后与二次插接件上非绝缘部件接触，导致4LBM系统绝缘能力降低，报4LBM002KA5（直流系统故障）和4LBM001KA6（直流系统接地故障）；4LKY431JA下游负荷为4ATE622RS电热水箱电加热器，其控制及反馈接线通过4LKY431JA的二次插接线引出后与4ATE411JA控制电源关联，二次接插件上4ATE622RS的反馈接线绝缘破损后接地：产生过电,电气处理反馈：1) 4LKY431JA 抽屉一、二次插接件及接线灼伤严重，对一次电缆进行修复、重新敷设 4LKY431JA 二次电缆；2) 断开 4LKY 系统直流电源 4LBM109JA，更换二次插接件,1) 由于某个负荷开关二次侧反馈接线原因导致的上游总开跳闸，可通过执行 TCA 将故障开关反馈接线拆除，便可以正常投运总开关，进而将故障影响范围减小，降低机组风险；2) 断开直流控制电 4LBM109JA，将导致 4LKY001TB 下游负荷开关失去控制及保护功能,
4LSS计算机出现4RPN436KA（LSS故障）报警,4:35左右，4LSS计算机出现4RPN436KA（LSS故障）报警，当班值查看主控室LSS计算机画面和4RPN006AR内的LSS画面发现LSS参数不变化，BUP盘热功率大表参数不变化，在4RPN006AR内有系统故障灯亮。其余未发现其他异常,导致4LSS美系统软件卡死软件卡死崩溃重启产生第一组I01：RPN10,1）查看和执行报警卡，检查设备故障信息和参数异常信息，参阅FQ4-RPN-I-001故障规程有关章节和运行技术规范中的相关规定；2)oncall维修仪控进厂检查。经与维修仪控电话确认，通讯故障仅导致LSS监测功能不可用，主机仍可用。3）立即安排现场人员到KME读取4号机组堆芯热功率，每10min记录一个参数；4）主控室根据物理提供的离线运行点跟踪”表格，每15min跟踪次RPN参数；5）根据物理提供资料进入物理燃料技术支持系统监视△I的变化,系统报错软件退出，重新登录后出现通讯故障，确认为通讯端口异常，由正常端口COM3跳转至COM9,1）处理进展：已通过软件重启并配置软件通讯端口消除报警，目前系统已恢复正常。2）缺陷描述：运行人员在监盘过程中发现4LSS监视界面出现系统错误提示，在点击确认后软件意外退出，重启软件后出现通信故障报警。3）原因分析：D4LSS系统软件卡死崩溃，与前两次故障类似（C21试验时点击试验按钮软件异常、参数修改后界面参数显示异常）：为软件故障；②经与厂家沟通，软件重启后通讯故障的原因为软件意外退出会导致通讯端口被初始化，恢复至默认值，需对软件端口进行重新选择与配置,3/4号机组LSS系统的数据处理和显示在一个处理器和一个软件实现（其中1/2号机组含有两个处理器，一个用于数据处理，一个用于显示），故4LSS系统软件卡死崩溃重启需要记录I01，梯形图画面异常不用记录I0主机故障或主机重启则需要记录I01：RPN10,
4PTR001P0主控显示有自动停命令，无法启动,执行燃料装载井打循环在线时，发现4PTR001P0有保护停信号，无法启动,导致泵无法启动，影响实施燃料装载井打循环工作的开展,已采取的行动措施：1）分析和检查泵保护停信号，初步怀疑4PTR027SP仪表故障；2)oncall仪控检查处理,4PTR027SP仪表漂表,仪控处理反馈：1)检修过程：①验证隔离边界，确认设备位号与工作票一致；②与主控沟通，说明工作内容及工作中存在的风险；③流程图与现场根阀4PTR027VSP不一致，经运行核实为4PTR027VSP；④关闭4PTR027VSP，拆除4PTR027SP的航空插头，并做好绝缘包裹，使用万用表测量，仪表当前的状态为低报；缓慢拆除仪表引压管，并用废液收集袋收集废液，使用压缩空气罐吹扫仪表接头，确认无残液，连接压力校验仪，对4PTR027SP进行校验并做好记录，计算仪表允许误差，仪表不合格；③调整仪表后，重新使用压力校验仪对仪表进行校验，并记录数据，计算仪表允许误差，判定仪表合格；7拆除压力校验仪，回装仪表引压管，打开4PTR027VSP，恢复仪表初始状态；③工作完毕，归还工作许可证；2）故障原因分析：4PTR027SP仪表漂表,4PTR027SP保护停泵定值85kPa，消报定值135kPa,
4RCP803VP阀门附近出现蒸汽泄漏,09月15日1点，4JDT402PP触发R588房间探头有报警，现场检查发现该探头位置下方有蒸汽,1)若泄漏继续扩大，超过230L/h，将会产生第一组IO：RCP1，要求8h内机组后撤至NS/RRA模式；2）阀门一端与稳压器相连，开工前需做好工业安全防护措施；3）蒸汽有一定放射性，开工前需做好辐射防护措施；4）泄漏点和泄漏量暂不明，排查和处理工业安全和辐射安全风险很大,已采取的行动措施：1 联系辐射防护测量R588 房间蒸汽放射性，测量结果为1.2 Bq/cm，含有放射性；2）联系保健物理在R588 房间入口处设置隔离警示，防止其他人员误入；3）经现场核实，初步确认为4RCP803VP仪表根阀有泄漏；4）检查KIC 画面，4RCP008MN、006MP 显示正常，未发现其他异常；5）测量一回路泄漏率，泄漏率为32.56L/h，未见明显扩大,阀门密封焊长期运行产生裂缝与砂眼,机械处理反馈处理进展：1）维修编制《4RCP803VP 缺陷核实处理方案》（F04-MA01-TD-18079）；2）运行配合将一回路降压至12.5 MPa；3）运行人员关闭4RCP803VP，阀门处无蒸汽漏出；4）保温人员拆除保温；5）运行人员微开阀门，阀门密封焊位置存在3 处漏点；6）带压堵漏人员对漏点捻缝处理后已不漏汽,4RCP803VP 为RCP008MN、006MP 的水位压力测量低点隔离阀,
4REA系统自动补给模式未正常投入,当班值发现4REA系统自动补给模式未投入即4REA019KS处于灯灭状态。为保持4RCV002BA容控箱液位，执行自动补给投入操作。执行过程中，4REA065VB显示手动控制状态，将该阀切换至自动后自动补给模式自动退出，无法投入,若一直无法投入自动补给则只能通过硼化来控制容控箱水位,已采取的行动措施通过硼化启动硼酸泵控制容控箱水位,4REA065VB处于手动控制状态，导致自动补给未能正常投入,运行处理反馈：经分析逻辑图后，怀疑4REA065VB所处模式不正确，经将4REA065VB恢复到自动模式下自动控制，重新输入硼酸流量设定值（即便硼酸流量不变），恢复自动补给正常投入,"REA065VB存在自动和手动两种模式，自动”模式下又有“自动控制”和“手动控制”两种方式，“自动控制”时根据设定的硼酸流量自动调节阀门开度，而“手动控制”则由主控给出开度信号。“手动”模式下有“打开”和“关闭”两种方式。若REA065VB不是在自动模式，则自动补给功能失效。自动补给和手动补给启动时REA065VB必须选择在自动控制（SPCTRL），否则无法启动。
在4REA065VB 切换至自动模式下的手动控制后，为恢复自动补给需要重新切换至自动控制状态。在投入自动补给过程中，在4REA065VB 自动控制下必须重新输入硼酸流量设定值（即便硼酸流量不变），自动补给才能正常投入",
4SAP001DS露点高报警,执行 FQ4-SAP-T-001 检查应急空压机 001C0&002C0 的应急备用功能试验规程后进行干燥器切换，4SAP002DS 切换至 4SAP001DS 运行，切换之后 4SAP001DS 出现露点高报警，报警灯亮：现场显示屏显示露点值为-12℃（如图 1 所示），正常运行时露点限值为-25℃XRunCLRESCHOMESHF 图 1 现场显示屏显示露点值,无法保证干燥器塔正常运行,已采取的行动措施 1）主控与现场沟通分析，对比 4SAP002DS 和 3SAP001/002DS，发现其他干燥器的排污阀均有一定开度：2)现场打开 4SAP001DS 的排污阀 4SAP143VA、4SAP141VA、4SAP142VA 至 80%开度， 4SAP101MZ 下游手动阀打开一个小开度，然后将 4SAP002DS 切换至 4SAP001DS 运行，几分钟后，露点值开始降低。由-12℃降低到-47℃,正常情况下，现场运行的干燥器的精过滤器、预过滤器、除尘过滤器的排污阀 4SAP143VA、4SAP141VA、4SAP142VA 都应该处于打开状态或者有一定开度，然后通过下游排气口才能保证在干燥器塔正常运行时的排气：（而现场查看此三个阀门都是关闭状态，怀疑被人误动）。露点值通过现场 4SAP101MZ 测得，4SAP101MZ 下游有一手动阀，正常运行时此阀门也应该保持有一定的小开度，保证有气体流出即可（可用手感受）现场查看此阀门也是关闭状态,在专业的配合下恢复 4SAP143VA、4SAP141VA、4SAP142VA 以及 4SAP101MZ 下游手动阀打开一定的开度,1）正常运行时运行或者备用的干燥器过滤器的排污阀都应该打开或者有一定开度；实际开度可对比另一例干燥器或者三号机；2）相应的露点测量阀门也应该有一定开度，对露点进行测量，否则失去露点测量而产生露点高报警,
4SAP005SP故障导致4SAP001C0无法正常停运,执行F04-SAP-T-001（检查应急空压机001C0&002C0的应急备用功能试验规程时，当4SAP0001C0处于“基本负荷”模式，验证完4SAP005SP压力低1报（KIC中4SAP005SP2灯亮）触发4SAP001C0自动启动后，现场按规程要求关闭卸压调阀后使用4SAP003CC无法将4SAP001C0停运，KIC中一直存在保护启动信号（4SAP005SP压力低1&4SAP001C0处于基本负荷模式时，保护启动4SAP001C0）。4SAP001C0无法停运，处于自动加载一自动卸载一自动加载模式不断循环。经主控和现场检查发现在压缩机自动卸载前将卸压调节阀4SAP215VA全关闭后，现场压力表4SAP012LP上升到0.77~0.78 MPa.g时，KIC中4SAP005SP_2灯仍亮,4SAP001C0无法停运，处于自动加载一自动卸载一自动加载模式不断循环，造成设备损坏,已采取的行动措施：1)主控oncall1仪控人员检查处理4SAP005SP；2)查看定值手册和逻辑图：4SAP005SP压力低到定值0.68MPa.g时触发低1报警，KIC中SAP005SP2灯亮，4SAP005SP压力高到定值0.75MPa.g触发高2报（DCS一层可看，二层无法查看），达到高2报警触发后，低1报警才能消失。此次4SAP012LP压力上升到0.77~0.78 MPa.g时，超过高2阀值，低1报警未消失，4SAP005SP2灯一直亮，仪控在一层也未看到高2报警触发，一层4SAP007SP的高1报警能正常触发，可进一步确认实际压力不低，4SAP005SP低1报仍存在实为误报；,经仪控现场检查发现4SAP005SP定值漂移，漂移后高2定值为0.79MPa.g，使得4SAP005SP低1报触发4SAP001C0自动启动后，压力回升到0.77~0.78MPa.g时，未达到漂移后的高2报定值，高2报未触发，而低1报也一直未消失，使得4SAP001C0在“基本负荷”模式自动启动信号一直在，无法停运,义控处理反馈：1）处理措施：重新调整仪表定值，经运行再次执行试验验证合格。2）故障原因分析：4SAP005SP压力开关定值超差，定值存在漂移，漂移后高2定值为0.79 MPa.g，使得4SAP005SP低1报触发4SAP001C0自动启动后，压力回升到0.77~0.78MPa.g时，未达到漂移后的高2报定值，高2报未触发，而低1报也一直未消失，使得4SAP001C0在“基本负荷”模式自动启动信号一直在，无法停运,1)执行F04-SAP-T-001时，当4SAP001C0处于基本负荷”模式时，4SAP005SP低1报误触发，导致4SAP001C0无法正常停运时，可以通过改变4SAP001C0模式，改到试验模式或是备用模式，如将4SAP001C0置于“备用负荷”模式后，利用4SAP003CC将压缩机停运；2）当4SAP001C0处于“备用负荷”模式时，4SAP007SP低2报误触发，导致4SAP001C0无法正常停运时，可以通过改变4SAP001C0模式。改到“试验”模式或是“基本负荷”模式的方式，再利用4SAP003CC将压缩机停运； 3)SAP005SP、006SP、007SP、008SP仪表的低报定值和低报消除的定值设置不合理，即死区相对太大。建议减小死区。另外若仪表低报定值出现漂移时将导致压空机在压力实际低时不能及时启动实现其安全功能，当现场SAP012LP实际压力低于SAP005SP、006SP、007SP、008SP的低定值时，而KIC中相应灯未亮时，需考虑定值低漂的可能。务必及时处理消除故障。目前这四个仪表检查频度每1C一列，建议仪控增加SAP005SP、006SP、007SP、008SP的检查频度，以便及时发现仪表定值漂移问题，以避免出现仪表故障引起压空机不可用或是无法停运,
4SEC103MV主控示数显示××××,主控发现4SEC001P0（停运状态）电机下部轴承振动探头4SEC103MV厂异常显示XXXX,当泵运行时，无法正常监视4SEC001M0下部轴承X向振动,,4SEC103MV 测量探头损坏,"义控处理反馈:1 ）工作过程:①验证隔离边界,确认设备位号与工作许可证一致;②联系服务搭设脚手架;③打开4SEC117CR 接线箱盖,检查4SEC103MV 信号接线及屏蔽线,确认接线紧固正确;
④拆除4SEC103MV 快速插头及振动探头,测量探头静止时输出电流， 4SEC103MV 探头静止时输出电流为32.7366mA ，依据测量数据，确认 4SEC103MV 损坏；将备件探头静止测量输出电流为4 . 012mA 确认合格，更换备件并紧固，回装航空插头；③与主控沟通，确认仪表当前显示正常，关闭4SEC117CR 接线箱盖；②联系服务拆除脚手架，工作完毕，清理现场。2 ）故障原因分析：4SEC103MV 测量探头损坏",4SEC103MV ≥2 . 8 mm /s 时。将触发报警4SEC753KA ［001M0 下部轴承振动高（X) 4SEC103MV ≥3 . 8mm /s 时，将触发报警4SEC853KA ［001M0 下部轴承振动高高（X),
4SRI系统存在漏点导致频繁补水排香,,1) SRI 系统频繁补 SER 水，导致 SRI 水质不满足化学规范要求，长时间危及设备可靠运行；2) 若漏点扩大，补水能力受限，危急4SRI 冷却功能，进一步恶化可能危及汽轮机辅助系统、重要设备如 APA 泵等重要设备安全运行，最终可能导致停机,"已采取的行动措施：1）现场排查 4SRI 各个疏水排气阀、阀门连接法兰外漏情况，未见泄漏；2）对 4SEK2 坑、循环水排污坑、4MX 厂房消防排水坑的磷酸三钠浓度取样，未检测到泄漏；3) SRI 下游负荷油系统的热交换器排查：观察 4GGR、4GFR 油箱液位未见上涨，热交换器 4GGR110RF/210RF、4GFR031RF 泄漏的情况，可排除；4）SRI 下游 AGM 工作油冷却器/润滑油冷却器：未见液力耦合器器油箱油位上涨情况，可排除；5）APA 电机空冷器：未见电机冷却水泄漏开关 APA101SN/201SN/301SN 灯亮情况，可排除；6) GRH、GRV 冷却器：未见汽轮发电机组漏液上涨，可排除热交换器内部泄漏；7) GST 冷却器：未见 4GST001CW 上涨情况，可排除；8ACO 泵、APA 泵、APD 泵、CEX 泵的密封冷却器 SRI 侧压力相对小，可排除。建议后续行动：1）运行隔离 SRI 热交换器：隔离4SRI201RF，加强监视 SRI 头箱液位，关注下游负荷运行情况；2）化学监视 4SRI 水质，加强取样频度，避免由于补水稀释导致超出《3、4 号机组化学与放射化学技术规范》要求：
3 ）设备管理评估夏季时 SRI 热交换器可以隔离一列运行。依据如下：①SRI 热交换器为 2X100 ％设计，一用一备；②SRI 系统设计最高进水温度为 38 ℃，（报警温度值＞45 ℃），目前热交换器两列运行温度维持在 30 ℃，单列运行可维持在 33 ℃，具备单列运行能力；③现场设冷水旁路温度调节阀 4SRI060VN 已全关是因为温度整定值（29 . 8 ℃）偏低。运行可以考虑适当调高整定值（例如 32 ℃），恢复阀门的调节性能。4 ）机械做好 4SRI201RF 检修准备，评估检修工期和是否需要技术支持进行涡流检漏",,"机械处理反馈1）工作过程：①联系服务搭设脚手架：②确认管侧 介质已排空：③开始执《4SRI201RF查漏堵管》工作方案④拆除热 交换器两端人孔：5进入前测氧含量确认氧含量20.8%可以进入：6 联系运行人员配合微开4SRI026VN观察传热管两端管口是否有水流 出有水流出的传热管说明泄漏，将泄漏管管口做好标记：8依次将 泄漏的传热管两端管口用堵头封堵牢固：③对传热管进行再检漏， 发现无泄漏，清理水室内部，将所有带入的工器具、物资移出水 室：移除防异物措施，请OC检查容器内清洁度：①更换新密封垫 片，回装两侧人孔门，均匀紧固人孔门螺栓，最终力矩值250N·m 分三次交叉拧紧，75N·m、175N·m、250N·m，最后以最终力矩顺 次均匀紧固一圈：②工作结束，清理现场。2）处理进展结果：D运 行将4SRI201RF隔离并疏水，机械开热交换器人孔后，运行配合微 开4SRI026VN，发现有传热管管口存在水流喷出，如图1所示；图 1传热管泄漏海水②维修机械对4SRI201RF传热管进行封堵，如图
图2 传热管堵管",1 ）系统状态改变时，需关注系统参数的变化，进行分析查看是否满足预期，以便及时发现缺陷。出现异常时优先从最近已执行操作着手分析。2 ）若4SRI201RF 传热管存在潜在泄漏点，切泵期间双泵运行时出口压力升高可能导致泄漏增大的风险。需缩短双泵运行的时间,
4号主控机操站第3号屏幕右侧操作框卡死,巡检画面的过程中，点击4DVN377VAF/129VAF 后，4KIC602WS（机操站）第三个屏幕的右侧弹出框弹出后无法关闭，无法退出，弹出框卡死（该工作站可用。该屏幕可查看信息，但是不能操作，其他屏幕正常）,弹出框弹出后无法关闭，无法退出。因4KIC602WS、4KIC604WS 中有个屏幕右侧弹出栏卡死维修仪控依次重启4KIC602WS、4KIC604WS 。造成 4KIC602WS、4KIC604WS1 依次分别不可用，IO2 : KIC1 。4 号机组 4DVN377VAF/129VAF 为就地手动阀门，画面operation 不会影响该设备运行状态,已采取的行动措施：1 ）检查确认其他工作站无卡死情况，确认可用； 2 ）进行工作站的重新分配使用；3 ）oncall 仪控检查处理,1 ) 4 号机组4DVN377VAF/129VAF 画面operation 操作框模板配置错误，导致在操作员选择该设备时，操作框识别紊乱，画面卡死；2 ) 4 号机KIC 系统自调试移交以来，没有数据更新的窗口。仪控在线下已经对4KIC 进行数据自检及修改，待大修窗口进行数据更新工作,仪控处理反馈：1 ）影响评估：4 号机组4DVN377VAF/129VAF 为就地手动阀门画面operation 不会影响该设备运行状态。2 ）处理进展：4 号主控机操站画面恢复正常。3 ）原因分析：①号机组4DVN377VAF/129VAF 画面 operation 操作框模板配置错误，导致在操作员选择该设备时，操作框识别紊乱，画面卡死；②4 号机KIC 系统自调试移交以来，没有数据更新的窗口，仪控在线下已经对4KIC 进行数据自检及修改，待大修窗口进行数据更新工作。4 ）处理措施：重启4 号主控机操站，画面卡死恢复。5 ）后续行动：D 梳理4KIC 系统数据，对错误数据进行修改：②401 大修进行数据更新；③告知主控禁止点击4DVN377VAF/129VAF 这两个阀门,如果出现下列任何一种情况，则该操纵员工作站宣布不可用，1 ）鼠标或跟踪球不可用；2 ）键盘不可用；3 ）超过2 个屏幕不可用；4 )DCS 一层、二层之间通讯故障以及DCS 二层服务器故障造成的操纵员工作站数据不可用,
4号主控触发4GSE001KATGC 系统故障报警,"04月22日早班4号机组执行升功率至满功率,12:08主控触发4GSE001KA-一TGC 系统故障报警。仪控检查为4GRE001AR 内的备用通讯控制器CCL 故障。04月24日按照处理方案,仪控对4GRE001AR 内的备用通讯控制器进行清错和断电重启,控制器重启不成功。当前主控制器正常运行,备用控制器停运","从通讯控制器CCL 故障,若主从通讯控制器(CCL）同时停运,将会触发保护停机","已采取的行动措施,1）暂停升功率,并汇报电网,待原因明确后确认无风险再进行;2）立即查看主控4GSE系统画面,未发现异常报警:3）立即安排就地查看4GRE/GSE系统控制柜,当前未发现异常:4）发起oncall,要求仪控立即安排进行报警原因分析;5）将4GRE001AR 内主用通讯控制器列为临时SPV 设备进行加强管控",从CCL 控制器（备用通讯控制器）短时故障导致软件停运,,1)P320系统保护逻辑设计中，会采集卡件的底层状态，主从通讯控制器(CCL)同时停运，会触发保护停机：D“FBUS240EF’Stat_ES_Dual_W_6(2)”和FBUS240EF’StatES_W_6(2)”两个参数直接取自于卡件状态，无法进行强制或者操作，代表通讯控制器的状态，其中一个代表主控制器，另一个代表从控制器。②这两个参数送往停机逻辑中，当两个参数状态都异常，且时间超过设定时间500ms，输出跳机信号。③上述跳机信号会同时送往三个保护控制器(STPA、STPB、STPC)，进行三取二逻辑保护跳机。,
4号主控触发4KC0024、064KA报警（保护IP通道和B列机柜故障报警）,"21:09, 主控出现 4KC0024KA/064KA 报警(保护 II P 通道和 B 列机柜故障报警","报警触发后, 可能导致其他的 KCS 机柜故障触发时被掩盖, 无法及时被发现","已采取的行动措施: 1)查看和执行报警卡, 检查发现 4KCS116AR 上存在报警: 2)oncall 仪控检查处理","1)触发报警的原因为 4KCS116AR 机柜内来自保护 II P 通道的远程机架上一块 D0 卡件自诊断故障; 2)使用诊断软件采集到的该 D0 卡件自诊断信息显示 ""TXENloopbackTest failed"", 初步判断为卡件信号回路自测试偶发失败","仪控处理反馈: 1)处理进展: 4KC0024、064KA 报警已自动消失。2)检修步骤: D 触发报警的原因为 4KCS116AR 机柜内来自保护 II P 通道的远程机架上一块 D0 卡件自诊断故障; 2)使用诊断软件采集到的该 D0 卡件自诊断信息显示 ""TXENloopbackTest failed"", 初步判断为卡件信号回路自测试偶发失败。3)处理措施: 报警自动消失, 未进行处理。4)后续行动: D 对该 D0 卡件持续观察; 2)此次采集到的 D0 卡件自诊断故障信息为首次出现, 故障信息具体含义需咨询厂家确认, 后续将诊断信息发函厂家。5)影响评估: D0 卡件自诊断报警不影响卡件的正常工作, 卡件上信号无异常","KCS 机柜的自诊断报警：处理器卡件、通讯卡件、AI 卡件件、AO 卡件、 DI 卡件、DO 卡件等的自诊断报警：1 ）其中最常见的自诊断报警有AO 信号控制电流变化（ASG 调节阀动作期间产生KC0054KA、GCT 系统的调节阀动作时产生KC0034KA,KC0044KA)，持续2h 后消失；2 ）通讯卡、DO 卡自诊断报警，根据卡件所在的位置不同可以产生各个报警，持续2h 后消失： 3 ）处理器MP 卡件故障报警，其他类型的故障报警，报警持续2h 后不消失",
4号主控触发4RGL001、002、006KA报警,20:00主控出现4RGL001KA(RGL运行故障)/002KA(RPI故障)/006KA(RGL运行故障)报警,,已采取的行动措施：1）查看和执行报警卡，按报警卡执行IRCL001；2）安排现场检查棒控电源柜（4RGL01AR～4RGL026AR）、棒控逻辑柜（4RGL001AR）、棒位测量柜（4RGL009AR）或棒位处理柜（4RGL010AR）设备是否存在故障报警信息；3）oncall维修仪控人员检查处理,就地进行机柜检查。原因为N2.1-1棒束触发“测量通道失效”N2.1-1测量棒位显示为0.实际控制棒束在5步。N2.1-1棒束的格莱码处理器卡件（MCP22）故障导致格莱码显示为0。该报警仅影响N2.1-1棒束测量棒位显示，不影响控制棒束正常动作,"仪控处理反馈：1）缺陷描述：主控触发4RGL001、002、006KA报警。2）处理进展结果：4RGL001、002、006KA报警已消除。
3 ）原因分析：就地进行机柜检查，原因为N2 . 1 -1 棒束触发“测量通道失效”，N2 . 1 -1 测量棒位显示为0 实际控制棒束在5 步。N2 . 1 -1 棒束的格莱码处理器卡件（MCP22 ）故障导致格莱码显示为0 。该报警仅影响N2 . 1 -1 棒束测量棒位显示，不影响控制棒束正常动作。4 ）处理措施：对N2 . 1 -1 棒束的格莱码处理器卡件（MCP22 ）进行更换，N2 . 1 -1 棒束测量棒位恢复正常显示。5 ）检修步骤：D 打开4RGL006AR，确认N2 . 1 -1 卡件位置；②测量MCP22 格莱码阈值（A : 4 . 109, B : 4 . 274, C : 5 . 217D : 5 . 644,E : 7 . 40 , 单位V ) ;③断开MCP10 卡件电电源：④松开MCP22 卡件固定螺丝，拨出卡件：更换MCP22 卡件的备件：③闭合MCP10 卡件电源：①调整MCP22 格莱码阈值（A : 4 . 112.B : 4 . 274, C : 5 . 221.D : 5 . 644,E : 7 . 40 , 单位V ) ;8 确认N2 . 1 -1 棒束的棒位显示异常：9 关闭机柜门，确认RG1 系统无其他异常","1 ）棒位探测器基本工作原理：测量线圈分5 组，每组内相邻测量线圈反相串联，控制棒由底部（上图左侧）逐步提升到顶部（上图右侧）的过程中，每组测量线圈两端的感应电压将出现“低（电压）、高（电压）、低、高、低、高”。端电压送往测量柜，处理卡件为每组测量线圈各设置一个电压阈值，当端电压超过阈值时，此测量线圈被编码为1 ：当低于值时，被编码为0 。在控制棒提升过程中，每组测量线圈的编码将出现“0 、1 、0 、1 、0 、1 . . ”。依照各组测量线圈的分布，编码将出现“格莱码”形式分布，将其以8 步精度转换为机械棒位。子组内测量棒位存在偏差的原因：测量线圈的阈值设置是在调试期间完成的，其验收准则是控制棒在某8 个机械步区间内+5 、+6 、+7 步，测量棒位显示8 步均为合格。所以子组
2)4RGL006KA 报警产生的可能原因：棒控电源柜（4RGL011AR ～ 4RGL026AR）、棒控逻辑柜（4RGL001AR ）、棒位测量柜（4RGL009AR ）或棒位处理柜（4RGL0010AR ）设备发生下列故障：D4RCS 运行故障：②4RP1 运行故障",
4号主控触发4RGL001、005、006、009KA报警,14点35分，4号主控触发4RGL001KA（RGL运行故障）、4RGL-005KA（RCS运行故障），4RGL006KA（RGL故障）、4RGL009KA（PWE运行故障）报警,可能影响RGL棒组棒位显示，影响RGL系统的可用性,已采取的行动措施，1）当班值执行FQ4-RGL-I-001，将R棒、G棒置于手动状态；2）现场检查发现4RGL026AR（对应SD2棒组）机柜故障灯亮；3）oncall仪控检查处理，经复位后报警消除；4）报警消除后，根据事故规程将R棒、G棒恢复至自动状态,4RGL026ARSD2-4触发保持为零报警。经现场检查确认保持线圈电流正常，初步分析可能原因是检测电流信号闪发异常,"仪控处理反馈：1）处理进展：4RGL001/005/006/009KA报警已消除。2）工作过程：①确认故障卡件机柜；②打开4RGL026AR机柜柜门；③测量SD2-4SC线圈电流正常；④按下“故障清除按钮”，确认SC线圈电流正常，确认报警以消除；关闭机柜柜门；⑤归还工作许可证3）原因分析：①4RGL026ARSD2-4触发保持为零报警；②经现场检查确认保持线圈电流正常，初步分析可能原因是检测电流信号闪发异常。
4）处理措施：按下机柜“故障清除按钮”，报警消除",4RGL026AR为SD2棒组的就地棒控电源机柜,
4号主控触发4RIC714KA堆芯冷却监测系统故障（B系列）报警,13:00分4号主控触发4RIC714KAJ堆芯冷却监测系统故障（B系列），就地检查4RIC012AR故障灯亮，主控检查RIC/RCP系统参数无异常,1)该卡件功能为监视ICCMS系统其他所有运行卡件的运行状态，不影响ICCMS正常运行；2)该监视用卡件故障降低系统对卡件正常的监视功能,1)已采取的行动措施：1查看和执行报警卡：现场检查确认4RIC012AR故障灯亮，现场暂未发现其他异常；②主控对各相关画面进行检查，确认RIC堆芯热电偶、RCP压力、温度、液位等相关参数均正常；③在BUP上4RIC002PP中检查ICCMS存在以下故障：a.系统看门狗故障（此为堆芯监测系统装置运行状态监测综合故障报警）；b.卡件插入故障；④oncall维修仪控现场检查，初步检查判断为4RIC012AR内SDM4插入监视卡件损坏，需进行更换。2)建议后续行动：维修二处尽快核实备件，推动缺陷处理并分析故障产生的根本原因,4RIC012AR（堆芯冷却监测B列机柜）中插入监视卡件（SDM4）故障,"仪控处理反馈1）当前进展：4RIC714KA报警已消除，RIC系统运行恢复正常。2)处理措施：经就地检查核实，确认系统报警由插入监视卡件SDM4）故障引起，经当班值同意，领取备件，申请紧急工作许可证对故障卡件进行了更换，更换完成后，报警消除，系统恢复正常运行。
3 ）检修步骤：①打开4RIC012AR 机柜门，定位故障卡件，用绝缘胶带做好标记②拔下故障卡件，插入新卡件：③按下SM1 按钮进行复位；4 确认报警消失，关闭机柜门",4RIC714KA 堆芯冷却监测系统故障（B 系列）报警触发的可能原因：1 ）电源故障。2)4RIC012AR（堆芯冷却监测机柜）的自检装置探测到故障。①至少一个模拟或逻辑输入信号失效：②机柜硬件检测到故障；③系统RTE 检测到故障。3 ）定期试验,
4号机低功率工况下LOCA!监测系统卡顿,接班时当班值发现4号主控的LOCA监测系统画面异常卡顿，数据刷新缓慢，且报警画面存在大量报警信息，无法清除,严重影响早班即将进行的4号机组调停后的升功率期间的相关参数的值测，产生第一组IO: RPN10,1) 执行《FQ4-0P00-TD-170124号机组LSS系统故障应急预案》;2) oncall 仪控过来检查处理，仪控反馈只能通过重启LOCA监测系统来进行处理，LOCA监测系统重启，需要记录RPN10的IO1仪控开票重启系统之后，系统恢复正常，不再卡顿,4ISS系统监视软件缓存报警数据过多，导致系统处理器负荷过大,1) 故障原因分析：经检查LSS系统在线监视软件报警信息缓存过多，未及时清除确认，导致软件运行内存不足，操作卡顿。而产生的报警主要是低功率状态下频繁出现的4RPN436KA(LSS系统故障)和LLS系统ERR画面报警，其报警的原因如下：根据LSS系统设计原理，其中有关节电流计算的设计中有以下限制要求：(SH1+SH2+SH3+SB1+SB2+SB3)>0.5V注：RPN功率量程各通道的6段节电流之和须大于0.5V(对应电流为10μA)。如果不满足以上条件，系统中有关节电流的计算将被认为无效从而产生LSS系统故障报警(RPN436KA)。而根据通道功率水平计算公式，P=GxKx/KHx(SH1+SH2+SH3)/3+Kbx(SB1+SB2+SB3)/3注：G(电流一功率转换系数)为常数，设置为1×10?单位：A/%FP)K、KH、KB为功率刻度系数每月通过堆芯功率分布测量试验校核确定。当满足以上条件时。核功率须达到一定的功率水平(通常3%FP左右，具体数值与当前功率刻度系数有关)。2) 工作处理过程：①与主控沟通，确认C21信号已闭锁；②确认设备位号，打开4RPN006AR机柜门：,1)低功率下LOCA 监测系统报警较多，需及时确认：2)1/2 号机组LSS 系统显示和计算单元是分开的，有两个服务器，显示卡顿，重启显示服务器就行，计算服务器还在运行，只算第二组I0，3/4 号机LSS 系统重启服务器需要记录第一组I0,
4号机低功率工况下LOCA监测系统卡顿,接班时当班值发现4号主控的LOCA监测系统画面异常卡顿，数据刷新缓慢，且报警画面存在大量报警信息，无法清除,严重影响早班即将进行的4号机调停后的升功率期间的相关参数的监测，产生第一组IO：RPN10,已采取的行动措施：1)执行《FQ4-0P00-TD-170124号机组LSS系统故障应急预案》；2)oncall仪控过来检查处理，仪控反馈只能通过重启LOCA监测系统来进行处理，LOCA监测系统重启，需要记录RPN10的I01，仪控开票重启系统之后，系统恢复正常，不再卡顿,4LSS系统监视软件缓存报警数据过多，导致系统处理器负荷过大,2 ）工作处理过程：①与主控沟通，确认C21 信号已闭锁；②确认设备位 号，打开4RPN006AR 机柜门；③检查确认设备硬件运行无异常；④进入 LOCA 监测软件，切换至工程师权限退出软件；5 重新启动计算机；③系统重启后，使用工程师权限登陆软件界面；②重新配置通讯端口，确认系统通讯故障报警消失；8 确认系统所有画面切换流畅，且状态显示正常；9 关闭机柜门，归还工作许可证：汇报工作完成情况,"1 ）低功率下LOCA 监测系统报警较多，需及时确认；2 )1 /2 号机组LSS 系统显示和计算单元是分开的，有两个服务器，显示卡顿，重启显示服务器就行，计算服务器还在运行，只算第二组I0,3 /4 号机组LSS 系统重启服务器需要记录第一组I0",
4号机组主控出现RPN中间量程II通道高压丧失通道故障报警,11：30，主控出现4RPR108KA（中间量程通道试验或故障-ⅡP），4RPN451KA（中间量程通道Ⅱ故障），4RPN456KA（中间量程通道Ⅱ探测器高压丧失）。主控RPN画面中间量程示数由1×10-3A降至1×10-9A，周期短时出现波动后恢复正常值。经现场检查确认4RPN023MA探测器高压丧失,1)根据技术规范要求，RP模式一个中间量程通道故障需记录RPN8第一组IO：RPN8，堆功率大于10%时，要求7天内开始向NS/RRA模式后撤； 2)核实中间量程相关质量位逻辑：①中间量程中子注量率高停堆已在当前状态P10以上被闭锁；②ATWT停堆逻辑需两个中间量程通道同时触发质量位且和ARE窄量程流量计质量位逻辑相与产生，核实当前机组暂无其他质量位逻辑触发,已采取的行动措施：1）查看和执行报警卡，并执行FQ4-RPN-TPOPAB-0001故障规程；2）主控检查确认RPN中间量程2通道（4RPN023MA）质量位触发RPR画面暂无其他质量位逻辑触发；3）oncall维修仪控专业对响应故障通道进行检查；4)机组产生第一组IO：RPN8，暂停其他可能产生IO1工作的开展（计划的（Q)4LSS系统C21报警试验工作后延）。建议后续行动：1)确认4RPN013MA工作正常，不安排其检修工作；2）异常消除之前，不安排产生IO1或潜在IO1的工作,中间量程高压卡件内电容有鼓包现象，存在性能下降导致无法在原设置的600V电压上正常工作，导致高压自动切除。岛内探测器工作正常,仪控处理反馈：1)故障原因分析：中间量程高压卡件内电容有鼓包现象，存在性能下降导致无法在原设置的600V电压上正常工作，导致高压自动切除。岛内探测器工作正常。,EOMM 手册要求中间量程高压卡件工作电压在500～700V 范围内,
8CTE915P0启动时两次引起上游开关跳闸，怀疑电机故障,执行8PW18554（8CTE914P0电机与泵连接处有结晶处理），需将8CTE914P0切换至8CTE915P0运行。需先将3/4CTE停运，切泵后再重新启动3/4CTE，过程中启动8CTE915P0时，第一次8CTE915P0启动时弓起上游母线的总电源原4LKH1031JA跳闸，第二次8CTE915P0启动时引起泵本体动力电源8CTE421JA跳闸,导致8CTE915P0无法启动,已采取的行动措施1)oncall电气处理：2）将8CTE915P0供电开关8CTE421JA置于安全位置（断开）；3）电气现场检查发现电机和泵都不能转动，oncall机械人员检查发现电机和泵轴发生了移位，需要解体检修；4）重新启动3/4CTE双列制氮（启动8CTE914P0），将8CTE915P0隔离,8CTE915P0电机轴承卡死,"电气处理反馈，1）检修步骤（WOT：00938452-01）：①对8CTE421JA抽进行检查，发现无异常；②打开电机接线盒，验电：③用双臂电桥测量电机直阻：AB：2.815Ω；BC：2.8102AC：2.800Ω，不平衡度0.5%，结果合格；④用500V兆欧表测量电机绝缘为A.B.C-PE&gt;550MQ2，结果合格：5就地打
④将电机运往就地，联系机械人员对电机进行与泵的连接：5按拆线记录恢复接线，转PT占用8CTE421JA，对热继进行效验，结果热继效验合格。并与运行人员沟通进行带载试验，电机运行2h，驱动端温度48.9℃，非驱动端有风扇罩无法测量，电机外壳温度47.1℃,结果合格，驱动端振动：H: 2.6mm/s, V: 1.8 mm/sA: 0.7 mm/s, 非驱动端振动：H:2.6 mm/s, V:1.2 mm/s, A: 0.8mm/s, 结果合格，用电流表测量电机电流，A相：6.8 A, B相：7.4 A, C相：7.2 A, 空载电流三相一致性为：4.6%(≤20%)合格;1工作结束。3)故障原因分析：8CTE915PO电机轴承卡死",8CTE915PO为管道升压泵，用于抽取海水冷却整流器的冷却水,
8RIS011P03现场检查盘根泄漏量5~6 滴／s,8RIS011P0现场检查盘根泄漏量5 ~6 滴／s 。量杯测量大约0 . 9~1 . 2L/h（厂家提供的泵运行时泄漏量标准要求≤1 L/h）,8RIS011P0 不可用,已采取的行动措施：oncall 维修机械检查，设备管理对水压试验性可用性进行评估,盘根已硬化。与轴接触面已磨光滑，无法起到密封作用,"机械处理反馈：2016 年12 月26 日初步分析判断：1 ）根据当前泄漏量及近期4 号机组水压试验期间泵的运行情况，判断目前状态不影响泵的使
2016 年12 月30 日到进展：测得盘根泄漏量350ml/h(24+26+250）（标准值不超过1L /h )，泄漏量呈下降趋势，后续持续观察。2016 年12 月31 日到2017 年01 月04 日进展：测得盘根泄漏量分别为146ml /h （22+24+100)，泄漏量呈下降趋势后续持续观察。110ml /h （30+30+50)，100ml /h(34+34+32)，105ml /h(27+28+50)，小至100 ml /h ，远低于标准1000ml /h ，泄漏量趋于稳定，后续定期观察。2017 年02 月01 日完成水压试验泵漏水较严重柱塞的盘根更换工作。（发现盘根已硬化，与轴接触面已磨光滑，无法起到密封作用）最后由运行安排启泵在线调整盘根压量",根据会议纪要《8 号机组水压试验泵盘根泄漏专项讨论会》，厂家函件描述，设备工程师分析认为在水压试验泵停运状态下，调整填料压盖至泄漏量<2L /h 时，可判断填料有足够的冷却和润滑，且调整工作不影响盘根的正常功能和结构完整性。在泄漏量>2 L /h 时，应oncall 维修机械调节填料压盖,
8RIS011P0再鉴定过程中主控出现8RIS423KA（试验泵及辅助装置主故障）,执行F04-LLS-T-002：柴油发电机和水压试验泵无密封注水带负荷启动和运行试验规程对8RIS011P0再鉴定时，合上8LLS023JA 后，就地 8LLS001AR 上8LLS579LA（综合故障报警）灯亮，且无法复位，主控存在8RIS423KA（试验泵及辅助装置主故障）,影响8RIS011PO的可用性，产生I01：RIS5,已采取的行动措施，oncall1电气检查处理,控制柜PLC输入点错误,电气处理反馈一一处理措施：经与主控沟通，电气人员对水压试验泵控制柜内部的PLC进行核实，通过对PLC各输入点进行测量查找，发现控制柜内部的空冷风机断路器003.JS的辅助触点接触不良，导致其信号未正常送入PLC，触发综合故障报警并无法复位。经过对003JS的辅助触点修复后，报警复位消失，水压试验泵正常启动，电气人员保驾至试验结束无异常,出现8RIS423KA可能原因是下列设备一个（或多个）热保护继电器动作：1)润滑油泵8RIS111MO：8RIS001XS；2）试验泵8RIS112MO：8RIS001UF；3）空冷风机8RIS113MO：8RIS003XS。报警将导致下列设备自动停运：1）润滑油泵8RIS111MO；2）试验泵8RIS112MO；3）空冷风机8RIS113MO,
8SEL005P0无法启动,,导致8SEL002PS 内的水无法排放,oncall 电气检查处理,控制回路线松动断开,电气处理反馈，1 ）检修步骤：①取得工作票，验证隔离边界，召开工前会，建立检修场地；②对8SEL005PO 电机进行直阻和绝缘测量，直阻为U-V：3.31 0.U-W：3.32 0.V-W：3.31 0.绝缘：U.V.W-PE：>550MQ2，直阻绝缘均合格；③对控制回路进行检查发现热继有一根线松动断开，对其紧固后联系运行启泵试验，8SEL005PO 运行正常直至坑内水排完；④工作结束，清理现场。2 ）故障原因分析：控制回路线松动断开,SEL005PO 的控制逻辑：1 ）手动启动信号：就地控制柜上SEL005CC 置“ON”位+L0C-SEL006CC 置手动MANU”位。2 ）保护启动信号：LOC-SEL006CC 置手动“AUTO”位+002PS 高液位信号（072SN-900mm）。3 ）手动停运信号：LOC-SEL005CC 置“OFF”位+就地控制柜上SEL006CC 置手动“MANU”位。4 ）允许停运信号：DSEL002PS 低液位信号（071SN-300mm）②SEL005PO 故障信号（067LA）,
8TEU101MN漂表导致TEU蒸发器启动过程中跳状态,在执行《F08-TEU-C-019TEU蒸发器从状态0（停运）启动到状态5（生产）操作票》至蒸发器在状态2时，8TEU104MT达到100℃左右，8TEU103MT温度开始上升时（蒸汽开始进入8TEU001CS），出现8TEU101MN大幅波动，最终触发8TEU101MN高二报警（延时10s）蒸发器返回到状态0。分析认为可能为8TEU101MN平衡罐补水不足造成，随即对8TEU101MN平衡罐进行充水，并再次启动蒸发器，第二次启动蒸发器后，至状态2升温过程中和第一次启动出现状况相同，开始有蒸汽进入8TEU001CS时，8TEU101MN大幅波动、最终触发8TEU101MN高二报警（延时10s）蒸发器返回到状态0,蒸发器跳闸至状态0影响废液处理，且有硼结晶风险,已采取的行动措施：oncall仪控对8TEU101MN进行充水排气,8TEU101MN正压侧无水导致仪表大幅波动。8TEU101MN正压侧无水原因分析可能存在两种原因1）由于8TEU101MN进行检修，仪表管侧水进行了排空，检修完毕后未对仪表管进行充水排气。（后经与相关负责人确认，正压侧检修完毕后确实未进行充水排气，由于8TEP007PO检修工作未完成）；2）由于8TEP007PO检修工作，对泵前后管道进行了排空，导致液位计正压侧仪表管内液体被抽出，仪控检修8TEU101MN工作完结较早，故检修完毕未对仪表管进行充水排气,维修仪控处理反馈：对蒸发器进行状态摆放，仪控现场打开8TEU101MN正压侧，有几滴水流出后，再无液体流出，判断为仪表正压侧没水含气造成液位计大幅波动。随即仪控利用手压式水泵用SED水对8TEU101MN正压侧进行充水排气,当TEU蒸发器不存在状态“3”或状态“5”置位信号，且同时8TEU001CS液位高高延时10s时，TEU蒸发器跳至状态“0”,
9CTE915P0电机反转,9CTE915P0 整体更换后，启泵时电机反转,电机反转可能损坏泵的轴、轴承,oncall 电气人员检查处理,电机线接反,电气处理反馈：1）检修步骤：①现场建立工作区，工作前验电；②现场拆开9CTE915P0 接线盒，调换接线盒内的A：B 相接线，并紧固；③联系运行人员启机验证转向正常；④归还工作许可证，填写完工报告。2）故障原因分析：电机线接反,9CTE915P0 泵送海水来冷却整流器的冷却水,
9DVN614MV频繁闪发报警,主控闪发2DVN103KA(2DVN003ZV温度和振动综合故障报警），现场查看为9DVN614MV(003ZV非驱动端振动值）瞬间振动达到6mm/s 以上，几秒后回落到正常值,报警频繁闪发，影响2DVN003ZV温度和振动的监视,已采取的行动措施：1 ）安排现场检查确认2DVN003ZV监控柜上的温度和振动变化趋势，确认轴承温度正常，并加强监视；2 ）oncall 仪控检查处理；3 ）做好切换到备用列风机的准备,电缆线长时间电动导致航空插头尾部松动、航空插头焊点断开引起报警闪发,仪控处理反馈1 ）检修措施及步骤：①现场确认9DVN614MV 振动探头设备位置：②拆下探头，检查航空插头，航空插头尾部松动，旋开发现探头焊点处有两根线（红白）断开：③拆下航空插头以及对应一截电缆，带回实验室进行修复，完成后回装，确认温度显示正常，为21 . 3 ℃； ④2DVN003ZV 启动后，观察9DVN614MV 对应值在面板显示正常，无异常报警：2 ）故障原因分析：电缆线长时间电动导致航空插头尾部松动、航空插头焊点断开，引起报警闪发,2DVN003MO 或2DVN003ZV 振动值超标（高报2DVN612、 613.614MV≥5.5mm/s)，2DVN003MO 或2DVN003ZV 振动值超标（高高报2DVN612、613、614MV≥6.3mm/s）时，将触发2DVN103KA(2DVN003ZV 温度和振动综合故障报警）,
9KRT505MA取样泵运行时噪音大,现场巡检发现9KRT505PO运行过程中有明显异音,1）9KRT505PO停运后，9KRT505MA不可用：导致无法监测9SVA001BA冷凝水的活度，产生双机组I02：KRT10;2）当9KRT505MA故障不可用时，9SVA001BA液位高时，需要开疏水阀向J9RPE001PS排水（9RPE001PS向9TEU003/004BA排水），增加三废系统的处理负担,已采取的行动措施：1)安排现场检查9KRT505PO上游供电情况，未见电压电流异常波动；2）为避免泵损坏，手动停运泵9KRT505PO；3）确认9SVA001PO/002PO处于手动，密切监视9SVA001BA液位液位高时，可通过开疏水阀排水到9RPE001PS中；4）反馈2号机组，9KRT505MA不可用，将产生双机组I02：KRT10;5)oncall仪检查处理,取样泵9KRT505PO异常。取样管线及测量腔室有沉淀物淤积导致取样流量值偏低,"仪控处理反馈：1）检修措施及步骤：D现场确认仪表工作状态：9KRT505MA运行正常，但取样泵9KRT505PO运行时声音偏高。仪表流量计显示流量值低于其最低刻度值0.16m/h，但未低于其报警下限；②查看仪表取样管线各阀门，均无异常，9SVA001BA储罐液位正常；③在9KRT505CR将仪表置于禁止状态，停运取样泵9KRT-505PO，使用除盐水正向、反向冲洗取样管线及测量腔室，冲洗流出物较浑浊，说明取样管线及测量腔室有沉淀物淤积，待流出物透明后，关闭除盐水，并将取样管线各阀门恢复；④将取样泵投运后，取样流量值上涨至0.25m/h。但仍低于其他电厂该通道取样流量0.4m/h，取样泵声音依旧异常：将取样泵停运后
7 确认仪表9KRT505MA 工作正常，在9KRT505CR 将仪表解除禁止状态。2 ） 故障原因分析：取样泵9KRT505PO 异常，取样管线及测量腔室有沉淀物淤积导致取样流量值偏低",9KRT505MA 用于9SVA001BA 内辅助蒸汽冷凝水比活度的监测9KRT505PO 为9KRT505MA 取样回路取样泵。当9KRT505PO 不可用时，9SVA001BA 内的冷凝水不能通过9SVA001PO/002PO 排到1/2STR 除氧器。可以将 9SVA001PO/002PO 置于手动，监视液位，并联系化学取样合格后再排放到1/2STR 。或是直接改变在线将9SVA001BA 内的冷凝水排放到9RPE001PS ， 最终进入到地面废水接收罐9TEU003/004BA,
9TEP001EV液位异常上涨,9TEP001EV液位异常上涨关闭上游SED供水总阀9SED255VD后，液位保持不变。而9SED255VD下游有三路向9TEP001EV#提供SED水的管线，对应阀门分别为9TEP405VD、9TEP393VD和9TEP329VD，无法确定是哪一路有漏,达到550mm后蒸发器会跳至状态0，使蒸发器无法保持在热备用状态,已采取的行动措施：1)9TEP405VD所在管线管径较大，且9TEP405VD为气动阀，相对而言阀门关闭不严造成内漏的可能较大：9TEP393VD也是气动阀，但9TEP329VD所在的管线管径较小，内漏的可能性较小。9TEP329VD为手动阀，内漏的可能性较小。综上，决定先按照9TEP405VD、9TEP393VD、9TEP329VD的顺序进行逐一验证；2）查漏前9TEP001EV液位较高，故先对9TEP001EV进行排水，以避免9TEP001EV因液位高高跳至状态0；3）之后保持9SED255VD关闭，将9TEP405VD手动破坏中性点关闭，保持9TEP393VD7和9TEP329VD在原状态。而后开启9SED255VD，并观察9TEP001EV的液位。观察30min后，9TEP001EV液位无上涨，确定内漏阀门为9TEP405VD,9TEP405VD 内漏导致蒸发器液位上涨,,9TEP001EV 达到550mm 后蒸发器会跳至状态0 ，使蒸发器无法保持在热备用状态,
9TEP014P0在吸入口压力低报警触发5s后未能保护跳闸,9TEP014P0在吸入口压力低报警触发5s后未能保护跳闸,9TEP014P0存在损坏风险,已采取的行动措施：手动停运9TEP014P0,KSN二层中9TEP014P0启动信号为长信号，导致自动停运信号无法下发,,9TEP014P0 入口压力开关9TEP663SP 动作定位为3kPa，触发9TEP014P0 停运,
ILKC2111JA合闸后跳闸,1DVC009ZV 启动后上游开关 1LKC2111JA 跳闸,1DVC009ZV 无法启动,已采取的行动措施: oncall 维修电气检查,"仪控 DCS 信号通道故障, 导致自启信号未下发","电气处理反馈 1) 工作过程: ①与主控沟通, 抽出 1LKC2111JA 抽屉置检修垫上; ②检查确认抽屉控制回路及主回路接线及元件无异常; ③检查抽屉二次插件及二次端子接线无异常; ④与主控沟通核实有自启动信号, 测量 1LKC2111JA 二次端子 1、2 无 48VDC 电压, 确认自启信号未下发; 主控协调仪控对仪控 DCS 信号通道进行排查; ③仪控确认 DCS 故障已排除, 运行推入 1LKC2111JA, 开关正常合闸, 1DVC009ZV 自启动成功。2) 故障原因分析: 仪控 DCS 信号通道故障, 导致自启信号未下发",,
KIC上2ADG163VV显示大红色，就地已经全开,KIC上2ADG163VV显示大红色，就地已经全开,影响阀门开关的可靠性，进而可能影响除氧器抽汽管道的自动疏水的可靠性,已采取的行动措施：1)安排现场检查阀门实际开关情况，发现阀门已经全开；2)oncall仪控检查处理,2ADG163VV阀门开限位开关螺丝松动,仪控处理反馈1）工作过程：①D对2ADG163VV阀门限位开关进行检查、发现开限位开关螺丝松动；②对2ADG163VV阀门开限位开关进行调整触发状态、并紧固螺丝；③联系运行人员验证2ADG163VV阀门开限位正常。2)故障原因分析：2ADG163VV#阀门,ADG163 VV 阀门的控制逻辑1 ）手动开启信号：KIC 开启：2 ）手动关闭信号：KIC 关闭：3 ）自动开启信号：汽轮机跳闸或汽轮机负荷≤30 ％或疏水袋液位ADG109SN 高或关ADG001VV ;4 ）自动关闭信号：汽轮机跳闸且汽轮机负荷30 ％且疏水袋液位ADG109SN 高且关ADG001VV 信号消失后2 s ;5 ）保护开启信号：疏水袋液位 ADG110SN 高高,
KIC备用中央数据处理服务器重启过程中发生四台操纵员站不可用,"10:30 左右, 1KIC 上出现 1KIC021KAKIC 切到 BUP 报警, 操纵员发现 1KIC 系统操纵员站出现画面操作响应严重迟缓现象。12:05, 仪控人员到场后对 1KIC021KA 的触发原因进行诊断, 发现 DCS L1-L2 之间的心跳信号异常, 间隔 5 min 闪发一次异常现象。14:25, 仪控维修人员对备用的 CCT1 服务器进行重启操作。14:36, 主控室四台操纵员站黑屏不可用","导致 KIC 操纵员站全部失去, 切至 BUP 控制","已采取的行动措施: 1) 立即 oncall 仪控维修人员进行检查处理; 2) 在 KIC 操纵员站全部不可用, 操纵员执行 F01-OP03-AC-IKIC《KIC 操纵员工作站不可用事故处理规程》规程, 将操纵员将 KIC 切换到 BUP 控制机组状态; 3) 在 KIC 恢复后, 从 BUP 切回 KIC 控制, 稳定并恢复机组状态","1) 直接原因: 在 CCT1 (备用 CCT 服务器) 重启过程中, CCT2 (主用 CCT 服务器) 在停运备用 CCT 服务器时, 数据处理能力达到饱和并停运, 导致 KIC 平台失效。2) 根本原因: CCT 服务器在出现数据处理堆栈时的响应机制不合理 (直接停运 CCT 进程)。3) 促成原因: ①CN3 进程使 SAR7-STR7-GTW1 服务器 CPU 消耗过高, 导致 CCT 服务器运行变慢; ②KIC 系统服务器硬件设备性能较低。在出现异常数据量时不能迅速处理数据处理堆栈中的数据, 容易出现堆栈空间饱和的情况","仪控处理反馈: 1 工作过程: ①D 对 1KIC021KA 的触发原因进行诊断, 发现 DCS L1~L2 之间的心跳信号异常, 间隔 5min 闪发一次异常现象; ②对 1KIC 系统所有服务器和工作站的 CPU 使用率、内存使用率和硬盘使用率进行核实, 发现 SAR7-STR7-GTW1 服务器 (网关服务器) CN3 进程占用率 CPU 资源较高 (单核 95%左右), 其他服务站和工作站均正常。考虑到 CCT 服务器已经运行了近 9 个月, 讨论决定对 CCT1 重启后进行 CCT 服务器的主从切换; ③工前会后, 仪控检查服务器和工作站运行状态正常后, 按照工作步骤对备用的 CCT1 服务器进行重启操作时, 主控 4 台操纵员站黑屏不可用;
④仪控人员根据《1KIC 系统软件平台故障处理方法 B 版》对平台进行两次 FirstStart 操作均失败; 仪控判断可能存在 CCT 服务器硬件故障或者",CCT1 与 CCT2 两台中央处理器服务器同时失效，则 KIC 平台完全失效。需将机组控制模式从 KIC 切换至 BUP,
R1 子组“传递线圈”的机架微动开关意外动作导致落棒的非计划停堆事件,"01:15，主控室触发1RGL009、005、006、001KA报警（分别为：PWE运行故障、RCS运行故障、RGL运行故障、RGL故障）；主控随即oncall维修人员到现场进行处理，经检查确认，在01：15，R1子组提升过程中，1RGL016AR（R1子组）报“运行故障”，故障点为R1第4束棒CRDM保持线圈(SG)的电源卡件(MDP)
维修人员开紧急票进行缺陷处理，按照标准工作指令执行RGL 电源柜MDP 卡件更换工作。更换过程中，需要将CRDM 保持线圈断电，此时R1 子组控制棒束由传递勾爪夹持住04 : 23 ，在拔保持线圈的MDP 卡件时，相邻的传递线圈机架的微动开关故障动作，传递线圈也失电，R1 子组CRDM 钩爪完全打开，R1 子组落棒，触发“功率量程中子注量率变化率高”紧急停堆信号，停堆断路器打开，所有控制棒落至堆底运行人员执行事故诊断通用规程F01 -OP02 -AC -DEC（事故诊断通用规程）、反应堆停堆事故规程F01 -OP02 -AC -I1 （反应堆停堆），稳定机组状态；05 : 07 ，运行人员复位停堆信号",导致反应堆紧急停堆,1 ）已采取的行动措施：D 运行人员执行事故诊断通用规程F01 -OP02 -AC -DEC（事故诊断通用规程）；②执行反应堆停堆事故规程F01 -OP02 -AC -I1 （反应堆停堆），稳定机组状态；③运行人员复位停堆信号。2 ）建议后续行动：要求仪控查明故障原因，消除故障后，反应堆重新达临界,在R1 子组“双保持”状态下，RGL 电源柜保持机箱和传递机箱相当于完余的设备。传递机箱微动开关故障时，作为亢余的保持机箱因正在进行维修工作而不可用，继而导致R1 子组落棒。1 ）直接原因：R1 子组传递线圈机箱后部微动开关故障动作。2 ）根本原因：①作为RGL 电源柜关键部件的微动开关设计不合理，机箱背部的微动开关金属压片在长期受力后容易变形；②CRDM 线圈失电逻辑设计不合理，RGL 电源柜微动开关四取一动作误动概率较高。3 ）促成原因：D 维修人员在更换RGL 电源柜卡件,仪控处理反馈：1 ）故障原因分析：经对比测试及分析，1RGL016AR 电源柜传递机箱后部微动开关金属压片设计选型不合理，长期受压容易变形，经过一段时间的运行，该微动开关触点处于闭合到打开临界位置，最终在设备维修活动中，机箱的振动促使微动开关动作，使夹持控制棒的传递机箱断电，最终导致了R1 子组控制棒落棒停堆。2 ）处理进展：①已完成对故障的微动开关进行更换；②完成向RGL 设备生产厂家确认设置4 个微动开关的必要性和优化方案，经和厂家、同行电厂讨论确定已取消机箱背部的微动开关，将CRDM 线圈失电逻辑改为二取二动作；③针对RGL 微动开关故障，对2 号机组电源柜微动开关进行检查，（3 、4 号机组RGL 设备供货商不同，电源柜没有微动开关）；④完成对1 号机组所有RGL 电源柜的微动开关进行检查及处理,R1 子组传递机箱前后部各有2 个微动开关,
TP3CRF52试验导致海水热水返流,"早班运行值配合执行调试试验TP3CRF52 在50 %FP 平台下停运一台CRF 泵（3CRF002P0)，试验结束后进行恢复操作。由于正值交接班， 3CRF002P0 的重新启动工作交由下值继续执行，此时凝汽器水室真空泵3CRF601P0 正在运行。中班接班后，由于参与TP3GCT51 试验工前会的需要当班值未能在启泵条件满足后第一时间启动3CRF002P0 。16:50,3 号主控3 台主泵相继出现主泵副推力轴承温度高报警，并仍在快速上涨（此时机组50 ％功率平台运行）。操纵员发现后当班值立即核实系统参数，发现运行列（3RR1004P0 ）设冷水热交换器出口设冷水温度37 . 2 ℃，对应列SEC 贝捕后温度36 . 58 ℃。进一步查看历史趋势发现从16 :10 左右，海水温度从27 . 3 ℃开始快速上涨",,已采取的行动措施：1）值内决策先启动一台B列SEC泵，发现B列海水温度无下降，电话与1号机组沟通，海水温度无异常；2）主控随后决策启动A列SEC泵3SEC001P0，泵启动后海水温度27.6℃，主控决策立即执行设冷切列，切换完成后主泵轴承及电机相关温度渐渐恢复正常,CRF 的A 、B 列冷却海水在CC 跌落井处汇集，经由CC 跌落井排往大海，CC 跌落井堤坝标高约-2m 。而凝汽器钛管最大高度接近-7m （具体标高不详，根据现场情况假设），两者存在5m 左右的高度差。故当一台CRF 泵停运后，停运列会因为虹吸效应而产生倒流，海水从CC 跌落井逆流至停运泵的吸入口处。根据S 规程，停运一台CRF 泵后，虹吸破坏阀会自动开启避免上述虹吸效应；而再次启泵前要关闭虹吸破坏阀。因虹吸效应已破坏，再次启泵前，仅关闭虹吸破坏阀不足以建立虹吸（因此时停运列出口至CC 跌落井这段管道充满空气），所以再次启泵前，需要凝汽器水室真空泵抽真空以协助虹吸的建立，使准备再次启动的停运列管道内充满海水。可见，再次启动停运列之前，因为虹吸效应，CC 跌落井处的热水（运行列出口海水）会沿着管道逆向流至停运列的CRF 泵吸入口处。但及时启泵，建立正常流量后，上述虹吸效应再次消失，热水不会倒流至泵的取水口。此次执行完TP3CRF52 试验后，由于启动凝汽器水室真空泵3CRF601P0 较长时间未启动3CRF002P0 。虹吸效应一直存在，导致热水持续流向B 列取水口。而B 列SEC 泵与CRF002P0 共享取水口，故热水被运行的3SEC002P0 吸入导致SEC 出口温度高，进而导致RRI 出口温度高造成下游负荷得不到有效冷却,运行处理反馈，1 ）优化TP3CRF52 凝汽器半侧解列试验规程，试验前确认运行的SEC 泵与即将停运的循泵不同列：或者停泵后隔离对应海水侧阀门，待准备启动前再开启；2 ）在循泵启动规程中加入重要提示，准备再次启动循泵之前，启动水室真空泵和启动循泵操作要连续执行。避免虹吸形成导致热水返流；3 ）安全列设备严格保持分列运行，防止出现共模失效（如果当时SECA 、B 列联通阀开启，则后果非常严重，3 、4 号机组SEC 联通阀2016 年09 月24 日关闭）,每2 台机组共用一个取水口，1 /2 和3 /4 号机组之间取水口有实体分隔,
中间量程II 通道4RPN023MA 通道信号异常,6 时20 分左右，4 号机组调停检修，汽机打闸后机组正在由RP 模式向NS /SG 模式转换。此时R 棒组和G 棒组已下插至5 步，一回路持续硼化，反应堆已次临界。当班值检查发现，中间量程4RPN013MA 已降为04RPN023MA 约为3.9x10 -8A 且变化非常缓慢,1 ）在RP 模式时，需要记录I01 ：RPN8 ，按技术规范要求后撤到NS /SG 模式。在NS /SG 模式，需要记录I01 ：RPN3 （采取措施，需要8h 内将一回路硼化至冷停堆硼浓度，若两个中间量程通道都不可用，1 h 内机组开始向NS /RRA 模式后撤）;2 ）一个中间量程故障，P6 非无法触发，导致源量程无法投入,"起采取的行动措施，1 ）当班值独立核实4 号机组两个中间量程通道偏差大，怀疑其中一个中间量程通道故障，通过示数显示无法确认故障的中间量程仪表；2 ）oncall 仪控、物理和设备管理检查处理；
3 ）查看技术规范，NS /SG 模式需要记录I01 ：RPN3 ，采取措施需要8h 内将回路硼化至冷停堆硼浓度。若两个中间量程通道都不可用，1 h 内机组开始向NS /RRA 模式后撤。一个中间量程故障，P6 非无法触发，导致源量程无法投入；4 ）一回路继续执行硼化操作，目标硼浓度冷停堆硼浓度；5 ）仪控、物理和设备管理到厂后结合历史经验数据，确认中间量程4RPN023MA 故障",4RPN023MA 探测器故障,"1）处理进展：4RPN023MA 探测器更换后，中间量程探测器电流显示正常。 2）工作过程：D 对4RPN002AR 机柜中间量程IP 卡件执行通道测试，测试结果合格，说明卡件功能无异常；②将4RPN023MA 探测器电缆从机柜侧断开，4RPN023MA 示数变为0，可排除机柜卡件问题；③调整正负高压值，4RPN023MA 示数变化不大，且测量高压卡件电压输出与设置值一致，排除正负高压问题；④将4RPN023MA 探测器正负高压全部切除，使用皮安表测量来自探测器的信号，测得的电流值为1.2×10-10A；综上所述，问题可能在4RPN0023MA 探测器本体或连接板卡；5 检查4RPN023MA 探测器及内部连接板卡，或更换探测器，需要打开RPN 测量通道的生物屏蔽盖板。而技术规范规定，只要T&gt;90℃,就必须保持生物屏蔽盖板关闭；此外，更换4RPN023MA 探测器工作需要使用环吊，同样需要Tmax&lt;90℃的NS/RRA 模式；6 经汇报领导，开会讨论决策。机组向T.<90℃的NS/RRA 模式后撤。机组状态满足后，4RPN023MA 探测器更换后，中间量程探测器电流显示正常。经测试探测器绝缘连续性满足要求，源量程探测器示数正常，当前中间量程探测器通过调节4RPN023MA 的补偿电压。电流显示正常",P6 对应的功率量程为10-5%FP，电流功率转换系数为3.18×104%FP/A（见每月的电流转换系数调整通知单），对应中间量程电流值为3.14×10-10 A,
主控3APA300VL显示为洋红色，现场电动头显示屏显示有报警,主控3APA300VL显示为洋红色，现场电动头显示屏显示有报警“STOPPEDPOS.SENSOR FAIL”，开度显示为96%,影响3APA300VL开关操作的可靠性,已采取的行动措施：1）安排现场就地检查阀门电动头，确认电动头显示屏有报警“STOPPEDPOS.SENSORFAIL”，开度显示为96%;2）提工作申请（WR）按计划处理,就地开关反馈丢失,电气处理反馈：1）检修过程：①将3APA300VL电动头上游电源送上，电动头上显示屏显示96%开度；②就地操作3APA300VL阀门，就地开关操作未到实际位置；③就地3APA300VL阀门反馈丢失，开关反馈重新调试。就地/远控操作正常。2）故障原因分析：3APA300VL显示洋红色，就地开关反馈丢失,3APA300VL参与的APA控制逻辑：1)3APA300VL关信号触发3APA302PO跳闸：23APA300VL全开信号是主给水泵C允许启动信号之一,
主控KIC 中存在4LGD003KA4LGD 母线开关柜故障报警,主控KIC 中有4LGD003KA 报警，现场核实进线断路器柜，母线电压互感器4LGD001TB 上负荷开关没有异常,导致主控存在4LGD003KA 报警,"已采取的行动措施, 1)执行报警卡检查进线断路器柜, 母线电压互感器未见异常; 2)填写 WR 按计划处理","4LGD001JA 柜内的 002XK 失磁 (002XK 报警回路接线异常), 导致主控出现 4LGD003KA 报警","电气处理反馈 1)检修过程: ①确认工作间隔为 4LGD001JA; ②现场发现 002XK 已恢复励磁, 随后对回路接线进行紧固、检查, 发现 017CJA.195 节点接线松动; ③对 017CJA.195 节点接线进行紧固; ④确认 002XK 已恢复励磁, 主控 4LGD003KA 报警消失 2)故障原因分析: 4LGD001JA 柜内的 002XK 失磁 (002XK 报警回路接线异常), 导致主控出现 4LGD003KA 报警",,
主控KIC 画面中2AC0208VL 开度显示××××,KIC 画面中2AC0208VL 开度显示××××,导致无法在KIC 中查看2AC0208VL 开度,已采取的行动措施：1 ）安排现场检查确认2AC0208VL 的实际开度；2 ）填写工作申请由仪控检查处理,2AC0208VL 阀杆连块倾斜，导致阀位反馈连杆位移量偏大。上位机显示XXXX,仪控处理反馈：1 ）工作过程：①检查阀门定位器各连接螺丝紧固，供气管路无漏气。阀杆连接块偏移未有效连接定位器反馈杆；②机械人员调整阀杆连接块至水平位固定，定位器反馈正常；③联系运行人员确认2AC0208VL 当前显示100 %，开度xxxx 消失；④运行配合给指令对2AC0208VL 进行验证，上行程指令开度0 %，阀位反馈开度0 . 2 %；上行程指令开度25 %，阀位反馈开度25 . 1 %；上行程指令开度50 %，阀位反馈开度50 . 1 %；上行程指令开度75 %，阀,"AC0208VL根据泵出口流量自动调节,当AC0206VL全开时AC0208VL超驰全开",
主控KIC 触发1LKR001KA3 开关柜故障报警,主控出现1LKR001KA3 （开关柜故障），现场检查1LKR 配电盘和其上游电源1LGA110JA 处没有异常报警,自动断开故障回路380V 电源开关，此馈线回路退出运行。若故障回路380V 电源开关仍然闭合，故障将继续扩大，380V 配电盘6 . 6 kV 侧开关1LGA110JA 自动断开,已采取的行动措施：oncall 电气检查处理,1LKR511JA 开关001XK 继电器接线松动,电气处理反馈：1 ）检修措施及步骤（检查1LKR511JA 开关）：①将开关拉至检修位置；②打开抽屉开关面板，检查发现001XK 继电器接线松动；③重新紧固接线后故障消除；④恢复开关原始状态。2 ）故障分析：继电器接线松动,,
主控KIC中3GGR001VD开度显示××××,"巡盘发现12:43KIC“仪控故障”列表中有3GGR001VDPFAULT报警,主控查看3GGR001HXT画面发现3GGR001VD的开度显示为×××,调3GGR001VD P的趋势发现从12:43分开始由11%开度变为洋红色。检查电动阀3GGR001VD,发现电动头无供电显示","1)导致3GGR001VD丧失自动控制功能,进而影响3GGR供油温度的控制,可能危及汽轮机轴承安全;2)3GGR轴承温度高参与自动跳机,回油温度高参与手动跳机","已采取的行动措施:1)立即联系现场检查电动阀3GGR001VD,发现电动头无供电显示阀门开度指示未见动作,检查阀门上游供电开关3LKF99167JA供电正常;2)为避免自动控制出现波动,主控将3GGR001VD置于手动控制;3)主控和隔离办清理相关的工作许可证,未见对3GGR001VD可能产生影响的工作;4)主控调趋势监视3GGR供油温度、回油温度以及轴承温度,当前油温稳定在46℃附近;5)oncall电气现场检查处理和反馈设备管理工程师;6)主控做好事故预想(3GGR001VD存在旁路阀门,在极端情况下考虑通过旁路配合控制油温);7)为避免SRI侧冷却水流量变化影响3GGR油温控制,反馈运工先暂停计划开展的(NQ)FQ3-SRI-T-001:由母管压力低信号启动备用泵试验规程。建议后续行动:1)请维修分析故障原因,准备好处理方案并消除缺陷;2)运行加强监视3GGR供油温度、回油温度以及轴承温度",3GGR001VD电动执行机构电源板控制回路熔丝熔断:3GGR001VD控制回路失电:导致3GGR001VD油温调节阀控制及反馈信号失效,电气处理反馈1 ）处理过程：D 确认3GGR001VD 无电压②打开 3GGR001VD 电动执行器控制盒，检查发现控制板上熔丝故障；③对故障熔丝进行更换④联系主控，合上3LKF99167JA，确认 3GGR001VD 执行器恢复正常；工作结束，清理现场2 ）故障原因分析：3GGR001VD 电动执行机构电源板控制回路熔丝熔断，3GGR001VD 控制回路失电，导致3GGR001VD 油温调节阀控制及反馈信号失效。 3 ）处理进展：已完成3GGR001VD 故障处理，3GGR001VD 恢复正常运行。4 ）直接原因：3GGR001VD 电动执行机构电源板控制回路熔丝熔断，3GGR001VD 控制回路失电，导致3GGR001VD 油温调节阀控制及反馈信号失效5 ）熔丝熔断原因分析：D 故障熔丝下游为3GGR001VD 控制回路变压器，共有4 路输出，其中任一路输出存在偶发大电流（25A 以上）导致熔丝熔断。②2 、3 、4 输出下游为电子板卡，如,GGR001VD 阀门开度由润滑油母管温度GGR102MT 控制GGR102MT 控制设定值为45 ℃，当润滑油母管温度GGR102MT 温度超过46 ℃时，DCS 每30s 给GGR001VD 下发一个持续时间为0 . 8s 的开阀指令，当润滑油母管温度GGR102MT 温度低于44 ℃时，DCS 每30s 给GGR001VD 下发一个持续时间为0 . 8s 的关阀指令。当润滑油母管温度GGR102MT 出现质量位时，GGR001VD 维持当前开度。（1 、2 号机组已实施永久变将30s 修改为45s ）,
主控KIC出现4RGL001KARGL运行故障和4RGL007KARCS故障报警,15:20:06主控出现“4RGL001KARGL运行故障”“4RGL007KA RCS故障”,"影响4RGL控制棒系统的可靠性,可能引起棒束不能正常移动","1)已采取的行动措施:①主控室根据报警卡使用IRGL001规程将G棒和R棒组切手动:检查4RGL各KIC画面,发现4RGL701KS(RGLfault)灯亮、4RGL707KS灯亮,未见其他异常;②主控检查当时时刻一回路温度、核功率等各项参数均未见异常;③按报警卡提示安排就地检查4RGL机柜,发现4RGL014AR(对应SB2棒组)非紧急故障灯亮和A/B电源卡件故障灯亮:",现场检查报警原因为 4RGL014AR 机柜内一块 A/B 电源卡件故障。该报警为非紧急故障报警，对 RGL 系统运行暂时无影响。A/B 电源卡件为余配置，一块故障不影响整个系统运行，不影响控制棒的动作,,"1) 4RGL001KA (RGL 运行故障) 报警触发的可能原因：棒控棒位系统设备（逻辑柜 4RGL001AR，测量柜 4RGL009AR，处理柜 4RGL010AR，电源柜 4RGL011AR～4RGL026AR）发生故障或失电。2) 4RGL007KA (RCS 故障) 报警触发的可能原因：棒控电源柜（4RGL011AR～4RGL026AR）或棒控逻辑柜（4RGL001AR）等设备发生下列故障：①电源柜或逻辑柜电源故障；
②电源柜非紧急故障：③CCS 命令故障；④测量值超范围：定值故障：?P4 信号故障",
主控出现1CFI913KA，1CFI013DG出现设备过载报警和综合故障报警，复 位后仍多次出现,主控出现1CFI913KA，1CFI013DG出现设备过载报警和综合故障报警，复 位后仍多次出现,导致格栅除污机无法正常运行,已采取的行动措施：1）安排现场尝试复位故障报警；2）联系机械检查 处理,滑轮损坏,机械处理反馈1）检查情况：现场检查发现滑轮磨损严重，需进行更 换。2）检修步骤：①用手拉葫芦将耙斗吊起一定高度后，向外拉伸耙斗 固定，拆除滑轮；②回装滑轮，将斗恢复初始状态：③运行配合再鉴 定，试验合格：3）故障原因分析：滑轮损坏,格栅除污机（CFI011DG、CFI013DG）两侧液位差（CFI011MNCFI013MN）与其运行的关系：1)2个压差探头都测到液位差&lt;0.12m水柱时，两台格栅除污机按定时器自动交替启动运行；2)1/2探头测到液位差≥0.12m水柱时，同一系列2个格栅除污机同时运行一个或多个循环，直到压差&lt;0.09m水柱；3)1/2探头测到液位差≥0.25m水柱时，主控发报警,
主控出现1KRT036MA 监测通道故障、二级报警,自2017年9月25日，1KRT036MA出现监测通道故障、二级报警，一段时间后自动消失。后续多次出现该故障情况：1)9月25日08:47，主控出现1KRT011KA8/047KA，辐射防护人员现场检查1KRT036MA通道传输故障；29月30日夜班，再次出现1KRT047KA/001KA8报警；3）10月19日夜班，主控出现1KRT011KA8（036MA监测通道故障报警），1KRT047KA（扫描式风管气体贝塔活度2级报警）。辐射防护现场检查发现显示1KRT036MA传输通道故障报警。中班20:29主控再次出现1KRT011KA8，036MA监测通道故障报警：1KRT047KA，扫描式风管气体贝塔活度2级报警，联系辐射防护检查就地读数显示正常，传输故障灯亮，20：49报警消除；4)10月29日夜班和中班再次多次闪发出现1KRT047KA/001KA8报警,导致1KRT036MA不可用，产生双机组第二组IO：KRT9,已采取的行动措施。1)查看和执行报警卡；2）安排辐射防护就地检查，确认存在1KRT036MA传输通道故障报警；3）安排现场检查1KRT036MA上游供电未见异常；4)反馈2号机组主控，1KRT036MA故障不可用产生双机组IO2：KRT9;5）oncall仪控检查处理,1KRT036MA与DCS 通讯不稳定，出现数据包丢包情况，如多次通讯都出现丢包情况则会造成通讯失效。触发质量位报警,仪控处理反馈：1 ）处理措施：①为解决1KRT0036MA持续闪发或触发监测通道故障、二级报警的故障，特制定《FO1-KRT-TD-1170441KRT036MA通讯参数修改工作方案》，通过修改1KRT103BC下游设备的通讯参数（包括1KRT007MA|010MA1 015MA 1 016MA1 020MA 036MA)：提高FBM230卡件与就地设备之间的通讯频率，从而在通讯中断后能够尽快恢复通讯；②而后为了改善1KRT036MA与DCS 通讯的质量，根据现场测试以及各部门讨论研究，结合现场实际情况，编制了《FQ1-KRT-TGCMDD-00041KRT036MA通讯方式变更详细设计方案》，技改1KRT036MA通讯方式，采用1KRT036MA与DCS 直接通讯的方式（原需经1KRT103BC）。2 ）原因分析：经现场处理经,1) KRT036MA用于DVN、DVK、DVW系统通风管道空气β比活度的监测； 2) KRT036MA测量对象来自多个房间（3KRT036MA有8个取样支路，4KRT036MA有7个取样支路），以3KRT036MA为例，8个取样支路对应8个房间，依靠各支路的电磁阀循环打开来扫描不同的房间，同一时间只有一个支路在工作中。假设当前工作在A支路那么只有A支路的电磁阀是打开的，其他支路电磁阀关闭，工作5 min后，A支路电磁阀关闭，B支路电磁阀打开，再过5min，B支路关闭，C支路打开..依次类推,
主控出现1LAA004KA002RD 古故障报警。现场1LAA002RD 出口开关1LAA004JA 跳闸,21:08.触发1LAA004KA 002RD 故障，现场查看无其他报警。经查看确认1LAA002RD 出口开关1LAA004JA 跳闸,导致1LAA002RD 出口开关1LAA004JA 跳闸。1LAA001TB 丧失一路进线电源,"已采取的行动措施：1 ）查看和执行报警卡，安排现场检查确认故障报警情况，确认1LAA002RD 出口开关1LAA004JA 跳闸；
2)oncall 电气检查处理",,电气处理反馈1 ）工作过程：①检查1LAA004JA 开关回路及元器件，发现断路器移动部分和固定部分的滑动触头受损变形；②检查1LAA004JA 开关无接地、无过热现象，无过流保护动作；③重新领一台同型号开关并测开关相间绝缘大于550MΩ，对地大于550MΩ；④将开关摇到试验位置进行分合闸试验正常；5 用过程校准仪将毫安电流升到82 . 3mV 时，电压继电器“001XI ”动作触发1LAA004JA 跳闸；过流保护动作正确，同时主控报警显示“002RD 故障”和“002RD 断路器跳闸”报警，报警验证合格；③与值长沟通联系运行人员将1LAA004JA 开关摇至工作位送电试运行；②与主控沟通后，观察设备运行无异常，清理现场，归还工作票。2 ）故障原因分析：1LAA004JA 断路器移动部分和固定部分的滑动触头受损变形,正常情况LAA 系统两台充电器并列运行（带载时两台充电器分配负荷大约各50%）。一台充电器能提供用户所需的最大持续负荷电流，同时保持蓄电池的额定电压。一旦380V 交流电源或两台充电器均发生故障，蓄电池可持续供电时间约1h,
主控出现1LAA009KA（蓄电池回路故障）报警,06:52，主控出现1LAA009KA 蓄电池回路故障报警，就地查看配电盘上004LA 亮（蓄电池故障），1LAA 母线电压正常,影响蓄电池供电的可靠性,已采取的行动措施，1 ）查看和执行报警卡；2 ）主控和现场检查确认故障报警情况和母线电压，就地查看配电盘上004LA 亮（蓄电池故障），1LAA 母线电压正常；3)oncall 电气人员检查处理,1LAA001BT 部分蓄电池比重偏高，导致蓄电池中性点前后电压差超过整定值，报警继电器100XK 动作，导致主控出现1LAA009KA 蓄电池回路故障报警,电气处理反馈：1 ）故障现象：主控出现1LAA009KA（蓄电池回路故障）报警；2 ）处理过程：现场检查发现1LAA 部分蓄电池组比重超标，对蓄电池组比重进行调节后，将充电器切均充。目前1LAA 母线运行正常；3 ） 故障原因分析：蓄电池组部分比重超标,1LAA009KA 蓄电池回路故障报警触发的可能原因有1 ）蓄电池熔断器动作；2 ）蓄电池组连接电缆断裂；3 ）各蓄电池间连接电缆断裂；4 ）某块蓄电池故障；5 )1LAA007JA1 或008FU 故障，导致蓄电池回路监视模块因失,
主控出现1RAM101KA（1号机组故障），现场1RAM401JS 跳闸,"07:28,1 号主控出现1RAM101KA RAM1 号机组故障报警，主控及现场检查1RAM001AP 和1RAM002AP 运行正常。现场检查1RAM001TB 上出现1RAM415LA 故障灯亮（401JS 断开），查询逻辑图为1RAM401JS 故障，现场查看发现1RAM401JS 跳闸",1RAM401JS 跳闸，导致信号采集小开关、RGL402ID 综合监测表、401XU 低电压继电器、RGL401XW 逆功率继电器失电,已采取的行动措施：1 ）查看和执行报警卡，主控和现场检查1RAM001AP 运行正常；2 ）现场检查1RAM001TB 上故障情况，发现1RAM415LA 故障灯亮，1RAM401JS 跳闸断开；3 ）oncall 电气检查处理,低电压继电器1RAM401XUC、N 相短路导致上游开关1RAM401JS 跳闸,电气处理过程：1 ）检修过程：①取得工作许可证，核对设备位置、编码并验证隔离；②召开工前会，交代工作内容风险分析与预防措施，建立工作区域；③按工作方案《F01-MA-TD-E16018 1RAM101KA(RAM 1 号机组故障）报警处理方案》执行；④检查1RAM401JS 下游设备401TU、402TU、 403TU、402ID、401 XW 及其接线端子处无烧焦、变色、蜘蛛等异常情况：5 测量1RAM401XUC、N 两相直阻为28Q，远小于正常值0 . 69MQ2 ，判断损坏，对其进行更换；6 拆除变压器1RAM401TU、402TU、403TU 一次、二次侧接线测量各端子对地绝缘，均大于550MQ2 ；7 测量变压器1RAM401TU、 402TU、403TU 一次、二次侧直阻均正常，具体数据见工作方案：8 测量401JS 下游电缆各相对地绝缘，均大于550MQ2 ；9 拆除继电器1ARM401XU、401XW 上的接线，测量变压器二次侧电缆绝缘，均大于550MQ：0 恢复拆除的接线：D 检查并紧固1RAM401JS、401TU、402TU、403TU、402ID、 401XU、401XW 上的所有接线端子：（②检查发现1RAM401JS B 相导通情况不良，合闸时直阻在10~20 之间波动，正常值2 欧左右，故对其更换；3 联系运行人员启动1RAM001AP ，机组运行正常。确认主控室报警1RAM101KA已消除：1④清理工作现场，归还工作许可证2 ）故障原因分析：低电压继电器1RAM401XUC、N 相短路导致上游开关1RAM401JS 跳闸,1)1RAM401JS 为信号采集小开关，为1RAM402ID 综合监测表、1RAM401XU 低电压继电器、1RAM401XW 逆功率继电器提供采样电压： 2)RAM401JS/601JS 断开，会使得402XI/602XI 、 403XI/603XI.401XW/601XW 失电，可能导致RAM401JA/RAM601JA 跳闸,
主控出现1VVP500KA 主蒸汽隔离阀氮气压力低,1VVP001VV 打开后，主控出现1VVP500KA 主蒸汽隔离阀氮气压力低，现场查看氮气压力为1800psi ，折算后比压力开关124SP 氮气压力低报警开关）大，怀疑1VVP124SP 故障,产生主蒸汽隔离阀氮气压力低报警,已采取的行动措施：oncall 仪控检查处理,1VVP124SP 定值漂移,仪控处理反馈一一工作过程：1）现场确认1VVP124SP 设备位置，并通知主控开工；2）确认隔离边界1VVP711VZ 为关闭状态；3）请机械人员配合将氮气瓶接入1VVP124SP；4）对1VVP124SP 进行校验，发现定值轻微漂移；5）汇报系统工程师后对仪表定值进行调整，校验合格；6）请机械人员拆除接入1VVP124SP 的氮气瓶；7）将1VVP124SP 恢复至初始状态,"每条主蒸汽管线上的七只安全阀都直接装在主蒸汽管线上，所有的阀门都是常规的弹簧加载式安全阀。这些安全阀有助于：①防止蒸汽发生器和蒸汽管道超压破损；②通过排除反应堆冷却剂系统产生的热量来防止一回路侧超压和过热；③通过蒸汽排放量和排放速率来防止堆芯过冷。其整定值要使得在紧急工况和事故工况下蒸汽发生器和主蒸汽管线
的最大压力不会超过其设计压力的110 %，在考虑了主蒸汽管线的压降、阀门特性和整定值的误差之后，将其整定值设为8 . 7MPa . a 和8 . 5 MPa.a 。分为两组：①第一组安全阀：每条管线2 台阀门，整定值为8 . 5MPa（绝压），阀门编号为VVP100VV-105VV；②第二组安全阀：每条管线5 台阀门，整定值为8 . 7MPa（绝压）；阀门编号为VVP106VV-120VV",
主控出现2GPA631KA发电机转子接地报警，就地控制柜也出现同样报警,12:02:56时，主控出现2GPA631KA发电机转子接地报警，就地控制柜也出现同样报警,主控oncall电气专业人员检查核实，确认2号机组发电机转子绝缘的最近一次举刷测量值为38742(报警定值4000Q2，跳机定值20002)。此定值非连续监测，每天中午12点举刷测量一次，若测得转子对地绝缘大于40002，系统不保存数据，故暂不能判断此数据的变化情况。若是电气人员手动举刷测量发电机实时对地绝缘值，则存在跳机风险(若手动举刷测得的绝缘值小于20002，发电机将保护跳闸),已采取的行动措施：1)主控oncall电气专业人员检查核实缺陷；2)2号主控保持严密监视发电机运行参数，当前暂未发现明显异常；3)要求电气专业人员准备消缺方案,1)2号机组励磁系统转子接地检测装置检测到转子对地电阻(3874Q2)低于报警值(4000Q)，因而2GEX系统报转子接地一阶报警，同时送信号至2GPA005AR，GPA系统报2GPA631KA发电机转子接地报警；2)机组停机后，确认接地电刷与负极电刷卡涩，电刷与滑环接触不良导致转子接地保护装置不正确动作而误停发电机,③与主控确认可以恢复报警后，复位继电器上报警：④通知主控，由主控恢复励磁调节柜LCP屏上报警：5由运行人员恢复GPA005AR柜上报警： ③由运行人员按照工作方案F02-MA-TD-E15072退出2GPA524B0“发电机转子接地保护跳闸”；①就地人员按照工作方案F02-MA-TD-E15072解开,"1) GEX001AR 转子接地保护设定值 (R<4000Q) 触发转子接地报警, 定值小于 20002 时跳汽轮发电机; 2) GEX106KA (励磁系统综合报警) 是 AVC 投入的闭锁条件之一出现该报警, AVC 会自动退出",
主控出现2LKJ 总故障,2LKJ221JA(2DVW003RS 电加热器开关）合闸后，就地配电盘合闸分闸、FAULT 灯均不亮，主控出现2LKJ 总故障，需处理,影响 2DVW003RS 电加热器的可靠性,已采取的行动措施: oncall 维修电气检查,"抽屉二次端子 11 号插主针控弯曲变形, 110V 控报制警回路无法接通。导致指示灯均不亮, 同时故障继电器 001XK 未得电, 其常闭触点送出报警信号, 导致主控显示 2LKJ 总故障报警","电气处理反馈一工作过程: 1)验证隔人离员边界, 召开工前会, 开工验电; 2)运行人员配合拉出; 3)检查抽屉内部件无异常; 4)检查发现抽屉二次端子 11 号插针弯曲变形, 110V 控制回路无法接通, 导致指示灯均不亮, 同时故障继电器 001XK 未得电, 其常闭触点送出报警信号, 导致主控显示 2LKJ 总故障报警; 5)将二次端子插针正; 6)联系运行人员将 2LKJ221JA 推入合闸, 抽屉指示灯恢复正常, 同时确认主控 2LKJ 总故障报警消失; 7)工作结束、清理现场、还票",,
主控出现2RPN436KA（LSS故障或C21试验）报警，2LSS系统显示器卡顿、无法操作,2 号主控18 : 17 分，触发2RPN436KA（LSS故障或C21试验）报警主控查看LOCA监测系统计算机显示器画面卡顿，数据不刷新，鼠标动作缓慢随后间歇性无法动作。主控根据1 /2 号机组LSS系统故障应急预案查看2RPN006AR 中PLC 运行状态指示灯指示正常，但柜内显示器故障现象与主控室显示器一致，判断LOCA 处理计算机可用堆芯跟踪模块CFM 或两台显示器不可用，记录RPN9 。仪控人员到场后，主控重启软件进程，仪控人员重启工控机，均无法重新启动系统。当前仪控人员正在领取备件，准备对工控机主机进行更换,堆芯跟踪模块CFM1 或两台显示器不可用，记录RPN9,,工控机硬件性能不足,1 ）处理进展：更换工控机备件后，2LSS 系统LOCA 处理计算机已恢复正常，RPN9 的I02 已消除。2 ）工作过程：①召开工前会，详述风险分析。着重强调检修仅影响2RPN006AR 工控机（仅I02: RPN9 ，要求7 天内检修完成），工作期间保持对PLC 状态正常的确认；②闭锁C21 下游动作：③尝试调出任务管理器失败，无法退出2LSS 应用软件：4 点击2LSS 工控机“重启”按钮：5 重启后工控机无法进入操作系统：6 确认已镜像安装现场备份系统的工控机备件能够正常运行：①更换工控机备件：8 备件启动后，出于谨慎考虑，执行《FOX -RPN -T -I002: LSS 系统参数调整（磁盘参数）》重新下载2LLS 最新磁盘参数：核实2LSS 系统键盘参数正确：10 由手软件界面切换存在卡顿，对2LSS 软件历史数据文件进行清理；D 与运行、物理、设备管理共同确认，目前2LSS 软件状态正常，特别是报警界面正常，且可正常获取历史趋势：②确认当前数据点处于运行图正常范围：13 确认C21 未触发。解除对C21 下游动作的闭锁：14 向主管人员报告工作完成情况，3 ）故障原因分析：工控机硬件性能不足,1 /2 号机组LSS 系统显示和计算单元是分开的，有两个服务器，显示卡 顿，重启显示服务器就行，计算服务器还在运行，只算第组I03 /4 号机组LSS 系统重启服务器需要记录第一组I0,
主控出现3DEG201GF 综合故障报警，就地核实为导叶开度断线报警,主控出现3DEG201GF 综合故障报警，就地核实为导叶开度断线报警,产生3DEG201GF 综合故障报警，导致导叶无法自动控制,已采取的行动措施，安排现场将导叶开度打手动，导叶开度置为28%；建议后续行动：运行现场加强对冷冻出温的监视，必要时手动调节导叶开度,3DEG201GF 控制柜内电缆接线松动,仪控处理反馈：1）检查处理过程：①验证隔离边界，确认设备位号与工作包一致，与运行沟通说明工作内容与风险；②检查3DEG201GF 控制柜内导叶开度信号电缆的接线情况并进行绝缘检查；③对控制柜内电缆接线进行紧固，手动多次开关导叶，断线报警无闪发情况；④工作结束，清理现场；2）故障原因分析：3DEG201GF 控制柜内电缆接线松动,冷冻机组的压缩机进口导叶调节机构的作用制冷量控制是用装在压缩机进口处导叶的开度大小来控制压缩机吸入制冷剂蒸气的流量，从而控制制冷机的制冷量。该可调导叶根据需要保持冷水出水温度恒定，由微机控制系统通过采集的温度变化信号输出指令，控制电动执行器的机械旋转方向，通过连杆和齿轮来实现导叶的开、闭动作，亦可手动操作，最终实现对制冷量的调节,
主控出现3DVE219KA（加热器3DVE006RS5 一般故障），就地3DVE165LA 亮，就地复位后过一段时间仍重复出现,主控出现3DVE219KA 报警，就地3DVE165LA 亮。就地复位后过一段时间仍重复出现,3DVE006RS 无法投入，A 列蓄电池间温度和湿度受影响,已采取的行动措施：提出WR 排计划处理,冬季模式下，由于3DVE014ST 距离加热器较近，温度达到38 ℃时就会跳闸,,通风系统中温度、风量等开关的布局不合理很可能导致设备因参数局部异常而误动作，这时需要改变开关的位置，反映真实参数的同时不至于设备误动作,
主控出现3GSE001KATGC 系统故障,01:10，主控出现3GSE001KA（TGC 系统故障）报警，BUP 触发3GSE001AA（汽轮机保护系统故障A 列）报警：出现报警后现场检查发现3GRE004AR 机柜内213HC 主机电源指示灯熄灭，3GRE/3GSE 系统未见明显异常,,已采取的行动措施，1）执行报警卡，安排现场检查确认故障报警情况：2）oncall仪控检查处理,服务器电源模块故障，致使服务器无法启动，造成HUB失去一路信号触发报警,KIC 上实现的，只有当P320与DCS 通讯故障时才会切至P320 操作员站。P320 操作员系统的操作及监视。6 ）工作过程：①根据工作方案《3 号机组P320 系统服务器电源模块拆除；②根据工作方案《3 号机组P320 系统服务器电源模块更换的工作方案》对服务器《3 号机组P320 系统服务器电源模块更换的工作方案》对服务器213HC 重启；④确 页面正常。7 ）故障原因分析：服务器电源模块故障，致使服务器无法启动，造成HUB失,"1 ）本次系统故障的原因是CCS 故障，即一台就地操作员站失去，因而产生3GSE001KA 相示是DCS 完成，当DCS 失去时则可切换至就地两台操作员站进行汽轮机操作，就如同这独立的，就如同机操和堆操站。因而当正常运行时，一台操作员站失去对机组不会产生 展维修工作容易误碰其他重要调节器，存在较大停机风险。 3GRE005AR3GRE004AR3GRE003AR3GRE002AR3GRE001ARETGCH1(extensionSTGCHIVkersrac
2) P320TGC 架构图(此次故障位置如图2所示): LATO 工程师站 SDCSRRSTATON 故障电脑作员站 H 交换机 PIP 网 cable 热应力通迅控制保护控制器非择器节控制素 FCCL 防性机控保护继电 STESTGHONAARVICKERSALSPATGC 主调转速箱主汽门 3 取图 21P320 TGC 架构图保护控制器 STP: 该控制器分三组, 分部对应三组保护继电器当任意一组故障时会产生 3GSE001KA 报警, 但不会产生跳机信号。但如果两组及以上故障时不但会产生 3GSE001KA 报警, 还会导致汽轮机跳闸。2②调节控制器 STG: 该控制器主要用于汽轮机转",
主控出现3KC0200KA常规岛重要调节器切手动报警： 3AGM001VN切手动显示开度-3%,13：14主控出现3KC0200KA常规岛重要调节器切手动报警,导致运行的主给水泵工作油温丧失自动和 KIC 手动控制调节功能存在工作油温失去调节引起主给水泵损坏的风险,,,,1）AGM001VN/002VN/003VN为电动主给水泵工作油冷却器冷却水调节阀。用于控制工作油温度在设定值：2）KC0200KA（常规岛重要调节器切手动报警（质量位触发））由常规岛GST015VD、ARE031VL/032VL/033VLAGM001VN/002VN/003VN、ARE410RG、GRH001VD、GCT401RG控制器切手动触发产生,
主控出现3LAA009KA 蓄电池回路故障报警,12:35主控出现报警3LAA009KA：蓄电池回路故障,产生3LAA009KA 蓄电池回路故障报警，影响蓄电池供电可靠性,已采取的行动措施：1 ）查看和执行报警卡，安排现场检查确认故障报警情况；2)oncall 电气检查处理,蓄电池回路故障继电器3LAA100XK 设定值偏小,电气处理反馈：1 ）检修步骤：①检查3LAA001BT 蓄电池组，确认蓄电池组无异常；②检查3LAA001BT 柜内100XK ．发现蓄电池回路故障继电器M 、e 之间电压超出报警设定值，对设定值再次校准为0 . 5V 同时调整的M 、e 之间电压为0 V ;③确认3LAA 蓄电池回路故障报警消失，设备运行正常；④与运行沟通，持续观察一天，设备运行正常：5 工作结束，归还工作票。2 ）故障原因分析：蓄电池回路故障继电器3LAA100XK 设定值偏小,1D3LAA009KA 蓄电池回路故障报警触发的可能原因有：①蓄电池熔断器动作；②蓄电池组连接电缆断裂；③各蓄电池间连接电缆断裂；④某块蓄电池故障：54LAA007JA 或008FU 故障，导致蓄电池回路监视模块因失电而产生误信号。2)3LAA100XK （蓄电池回路故障监测装置）定值为0 . 5V ，到高到0 . 5V 时，触发3LAA009KA 蓄电池回路故障报警）,
主控出现3LKH904KA 配电盘故障,主控出现 3LKH904KA 配电盘故障检查发现 3LKH1081JA (8LKH701ARHX 配电柜电源 1 开关) 开关故障,8LKH701AR 失去一路电源，另一路电源由4LKH1081JA 供电提供若 8LKH701AR 失电，8CTE 失去PLC 电源，影响制氯，8HX 厂房失去屋顶风机，部分吊车失去电源，空调 8DWY001CI 至8DWY008CI 失电：8GB 沟部分SEO 泵失去电源,已采取的行动措施：1）查看和执行报警卡，检查发现3LKH1081JA （8LKH701ARHX 配电柜电源1 开关）开关故障：2）oncall 维修电气检查,3LKH1081JA 故障触发配电盘故障小母线故障,,,
主控出现3RIC714KA堆芯冷却监测系统故障（B系列）报警,6:23。3号主控出现3RIC714KA：堆芯冷却监测系统故障（B系列）报警，KIC查看3RIC002HXT中3RIC012AR系统故障（012ARsystemfault）灯3RIC451KS灯亮；BUP盘台ICCMSB列显示看门狗故障、插件插入故障,仪控检查后确认报警原因为对硬件进行监测的卡件出现问题，对系统功能无影响，无备件，走计划处理,已采取的行动措施：oncall仪控检查处理,3RIC012AR机柜SDM4卡件故障（内部贴片式200mA保险熔断导致上游24V供电无法下发）,"仪控处理反馈一检修步骤：1）打开3RIC012AR机柜柜门，核实待换卡件SDM4所在位置：+.EB029，并用绝缘胶带做好标记；
2)佩戴防静电手环，用十字螺丝刀下机架卡件紧固锁，拔出SDM4卡件，并妥善放置；3)打开备件SDM4卡件产品封装袋，核实卡件名称及对应的安装卡槽；4)将新版卡件插入对应卡槽，并确认安装到位；5安装完毕后，检查机柜故障指示灯，指示灯熄灭，报警清除，3RIC012AR机柜状态恢复正常",,
主控出现4KC0064KA安全列B列机柜故障报警,13:17:15.主控出现4KC0064KA安全列B列机柜故障报警，现场检查4KCS116AR机柜报警灯亮。2h后报警自动消除,若卡件完全损坏，将影响安注手动闭锁以及MCRRSS切换操作(B列),品采取的行动措施1）查看和执行报警卡：2）主控检查4KC0001HXT未见KS灯亮情况：3）安排现场检查安全列B列机柜 4KCS102/104/106/108/110/112/114/116/118/120/122/124/126/128/130AR. 发现4KCS116AR上故障灯亮，未见柜门未关严情况，未见柜门风扇运行异常问题：4)立即oncall维修仪控沟通报警现象和就地检查情况，仪控通过柜内卡件状态fault指示灯检查反馈DI卡件故障,4KCS116AR柜内DI卡件故障,仪控处理反馈：处理进展：自诊断报警，2h后，报警自动消除,KCS机柜的自诊断报警：处理器卡件、通讯卡件、AI卡件件、AO卡件、DI卡件、DO卡件等的自诊断报警：1)其中最常见的自诊断报警有AO信号控制电流变化（ASG调节阀动作期间产生KC0054KA、GCT系统的调节阀动作时产生KC0034KA，KC0044KA），持续2h后消失；2)通讯卡、DO卡自诊断报警，根据卡件所在的位置不同可以产生各个报警，持续2h后消失；3)处理器MP卡件故障报警，其他类型的故障报警，报警持续2h后不消失,
主控出现4KC0200KA常规岛重要调节器切手动报警4AGM001VN 切为手动控制,夜班5 :00 左右，4AGM001VN 开度显示波动3 次后切为手动控制主控出现报警4KC0200KA（常规岛重要调节器切手动报警（质量位触发）），现场开度显示100 ％与主控保持一致，当前已切回自动控制,导致4AGM001VN 切到手动控制产生报警4KC00200KA，影响4APA102P0 工作油温的自动控制,已采取的行动措施，1 ）安排现场确认4AGM001VN 的开度：2 ）确认现场开度显示100 ％与主控保持一致后，恢复4AGM001VN 自动；3 ）提工作申请WR 跟踪处理,4AGM001VN 阀门中间转接盒至阀门定位器处反馈接线松动，导致4AGM001VN 阀门反馈与指令偏差过大，阀门切至手动,仪控处理反馈：1 ）检修步骤：①拆开4AGM001VN 阀门定位器接线盒盖：②检查4AGM001VN 阀门定位器，接线无松动：③回装4AGM001VN 阀门定位器接线盒盖：④拆开4AGM001VN 阀门转接线盒盒盖：检查4AGM001VN 阀门接线，发现4AGM001VN 阀门中间转接盒至阀门定位器处反馈接线松动对其进行紧固③回装4AGM001VN 阀门转接线盒盒盖：①打开DCS 机柜4KCP552AR 柜门8 检查4KCP552AR 内406BN 端子排上B03C03 接线，接线无松动：?检查4KCP552AR 内407BN 端子排上A07B07 接线，接线无松动：0 关闭DCS 机柜4KCP552AR 柜门；D 确认DCS 上4AGM001VN 显示正常。2 ）故障原因分析：4AGM001VN 阀门中间转接盒至阀门定位器处反馈接线松动，导致4AGM001VN 阀门反馈与指令偏差过大，阀门切至手动,4KC0200KA 常规岛重要调节器切手动报警（质量位触发），模拟量输入信号均设置了高、低限值的质量位判断，值为量程的5 ％,
主控出现4KIC011KA2SAR4-STR4服务器故障,18:47:15，主控出现4KIC011KA2（B 列SAR4/STR4 服务器故障），查看 SRV 画面SAR4/STR4 单个接口通道显示红色，另一个通道显示绿色，本体显示“INCOMP ”橙色，其他SAR /STR 通道显示OK 绿色,1 ）单个通道中断，若另一个通道中断，则会导致SAR4/STR4 （存档实时数据服务器）不可用；2 )SAR4/STR4 与SAR3/STR3 互为备用，如果 SAR3/STR3 不可用，则会导致副值长站和安工站OWP 不可用,已采取的行动措施：1 ）检查KIC 画面，未发现其他异常：2 ）主控确认KIC 操作正常；3 ）查找技术规范，并与仪控、安工充分讨论后，当前不用记录I0 ；4 ）已oncall 仪控同事现场检查，仪控电话反馈初步怀疑 SAR4/STR4 单个通道通讯中断，SAR4/STR4 服务器可用。建议后续行动： 1 ）请仪控尽快查找报警原因，并消除缺陷；2 ）请仪控检查确认其他 SAR /STR 运行正常：3 ）运行加强对KIC 画面的监视,SAR4STR44 单列Ring1 偶发故障,仪控处理反馈：1 ）处理进展：当前报警已消除，SAR4STR4 服务器运行状态正常：2 ）缺陷描述：主控触发4KIC011KA2 ：报警（SAR4STR4 服务器故障），经现场检查SAR4STR4 单列Ring1 偶发故障；3 ）原因分析： SAR4STR44 单列Ring1 偶发故障，经确认Ring2 运行正常，不影响 SAR4STR4 服务器可用，对KIC 平台运行无影响，无10 ;4 ）处理措施：通过重启SAR4STR4Ring1 ，缺陷消除，报警消失,"仪控针对OWP 操纵员站失效、CCT 服务器失效、CFR 服务器失效、 SARxSTRx （x 为1 ~8 ）服务器失效、大屏幕故障、服务器网卡故障问题等有专门的程序《F04-MA03-TD-170484KIC 系统软件平台故障处理方法》。
1 ）若互为完余备份的SAR -STR 服务器同时失效会导致表1 中的工作站失效，分别针对每个服务器执行标准工作指令F04 -KIC -M -SYS04: KICSAR - STR 服务失效情况处理。待服务器恢复正常运行后，执行标准工作指令 F04 -KIC -M -SYS01: KIC -OWP 操作员站失效情况处理，恢复工作站的运行。 注意：不允许同时对两个或多个服务进行操作。若互为余备份的SAR -STR 服务器同时失效，会导致下表中的工作站失效。说明：SAR1 STR1 与 SAR2 STR2 互为冗余。SAR3 STR3 与SAR4STR4 互为余，SAR5 STR5 与SAR6 STR6 互为冗余。其服务的操作员站的对应关系如表1 所示。表 1SARxSTRx(x 为1~8）服务器与OWP 操纵员站对应表OWP 名称房间首选备 用KIC-OWP1MCR L750SAR1STR1SAR2STR2KIC-OWP2MCR L750SAR2STR2SAR1STR1KIC-OWP3MCR L750SAR3STR3SAR4STR4KIC-OWP4MCR L750SAR4STR4SAR3STR3KIC-OWP5RSS L550SAR5STR5SAR6STR6KIC-OWP6RSS L550SAR6STR6SAR5STR5KIC-OWP7TAG L715SAR5STR5SAR6STR6KIC- OWP9(EM) SAR3STR3SAR4STR4KIC-OWP11CR L749SAR1STR1SAR2STR2KIC-OWP-POP1CR L749SAR5STR5SAR6STR6KIC-OWP-POP2CR L749SAR6STR6SAR5STR52) 不互为冗余备份的服务器同时失效，则此时其对应的操作员站会向备用服 务器获取数据，对应工作站的功能可能受到影响需执行失效的服务器执行标准工作指令F04 -KIC -M -SYS04: KICSAR -STR 服务失效情况处理。注意： 在服务恢复时，其原先服务的操作员站将恢复其首选服务，因此，在恢复投用瞬间，操作员站可能会出现短暂黑屏现象，此属正常现象
参考 资 料 信 息",
主控出现4LAA009KA蓄电池回路故障报警,15:28 。主控触发4LAA009KA（蓄电池回路故障）报警，现场检查电池故障报警灯004LA 亮,影响蓄电池供电的可靠性,已采取的行动措施：1 ）查看和执行报警卡，安排现场检查确认故障报警情况：2 ）oncal1 电气检香处理,蓄电池回路故障继电器4LAA100XK 定值设定错误,"电气处理反馈1 检修步骤：①按《核岛铅酸蓄电池组季度维护》规程对蓄电池进行检查：②检查电池组浮充电压为233.8V，浮充电流1.6A：检查充电器输出电压233.8V/233.8V，充电器输出电流49.5A/90.1A；③单体最大值为2.240V，最小值为2.215V，合格标准为2.18~2.33V，结果合格、测量并记录单节蓄电池电解液的比重、温度换算至20℃时密度最大值1.256g/cm，最小值1.244g/cm，参考密度：1.23~1.25g/cm（20℃），结果不合格；④测量蓄电池第1节到第53节电压为118.2V、测量蓄电池第53节到第105节电压为117.8V（蓄电池第53节为中性点连接点）、中性点前、后蓄电池电压相差0.4V，检查100XK定值为0.4V，确认定值设定电压与蓄电池中性点前、后相差电压一致是造成4LAA009KA蓄电池回路故障报警的原因，调整100XK上粗调和细调旋钮将电压调到0.37V后，主控报警消失，与主控沟通，蓄电池需要添加除盐水调整电解液的比重、还需要与班组沟通确认100XK定值，等蓄电池电解液的比重合格后再进行100XK定值重新设定，主控同意；对蓄电池加适量的除盐水，联系运行将蓄电池切换至均充状态蓄电池均充24h后测量单节蓄电池电解液的比重、温度，换算至20℃时密度最大值1.249g/cm，最小值1.233g/cm，参考密度：1.23~1.25g/cm（20℃），结果合格；
③按照LAA 定值手册将100XK 定值调整为0 . 5V ，主控无报警，与主控沟通，征得主控同意，对100XK 调整后的定值（0 . 5V ）进行模拟报警验证，100XK 功能正常（通过100XK 上粗调和细调旋钮迅速将电压调整到0 . 7V ，延时12s100XK 动作，主控出现4LAA009KA 蓄电池回路故障报警），又通过100XK 上粗调和细调旋钮将电压恢复到0V ，主控报警消失；②工作结束，清理现场。2 ）故障原因分析：蓄电池回路故障继电器4LAA100XK 定值设定错误",1 ) 4LAA009KA 蓄电池回路故障报警触发的可能原因有：①蓄电池熔断器动作；②蓄电池组连接电缆断裂；③各蓄电池间连接电缆断裂；④某块蓄电池故障：54LAA007JA 或008FU 故障，导致蓄电池回路监视模块因失电而产生误信号。2 ) 4LAA100XK （蓄电池回路故障监测装置）定值为0 . 5V ，当高到0 . 5V 时，触发4LAA009KA 蓄电池回路故障报警）,
主控出现4RGL001KARGL 运行故障和4RGL007KARCS 故障报警,,影响4RGL控制棒系统的可靠性，可能引起棒束不能正常移动,"1）已采取的行动措施：D主控室根据报警卡使用IRGL001规程将G棒和R棒组切手动；检查4RGL各KIC画面，发现4RGL701KS（RGLfault）灯亮；4RGL707KS灯亮，未见其他异常；
②主控检查当时时刻一回路温度、核功率等各项参数均未见异常；③按报警卡提示安排就地检查4RGL 机柜，发现4RGL016AR 上非紧急故障灯亮和A /B 电源卡件故障灯亮。参考RGL -T -002 规程，RGL016AR 对应R1 棒组；④立即oncall 维修仪控沟通报警现象及RGL 状态，初步怀疑4RGL016AR 柜内A /B 电源卡件报故障。2 ）建议后续行动：①仪控进厂消除缺陷；②运行继续并密切监视RGL 主控室画面及机组状态，如出现需要控制棒动作瞬态及时将R 棒／G 棒恢复自动；③此报警2017 年11 月30 日和2017 年12 月31 日也曾出现，建议仪控分析故障根本原因并消除故障，避免重复故障缺陷发生",4RGL016AR 中SC -3 机箱的AB 电源卡件故障,仪控处理反馈：1 ）处理进展：4RGL001/007KA（非紧急故障）报警消失，4RGL016AR 机柜工作正常。2 ）处理措施：仪控维修人员按照工作方案对故障AB 电源卡件进行更换，更换工作已完成。3 ）工作过程：①确认故障卡件位置，打开机柜柜门；②将机柜进入强制双重保持模式：③将故障A /B 电源卡件拔出；④更换新A /B 电源卡件，确认备件工作正常；5 解除强制双重保持：③关闭机柜柜门。4 ）故障原因分析：4RGL016AR 机柜SC3 机箱A /B 电源卡件故障。5 ）后续行动：将故障卡件寄回厂家进行故障原因分析,"1)4RGL001KA（RGL 运行故障）报警触发的可能原因：棒控棒位系统设备（逻辑柜4RGL001AR ，测量柜4RGL009AR ，处理柜4RGL010AR ，电源柜4RGL011AR~4RGL026AR ）发生故障或失电。
2) 4RGL007KA (RCS 故障)报警触发的可能原因:棒控电源柜 (4RGL011AR~4RGL026AR)或棒控逻辑柜(4RGL001AR)等设备发生下列故障:①电源柜或逻辑柜电源故障;②电源柜非紧急故障;③CCS命令故障;④测量值超范围;定值故障;6P4信号故障",
主控出现L4RGL001KARGL 运行故障和4RGL007KARCS 故障报警,22 点39 分4 号机组主控室KIC 中出现4RGL001KA(RGL 运行故障） /007KA(RCS 故障）,影响RGL 系统运行的可靠性,已采取的行动措施，1 ）主控室根据报警卡使用IRGL001 规程检查RGLKIC 画面，未见其余异常；2 ）检查棒控棒位系统设备（逻辑柜4RGL001AR ，测量柜4RGL009AR 。处理柜4RGL010AR ．电源柜4RGL011AR ~4RGL026AR ）是否发生故障或失电，发现4RGL024AR 机柜上存在故障灯亮；3 ）立即oncall 维修仪控沟通报警现象及RGL 状态，初步反馈报警不会影响控制棒移动；4 ）主控室密切监视RGL 主控室画面及机组状态,报警触发原因是4RGL024ARLC4 机箱一块AB 电源卡件报故障，4RGL007KA 报警为非紧急故障。对控制棒的正常动作无影响,,1) )4RGL001KA(RGL 运行故障）报警触发的可能原因棒控棒位系统设备（逻辑柜4RGL001AR，测量柜4RGL009AR，处理柜4RGL010AR，电源柜4RGL011AR~4RGL026AR）发生故障或失电。2)4RGL007KA(RCS 故障）报警触发的可能原因：棒控电源柜（4RGL011AR~4RGL026AR）或棒控逻辑柜（4RGL001AR）等设备发生下列故障：①电源柜或逻辑柜电源故障：②电源柜非紧急故障：③CCS 命令故障；④测量值超范围：5 定值故障：?P4 信号故障,
主控出现“4LKH904KA配电盘故障”报警，现场4CTE双列制氯停运,01:35，主控出现“4LKH904KA配电盘故障报警，就地核实4LKH1031JA (8CTE004TB/005TB上游开关）不明原因跳闸4CTE双列制氯停运,4CTE双列制氯停运,已采取的行动措施：1)将开关拉出置于安全位置；2)oncall电气检查处理；3)电气消除缺陷后，运行恢复4CTE双列制氯。注：工作负责人检,漏保定值设定不合理,"电气处理反馈：1 ）检修步骤：①检查4LKH1031JA 抽屉开关，未发现异常；②对抽屉内漏保进行校验，校验结果合格；3 依次对4LKH1031JA 抽屉开关下游负荷绝缘进行检查，均合格；④查看定值手册与一次图，发现一次图定值与定值手册不一致，定值手册为：0 . 3A0s ，一次图为：1A0 . 8 s；由于运行着急复设该设备，与班组、值长及运工沟通，走临时TCA 流程先对抽屉内漏保定值进行修改，修改定值为：1A0 . 15s ，待后续走正式定值变更流程；
③工作结束，清理现场，归还工作许可证。2 ）故障原因分析：漏保定值设定不合理",8CTE004TB、8CTE005TB 的进线电源开关为4LKH1031JA4LKH1031JA 也为8CTE003TB 的其中一路进线电源。8CTE004TB 上有8CTE915P0 （2 号海水升压泵）开关、8CTE902P0 （2 号冷却水泵）开关、4CTE001RD （3 号整流器）控制开关、4CTE002RD （4 号整流器）控制开关、4CTE003FI （2 号自动反冲洗过滤器）开关、4CTE001TR （3 号变压器）控制开关、4CTE002TR （4 号变压器）控制开关,
主控在关闭2APA100VL 后，阀门显示大红色，就地查看电动头显示过扭矩,主控在关闭12APA100VL 后，阀门显示大红色，就地查看电动头显示过扭矩,影响电动阀门开关操作，可能导致电动阀门故障损坏,已采取的行动措施：1 ）安排现场就地检查阀门电动头，发现存在过扭矩报警；2 ）安排现场确认阀门限位触发情况，未见明显异常；3 ）oncall 维修电气检查处理,电动头关限位偏差,电气处理反馈1 ）检修步骤和过程：①现场检查确认阀门已关到位；②重新对电动头关限位进行设定后故障消除；③运行人员确认故障消除。2 ）故障原因分析：电动头关限位偏差,2APA100VL 参与的APA 控制逻辑：(D2APA100VL 关信号触发 2APA102P0 跳闸：②2APA100VL 全开信号是主给水泵A 允许启动信,
主控多次闪发4KC0064KA报警,主控多次闪发4KC0064KA报警,"可能失去安全B列内的部分监测和控制功能,失去IO模件输出。失去对部分安全级执行器的控制",已采取的行动措施:1)查看和执行报警卡;2)反馈仪控检查处理,4KCS106AR-002UC-2LD0 卡件第七信号点位，闪发LOAD 报警,义控处理反馈：1 ）故障现象：主控多次闪发4KC0064KA 报警。2 ）检修步骤：①打开4KCS106AR 机柜柜门；②对221BNETA 端子排进行更换；③ 002UC 上电后，LOAD 报警仍闪发，开启QODR 对002UC 机架进行更换；④ 断开002UC 机架电源：对002UC 机架进行更换；③002UC 机架上电后LOAD 报警仍出现，但闪发频率降低：7 断开第七点信号点位输出刀闸，模拟信号触发，观察2 消失未出现LOAD 报警，确认信号回路正常；关闭机柜柜门，清理现场。3 ）故障原因分析：4KCS106AR-002UC-2LD0 卡件第七信号点位，闪发LOAD 报警,KCS 机柜输出卡件有自诊断输出线路阻值是否正常的功能，主要防止输出线路短路或断线情况出现,
主控室闪发4RCP902K A 报警,主控室闪发4RCP902KA报警，查看历史趋势发现4RCP603MN液位指示在01:59:53秒从33.47％突然高漂至100%，在01:59:58秒液位指示恢复至27％并持续稳定下来,4RCP603MN参与4RCP001PO泄漏油泵4RCP012/13PO启停逻辑影响主泵正常运行,"1）已采取的行动措施：关注泄漏油泵4RCP012/13PO运行。
2 ）建议后续行动：实施TCA 将主泵下部油箱的备用油位探头4RCP604MN 替代4RCP603MN 的相关联锁逻辑，待完成对4RCP603MN 维修处理后，解除TCA",怀疑仪表存在偶发性故障,仪控处理反馈一处理进展：1 ）实施TCA ，已将4RCP603MN /604MN 的主控KIC 显示与现场仪表互换，当前仍然为4RCP603MN （主控KIC 显示参数）参与逻辑控制；2 ）2018 年8 月2 日401 大修仪控实施工单检查检修4RCP603MN 后恢复正常,RCP012PO 启停逻辑1 ）手动启动：KIC 画面点击泵体手动启动：2 ）自动启动：D 下部油箱油位（RCP603MN ）大于35%+RCP001KG 已切至 012PO ;②RCP013PO 运行300S 后下部油箱油位（RCP603MN ）仍然大于 35 %；3 ）手动停运：KIC 画面点击泵体手动停运：4 ）自动停运：以下任一信号出现时，RCP012PO 将自动跳闸。①RCP012PO 运行300s 后，轴承箱油位仍然大于35 %；②下部油箱油位低于20 %；③RCP012PO 运行10s 后，泄漏油泵出口流量小于500L /h；④上部油箱油位（RCP605MN ）低于20 %③上部油箱油位（RCP605MN ）高于80 %；⑤下部油箱油位（RCP603MN ）低于15 %；7 下部油箱油位（RCP603MN ）高于75 ％,
主控巡盘发现3CEX025VL 开度在12%~20％之间跳变,主控巡盘发现3CEX025VL 开度在12%~20 ％之间跳变。现场发现3CEX025VL 阀门振动大，3CEX025VL 开度真实波动，主控观察3CEX001/002/003MD 在1400~2700m3/h 之间波动，3CEX002P0 和3CEX003P0 电流在106A 和145A 之间波动,弓引起凝泵电流和出口流量剧烈变化，威胁肋凝结水泵运行安全,已采取的行动措施：1）手动干预控制除氧器液位，液位稳定后，重新恢复除氧器液位自动控制；2)加强关注凝结水泵电流、出口压力和流量波动情况以及泵运行参数；3)oncall维修仪控、机械检查处理,3CEX025VL阀杆联轴器与气动执行机构立柱间隙不均匀,,当由于某种原因（如液位偏差大于100mm）导致3ADG002KU和3CEX025VL同时由自动切至手动后，进行切回自动时：1）通过手动控制3CEX025VL调节3ADG液位至整定值（300mm）；2）根据3CEX025VL计算出3ADG002KU输出值并在00M中输入该值；3）将3CEX025VL置于自动，然后再将3ADG002KU置于自动。说明：3CEX026VL无手动，直接通过3ADG002KU控制。3ADG002KU输出值=0.8×3CEX025VL开度+8%（计算时以3CEX025VL开度输出值为准）,
主控无法启动电动辅助油泵2AGM101P0,在主控KIC 画面中无法启动电动辅助油泵2AGM101P0,导致2AGM101P0 无法启动,品采取的行动措施：1 ）安排现场检查2AGM101P0 上游供电情况，确认开关上泵控制处于远控位置，未见异常；2 ）主控检查确认无电动辅助油泵自动停运信号：3)oncall 电气检查处理,2LKF231JA 柜内 001CC 控制转换开关远方接点螺丝松动所致,电气处理反馈：1)处理措施：经检查现场就地 2AGM101P0 上游开关 2LKF231JA 柜，发现为 2LKF231JA 柜内 001CC 控制转换开关远方接点螺丝松动所致，对其紧固后，通过运行人员在主控启动 2AGM101P0 正常，工作结束；2)故障原因分析：2LKF231JA 柜内 001CC 控制转换开关远方接点螺丝松动所致,电动辅助油泵自动停运逻辑信号：电动主给水泵运行时，润滑油压力>0.22MPa(HH，传感器：AGM101SP2)，保护停运电动辅助油泵,
主控无法实现3AC0202VL全开全关操作,在主控KIC 中无法实现3AC0202VL 全开全关操作,KIC 中无法实现3AC0202VL 全开全关操作，影响3AC0302BA 紧急疏水的可用性,,3AC0202VL 定位器性能不稳定（定位器输出气压不稳）导致 3AC0202VL 无法正常动作,仪控处理反馈：1）工作过程：①D 用内六角打开3AC0202VL 定位器盖子：②拆下3AC0202VL 定位器接线，做好绝缘保护并做好拆线记录：③把信号发生器连接到3AC0202VL 定位器接线端子上，用信号发生器发信号对3AC0202VL 定位器进行检查，阀门可以正常开关（检查中发现3AC0202VL 定位器输出气压不稳，信号发生器给定20mA 定位器无输出气压（阀门未动作），多次给定信号后定位器输出气压恢复正常3.8bar，阀门开关正常）；④拆下信号发生器，恢复3AC0202VL 定位器接线，并做好接线记录；⑤恢复3AC0202VL 定位器盖子：③联系主控操作3AC0202VL 阀门，阀门可以正常开关；2）故障原因分析：3AC0202VL 定位器性能不稳定（定位器输出气压不稳）导致3AC0202VL 无法正常动作,3AC0202VL 的控制逻辑：低加疏水箱B 水位高高延时2s 失电开启,
主控触发1DEL003GF 综合故障，现场查看有“油压保护”故障,"1 号主控出现 1DEL003KA: 报警(003GF综合故障),现场查看有“油压保护”故障","导致1DEL003GF不可用,产生GEN8","已采取的行动措施:仪控反馈该工作需机械配合充排1DEL003GF中1DEL201C0空压机中的润滑油及制冷剂,工期5天。提WR转大修处理",1DEL202SP定值漂移,,"DEL003GF用于在H1工况两台水冷式冷冻机组失效为DVC主控室温风提供冷冻水,确保主控的在正常温度范围",
主控触发1GGR701KA（主盘车警报）,23 : 051 号机组调峰降功率过程中触发报警1GGR701KA（主盘车警报）。主控立即执行报警卡，检查KIC 画面，发现1GGR002SM 脱啮信号）消失，安排常规岛现场核实后发现1GGR001AR 失电,"1) 1GGR001AR 失电, 影响 1GGR 主盘车的启动; 2) 1GGR002SM 脱啮信号消失, 影响 1GGR 辅助盘车的启动; 3) 如果出现停机的情形, 主盘车和辅助盘车不可用, 极大威胁汽轮机安全","已采取的行动措施: 1) 查看和执行报警卡; 2) 初步检查发现 1GGR001AR 失电, 1GGR002SM 消失; 3 联系机电仪进一步核实缺陷, 暂未反馈","1GGR701KA 报警是由 1GGR001AR 内故障继电器发出, 当 1GGR001AR 失电时, 故障继电器会发出报警信号, 经现场检查发现, 1GGR001AR 失电是上游电源 LINE742JA 出线侧接线松动导致","电气处理反馈: 1) 故障现象: 主控出现 1GGR701KA 报警。2) 检查内容: ①现场检查 1GGR001AR 主盘车控制柜失电; ②测量 1GGR001AR 进线电压, 相间无电压; ③测量上游电源 LINE742JA 出线侧电压为 218V, 检查其出线侧接线松动; ④对 LINE742JA 出线侧接线进行紧固; 5 确认主控 1GGR701KA 报警消失。3) 处理进展: 1GGR001AR 主盘车控制柜运行正常, 无故障报警。4) 故障原因: 1GGR701KA#报警是由 1GGR001AR 内故障继电器发出, 当 1GGR001AR 失电时, 故障继电器会发出报警信号, 经现场检查发现 1GGR001AR 失电是上游电源 LINE742JA 出线侧接线松动导致",1CCR701KA (主盘车警报) 报警触发的可能原因有: 1) 主盘车离合器故障; 2) 主盘车电机故障; 3) 主盘车控制器故障,
主控触发1GSE001KATGC系统故障报警,17：52.主控触发1GSE001KATGC系统故障报警,有汽轮机遮断的风险,已采取的行动措施：1）主控查看和执行报警卡，密切监视机组保护系统是否动作2）oncall维修仪控人员进厂排查故障,1GRE004AR调节控制器CPU备用电池电量低,仪控处理反馈：1）工作过程：①测量新的电池备件，确认电压在2.8V；②更换备用电池；③确认控制器电池电量低报警指示灯熄灭；4在工程师站STORECELL清除电池电量低报警，确认IGSE001KA报警消失；2)故障原因分析：CPU备用电池电量低,产生 GSE001KA 报警的原因：1)汽轮机保护控制器（STP）A，B，C任一故障；2)汽轮机调节控制器（STG）故障；3)通讯控制器(CCS)故障；4)就地控制器(Field IVO)故障；5）P320TGC机柜电源故障,
主控触发1LAA006KA 接地故障报警,22:28 ，主控触发1LAA006KA（接地故障报警），主控和现场检查1LAA 母线电压正常，现场绝缘监测仪上所有支路全部显示x x x k 。电气检香现场蓄电池有结露现象,影响LAA 系统供电的可靠性，LAA 存在失电风险,已采取的行动措施：1 ）查看和执行报警卡，主控和现场检查确认故障报警情况和母线电压；2 ）主控和现场检查1LAA 母线电压正常，现场绝缘监测仪上所有支路全部显示xxxx 。电气检查现场蓄电池有结露现象；3 ）oncall 电气人员检查处理；4 ）将1DVE001CI 除湿机的湿度目标设定值改为了40%（初始为55 % ) ，联系通风专工配合跳整房间通风,房间湿度较大，蓄电池外表面有爬酸现象，导致绝缘下降,电气处理反馈1 ）检修步骤：D 现场核实1LAA001TB 母线绝缘负极最低约34kQ ，低于设定值（50kQ2 ) ，触发绝缘报警；②现场核实蓄电池房间湿,绝缘监测仪1LAA001XK≤50kQ时触发1LAA006KA接地故障报警,
主控触发1RAM201KA（RAM2号机组故障）报警，确认发现1RAM002AP故障 跳闸,18：12:56，1号主控触发1RAM201KA（RAM2号机组故障）报警立即确认 发现1RAM002AP故障跳闸，现场确认1RAM601JA跳闸上游电源 1LKB3161JA跳闸。立即安排现场检查1RAM001AP运行且供电正常，确认 1RAM002AP跳闸,导致1RAM002AP跳闸,已采取的行动措施：1)立即查看和执行报警卡，确认1RAM002AP故障跳闸 2安排现场检查确认1RAM001AP运行情况正常；3）oncall维修电气检查 处理,1RAM002AP的其中一个正极碳刷磨损超过可用范围导致励磁电流低于继电 器整定值，机组跳闸,"电气处理过程：1)检修过程：①确认设备位置及隔离条件正确：②检查面 板，上面显示601XI励磁故障：③对1RAM002AP内碳刷进行检查，发现正 极碳刷磨损过多，仅剩16mm，低于设计参考值17mm；④对1RAM002AP内 4个碳刷进行更换：清理现场，归还工作许可证：⑤运行人员进行启机， 并机成功：
2 ）故障原因分析：1RAM002AP 的其中一个正极碳刷磨损超过可用范围，导致励磁电流低于继电器整定值，机组跳闸",,
主控触发1RIC714KA 堆芯冷却监测系统故障B 列报警,主控触发1RIC714KA 报警，查看画面为1RIC007MT 显示“XX”,影响1RIC007MT 的显示，无法读取和监视温度,已采取的行动措施：1 ）查看和执行报警卡：安排现场检查1RIC012AR 报警情况；2)oncall 维修仪控进厂检查,热电偶接头接触不良，功率运行期间由于振动的原因致使接触部位出现闪断现象，变送器偶尔会检测到回路存在断路，强制输出为超量程,"仪控处理反馈：1 ）故障原因分析：①岛内连接板和热电偶柱上的热电偶接头松动；②上述接头内部针脚和芯线焊点脆弱：受到较大的震动就容易引起焊点处不牢，造成回路电阻波动；③热电偶本身故障。2 ）故障原因确认（大修进岛检查确认）：热电偶接头接触不良，功率运行期间由于振动的原因致使接触部位出现闪断现象，变送器偶尔会检测到回路存在断路，强制输出为超量程。
3）工作过程（大修检查工单00840183-01）：①先决条件检查：热电偶未解列前进行；②验证隔离边界，确认设备位置，检查初始条件，并根据需要建立检修场所；③连接板处检查和敲击接头，回路阻值没有变化；④大盖处敲击接头发现回路阻值存在约有100多欧姆的阻值跳变；大盖上断开热电偶和补偿导线接头，直接敲击热电偶接头并测试阻值变化情况，发现有跳变；⑤工作结束，清理现场，检查确认标牌完整，向运行人员报告工作完成情况。4）工作过程（大修更换温度变送器工单00843818-01）：①验证隔离边界，确认设备位置，检查初始条件，并根据需要建立检修场所；②将1RIC007MT原温度变送器电源线和输入输出线拆开；③插入新的带故障自动恢复功能的温度变送器并将1RIC007MT的输入输出线和电源线接入；④工作结束，清理现场，检查确认标牌完整，向运行人员报告工作完成情况；5请运行人员验收，并归还工作许可证",1R10714KA堆芯冷却监测系统故障(B系列报警触发的可能原因1）电源故障。2）1RIC012AR（堆芯冷却监测机柜）的自检装置探测到故障。①至少一个模拟或逻辑输入信号失效；②机柜硬件检测到故障；③系统RTE检测到故障。3）定期试验,
主控触发2CFI913KA（011DG或013DG格栅除污机故障）故障报警，2CFI011DG现场卡在半空无法动作,主控触发2CFI913KA（011DG或013DG格栅除污机故障）故障报警，2CFI011DG现场卡在半空无法动作,导致格栅除污机不可用,已采取的行动措施：1）查看和执行报警卡，安排现场检查2CFI011DG或013DG格栅除污机，发现2CFI011DG现场卡在半空无法动作；2）现场检查2号机组鼓网反冲洗水沟内未见明显海生物和杂物，其他格栅除污机打捞未见明显海生物和杂物；3）提工作申请（WR）走计划处理,限位没有触发,电气处理反馈：1）检修步骤：①对就地操作箱接线盒及接近开关进行检查，接线正常；②同时对2CFI011DG格栅除污机的上限位进行调整；③运行人员配合启动循环运行，格栅除污机打循环正常运行。2）故障原因分析：限位没有触发,格栅除污机（CFI011DG、CFI013DG）两侧液位差（CFI011MN、CFI013MN）与其运行的关系：1)2个压差探头都测到液位差&lt;0.12m水柱时，两台格栅除污机按定时器自动交替启动运行；2)1/2探头测到液位差≥0.12m水柱时，同一系列2个格栅除污机同时运行一个或多个循环，直到压差&lt;0.09m水柱；3)1/2探头测到液位差≥0.25m水柱时，主控发报警,
主控触发2KC0034KA 保护通道III机柜故障,20:07，2 号机组触发2KC0034KA CHANNEL 3 CABINET FAILURE 报警，现场查看2KCS033AR 机柜故障报警灯亮,可能失去保护通道，III的部分监测和控制功能，失去IVO 模件输出,已采取的行动措施：1 ）检查2KIC 系统画面及参数趋势，未发现异常： 2 ）安排现场人员检查2KCS 及2KCP 机柜，发现2KCS033AR 故障灯亮；3 ）参照《FQ9-KC0-I-0011~2 号机组DCS 机柜48V 失电故障规程》分析可能受到影响的系统及设备：4 )oncall 维修仪控人员检查、处理,2KCS033AR 中PS5 模块故障损坏，导致2KC0034KA 报警触发,仪控处理反馈：1 ）检修步骤：①先决条件检查：确认另外一个完全的 PS06 工作正常；②验证隔离边界，确认设备位置，检查初始条件，并根据需要建立检修场所；③执行规程《FQX-KC0-M-I052：安全级DCS 机柜48VDC 电源模块更换》更换PS05 ，故障模块序列号：Sno:0000078151； ④检查确认2KC0034KA 报警消除；5 工作结束，清理现场，检查确认标牌完整，向运行人员报告工作完成情况。2 ）故障原因分析：2KCS033AR 中PS5 模块故障损坏，导致2KC0034KA .报警触发,2KCS033AR 机柜中PS5 电源模块与PS6 互为冗余工作模式，若余的两块48VDC 电源模块因失电或故障而同时失效，将导致其下游余供电的信号丧失,
主控触发2KC0064KA报警（安全B 列机柜故障）,14 : 26 ，主控触发2KC0064KA报警（安全B 列机柜故障），现场检查为2KCS128AR 机柜故障。经仪控现场检查分析为2KCS128AR 内部两路电源中一路故障，需更换电源卡件,若故障恶化失电，将失去安全B 列内的部分监测和控制功能，失去 VO 模件输出。失去对部分安全级执行器的控制,已采取的行动措施：1 ）查看和执行报警卡，安排现场检查发现 2KCS128AR 机柜故障灯亮；2)oncall 仪控检查处理,2KCS128ARPS2 电源故障,仪控处理反馈：1 ）检修步骤：①定位2KCS128AR 缺陷故障点；②更换2KCS128ARPS2 电源。2 ）故障原因分析：2KCS128ARPS2 电源故障,2KCS128AR 机柜中PS2 电源模块与PS1 互为冗余工作模式，若冗余的两块电源模块因失电或故障而同时失效，将导致其下游冗余供电的信号丧失,
主控触发2RIC713KA：堆芯冷却系统故障（A 列）报警,主控触发2RIC713KA：堆芯冷却系统故障（A 列），就地检查2RIC011AR 故障灯亮,报警暂不影响RIC可用性,已采取的行动措施：1)查看和执行报警卡，就地检查2RIC011AR故障灯亮；2)oncall1仪控检查处理,2RIC011AR柜内220VAC转24VDC电源模块SPS4故障,仪控处理反馈一检修步骤：1)先决条件检查：①反应堆功率处于稳定状态。②与值长确认RPR、RGL、SIP系统无相关工作同时开展：2）打开2RIC011AR机柜门，检查其他SPS4电源转换模块指示灯正常点亮，确认故障SPS4电源转换模块指示灯熄灭；3）断开故障电源模块上游供电开关F201；4）使用十字螺丝刀松电源转换模块面板上的螺丝，更换故障电源转换模块；5）闭合供电开关F201；6）等待供电模块自检完成，新电源转换模块正常工作，其他模块状态正常；7）工作结束，清理现场，向运行人员报告工作完成情况,2RIC713KA堆芯冷却监测系统故障(A系列)报警触发的可能原因1）电源故障。2)2RIC011AR(堆芯冷却监测机柜)的自检装置探测到故障。①至少一个模拟或逻辑输入信号失效；②机柜硬件检测到故障；③系统RTE检测到故障。3）定期试验,
主控触发3CRF665KA:001P0 导向轴承润滑油液位高报警,主控触发3CRF665KA:001P0 导向轴承润滑油液位高报警，现场检查3CRF101LN 油位在仪表标记的MIN 与MAX 之间,导致触发导向轴承润滑油液位高报警,已采取的行动措施：1 ）主控查看和执行报警卡，产生该报警原因有两条：3CRF101SN3 误报警或者3CRF001P0 导向轴承进水：2 ）主控立即检查3CRF001P0 运行情况，确认各参数均正常，3CRF001P0 运行正常：3 ）安排现场检查3CRF101LN 油位，确认油位在仪表标记的MIN 与MAX 之间：从油位视窗目视检香油质均，无异物，怀疑仪表故障，联系化学分析下导轴承油质,3CRF101SN3 低漂,1 ）机械处理反馈：化学取样分析油质，从下导轴承顶部注油孔取样结果合格，经评价不影响设备运行。但是油位计储油箱取出样品有游离水和颗粒杂质，原因分析为设备长期运行过程中，环境水汽偶发性进入油位计探头储油箱所致。此外，油位计探头储油箱位置相对于下导轴承室而言温度较低，也有利于热汽凝聚成水滴，当前已经换油处理完成。2 ）仪控处理反馈：①检修步骤：a . 做好拆除航插记录：b . 拆除3CRF101SN2 、101SN3 航插，检查航插插针无松动：c . 松开锁紧螺母将3CRF101SN2 、101SN3 仪表取出：d . 对浮子进行清洗，对浮子的安装位置进行标记；e . 恢复仪表航空插头，上下动作3CRF101SN3 浮子，仪表功能正常，记录仪表的动作值3CRF101LN 的标记MAX :18mm 报警，记录恢复值3CRF101LN 的标记MAX :13mm 消报；f . 上下动作3CRF101SN2 浮子，仪表功能正常，记录仪表的动作值3CRF101LN 的标记MIN :-20mm 报警，记录恢复值,"1). 3CRF101SN3 油位触发定值为高出油位MAX 线20mm,3CRF101SN1 低液位触发定值为实际油位低于油位MIN 线10mm,3CRF101SN2 低低液位触发定值为实际油位低于油位线20mm;2）现场查看循泵导向轴承油位计需要打开盖板才能看到油位计min 和max 线,以及正常的油位",
主控触发3GHE014KA真空油箱3GHE001CW真空度低报警,主控触发3GHE014KA真空油箱3GHE001CW真空度低报警，主控3GHE003MP最高到22.9kPa，就地3GHE601LP只有16kPa左右，现场就地通过关小3GHE240VH真空依然无改善报警无法消除。oncall1仪控排查暂没找到原因，现已回去准备方案：WR：00355411。后续仪表处理无问题后，请恢复3GHE240VH至正常开度,1)真空度低可能导致除气效果不佳，密封油密封效果变差，引起氢气泄漏量增大；2）真空度低会导致005CW液位高，缓冲油箱GHE005CW高油位(20mm)引起GST401P0跳闸,"已采取的行动措施。1）现场就地通过关小3GHE240VH真空依然无改善，报警无法消除；2）oncall1仪控排查暂未找到原因，现已回去准备方案：WR：00355411。后续仪表处理无问题后，需恢复3GHE240VH至正常开度；3）对3GHE005CW进行三次排油后，真空度低报警仍未消除。检查3GHE003MP与3GHE601LP压力基本一致，仪控反馈非仪表问题，可能泵出力有关；4）中班对3GHE005CW进行一次排油，启动3GHE401P0后，将3GHE240VH打开1/4圈后3GHE003MP一致稳定在19.8kPa；5）夜班接班后，再次出现3GHE003MP压力高报警，且003MP快速上涨。执行3GHE005CW排油典操，开启3GHE054VH排出较多油。重新启动3GHE401P0前将3GHE240VH全开，之后3GHE240VH从全开位置回关了3+3/4圈，3GHE003MP稳定在19.0 kPa. a;
主控多次触发“3GHE014KA:真空油箱3GHE001CW真空度低报警”,早班值和中班值根据《FQ3-GHE-C-0043GHE005CW安全油箱排油操作票》对3GHE005CW进行了多次排油操作,3GHE真空油箱压力3GHE003MP均在排油操作后短时间内再次升高,并触发报警:7)考虑到前面根据典操排油效果不佳,03月03日夜班,当班值通过合理分析,重新启动3GHE401PO前将3GHE240VH全开,之后3GHE240VH从全开位置回关了3+3/4圈,3GHE003MP稳定在19.0kPa.a","1)3GHE401PO用于保持3GHE001CW的真空度,该真空泵的能力较强。根据调试期间及机组启动时3GST头箱氮气吹扫经验,2)由于3GHE401PO能力较强,在启泵的瞬间,如3GHE401PO直接全力对3GHE001CW抽气(即3GHE240VH全关),可能使得3GHE001CW内上部空间的油雾被吸出,油雾在管道内壁产生连续的油膜。如建立连续稳定的油膜,此时即使通过开大3GHE240VH以减小真空泵对3GHE001CW的吸力,油膜不会消除,导致3GHE005CW液位高,从而引起真空泵吸入的气体中含油量增多,抽气效果降低,继而导致3GHE003MP压力上涨","运行处理反馈:1)执行《FQ3-GHE-C-0043GHE005CW安全油箱排油操作票》前半部分内容,停运3GHE401PO并对3GHE005CW排油后,重新启动3GHE401PO前,将3GHE240VH全开。2)验证在3GHE240VH全开的情况下,启动3GHE401PO,真空泵足以将3GHE001CW压力保持小于50kPa.a。3)通过缓慢关小3GHE240VH开度,逐渐减小旁路空气吸入量,以降低3GHE001CW压力。最终根据真空油箱压力,对3GHE240VH开度进行微调,稳定压力","真空油箱GHE001CW可以为GHE系统储存一定的密封油量,保证密封油泵的供油。同时利用其真空除去油中所含气体。可能导致GHE001CW真空度显示异常的原因有:1)GHE003MP可或者GHE601LP故障,此时真空度可能正常;2)GHE401PO跳闸;3)GHE240VH开度设置不正确;4)GHE系统存在泄露,尤其是GHE001CW",
主控触发3GPA617KA：主变C相油位异常报警和3GPA592KA：非电量保护装置故障,15：02：34，主控触发3GPA617KA：主变C相油位异常报警：3GPA592KA：非电量保护装置故障。3GEV034MN（主变C相油位）偏高，为92%，就地检查油位计301SN指示9。电气反馈3GPA617KA：主变C相油位异常报警和3GPA592KA：非电量保护装置故障，不会触发逻辑动作,1)初步怀疑为液位计故障，影响C相主变实际油位监视；2)若油位真实高，C相主变可能存在进液等风险，需要停机处理,1）已采取的行动措施：①现场目视C相主变运行情况，未见异常；②现场启动C相4台冷却风扇；③通知维修电气人员检查处理。2）建议后续行动：维修电气分析故障原因并制定处理方案，消除缺陷,根据现场排查及油位计处理经验：判断报警原因为油位计液压机构损坏导致油位计显示异常,"电气处理反馈1）处理过程：①检查在线油色谱，比较07月03日至07月09日与历史变化趋势平稳，未见异常；②现场检查呼吸器，呼吸正常，证实变压器内压力正常；③现场检查变压器绕组温度（73℃），且查询变压器油温历史趋势正常，排除热胀冷缩引起油位变化；④安排人员进行红外测量3号主变C相温度。对比主变A/B相显示正常，变压器无过热问题。2）后续行动：①维修编制3号主变C相油位计更换方案；②安排合适窗口消除缺陷（WOT：00968008-01）。
3) 油位计更换工作过程(WOT: 00968008-01): 1. 执行操作票, 确认室外无大风(6级及以上)、下雨天气。确认3LMD351JA已断开; ②用塑料管连接3号主变C相中部取样阀3GEV365VH; ③塑料管另一端用绝缘杆伸到储油柜顶部; ④缓慢打开3号主变C相中部取样阀3GEV365VH观察塑料管油面高度在储油柜中间位置: 关闭3号主变C相中部取样阀3GEV365VH, 取下塑料管; ③打开故障油位计外罩, 验明无电压; ②记录油位计接线, 拆除接线、拆除故障油位计表盘; 8安装备件油位计表盘; ③拆卸故障油位计传感器; 10安装备件油位计传感器, 并根据油温与历史记录调试备件油位计示数为7.1; ①拆走故障油位计的传感器和表盘; ②按拆接线记录端接备件油位计端子接线; 3安装备件油位计表盘外罩, 用钢扎带绑扎传感器与表盘间的毛细管; ④联系主控, 合上主变C相本体端子箱电源3LMD351JA; 巧5确认KIC上3号主变C相油位显示正常: ⑥工作结束, 清理现场。4)故障原因分析: 根据现场排查及油位计处理经验, 判断报警原因为油位计液压机构损坏导致油位计显示异常",,
主控触发3KC0024KA 保护II 通道故障报警,主控出现3KC0024KA 保护通道II 机柜故障报警,故障恶化将可能失去保护通道的部分监测和控制功能,已采取的行动措施：1 ）查看和执行报警卡，就地检查3KCS022AR 机柜上存在故障报警；2 )oncall 仪控检查处理,经现场检查确认为保护II P3KCS022AR 机柜内CH21 子组主远程扩展机架中一块RXM 远程通讯卡件自诊断故障引起的机柜报警,仪控处理反馈：1 ）影响评估：RXM 通讯卡件为三重冗余配置，一块卡件出现故障不影响整个系统的运行；2 ）处理进展：报警已自动消除；3 ）检修步骤：未进行处理。该报警2 h 后自动消失；4 ）故障原因分析：经现场检查确认为保护II P3KCS022AR 机柜内CH21 子组主远程扩展机架中一块RXM 远程通讯卡件自诊断故障引起的机柜报警,"KCS 机柜的自诊断报警：处理器卡件、通讯卡件、AI 卡件件、AO 卡件、 DI 卡件、DO 卡件等的自诊断报警：1 ）其中最常见的自诊断报警有AO 信号控制电流变化（ASG 调节阀动作期间产生KC0054KA、GCT 系统的调节阀动作时产生KC0034KA,KC0044KA)，持续2h 后消失；2 ）通讯卡、DO 卡自诊断报警，根据卡件所在的位置不同可以产生各个报警，持续2h 后消失；3 ）处理器MP 卡件故障报警，其他类型的故障报警，报警持续2h 后",
主控触发3KC0064KA（安全列B 列机柜故障）,3 号主控触发3KC0064KA（安全列B 列机柜故障），2h 后报警未消除，现场查看3KCS128AR 机柜故障灯亮,3KCS128AR 机柜供电失去冗余。若另一路电源模块故障，将导致 3KCS128AR 机柜失电，进而影响3SAP002C0、3APG004VL/005VL/006VL、3LHB001JA/002JA/003JA、3RCV010VP 等设备的监视和控制（具体参考F03-KC0-I-0013-8 号机组DCS 机柜48V 失电分析规程进行分析）,,PS148V 电源模块故障,仪控处理反馈1 ）检修步骤：①备件到货后，核实确认备件无异常：②确认故障机柜为3KCS128AR ，打开机柜柜门：③断开PS148V 电源模块输入电源：④拆除模块输入和输出接线；5 使用备件对故障模块进行更换：③恢复模块输入端接线；②合上电源模块输入电源，测量模块输出为48V ； 8 断开PS148V 电源模块输入电源，恢复输出端接线：9 合上电源模块输入电源：0 关闭机柜柜门，确认机柜报警灯灭：①工作结束，清理现场。2 ）故障原因分析：PS148V 电源模块故障,3KCS128AR 机柜中PS2 电源模块与PS1 电源模块互为冗余工作模式，若冗余的两块电源模块因失电或故障而同时失效，将导致其下游冗余供电的信号丧失,
主控触发3KRT011KA83KRT036MA监测通道故障报警,主控 15:36 触发 3KRT011KA83KRT036MA 监测通道故障报警辐射防护人员检查就地存在电磁阀故障和气路故障报警 3KRT036MA 不可用,导致 3KRT036MA 故障不可用，产生 102,已采取的行动措施：1)查看和执行报警卡；2)安排辐射防护就地检查，确认 3KRT036MA 存在电磁阀故障和气路故障报警；3)安排现场检查 3KRT036MA 上游供电未见异常；4)反馈 4 号机组主控，3KRT036MA 故障不可用，请加强关注 4KRT036MA 的运行情况；5) oncall 仪控检查处理,3KRT036CR 就地处理箱内部继电器板（第 1 监测道）控制电路信号输出故障,仪控处理反馈：1)检修措施及步骤：①复位就地处理箱，手动切换监测道，第 1 监测道工作时，出现电磁阀故障报警；②检查第 1 监测道电磁阀，将第 1 道电磁阀更换至备用道（第 9 道），电磁阀动作正常，判定电磁阀正常；③重新紧固端子排上各端子及排线，重启设备，手动切换到第 1 监测道，设备仍旧报电磁阀故障；④检查电磁阀至 3KRT036CR 就地处理箱内部继电器板控制信号和反馈信号接线。接线正常，但是当电磁阀切换至第 1 监测道时，继电器板无电磁阀反馈信号；更换继电器板，上电测试，所有监测道切换正常，第 1 监测道电磁阀故障消除；2)故障原因分析：3KRT036CR 就地处理箱内部继电器板（第 1 监测道）控制电路信号输出故障,2)KRT036MA 测量对象来自多个房间（3KRT036MA 有8 个取样支路， 4KRT036MA 有7 个取样支路），以3KRT036MA 为例，8 个取样支路对应8 个房间，依靠各支路的电磁阀循环打开来扫描不同的房间，同一时间只有一个支路在工作中。假设当前工作在A 支路，那么只有A 支路的电磁阀是打开的．其他支路电磁阀关闭，工作5 min 后，A 支路电磁阀关闭，B 支路电磁阀打开，再过5min ，B 支路关闭，C 支路打开．依次类推,
主控触发3RCV810KA(3RCV003PO振动高报警),"22:30主控触发3RCV810KA(3RCV003PO振动高报警),查看趋势发现4块振动表均上涨","3RCV003PO跳闸,产生机组瞬态","已采取的行动措施:1)将3RCV003PO切换至3RCV001PO,并将3RCV002PO置于备用;2)oncall维修机械和设备管理处理,并请化学对3RCV003PO油脂取样",3RCV003PO联轴器齿套缺润滑脂,"机械处理反馈1)处理进展:机械对3RCV003PO加脂、更换轴承室油、地脚螺栓复核后重新起泵,性能对3RCV003PO测振显示参数正常;
2 ）检修步骤：①D 办理工作许可证及RWP；②拆除泵侧及电机侧联轴器保护罩，对联轴器齿套进行加脂（EP1)，加脂至旧油从另一端孔排出；③盘查检查无异常，回装两端联轴器保护罩；4 拆除驱动端轴承室排油丝堵，用新的润滑油VG46 冲洗轴承室，回装排油丝堵，给轴承室添加润滑油VG46 至正常位置；复查泵地脚螺栓力矩，无异常",泵在刚启动时如果出现3RCV810KA，是正常现象。10s 后泵正常运转后报警信号应消失,
主控触发3RIC714KA 堆芯冷却监测系统故障（B 系列）,02:13。主控触发3RIC714KA 堆芯冷却监测系统故障（B 系列），BUP 盘上RIC714AA（堆芯冷却监测系统故障B 系列）指示灯亮,,已采取的行动措施，1）主控检查KIC画面和QDS，堆芯水位、堆芯温度和堆芯过冷裕度等参数均显示正常；2）查看报警卡，要求现场在ICCM系统的SU上查看导致故障的原因；3）oncall仪控人员现场检查，发现3RIC012AR内用于综合故障检测的卡件故障，需要进行更换,3RIC012AR机柜SDM4卡件故障（内部贴片式200mA保险熔断导致上游24V供电无法下发）,仪控处理反馈一检修步骤1打开3RIC012AR#机柜柜门，核实待换卡件SDM4所在位置：+EB029，并用绝缘胶带做好标记；2）佩戴防静电手环，用十字螺丝刀拧下机架卡件紧固锁，拔出SDM4卡件，并妥善放置；3）打开备件SDM4卡件产品封装袋，核实卡件名称及对应的安装卡槽；4）将新版卡件插入对应卡槽，并确认安装到位；5）安装完毕后，检查机柜故障指示灯，指示灯熄灭，报警清除，3RIC012AR机柜状态恢复正常；6）工作结束，清理现场,3RIC714KA 堆芯冷却监测系统故障（B 系列）报警触发的可能原因1 ）电源故障。2 ）3RIC012AR（堆芯冷却监测机柜）的自检装置探测到故障。①至少一个模拟或逻辑输入信号失效；②机柜硬件检测到故障；3 ）系统RTE 检测到故障。3 ）定期试验,
主控触发4CTE 停机故障报警，现场香看4CTE002TR 温度高跳闸,主控触发4CTE 停机故障报警，现场查看4CTE002TR 温度高跳闸，最高温度达到125℃,导致4CTE 跳闸，影响4 号机组CTE 制氯，进而影响海水取水的加药,已采取的行动措施：1 ）查看和执行报警卡，就地确认4CTE 停运，并将4CTE002TR 置于安全状态；2 ）oncall 电气检查处理,下游负荷增大，温控箱接线错误导致温度到达报警值跳匣,"电气处理反馈：1 ）检修步骤：①打开变压器柜门进行验电，确认无电后，在低压三相绕组铜排上悬挂接地线：②确认变压器内部及外部干净整洁无浮灰：③对变压器进行目视检查，确认内部各元器件完好无破损，无过热痕迹，对电流互感器进行变比及特性试验，确认正常，对二次接线进行紧固，对CT 保护侧未短接的端子进行短接并紧固，确认高压侧各相绕组跨接线间与进线电缆间未互相接触相互接近部位无过热或放电痕迹；④对变压器内部风扇进行检查，确认转动正常无卡涩，接线紧固，绝缘合格，送上控制电，发现顶部有一台风扇存在卡涩，手指拨动旋转缓慢，领取同型号合格备件进行更换，验证合格；对变压器温控箱进行检查发现内部设定130℃时应接报警回路却接在跳闸回路上，根据图
测量低压侧绕组直流相电阻相电阻结果合格；对变压器进行变比特性试验，结果合格；0 将变压器恢复至初始状态，确认各拆除的位置均已恢复，确认变压器内部无异物；①归还工作许可证。2 故障原因分析：下游负荷增大，温控箱接线错误导致温度到达报警值跳闸",CTE001TR 温度高或CTE002TR 温度的控制逻辑：1)CTE001TR 温度高或 CTE002TR 温度高，并将触发自动停机信号，停运CTE001RD 和CTE002RD 以及CTE001P0 和CTE002P0;2)CTE001TR 温度高时，将使CTE001TR 自动停运；CTE002TR 温度高时，将使CTE002TR 自动停运,
主控触发4LBJ009KA蓄电池回路故障报警,15:08，主控触发4LBJ009KA蓄电池回路故障报警，主控4LBJ 电压正常，就地检查4LBJ001TB 上004LA 灯亮，4LBJ001/002RD 充电器运行正常,影响蓄电池供电的可靠性,已采取的行动措施：1 ）查看和执行报警卡，安排现场检查确认故障情况，主控监视4LBJ 母线运行情况：2 )oncall 电气检查处理,"蓄电池长期运行导致电压与安装初期有微小变化，最终蓄电池中性点 点位飘移导致蓄电池回路监测继电器动作触发主控报警
蓄电池回路监测继电器的校准值存在零点漂移的现象。当校准值与蓄电池实际波动值之和大于继电器动作值，则发出报警","电气处理反馈：1 ）缺陷描述：4LBJ 出现蓄电池回路故障报警，蓄电池电压及运行正常。
2 ）原因分析：蓄电池长时间运行其中心点电压变化而蓄电池回路故障监测继电器动作。具体如下：4LBJ 蓄电池故障报警继电器通过监测蓄电池正端到中心点及负端到中心点的电压差来判断蓄电池回路是否完好，由于核岛蓄电池总节数为奇
电气处理反馈：1)缺陷描述：2018年10月27日17:3817:39，3号主控4次闪发3LCB009KA蓄电池回路故障报警。2)原因分析：蓄电池回路监测继电器的校准值存在零点漂移的现象。当校准值与蓄电池实际波动值之和大于继电器动作值，则发出报警。3)处理措施：①维修人员接到主控通知立即赶往现场；②对就地蓄电池电压进行测量，无明显波动；对3LCB100XK继电器的校准值进行测量，发现漂高至0.43V，接近0.5V的整定值；③对100XK进行校验，在继电器达到返回值0.5V时，校准值突然漂高至0.83V，此时继电器显示正常，未动作。对校准值进行调零，与主控沟通持票观察2天；
④观察2天后测量100XK的校准值，发现又漂移至-0.49V，而对就地蓄电池电压进行录波，波动平均值在0.1V左右，且峰值时间为毫秒级，对继电器动作无影响，判断继电器故障：5与值长进行沟通，同意还票，新建WR转日常对继电器进行更换",,
主控触发4RGL001KARGL运行故障和4RGL007KARCS故障报警,04:09:03时，主控出现“4RGL001KARGL运行故障”和4RGL007KARCS故障”,影响4RGL控制棒系统的可靠性,已采取的行动措施：1）主控室根据报警卡使用IRGL001规程检查4RGL各KIC画面，发现4RGL701KS（RGL fault）灯亮、4RGL707KS（RCS alarm）灯亮，未见其他异常；2）主控检查当时时刻一回路温度、核功率等各项参数均未见异常；3）按报警卡提示安排就地检查巡视4RGL机柜，发现4RGL017AR柜内A/B电源卡件报故障；4）立即oncall维修仪控沟通报警现象及RGL状态，初步怀疑4RGL017AR柜内A/B电源卡件报故障,报警触发原因是4RGL017ARMC1机箱一块AB电源卡件报故障，正常为两块电源卡件穴余供电；另一块电源卡件工作正常，对控制棒的正常动作无影响；对故障卡件经进一步检查分析为A/B电源卡件PCB板内D2模块故障,仪控处理反馈：1 ）处理进展结果：主控4RGL001/007KA 报警，已消除。 2 ）处理措施：仪控维修人员按照工作方案对故障AB 电源卡件进行更换，更换工作已完成。3 ）故障原因分析：报警触发原因是4RGL017ARMC1 机箱一块AB 电源卡件报故障，正常为两块电源卡件穴余供电，另一块电源卡件工作正常，对控制棒的正常动作无影响；对故障卡件经进一步检查分析为A /B 电源卡件PCB 板内D2 模块故障,1) RGL001KA(RGL 运行故障）报警触发的可能原因：棒控棒位系统设备（逻辑柜RGL001AR，测量柜RGL009AR，处理柜RGL010AR，电源柜RGL011AR~RGL026AR）发生故障或失电。2) RGL007KA(RCS 故障）报警触发的可能原因：棒控电源柜（RGL011AR~RGL026AR）或棒控逻辑柜（RGL001AR）等设备发生下列故障①电源柜或逻辑柜电源故障：②电源柜非紧急故障：③CCS 命令故障：④测量值超范围：定值故障：6P4 信号故障,
主控闪发1RIC713KA 堆芯冷却监测系统故障（A 列）报警,04:56:46和04:56:53主控闪发1RIC713KA堆芯冷却监测系统故障（A列），检查发现1RIC008KM波动了两次，最低波动至231℃,导致1RIC008KM温度波动,已采取的行动措施：oncall仪控检查处理,1RIC008KM闪发偏低至231℃左右，与区域内其他热电偶温度超差39.3℃，导致机柜报1RIC713KA报警。通过检查怀疑机柜温度变送器或者下游模拟量输入卡件存在异常,仪控处理反馈——检修步骤：1)视检查机柜内1RIC008MT热电偶进线端子，接线正常；2)拆除1RIC008MT热电偶进线端子，用万用表测量上游进线电阻，数值保持426.4Ω稳定不动；3)测量1RIC008MT对应温度补偿热电阻，数值保持110.92稳定不动；4)拆除1RIC008MT温度变送器的输入输出接线，拆除1RIC713AA输出线；5)将这三组线接入记录仪，调整记录仪等待抓取波形；6)机组从热停升至满功率后未再出现闪发现象；7)将1RIC008MT温度变送器接线回装；8)在KIC二层上检查1RIC008MT温度为328℃，没有异常；9)工作结束，清理现场，检查确认标牌完整，向运行人员报告工作完成情况,1RIC713KA 堆芯冷却监测系统故障（A 系列）报警触发的可能原因：1 ）电源故障。2)1RIC011AR（堆芯冷却监测机柜）的自检装置探测到故障。①至少一个模拟或逻辑输入信号失效；②机柜硬件检测到故障；3 系统RTE 检测到故障。3 ）定期试验,
主控闪发2GSE803KA（遮断电磁阀（通道三）差异）报警,主控出现2GSE803KA（遮断电磁阀（通道三）差异）报警，查看画面2GSE003EW 失电，23s 后2GSE003EW 重新带电，报警消失,影响遮断电磁阀工作的可靠性,已采取的行动措施：1）查看和执行报警卡，检查发现2GSE003EW灯灭而后重新恢复；2）联系仪控检查处理,通道三MPM123-卡件接线端子3松动,"仪控处理反馈1）工作过程：①D在2GRE工程师站检查确认无2GSE/GRE异常报警；②根据《2GSE203EL电磁阀在线检查工作方案》对2GSE203EL的控制回路接线进行检查；③检查发现通道三MPM123卡件接线端子3松动，2GSE803KA再次触发；④对通道三MPM123卡件接线端子3进行紧固，联系主控确认2GSE803KA报警消失；③根据方案检查其他接线紧固无松动；
③工作结束，清理现场；②归还工作许可证，请运行人员验收。2 ）故障原因分析：通道三MPM123 卡件接线端子3 松动",CSE803KA（遮断电磁阀通道三）差异）报警触发的原因有1 ）遮断模块失电；2 ）直流控制电源失去；3 ）接线损坏,
主控闪发2GSY025KA(封闭母线强迫风冷装置综合故障),"主控闪发2GSY025KA(封闭母线强迫风冷装置综合故障),现场核实PA3测点闪发故障",影响封闭母线强迫风冷装置运行可靠性,"已采取的行动措施: 1)查看和执行报警卡, 安排现场检查确认发现2GSY001AR控制面板上PA3测点闪发故障; 2) 提工作申请(WR)按计划处理",风速探头接触故障,"电气处理反馈: 1)检修内容及步骤: D现场确认2GSY101/102ZV在运行: ②和运行沟通主控出现的报警: ③拆除2号风机对应的风速探头接线并记录: ④更换新的风速探头并按照拆线记录恢复接线; 5调整风速探头位置, 在2GSY001AR控制面板上把报警复位: ③联系运行验收, 确认无报警; 7工作结束, 清理工作现场. 归还工作许可证。2故障原因分析: 风速探头接触故障",GSY025KA报警可能的原因1)PLC存储电池电压低; 2)电源相序错误; 3)单元1主机过载; 4)单元1风机过载; 5)单元2主机过载; 6)单元2风机过载; 7)母线露点高; 8)母线压力低; 9)母线压力高; 10)压缩机排气温度高; 11)压缩机排气压力高; 12)压缩机,
主控闪发9TEG001BA 氧浓度高报警,主控闪发9TEG001BA 氧浓度高报警,1)TEG001BA 氧浓度若真实超过限制，存在氢爆风险；2 ）仪表故障影响对于氧浓度的监视,已采取的行动措施：对TEG001BA 取样氧浓度,9TEG001MG 仪表申极氧膜脏污,,1）氧表测试的原理是利用电化学的原理实现对氧含量的测量，气体透过膜进入到电解池中，并溶解到电解液里。在阴极上发生了反应以后，会产生可测量的电流。这个电流与进入电解池中的气体的量成比例。2）氧表测量范围：0%~5%，高报1.5%；高高报3.5%。当废气中氧的含量大于1.5%时，KSN 上会有507KA 报警，KIC 上有527KA 报警：当氧的含量大于3.5%时 KSN 上会有505KA 报警，KIC 上有528KA 报警：当发生系统故障时，KSN 上会有506KA 报警，KIC 上有529KA 报警,
主控闪发主给水泵C 入口电动阀门3APA300VL 闪发故障,13:43 主控闪发3APA635KA（给水泵C 阀门故障），持续6s ，经查看趋势确认是3APA300VL（3 号主给水泵入口电动隔离阀）闪发故障，现场查看阀门未见异常。注：4 号机组4APA200VL 于当天也闪发了阀门故障缺陷,1 ）若阀门关限位触发，会联锁泵保护停运；2 ）若处理3APA300VL 需要隔离3APA302PO ，则按照规程需要降功率至784MW 运行，影响后续3 号机组升功率,已采取的行动措施：1）立即查看当前运行泵3APA302P0流量无变化，保持在3370m3/h左右，SG液位正常；2）派人员就地查看，由于是闪发，就地未见异常；3）oncall维修电气专业检查3APA300VL故障原因,经香看电动头DCS后台监测阀位历史趋势，在闪发报警期间电动头阀位反馈由开限位转到FAULT，报警消失后又转为开限位，分析为由于振动导致电动头开限位反馈回路的插件或接线接触不良，从而导致开限位短时消失，电动头出现短时故障报警,"电气处理反馈1）故障现象：3APA300VL闪发故障，持续时间6s，接到oncall就地查看电动头无异常，目前持续观察5h电动头运行正常；2）故障原因分析：经查看电动头DCS后台监测阀位历史趋势，在闪发报警期间电动头阀位反馈由开限位转到FAULT，报警消失后又转为开限位，分析为由于振动导致电动头开限位反馈回路的插件或接线接触不良，从而导致开限位短时消失。电动头出现短时故障报警：3）已采取措施：①D对3APA300VL电动头测量振动，垂直方向最大振动加速度值1.6g，水平方向最大振动加速度值1.4g，超过电动头运行振动要求（电动头运行振动标准为1g）；
2②就地持续观察电动头，截至目前持续观察6h：电动头运行无异常；4 ）设备可用性评价：①从运行逻辑上分析，远控自动运行工况下，3APA302P0电动给水泵C 运行时。3APA300VL 阀门“允许关”闭锁无法触发，即3APA302P0运行时，远控无法自动关闭 3APA300VL；②从电动头本体分析，开关阀控制与反馈回路均互相独立，连锁跳泵信号取自全关反馈回路，全关反馈有独立的继电器触发继电器得电才会触发关限位，电动头振动、失电、插件接触不良均不会导致关限位触发：综上所述，当前电动头处于正常运行状态，报警出现期间会影响3APA300VL 电动头电动操作，但不影响阀门保持开启状态，不影响主给水泵相关运行功能：5 ）后续行动：①编制电动头在线处理工作方案，若电动头出现持续报警，则对其在线进行处理：②核实领用电动头备件，利用备件进行模拟分析，尝试重现故障，查找故障根本原因：③研究调取3APA300VL 电动头故障历史数据记录可行性：④调研对电动头内板卡插接件紧固的良好实践：研究电动头控制单元与本体分离的可行性。维修二处组织维修机电仪、运行、设备管理召开3APA300VL/4APA200VL 闪发报警故障处理讨论会，制定以下处理措施：D 评估“实施TCA -对","1) 3APA300VL 参与的 APA 控制逻辑: 3APA300VL 关信号触发 3APA302P0 跳闸: 3APA300VL 全开信号是主给水泵 C 允许启动信号之一。2) 针对 3、4 号机组多次出现开限位丢失故障。经研究发现, ROTORK 电动执行机构开限位由电动头内部继电器 S2 实现反馈,S2 继电器为常开触点,当阀门全开时,S2 继电器线圈得电,触点吸合。经检测,APA 系统电动执行机构最高振动可到 5.5g,远高于电动执行机构 1g 的振动标准,高频小幅振动导致 S2 继电器闭合触点跳动,产生开限位丢失信号的故障。针对限位丢失的现象,对 3、4 号机组 APA100VL、APA200VL、APA300VL 电动执行机构的开限位反馈继电器 S2 与备用继电器 S3 进行并联。从而屏蔽单一继电器偶发性开限位丢失故障,提高 3、4 号机组 APA100VL、APA200VL、APA300VL 电动执行机构可靠性
参考资料来源信息",
主控间断出现13LAA001RD 故障报警，就地核实为风扇失效报警,主控间断触发3LAA001RD 故障报警，就地核实为风扇失效报警,间断触发3LAA001RD 故障报警，风扇失效影响3LAA001RD 运行安全,,,风扇故障损坏,电气处理反馈：1 ）检修工作过程：①召开工前会，建立检修场地，验证隔离边界；②对3LAA001RD 柜顶部盖板进行清灰；③拆除3LAA001RD 有故障的风扇E021、E022、E023、E024，用同型号合格备件进行更换；④与主控沟通解除3LAA001RD 上游开关3LKE2161JA 、投运3LAA001RD 运行正常；5 与主控沟通，主控报警消失，归还工作许可证；2 ）故障原因分析：风扇故障损坏,
主控频繁触发3KRT014KA2（005MA监测通道1级报警）和3KRT039KA报警处理（005MA设备冷却水A列活度2级报警）,06:45分开始主控三次闪发3KRT014KA2（005MA监测通道1级报警）和3KRT039KA报警处理（005MA设备冷却水A列活度2级报警）,3KRT005MA故障不可用，产生IO2：KRT11,已采取的行动措施：1）查看核岛设备冷却水系统（RRI）A 列设冷头箱液位无变化；2）辐射防护现场检查仪表无故障；3）联系仪控进厂检查处理，并联系化学对设冷A 列放射性取样化学取样结果&lt;0.03MBq/t，放射性合格,探测器进水导致探测器故障,仪控处理反馈：1）检修过程：D 测量LPDU 内部±12V 电压正常；②检查LPDU 内部端子和接线无异常；③检查设备接地无异常，探测器连接电缆无异常；④设备断电、打开铝室发现铝室进水，探测器进水：将铝室水排尽，除锈，确保铝室内干燥清洁；③使用备件探测器更换。完成后恢复供电；①设备运行2h 后数据无异常；2）原因分析：现场检查发现就地设备数据波动较大，会超过1、2 级报警值。检查就地处理箱内部电缆端接、电压、接地情况均正常，使用信号发生器模拟输入信号未见输出异常。发现探测器所在铝室有积水，闪发报警原因可能由于探测器进水导致：3 机组影响评估：一路RRI 水的放射性测量通道不可用，产生第二组10,"KRT005MA/006MA 用来监测核岛设备冷却水系统（RRI）A 列/B 列中的放射性活度。以及时发现一回路辅助系统各类承压边界的完整性一屏障监测
KRT005MA/006MA 通道流量失效报警信号一旦出现就不会自行消失，取样水流恢复正常后仪表会自动进入测量状态，但失效信号必需要人员到KRT 机柜手动解除。正常运行中（未进行设冷的任何操作）。若出现KRT005 、006MA 失效报警，需通知辐射防护人员检查仪表的运行情况，核实是否通道失水，尝试解除失效报警信号，若可解除，则一般不是KRT 仪表自身的问题，多为水流波动或其他因素导致，可继续运行观察或检查。部分RRI 阀门的操作也会引起KRT 流量失效报警",
主控频繁触发4CFI611KA(031TF重鼓网反冲洗压力低）报警，导致备用泵4CFI104P0自动启动,,导致备用的反冲洗水泵非预期自动启动,已采取的行动措施：1 ）查看和执行报警卡，检查原处于运行的泵 4CFI101P0出口压力未见异常，泵未见异音和跑冒滴漏情况，泵出口阀门开度正常；2 ）安排现场检查备用启动的泵4CFI104P0运行正常，检查反冲洗水就地压力表4CFI651LP正常达到0 . 35MPa；3 ）安排现场检查反冲洗水沟反冲洗水流情况，未见异常；4 )oncall 仪控检查处理,仪表受潮有积水导致微动开关损坏触发报警,仪控处理反馈：1 ）工作过程：①确认设备位号与工作许可证一致，与运行交流信息：②关闭4CFI611VC;③拆下仪表信号快速插头，连接压力校验仪对仪表进行校验仪表无恢复值无动作值；④打开仪表表盖发现仪表内有积水，微动开关损坏：更换校验合格的新备件，恢复仪表信号快速插头；打开4CFI611VC 投用仪表，4CFI611KA 报警消失；⑤工作结束，归还工作许可证。2 ）故障原因分析：仪表受潮有积水导致微动开关损坏触发报警,"1 ）反冲洗水泵自动启动信号：鼓网运行状态＋无停运反冲洗水泵信号＋本列另一台反冲洗水泵在运行且无停运命令延时30s＋出现冲洗水压力低[CFI611SP（或612SP)≤0.19MPa.g]。2 ）反冲洗水母管压力低的原因：①运行的泵出口阀门开度不够；②停运的泵出口阀门开度过大且逆止阀存在内漏：③反洗水泵去鼓网的出口阀（CFI611SP、612SP下游）开度太大：④CFI611SP/612SP仪表故障；反冲洗泵出口压力低：可能是泵充水排气不够，需要多排会气。3 ）进行反冲洗水泵切换时，避免和处理出现反冲洗水母管压力低报警的方法：①在将需要停运的反冲洗水泵停运前，确认CFI001HXT 中无反冲洗水压力低的SP 触发的CFI611KS 或612KS 报警；②检查需要运行的泵启动后出口压力满足0 . 45~0 . 50MPa.g，必要
③检香反冲洗水泵去鼓网的冲洗水阀开度是否过大。若过大可参考另一列或另一个机组对应阀门适当关小：④检查格栅除污机反冲洗水阀门是否被误开启，若开启则按要求关闭；5 检查运行泵的运行声音和泵出口压力，若泵存在异音出口压力存在波动等汽蚀现象，适当开启泵出口排污阀检查排水是否存在气泡，判断是否泵充水排气不够，必要时短时关泵出口阀进行憋压排气；③若上述处理措施后，问题仍存在联系仪控检查4CFI611SP 或612SP 定值是否存在故障高漂等情况",
主控频繁闪发4RGL008KARPI 报警,,1）影响4RGL控制棒系统的可靠性，仪控电话反馈，备用PLC柜可能存在故障，具体待现场检查后确定原因；2）若主用PLC柜故障，影响RGL系统测量棒位显示，将会产生I01：RGL6，要求24h内机组开始向NS/SG模式后撤,已采取的行动措施：1 ）主控室根据报警卡和故障规程，检查4RGL 各KIC 画面，发现报警时4RGL708KS 灯亮，未见其他异常；2 ）主控检查当时时刻一回路温度、核功率等各项参数均未见异常；3 ）安排就地检查4RGL 机柜，发现4RGL010AR 控制柜存在如下异常：报警触发时双机冗余失效黄灯亮，从机未同步运行黄灯亮，CPU2(RPE 柜）红灯亮；4 ）立即oncall 维修仪控检查处理,主控频繁闪发报警是由于4RGL 处理柜4RGL010AR 从机PLC 的CPU 多次重新加载导致，当前从机CPU 已重新加载成功，从机工作正常，报警消失,6）影响分析：RGL处理柜PLC为几余配置，从机未运行说明冗余丧失，PLC变为单路运行，仍能保证整个RGL系统的正常运行,4RCL008KA（RPI报警）触发的可能原因棒位测量柜（4RGL009AR）或棒位处理柜（4RGL010AR）等设备发生下列故障：1）处理柜电源故障；2）测量柜通风故障；3）网关1故障或网关2故障；4）处理柜与4RGL系统网络间的交换机故障；5）网关与4DCS系统间的交换机故障,
主控频繁闪发4RGL008KARPI报警,12：34开始，主控连续闪发3次“4RGL008KARPI报警”，每次持续约40s,1影响可4RGL控制棒系统的可靠性，仪控反馈待现场检查后确定原因；2)若主用和备用PLC柜同时故障，影响RGL系统测量棒位显示将会产生I01：RGL6，要求24h内机组开始向NS/SG模式后撤,1）已采取的行动措施：D主控室根据报警卡和故障规程，检查4RGL各KIC画面，发现报警时4RGL708KS灯亮，未见其他异常；②主控检查一回路温度、核功率等各项参数均未见异常；③报警触发时，仪控间4RGL系统SU工作站上报警列表显示从机未运行，报警消除后，显示从机运行正常；④由于报警短时闪发，就地检查4RGL机柜，未见明显异常就地显示从机运行正常；立即oncall维修仪控进厂检查。2）建议后续行动：①建议维修仪控分析故障根本原因并消除缺陷，避免重复故障缺陷发生；②运行密切监视4RGL系统画面及机组状态,根据故障现象，初步分析可能原因为：①从机CPU的SD卡故障；②主机上通讯冗余模块故障；③从机上通讯冗余模块故障；④通讯几余模块接线异常,仪控处理反馈105月09日反馈：①故障描述：2019年05月09日12：34开始，主控闪发“4RGL008KARPI报警”3次，每次持续约40s。②报警信息：查看RGL工程师站SU上报警信息显示：4RGL处理柜（4RGL010AR）从机PLC闪发CPU加载失败。③故障原因分析：根据故障现象，初步分析可能原因为：a.从机PLC的CPU故障；b.从机PLC机架故障；c.从机CPU的SD卡故障；d.冗余模块故障；e.余模块接线异常。④上次（2019.03.08）处理情况及处理结果：2019年03月03日主控频繁闪发“4RGL008KARPI报警”，从03日到08日期间处理柜从机PLC的CPU多次重新加载导致报警频繁闪发，后该闪发报警变为持续报警。在03月08日4号机组调停期间对4RGL010AR处理柜从机PLC的CPU和机架进行了更换，报警消失，经过4天持票观察报警未再出现后归还工作票。,4RGL008KA（RPI 报警）触发的可能原因棒位测量柜（4RGL009AR）或棒位处理柜（4RGL010AR）等设备发生下列故障：1 ）处理柜电源故障：2 ）测量柜通风故障；3 ）网关1 故障或网关2 故障；4 ）处理柜与4RGL 系统网络间的交换机故障；5 ）网关与4DCS 系统间的交换机故障,
主控频繁闪发4RPN436KA(LSS故障）报警,降负荷至2 . 5 %FP ~3 %FP 过程中，主控出现4RPN436KA(LSS故障报警,报警频繁触发影响主控操纵员监盘，可能导致LOCA 监测系统画面异常卡顿,,低功率下，当RPN 功率量程各通道的6 段节电流之和小于0 . 5 V （对应电流为10μA ）时，导致系统中有关节电流的计算将被认为无效从而产生LSS 系统故障报警（RPN436KA）,仪控处理反馈：1 ）缺陷描述：4 机组低功率状态下闪发4RPN436KA(LSS 系统故障）报警。2 ）报警原因：经与设计沟通，根据LSS 系统设计原理，其中有关节电流计算的设计中有以下限制要求： （SH1+SH2+SH3+SB1+SB2+SB3)>0.5V 注：RPN 功率量程各通道的6 段节电流之和须大于0 . 5 V （对应电流为10μA ）如果不满足以上条件，系统中有关节电流的计算将被认为无效，从而产生LSS 系统故障报警 （RPN436KA）。而根据通道功率水平计算公式 P=GxKx/KHx(SH1+SH2+SH3)/3+KBC(SB1+SB2+SB3)/3）注：G （电流-功率转换系数）为常数，设置为1x10 单位：A/%FP)K、KH、KB 为功率刻度系数，每月通过堆芯功率分布测量试验校核确定。当满足以上条件时。核功率须达到一定的功率水平（通常3 %FP 左右，具体数值与当前功率刻度系数有关）。3 ）报警影响：该报警由机组工况变化引起，属于正常现象，不属于设备缺陷，不影响设备可用性,低功率下，当RPN 功率量程各通道的6 段节电流之和小于0 . 5V （对应电流为10μA ）时，将导致系统中有关节电流的计算将被认为无效，从而产生LSS 系统故障报警（RPN436KA）。可以适当控制核功率大于约3 %FP ，以消除LSS 系统故障报警（RPN436KA）,
主控频繁闪发4RPN436KA（LSS故障）报警,降负荷至2.5%FP～3%FP过程中，主控出现4RPN436KA（LSS故障）报警,报警频繁触发影响主控操纵员监盘，可能导致LOCA监测系统画面异常卡顿,已采取的行动措施。1）查看和执行报警卡，检查设备故障信息和参数异常信息，参阅FQ4-RPN-I-001故障规程有关章节和运行技术规范中的相关规定；2）联系仪控和堆物理人员检查确认：3）为避免频繁闪发报警，核功率按照3%FP~3.5%FP控制,低功率下，当RPN功率量程各通道的6段节电流之和小于0.5V（对应电流为10μA）时，导致系统中有关节电流的计算将被认为无效，从而产生LSS系统故障报警（RPN436KA）,"仪控处理反馈: 1)缺陷描述: 4机组低功率状态下闪发4RPN436KA (LSS系统故障)报警。2)报警原因: 经与设计沟通根据LSS系统设计原理, 其中有关节电流计算的设计中有以下限制要求: (SH1+SH2+SH3+SB1+SB2+SB3)&gt;0.5V注: RPN功率量程各通道的6段节电流之和须大于0.5V(对应电流为10μA)。如果不满足以上条件, 系统中有关节电流的计算将被认为无效, 从而产生LSS系统故障报警(RPN436KA)。而根据通道功率水平计算公式, P=GxK×KHx(SH1+SH2+SH3)/3+KB× (SB1+SB2+SB3)/3注: G(电流-功率转换系数)为常数, 设置为1×10(单位: A/%FP)K、KH、KB为功率刻度系数, 每月通过堆芯功率分布测量试验校核确定。当满足以上条件时, 核功率须达到一定的功率水平(通常3%FP左右, 具体数值与当前功率刻度系数有关)。3)报警影响: 该报警由机组工况变化引起, 属于正常现象, 不属于设备缺陷, 不影响设备可用性
相 关 知 识",,
主故障）,执行FQ4-LLS-T-002：柴油发电机和水压试验泵无密封注水带负荷启动和运行试验规程对8RIS011P0 再鉴定时，合上8LLS023JA 后，就地8LLS001AR 上8LLS579LA（综合故障报警）灯亮，且无法复位，主控存在8RIS423KA（试验泵及辅助装置主故障）,影响8RIS011P0 的可用性，产生I01: RIS5,2)oncall 电气检查处理,控制柜PLC 输入点错误,电气处理反馈：1 ）缺陷描述：8RIS011P0 再鉴定过程中主控出现8RIS423KA 报警；2 ）原因分析：控制柜PLC 输入点错误；3 ）处理措施：经与主控沟通，电气人员对水压试验泵控制柜内部的PLC 进行核实，通过对PLC 各输入点进行测量查找，发现控制柜内部的空冷风机断路器003JS 的辅助触点接触不良，导致其信号未正常送入 PLC ，触发综合故障报警并无法复位。经过对003JS 的辅助触点修复后，报警复位消失，水压试验泵正常启动，电气人员保驾至试验结束无异常,1)8RIS423KA（试验泵辅助设备故障）报警触发的可能原因有：下列设备一个（或多个）热保护继电器动作：D 润滑油泵8RIS111M0:8RIS001XS:②试验泵 8RIS112M0:8RIS001UF;3 空冷风机8RIS113M0: 8RIS003XS。2)8RIS423KA（试验泵辅助设备故障）报警触发的可能后果有：下列设备自动停运：D 润滑油泵 8RIS111M0;②试验泵8RIS112M03 空冷风机8RIS113M0,
主泵转速表3RCP360MC和轴位移仪表3RCP352MM短时异常波动,,影响主泵停运时顶轴油泵的自动启动以及轴封应急注入阀门的自动动作,1) 已采取的行动措施: oncall 维修仪控; 2) 建议后续行动: 301 大修期间对 VC6000 中 SOLT33 卡件进行更换,VC6000 申 SOLT3 采集卡件故障,"仪控处理反馈: 1) 处理进展: 301 大修期间对 VC6000 中 SOLT3 卡件进行更换后恢复正常; 2) 故障原因分析: 经检查与 3RCP360MC 同一时间消失的信号还有 3RCP352MM。由当前状态(均由 VC6000 中 SOLT3 卡件采集信号, 当前均示数稳定, 无异常情况)分析, VC6000 中 SOLT3 采集卡件故障可能性较大, 探头及放大器单元无相关问题; 3) 检修步骤: ①D 对 3RCP800AR 内 VC6000 进行断电处理; ②拆下 VC6000 前面板固定螺丝, 将 VC6000 拆下并用记号笔进行标记; ③将 VC6000 备件放进支架内, 并将前面板螺丝进行紧固; ④使用 VC6000 专用组态电脑对 VC6000 软件组态进行下装","主泵零转速表逻辑: 1) RCP160MC 或 RCP260MC 或 RCP360MC 高高 1750 r/min 触发 RCP000KA;
2) RCP160/260/360MC 高高 1750 r/min 与上对应的 RCP140/240/340MY 高高 1750r/min 触发 RCP981/983/985KA, 导致对应主泵停运; 3) RCP001/002/003P0 启动 8 s 后且 1 h 内, 若 RCP160/260/360MC 小于 200r/min, 导致对应主泵停运; 4) RCP160/260/360MC 任一仪表低至 200r/min 会自动开启对应主泵的再循环阀 RCP912/942/972VP; 5) RCP160/260/360MC 任一仪表低至 1200 r/min 与上 RCP160/260/360MC 不为 0r/min, 启动对应主泵顶轴油泵 RCP011/021/031P0; 6) [RCP160/260/360MC 高于 1400r/min 或 RCP160/260/360MC 低至 0 r/min1 与上无 RCP011/021/031P0 启动命令, 允许在 KIC 上手动停运对应主泵顶轴油泵 RCP011/021/031P0; 7) RCP160/260/360MC 任一仪表低至 0r/min 与上「主泵高压泄漏流量高 3 延时 4 s (RCV036MD&RCV037MD/RCV038MD&RCV039MD/RCV040MD&RCV041MD 高至 1.35 m/h 延时 4 s) 或主泵轴封流量低 4 延时 30 s",
主给水泵4APA302P0 出现反转,"18:17:29 主控KIC 中出现4APA303KA 给水泵C 反转报警 （4APA303KA）。18:17:30主给水泵反转转速4APA301MC 开始上升，最高上升到J414.3r/min ，流量最高到533.2m／ h,4APA313VL 自动关后，18:17:57 停止反转，反转持续时间28s",1 ）反转信号出现将导致给水泵C 无允许启动信号，影响主给水泵备用可靠性。无法实现备用自动启动功能。2 ）泵反转可能对泵和电机产生不利影响,,机组降功率（除氧器甩负荷）后，除氧器内的水压力参数迅速降低，但 APA 泵组所在管道位置较低，水装量大，加之暖泵管线正在持续投入高温高压水，因此导致 APA 泵组内水参数较除氧器侧（水）高，压力差作用转子较轻的压力级泵反转（前置泵与电机转子相连，故难以反转）。随着负荷持续降低和水流动，APA 泵组管道内的水参数降低，并最终实现压力级泵处的水压力等于前置泵处的压力，水流完全停止,设备管理处反馈：经调查 1~4 号机组多次出现在备用状态的 APA 压力级泵产生反转问题，同行电厂也出现类似问题。1）主要特征：①机组降功率运行（机组功率基本在 450MW 以下）。②备用泵发生反转时，其压力级泵出口位置压力（APA102MP/202MP/302MP）高于对应前置泵入口压力（APA103MP/203MP/303MP）。即：泵组停运后，从压力级泵位置到前置泵位置存在明显的压力差，且此时泵组停运。2）原因分析：机组降功率（除氧器甩负荷）后，除氧器内的水压力参数迅速降低，但 APA 泵组,进口阀全开及给水泵不反转（或给水泵A 不在最小转速位置时A 反转转速小于200r/min）；3）参与主给水泵出口阀自动关信号：D 给水泵A 停运；②给水泵A 反转（AGM102SY）；③给水泵A 转 速>200r/min，即给水泵A 停运后出现反转，且反转转速>200 r/min，则保护关给水泵A 出口阀。反转信号复位的方法：1）通过按下AGM101AR/201AR/301AR 上的RESET 按钮 AGM101T0/201T0/301T0;2）或是在PV+600 主菜单画面时按下功能按键区的F4 键；3）或在PV+600 报警清单画面时按下功能按键区的F4 键复位报警，在报警清单画面下，F1 键可以确认选中的报警，F2,
主给水泵的工作油冷却器4AGM302RF抗虹吸管线接头处喷油,"02月25日早班现场巡检发现I4APA302PO的工作油冷却器4AGM302RF人口管道一处接口（如下图中红圈所示位置）存在漏油约3s一滴。02月26日中班接班后，现场反馈4APA302PO的工作油冷却器4AGM302RF入口管道处漏点扩大，当前已成线状流。
X 文 306VD308VD 工作油冷却器 314313302RFLTLT310KD301KD3 SRI F02 D3302KD303VH303KD3SRI112VNMCSSAR3AGM9003VA3SRIF02D33SRI113VN3SRI114VN003VN图 1 泄漏点位置（红圈中所示接点处）",1）如泄漏没办法在线处理，4APA 泵无备用，需要紧急降功率至 769MW 运行；2）现场存在漏油情况，存在火灾风险,已采取的行动措施：1）当班值安排执行紧急切泵操作，将主给水泵泵 C 切换至主给水泵 B 运行；2）切泵过程中已安排密切监视 4APA302PO 油位；3）安排化学对库存油品进行分析，合格后实施补油准备；4）oncall 设备管理和维修机械评估泵运行状态并准备维修方案，专业评价 C 泵可保持在备用可用状态；5）现场漏油处已拉设警示带，要求维修机械和服务人员清理和收集漏油；6）下班前机械已加工好卡套并取得合格的油品，准备使用卡套堵漏。注：主给水泵停运后，由于 4AGM301PO 运行油压低于 APA 泵运行期间主油泵运行的油压，漏量已减小，3 s 1 滴。建议后续行动：1）请维修机械加紧准备下一步处理方案；2）请设备管理处分析当前状态下 C 泵的可用性；3）维修进行根本原因分析,管线接头密封件失效，使得4AGM302RF抗虹吸管线接头处泄漏,,,
主蒸汽隔离阀3VVP002VVA 列定期试验时关至90 ％开度后无法恢复全开,执行F03-VVP-T-002主蒸汽隔离阀部分关闭试验时，3VVP002VV关闭到90%后供油气动泵3VVP022P0未启动，3VVP002VV停留在90%开度无法全开。经机械调整增大压空减压阀后压力到53psi后，泵启动，驱动阀门全开，泵动作过程中有喻瑜的卡涩声,1）导致QSR定期试验无法继续执行；2）供油气动泵无法运行，VVP油压无法建立。若主蒸汽隔离法油压缓慢降低，主蒸汽隔离阀持续关闭，机组有停堆停机风险,已采取的行动措施：1）立即停止试验，确认3VVP002VV泄油阀3VVP252DR关闭，现场确认主蒸汽隔离阀没有继续关闭；2）停运临时3VVP002VV间隔临时风机，现场关注3VVP002VV油压；3）主控室关注2号蒸汽发生器液位；4）oncall机械人员检查处理。建议后续行动：1机械分析供油气动泵无法启动的根本原因；2）排查其他主蒸汽隔离阀供油气动泵是否存在相同情况,定期试验前及阀门无法正常开启时。阀门相关参数如下减压阀后氮气压阀门状态油压/psi 压力/psi 力/psi 定期试验前5031002350阀1 达到90 ％开度无法4924502350 恢复正常全开时检香压空电磁阀确认通断正常，根据气动泵动作原理，泵进气压力（即压空减压阀后压力）需足够天才能克服泵本体摩擦力，驱动泵动作。将泵进气压力增大到53psi 后，泵动作，驱动阀门全开阀门相关参数如下减压阀后氮气压阀门状态油压/psi 压力/psi 力/psi 泵启动时 5324502350 阀门全开后56310023503VVP002VV在大修后试验、1 ~4 月份定期试验合格且无异常，结合现场泵的异音分析认为阀门无法开启的原因：主要原因：气动油泵润滑不均匀导致动作卡涩一气动泵活塞或轴封卡涩造成，需压空压力增大才能克服泵摩擦力，驱动泵动作。促成原因：①可能是压空减压阀后压力表漂表，示数偏大（前期普遍出现）；②减压阀在调节过程中，压力表示值顺畅，减压阀卡涩可排除（已排除）,机械处理反馈一工作过程：1 ）拆开3VVP222VA 减压阀保护罩；2 ）松开锁紧螺母；3 缓慢调大减压阀，当调至53psi 时泵启动将阀门打到全开；4 ）锁紧锁紧螺母，回装保护罩,,
主蒸汽隔离阀部分关闭试验时3VVP003VV关闭到略大于90%后供油气动泵未启动,早班执行F03-VVP-T-002主蒸汽隔离阀部分关闭试验时3VVP003VV关闭到略大于90%后供油气动泵停运，3VVP003VV停留在略大于90%开度无法全开,1）导致QSR定期试验无法继续执行；2）供油气动泵无法运行，VVP油压无法建立，如果主蒸汽隔离阀持续关闭，机组有停堆停机风险,已采取的行动措施：1）立即停止试验，确认3VVP003VV泄油阀3VVP253DR关闭，现场确认主蒸汽隔离阀没有继续关闭；2）停运临时风机，现场关注3VVP003VV油压，当前油压2600psi并保持稳定；3）主控室关注3号蒸汽发生器液位；4）通知机械保驾人员检查处理。建议后续行动：1）机械分析供油气动泵无法启动的根本原因；2）结合05月14日3VVP002VV未全开故障进一步制定处理预案，推动共性缺陷的消除,气动泵前减压阀阀后压力低，导致气动泵动作缓慢，阀门开启缓慢,机械处理反馈一工作过程：1)拆除3VVP223VA阀门保护罩；2)通知主控后开始调整3VVP223VA，使阀后压力增大，直至气动泵可以正常启动；3)确保A，B列试验全部做完后，恢复阀门保护罩,FQ3-VVP-T-002中验收准则规定，VVP003VV可用性：检查阀门自动关闭且达到10%关闭定值限位器时自动重新打开,
低加出口母管给水蝶阀4ABP006VL（ADG进水阀门）在主控无法操作打开,机组重新启动时，在主控无法操作打开4ABP006VL：在强制ADG010SN触发后，4ABP006VL仍无法开，开启其上游排气阀泄压时发现排出很多蒸汽，没办法继续进行泄压,导致凝结水无法进入除氧器，无法启动ADG 系统,已采取的行动措施：1）检查4ABP006VL上游仪用压空供气正常； 2）联系仪控强制4ADG0100SN触发；3）开启4ABP006VL所在管线上游排气阀泄压时发现排出很多蒸汽，没办法继续进行泄压；4）通过将4ABP010VL打开进行泄压后，再在主控操作开启4ABP006VL，顺利打开,4ABP006VL 阀门开启的设计压差为2.411 MPa，因前后压差太大导致无法开启，需要进行泄压平衡前后压力,仪控处理反馈配合运行强制4ADG010SN触发信号，在运行开启4ABP006VL 后，取消强制,ABP006VL 的控制逻辑：1）自动开启：除氧器液位不高<500mm，且除氧器进水管线满水ADG010SN触发，且CEX 泵出口压力CEX101/201/301MP 任一>0.2 MPa;,
余排热交换器下游温度3RRA007MT 显示为负数,巡盘发现余排热交换器下游温度3RRA007MT（PAMSA 列）在KIC 中显示为负值-4 . 8 ℃，正常应该与3RRA031MT（PAMSB 列为20 . 2 ℃）显示基本一致,3RRA007MT 为PAMS A 列仪表，仪表不可用产生PAMS1 第二组10,已采取的行动措施：1 ）主控查看3RRA007MT 温度变化趋势，并和PAMSB 列余排热交换器下游温度表3RRA031MT 变化趋势比较，分析确认 3RRA007MT 故障；2 )onca11 维修仪控检查处理,3KCS043AR 机柜内的温度转换卡件故障，导致3RRA007MT 信号异常,"仪控处理反馈：1)缺陷描述：余排热交换器下游温度3RRA007MT在KIC中显示为负数，正常应该与3RRA031MT(20.2℃)显示基本一致。2)处理进展：经更换3RRA007MT温度转换卡件备件后，KIC/BUP/S-VDU上3RRA007MT恢复正常显示，I02消除。3）工作过程：①确认设备位号与工作内容一致：
②对3RRA007MT 绝缘及连续性检查，检查合格；③检查3RRA007MT 转换模块，发现模块故障；④领取新备件，更换3RRA007MT 转换模块，上位机显示正常：更换下来旧的3RRA007MT 转换模块进行报废处理：③工作结束，清理现场。4 ）影响分析：3RRA007MT 为PAMS 仪表，仪表不可用产生PAMS1 第二组I0 。5 ）原因分析：3KCS043AR 机柜内的温度转换卡件故障，导致3RRA007MT 信号异常",3RRA007MT 为PAMS A 列仪表，送往KIC、BUP、KDO、远程停堆站以及S- VDU 上显示。不参与控制逻辑,
再循环调节阀3APA120VL卡在74%开度,主给水泵A泵运行时，3APA120VL实际开度卡在74%，KIC中显示实际值为74%,1）影响主给水泵最小流量循环（再循环运行时达不到设计的循环流量）；2）在主给水停运时，将导致主给水泵“允许启动状态正常”灯灭使得主给水泵无启动允许，影响主给水泵的可用性,已采取的行动措施：1)检查确认主给水泵A各项运行参数正常，主给水泵A出口阀打开给SG提供给水。避免主给水泵A通过存有故障的最小流量管线长时间运行；2)检查3APA102MD流量与当前3APA120VL开度的控制匹配情况，并尝试手动操作控制；3）联系维修仪检查处理；4）配合维修处理阀门定位器，将主给水泵A切换到主给水泵B运行,3APA120VL阀门定位器故障,仪控处理反馈1）工作过程：D关闭3APA9120VA；②打开3APA120VL定位器盒盖并做好拆接线记录；③记录好数据后拆除旧的3APA120VL定位器并做好防异物措施；④回装新的3APA120VL定位器并根据记录数据设定新定位器数据；打开3APA9120VA；③对新的3APA120VL定位器进行整定调试；②就地及远方多次重复开关试验，3APA120VL开关及反馈正常；恢复3APA120VL至初始状态。2）故障原因分析：3APA120VL阀门定位器故障,,
发电机出线箱强迫风冷监测柜3GSY002AR失电,主控巡检发现发电机出线箱强迫风冷监测柜3GSY002AR电源指示灯不亮，对应风机全部停运，进一步检查柜内空开，发现柜内空开002JA（控制柜主电源空开）、201JA（单元b主电源空开）异常跳闸，正常运行时柜内空开应保持合上状态,1)若强迫风冷装置无法启动，会导致3GSY101MT201MT301MT温度上升，根据报警卡，任何温度达到105℃，发电机输出电流需要降至20kA（母线最大允许的自冷电流）。当前机组功率1089MW，发电机平均电流25kA，存在极大非计划降功率风险2）发电机出线端子和保护箱温度升高，可能会导致发电机出线侧CT损坏，存在跳机风险,已采的行动措施：1）主控查看3GSY画面，检查发现3GSY101MT、201MT、301MT温度呈缓慢上升趋势，3GSY301MT温度最高，达90.4℃；2）现场尝试合上跳闸开关002JA，尝试启动A单元风机未果3）直接联系3GSY002AR异常处理电气专业人员进行处理，初步分析原因为B单元跳闸后，B单元入口风阀关闭，但关限位无法触发，导致A单元风机闭锁启动；4主控和电气专业讨论后，由电气专业人员将B单元风机入口阀门关限位进行短接后，A单元风机正常启动；5）当前A单元已成功启动，出线箱温度301MT已由最高99℃开始下降，目前已下降至71℃，还在持续下降，主控、现场密切关注3GSY封闭母线温度；6)将3GSY002AR-A单元作为临时SPV管理，现场悬挂SPV标识。建议后续行动1)检查确认3GSY002AR柜内空开跳闸原因，尽快消除缺陷；2)请设备管理和维修电气分析空开跳闸根本原因，采取相应措施，避免故障再次出现,"3GSY201M0电机故障(电动机相间绕组绝缘电阻及单相绕组对地绝缘电阻为0MQ2),B单元跳闸后,B单元入口风阀关闭,但关限位无法触发,导致A单元风机闭锁启动","电气处理反馈,1)工作过程:①打开电机电源接线盒,验电:②联系机械人员将电机与叶轮脱离,并做好拆除标记;③对返厂电机进行检香,使用用表测量电机三相进线电缆对地电压为0;④用500V兆欧表,测量返厂电机绝缘电阻均为:550MΩ,绝缘合格;⑤用双臂电桥测量新电机的相间直流电阻:U-V:0.5651QV-W:0.5675Q,W-U:0.5656Ω,不平衡度0.42%。直阻合格;⑥对返厂电机进行空载试验,测量电机空载电流A相:14.7A、B相:14.5A、C相:14.3A,运行正常;⑦将返厂电机恢复至现场,按拆线记录恢复电机接线;⑧按标记将电机与叶轮连接,牢固安装到位,按拆线记录恢复电机接线;⑨办理试验许可证对电机进行试验,启动电机使用录波仪测量电机运行电流A相为:21.078A、B相:22.688A、C相:25.594A,电流正常;⑩故障原因分析:电动机相间绕组绝缘电阻及单相绕组对地绝缘电阻为0MQ","1)入口风阀关限位不能正常触发,将导致另一列单元风机不能备用启动;2)GSY设备故障第一时间无报警;3)任何温度达到105℃,发电机输出电流需要降至20kA(母线最大允许的自冷电流",
"启动1APA202P0后,手动点击1APA201KC给主给水泵升速,但主给水泵转速不变",,,已采取的行动措施：1）主控检查主给水泵B 转速控制器 1APA002KU1ARE002KU/002KC、1ARE410KC/410KU 状态设置情况，未见异常；2）安排现场检查转速控制供电柜1APA201AR 供电正常，检查转速控制柜1AGM201AR 显示屏上故障信息；3）关注主给水泵轴承振动和温度各项运行参数，及时停运主给水泵1APA202PO，避免泵长时间低转速运行；4）oncall 仪控检查处理,1AGM201AR 机柜X30 端子排1 号端子松动,仪控处理反馈：1 ）检修过程与步骤：D 检查1APA002KU 在KIC 打至MANU1AGM201PO 处于运行状态；②将C553UC： 1APA_N7:202SY 强制为0 ;③将手C553UC:1APAN7:201SY 强制为1 后恢复，模拟1APA201PO 升速信号，检查就地勺管开度无变化；④将C553UC:1APA-N7:202SY 强制为1 后恢复，模拟1APA201PO 降速信号，检查就地勺管开度无变化； 检查1AGM201AR 端子箱内接线，发现1AGM201AR 机柜X30 端子排1 号端子松动，对端子进行重新紧固；③将C553UC： 1APA_N7:202SY 强制为0 ，将C553UC:1APA_N7:201SY 强制为1 后恢复，模拟1APA201PO 升速信号，观察勺管动作正常；确认C553UC:1APA_N7:202SY 及C553UC： 1APA_N7:201SY 恢复自动：8 联系运行继续进行1APA201PO 再鉴定工作，1APA201PO 启动正常，勺管也动作正常。2 ）故障原因分析：1AGM201AR 机柜X30 端子排1 号端子松动,1)1AGM201AR 为主给水泵B 的转速控制柜。2 ）主给水泵转速控制相关故障时，勺管动作情况：①勺管位置传感器 BALLUFF 供电回路掉电时，失电后勺管降至0 %，恢复供电后勺管将恢复到设定值；②执行机构VESH 失去24VDC ，勺管位,
启动1DEL0001GF 时出现“冷冻水回路流量低”报警禁止启动,对1DEL001GF 进行再鉴定，启动1DEL001GF 时出现“冷冻水回路流量低”报警禁止启机,导致1DEL001GF 无法启动,已采取的行动措施oncall 仪控检查香处理,1DEL011SP 恢复值过高导致报警,仪控处理反馈：故障原因分析：1DEL011SP 恢复值过高导致报警，检香处理后缺陷消除,,
启动1DEL001GF 时，由于存在“机组故障”无法启动,启动1DEL0001GF 时，由于存在“机组故障”无法启动，查看报警信息，09 月18 日出现冷冻水流量低和冷冻水流量低保护信号，但当前冷冻水流量低信号已消除，冷冻水流量低保护信号仍然存在,造成1DEL001GF 不可用，产生102,已采取的行动措施：oncall 仪控检查处理,冷冻水压差开关定值偏高,仪控处理反馈：1 ）检修措施及步骤：①开工前通知主控，确认1DEL011SP 设备位置及故障现象：②检查发现1DEL011SP 定值偏高：③拆除仪表，做好包扎与记录，连接打压设备对1DEL011SP 进行校验检查：④调整仪表定值至许可范围，按记录恢复仪表：③请运行人员启机验证，不合格；③反馈系统工程师，与厂家联系协商后，开启QDR ，将仪表定值调整到35kPa ；②回装仪表至初始状态，请运行再次启机验证：81DEL001GF 正常启动，无故障报警。2 ）故障原因分析：冷冻水压差开关定值偏高,,
启动2DEL001GF 时，因2DEL201VN 不明原因全关导致冷却水流量低跳闸,19:56 ，当班值按计划进行2RRI 的切列操作（定期切换（列 间）：2RRI002P0 切至2RRI003P0 运行：2SEC004P01 切至 2SEC001P0 运行），在执行启动2DEL001GF 时，因为2DEL201VN 不明原因全关，导致出现“就地控制流量不足”，冷却水流量低跳闸，经过三次启动，都存在同样的问题，怀疑2DEL201VN 调节性能不佳或者是2DEL111MT 故障,,"已采取的行动措施: 1) 立即暂停 2RRI 切列操作, 重新启动 2DEL002GF, 确保下游负荷冷冻水供给; 2) 保持 2DEL002GF 运行, 重启 2DEL001GF, 两次重启依然失败; 3) 记录 2DEL001GF 不可用的第二组 I0, DEL1; 4) oncall 仪控人员前来配合检查和处理。建议后续行动: 维修仪控尽快香明 2DEL201VN 异常关闭原因, 并处理, 恢复 2DEL001GF 可用",2DEL005/007SP、2DEL109SP 存在故障情况,"仪控处理反馈, 1 处理措施: ①对 2DEL005/007SP 进行校验, 发现手动均无法复位, 领取备件, 校验合格, 对仪表进行更换; ②对 2DEL109SP 进行校验, 回差大, 无法调整, 领取备件重新校验合格; 2) 故障原因分析: 2DEL005/007SP、2DEL109SP 存在故障情况","启动 DEL 冷冻机前检查电子膨胀阀是否在“过热度控制”模式, 如果在“液位控制”模式启动 DEL 冷冻机。会出现液位预防禁止加载问题",
启动3LAA001RD 时无法启动,3LAA001RD 复役过程中，在合上3LKE2161JA 后，3LAA001RD 有焦味。重新启动时3LAA001RD 无法启动,3LAA001RD 无法启动。影响3LAA 复役，3LAA001TB 丧失一路进线电源，降低了3LAA 供电的可靠性,已采取的行动措施，1 ）安排现场检查确认故障报警情况：2 ）oncall 电气检查处理,3LAA001RD 柜内风扇故障导致相连的充电器电源接口板A071 故障,电气处理反馈：1 ）工作过程：①领取工作许可证，确认设备位置，召开工前会；②按照《核岛充电器、逆变器及UPS 设备A071 接口板更换工作方案》执行：③对3LAA001RD 故障进行排查处理；④更换A071 板卡，柜内风扇，风扇控制板，变压器；5 启动3LAA001RD 对内部参数进行验证，确认正确无异常：③工作结束，清理现场。2 ）故障原因分析：3LAA001RD 柜内风扇故障导致相连的充电器电源接口板A071 故障,,
启动给水泵1APD001P0 在主控KIC 上启动后，无法用KIC 停运,中班执行FQ1-APD-T-001（启动给水泵定期启动试验规程）时 1APD001P0 （供电电源1LGB104JA ）在主控KIC 上启动后：主控通过KIC 无法手动停运1APD001P0 （点击停运后，显示大红色运行状态），最终安排现场试验盒手动停运成功,导致主控KIC 中无法正常停运启动给水泵：当紧急情况下需要停运启动给水泵时无法及时停运，可能导致设备损坏,已采取的行动措施：1 ）主控KIC 手动无法停运时，安排现场检查确认泵处于运行状态：2 ）安排现场检查1APD001P0 供电开关未见,1LGB104JA 柜内002XR 中间继电器故障。导致主控无法分闸,电气处理反馈：1 ）工作过程：①现场验证隔离边界，确认现场具备工作条件；②开关在试验位进行远方分闸，检测到远方电压且002XR 线圈得电，但是触点没动作；③对1LGB04 柜内002XR 进行更换；④验证试验位开关能够远方正确分合，缺陷消除：工作结束后恢复现场。2 ）故障原因分析：1LGB104JA 柜内002XR 中间继电器故障，导致主控无法分闸,"APD 的启停控制逻辑：1 ）启动给水泵允许启动信号：启动给水泵出口阀（APD004VL ）全关＋启动给水泵润滑油母管压力 APD002MP>0.1MPa;2 ）APD001P0 保护跳闸信号：①启动给水泵润滑油泵出口油温度高高（012KT-60℃）；②启动给水泵润滑油母管油温度高高（013KT-55℃）；③启动给水泵润滑油母管压力低低（002MP-0.06MPa);④除氧器液位低低（ADG001/002/003MN,2/3,≤- 850mm);5 安注信号：?P14 信号",
启动给水泵3APD001P0后发现泵非驱动端有异音,3D28B-60启动3APD001P0时，启泵后约20min，现场电机非驱动端有异音,可能导致泵轴承损坏,已采取的行动措施。1）主控加强关注启动给水泵的驱动端轴承温度（3APD001KT）和非驱动端轴承温度（3APD002KT）变化趋势情况，未见明显异常上升，安排人员检查泵振动情况；2）根据机械和调试系统负责人评估，停运启动给水泵3APD001P0；3）安排化学取样启动给水泵润滑油油样，确认油质较差，需要换油,非驱动端轴承箱内部润滑油比较脏,,3 /4 机组启动给水泵APD001P0 运行维护手册（E0MM ）中对泵轴承润滑油要求：在运行温度下，油的黏度最低不低于12cSt （mm /s )，这样有利于形成润滑油膜,
在4 号主控BUP 上进行试灯试验时发现4RIS590LA 灯不亮,"在4号主控BUP上进行试灯试验（F04-KSC-T-001试验）时发现4RIS590LA灯不亮
2号机组21:02触发2LLA011KA（LLE总故障），2RIS435KA（硼酸再循环回路流量低）；主控香看2RIS画面.发现2RIS021PO市故障跳闸，现场查看2RIS021PO上游开关2LLE4101JA开关显示OFF，白色故障等亮（见图1）。TLLE20HE4810EH12RR1AG6VA20A2LLE0LU2RIS021POLLE41N2RIS001R2RIS0TSR图12LLE4101.JA开关故障显示","影响BUP盘上RIS系统设备状态的监视
1)产生随机第一组IO：RIS8，要求24h内机组开始向NS/SG模式后撤，硼浓度为冷停堆所要求的硼浓度：将2RIS021PO切换到2RIS022PO运行后，机组由随机IO1：RIS8（两台RIS7000ppm再循环泵不可用）转为随机IO2：RIS7（RIS 7000ppm再循环泵一台不可用（021PO或022PO）），检修必须在一个月内完成；2)2RIS021PO停运导致硼酸再循环回路停运，有硼结晶风险；3)2RIS021PO上游开关2LLE4101JA故障跳闸，导致2RIS022PO和2LLD1121JA作为临时SPV管理","已采取的行动措施，oncall维修仪控检查处理
已采取的行动措施：1）现场检查2LLE4101JA开关状态：2）执行2RIS021PO切换到2RIS022PO操作，将IO1：RIS8转为IO2：RIS7；
3)oncall 电气人员检查处理；4)2RIS022 PO 和2LLD1121JA 按临时 SPV 管理控制，加强巡检","后备盘4KSC703PP中3.NC.A端子排127a端子正电源短接片松动
2LLE4101JA 监测熔断器001FU 状态的微动开关故障，常开触点闭合，导致跳闸继电器001XD 得电，主回路跳闸，2RIS021PO 停运","仪控处理反馈：1）处理进展：4号机组BUP上4RIS590LA试灯正常，故障已消除。2）检修步骤：①D将后备盘切换到试验模式，按下试灯按钮，确认4RIS590LA软件信号触发，确认为硬件问题。②逐段检查4RIS590LA接线和端子，发现3.NC.A端子排127a.128a处信号触发不正常。发现127a端子正电源短接片松动。进行紧固后进行试灯，4RIS590LA正常点亮
电气处理反馈：1）检修步骤：①检查确认2LLE4101JA抽屉出线紧固，无变色、过热情况；②测量下游负荷绝缘&gt;550M2.三相直阻均为1.9Ω.数据合格；③检查确认抽屉主回路、一次接插件接线紧固，无变色、过热情况；④检查抽屉主回路熔丝001FU导通情况正常；检查确认热继电器未动作；③测量监测熔断器001FU状态的微动开关常开触点闭合，常闭触点断开，状态异常，确认损坏；②更换同型号微动开关；8联系运行将2LLE4101JA推入合闸：92RIS021P0，测量三相运行电流均正常，无报警。2）处理进展：2LLE4101IA抽屉推入合闸后故障灯不亮，报警消除2RIS021P0恢复可用。3）后续行动：升级细化规程《FQX-LTB-M-E001核岛380V低压配电盘预防性维修》，增加检查监测熔断器的微动开关触点状态的工作内容",,
在KIC上关闭13APA100VL时，阀门呈洋红色，现场核实未达到全关限位,在KIC上关闭3APA100VL时，该阀呈洋红色。现场核实未达到全关限位，在就地操作关闭后，洋红消失,导致主控无法确认3APA100VL实际开关状态，影响3APA100VI开关操作的可靠性,已采取的行动措施：1）安排现场就地检查阀门电动头；2）安排现场确认阀门限位触发情况，安排就地操作关闭后，KIC中洋红色显示消除；3）提工作申请（WR）按计划处理,3APA100VL关限位设置不准,,均无洋红色报警出现：②就地操作 3APA100VL 电动阀无异常。2）故障原因分析：3APA100VL 关限位设置不准,
在主控关闭2ARE054VL: 就地阀门未动作。且显示缺相、过扭矩报警,"在主控关闭2ARE054VL, 就地阀门未动作, 且显示缺相、过扭矩报警",影响阀门开关操作,已采取的行动措施: oncall电气检查处理,"2ARE054VL力矩偏小, 误报缺相","5 与主控沟通后, 置就地控制开、关阀正常、置远方控制开关阀正常; ?恢复 2ARE054VL 为初始状态; ②清理工作现场, 请运行人员验收, 归还工作票。2) 故障原因分析: 2ARE054VL 力矩偏小, 误报缺相",2ARE054VL 为 1 号蒸发器主给水调节阀 2ARE242VL 下游的隔离阀,
地按钮盒进行检香,4GGR580P0 切机旁位后无法启动泵，对上游开关4LKG151JA 及就地按钮盒进行检查,影响顶轴油泵机旁启动功能,已采取的行动措施：oncall 维修电气检查,就地按钮盒分闸按,,,
处理1STR103MN 偏差大缺陷时1STR002P0 跳泵,1STR103MN 与1STR101/102MN 相比偏差较大，维修仪控持票处理。根据维修仪控反馈：1STR103MN 经过多次充、排水处理后缺陷未消除：计划将1STR101MN 与1STR103MN 通道进行交换，以便验证1STR103MN 液位计取样管线是否有异常。当值主控与其核实工作对象，并明确其工作流程是先将1STR101MN 与1STR103MN 仪表二次阀隔离后将两块仪表交换位置继续运行以便观察。工作过程中1STR101/103MN 仪表根阀关闭，导致质量位触发引起1STR 除氧器液位低低信号触发，进而导致1STR002P0 停运,1STR 停运，全厂辅助蒸汽SVA 系统失去一路供汽,,LSTR101/103MN质量位触发,仪控处理反馈：1）对1STR103MN校准；2）对1STR103MN充水、排气操作,1STR101/102/103MN仪表检修时存在质量位触发导致STR系统停运风险：二回路相关仪表类工作检修，进行风险分析时也许考虑质量位风险，必要时在开工前进行信号强制,
定子冷却水电导表2GST003MR间歇性显示洋红色,定子冷却水电导表2GST003MR间歇性显示洋红色,该仪表参与自动停机保护逻辑（2GST001/002/003MR三取二自动停机）,已采取的行动措施：1）立即通知化学检查仪表，取样测量定子冷却水电导的实际值2)oncal1维修仪控对2GST003MR仪控回路进行检查。建议后续行动：1）加强关注2GST001/002MR的运行情况：2）召开相关决策会议,化学人员就地检查发现见2GST003MR出线端子存在明显虚接现象对接线进行紧固处理,仪控处理反馈：处理前需仪控强制2GST003MR参与的逻辑信号。同时接线紧固涉及220V配电柜内带电作业,2GST001/002/003MR超8μS/cm三取二自动停机,
容控箱充水过程中1RCV012MN波动大,进行RCV在线，容控箱充水期间1RCV012MN液位显示波动大,1RCV012MN液位显示波动，液位低至0.87m时将导致上充泵人口部分切换至PTR,已采取的行动措施：严密监视1RCV012MN液位变化。oncall维修仪控处理,1RCV012MN仪表阀内漏,仪控处理反馈一一检修步骤1)在1E工作站中将1RCV012MN相关信号打为手动；2)关闭仪表根阀，排空废液收集罐，排空仪表管线内的残液；3)拆除旧的仪表阀，封堵仪表管口，更换新的仪表阀，回装卡套并紧固；4打开仪表根阀对仪表进行充水排气：并使用压缩空气罐对仪表负压侧进行吹扫；5）恢复仪表初始状态，恢复1RCV012MN相关信号；6）观察数小时后度数稳定无波动，工作结束,"2)RCV012MN低1时,若主控切至KPR贝则会导致REA003PO/004PO启动:3)RCV012MN高1会导致RCV401KA2/401AA报警触发:4)RCV012MN高2会使RCV030VP导向TEP;5)RCV012MN控制REA启动自动补给,当容控箱液位低至1.12m时,启动REA自动补给,当容控箱液位升高至1.3m",
就地按下2PTR001P0 启动按钮2PTR001T0 后，泵未启动，主控显示大红色,通过2PTR002P0 对2PTR001BA 进行循环时，就地按下2PTR001P0 启动按钮2PTR001T0 后，泵未启动，主控显示大红色,影响2PTR002P0 对2PTR001BA 打循环工作的开展,已采取的行动措施，1 ）安排运行现场检查泵供电是否正常，未见明显异常：2 ）oncall 电气检查处理,泵供电开关抽屉柜端子排接线松动,电气处理反馈：1 ）故障现象：就地按下2PTR001P0 启动按钮2PTR001T0 后，泵未启动，主控显示大红色；2 ）检修过程：①到现场验证隔离，工作前验电；②检查抽屉柜时。发现端子排接线松动，将抽屉拉出，将接线紧固；③将抽屉拉出，将接线紧固，重新送入抽屉，报警仍存在；④联系运行，就地按下启动按钮，测量启动信号未到达，联系仪控配合进行处理；仪控将该报警复位后，联系运行重新启动该泵，泵运行正常。验证合格；③归还工作许可证：3 ）故障原因分析：泵供电开关抽屉柜端子排接线松动,1)PTR001P0 可在就地控制柜PTR001AR、003AR、005AR 上启动和停运。在PTR001AR 上有选择开关：001CC。001CC 有两个档位：PTR001P0 由 PTR001AR 控制或由PTR003 和005AR 控制：2 ）当泵入口压力PTR027SP 低（小于85kPa ）时泵跳闸同时在主控和001AR 上出现报警，2PTR027SP 消报定位为135kPa,
巡盘发现2ADG003MN 仪表存在大幅度波动,巡盘发现2ADG003MN 仪表存在大幅度波动,,已采取的行动措施：1）立即检查除氧器水位控制调节阀 2CEX025VL/026VL是否存在波动；2）关注和控制除氧器水位在300mm附近，必要时将除氧器水位控制置于手动控制；3） oncall 仪控检查处理,取样管内有气泡，导致仪表测量失真,"仪控处理反馈：1 工作过程：D 准备工作票并主控签字确认并联系系统工程师强制2ADG003MN当前值；②现场验证工作边界，确认设备位置与设备标牌；
③电话通知主控人员并征得同意后开始工作并召开工前会：4 对 2ADG003MN 差压变送器进行充水排气；5 对2ADG003MN 差压变送器进行现场校验并做好记录：③恢复2ADG003MN 为初始状态并清理现场：？联系系统工程师解除强制。2 ）故障原因分析：取样管内有气泡",除氧器水位由ADG001MN、002MN、003MN 三个水位计测量。这三块表按照2 /3 逻辑产生水位高高高和水位低低信号。另外，三个水位计的测量信号经过中选模块取中值后用于除氧器水位控制以及产生水位高高、水位高和水位低信号。D 除氧器正常水位＋300mm 中值②除氧器高水位＋500mm 中值③除氧器高高水位＋650mm 中值4 除氧器高高高水位＋800mm2 /35 除氧器低水位＋150mm 中值③除氧器低低水位-850mm2 /3 其中除氧器高高水位（+650mm ）时，自动关闭 ABP006VLADG003VV/005VV/007VV 等。除氧器高高高水位（+800mm ）时自动关闭除氧器抽汽阀门ADG001VV/002VV 、除氧器辅助蒸汽供汽阀门ADG009VV/010VV 等。除氧器低低水位（-850mm ）时，跳闸主给水泵和启动给水泵,
巡盘发现2DVH010VAF 未知原因关闭,巡盘发现2DVH010VAF未知原因关闭,导致2RCV002P0房间应急通风部分丧失，产生第一组事件I01:DVH1,已采取的行动措施：1)安排现场检查确认2DVH010VAF现场阀门处于关闭状态；2）主控确认无火警联锁关闭阀门的信号触发情况；3）oncall电气检查处理,长期使用后，防火阀2DVH010VAF温感器熔断片焊接强度下降，熔断片断裂，使叶片挂钩脱开，导致防火阀关闭,电气处理反馈：1 ）工作过程：①联系脚手架人员搭设脚手架；②联系机械人员拆除重力卸压阀2DVH025VAN；③测量电磁阀线圈直阻为62 . 9Q2 ，对地绝缘为50MQ；④防火阀2DVH010VAF本体挂钩组件正常、无变形，温感器上熔断片断裂；领取熔断片备件并更换；③打开防火阀，用橡胶锤较大幅度敲击防火阀周边，防火阀保持开启状态，未关闭；②联系运行人员现场验收，确认缺陷已消除；③联系机械人员恢复重力卸压阀2DVH025VAN；工作完成，清理工作现场，归还工作许可证，填写完工报告；2 故障原因分析：长期使用后，防火阀2DVH010VAF温感器熔断片焊接强度下降，熔断片断裂，使叶片挂钩脱开，导致防火阀关闭,KIC 上的1SFZ523KG 置于CLOSE 或是9JDT016CR 上的1JDT523T0 按下时，防火阀1DVH006/010/014VAF1DVN160/163/171/454VAF 将自动关闭,
工作油冷却器4AGM202RF 冷却水侧出水温度4SRI011KT 读数间断显示为XXXX,18 : 50 左右4SRI011KT（工作油冷却器4AGM202RF 冷却水侧出水温度）开始读数间断显示为××××，工作油冷却器入口油温4AGM218MT 显示正常和工作油温调节阀4AGM002VN 控制正常,导致4SRI011KT 间断显示为××××，无法有效监控工作油冷却器4AGM202RF 冷却水侧出水温度,已采取的行动措施：1 ）主控检查工作油冷却器入口油温 4AGM218MT 显示正常和工作油温调节阀4AGM002VN 控制正常；2 ） 安排现场检查4SRI011KT 外观和接线未见明显异常：3 ）填写工作申请（WR ）由仪控检查处理,4SRI011KT 热电阻接线松动，导致温度显示异常,"仪义控处理反馈1 ）工作过程：①检查确认脚手架搭设合格，安全可靠：②土建专业配合拆除4SRI011KT 热电阻上方格栅板：③打开4SRI011KT 热电阻接线盖子：4 检香发现4SRI011KT 热电阻接线有松动现象：拆除4SRI011KT 热电阻接线，并做好拆线记录：③使用万用表测量对4SRI011KT 温度元件进行测量，检查结果正常：
②恢复4SRI011KT热电阻接线，并做好接线记录：关闭4SRI011KT热电阻接线盖子；③联系土建专业恢复4SRI011KT热电阻上方格栅板：10联系脚手架人员拆除脚手架，工作完成，归还工作许可证。2）故障原因分析：4SRI011KT热电阻接线松动，导致温度显示异常",4SRI011KT（工作油冷却器4AGM202RF冷却水侧出水温度）只参与主控KIC中显示，不参与报警和逻辑,
工停运,启动2LLS001AP 后，主控显示洋红色，需要仪控复位才能在主控停运,导致2LLS001AP 后主控显示洋红色，无法通过KIC 停运,已采取的行动措施：1)oncall1 仪控检查处理；2 ）仪控复位洋红色后，KIC 停运2LLS001AP,,电气处理反馈：1）工作过程：①通知主控人员将进行该项工作：②核查1 号机软件连接，对比二号机方案，再次核实方案软件连接正确：③在2 号机DCS 一层进行软件连接修改：④修改完成后检查连接是否完整实施：5 实施完毕后确认工作站工作正常，退出权限，通知主控工作完毕，归还工作许可证。2）故障原因分析：2LLS001AP_S 的27 引脚连接为主控启动柴油机信号，该信号一直保持为1，使2LLS001AP 启动后设备在KIC 中显示洋红,,
异常缺陷 名称,主控KIC 中存在1APA301KA 报警（给水泵C 电机冷却水泄漏），同时1APA301SN 灯亮,导致主给水泵电机绝缘下降，可能导致电机故障损坏,已采取的行动措施：1 ）立即查看和执行报警卡；2 ）安排现场立即关闭阀门 1SR1122/151/152/121VN； 3)oncall 电气、机械专业处理,经检香空冷器模块无泄漏： 判断为空冷器冷凝水引发泄漏报警,,,
异常缺陷名称,异常缺陷现象,可能导致泵损坏,已采取的行动措施：1 ）及时手动停运泵，避免频繁启停损坏泵，泵停运后，主控和现场加强监视1RPE012PS 坑内液位：2)oncall 仪控检查处理,1RPE173SN 浮球及电缆紧压1RPE172SN 浮球顶部，导致水位上升时，加快1RPE172SN 倾斜联锁启泵,仪控处理反馈1 ）检修步骤：D 打开浮子罩，发现HH 报1RPE173SN 浮球压住1RPE172SN 浮球顶部，对其调整，归位线槽；②松开固定端，根据定值手册对1RPE171SN1172SN 浮子高度进行检查，并对其进行调整；③紧固固定浮子；④工作结束，清理现场。2 ）故障原因分析：1RPE173SN 浮球及电,RPE006P0启停逻辑10手动启动：①就地控制+手动控制+就地启动： ②MIMIC PANEL控制+KIC-启动：③MIMICPANEL控制+BUP-启动。2）自动启动：就地控制+自动控制+非“BKSUMPSHI.ACTY2ndSTEP”+地坑液位“高”。3）手动停运：①就地控制+手动控制+就地停运；②MIMICPANEL控制+KIC-停运：③MIMICPANEL控制+BUP-停运。4）自动停运：D就地控制+自动控制+“BKSUMPSHI.ACTY2ndSTEP”信号：②地坑液位“低”；③地坑液位“低2”,
异常缺陷名称,,,"已采取的行动措施: 1) 主控、现场密切监视 2AC0301P0 运行状态; 2) oncall 维修电气专业人员进行检查确认电机运行状态; 3) oncall 维修仪控专业人员在 DCS 一层检查 2AC0301M0 电机各项温度,判断温度计读数是否异常; 4) 主控熟悉 2AC00301P0 停运操作,做好随时停运 2AC0301P0 的准备。建议后续行动: 1) 请维修电气、仪控专业尽快确认报警触发原因,并制订方案处理; 2) 运行持续密切监视 2AC0301P0 运行状态","2AC0301P0 电机定子线圈温端子排老化,使用性能不稳定造成线圈温度高高报警",,"注: 原疏水泵驱动端、非驱动端轴承温度高高,电机线圈温度高高、电机轴承温度高高自动跳闸信号逻辑已改为报警和采取手动停泵。2) 当前4号机组AC0泵的自动跳闸信号(以低加疏水泵A为例): ①疏水箱水位AC0007-009MN中选低于-230mm;②疏水泵进口侧滤网压差高AC0003MPd大于0.22MPa;③泵入口电动阀全关: ④汽轮机跳闸; ⑤低压疏水泵出口压力低于0.7MPa.g。③疏水泵电机线圈温度高高AC0403KT-408KT大于145℃; ⑦疏水泵电机轴承温度高高AC0409、410KT大于95℃; ⑧疏水泵驱动端、非驱动端轴承温度高高AC0401、402KT大于65.℃",
异常缺陷名称,4AC0108VL主控给出100%需求开度。但现场反馈开度只有84%,主控无法香查看4AC0108VL真实开度,已采取的行动措施，1）安排现场检查确认4AC0108VL只有84%的开度，检查阀门供气气源正常：2）oncall仪控检查处理,由于4AC0108VL定位器连杆处螺栓松动造成指令反馈偏差,仪控处理反馈：1工作过程：①检查4AC0108VL供气气源正常；②检查定位器固定螺栓及连杆螺栓并紧固；③检查定位器设定参数正常；④操作定位器进行自行整定；拆除指令接线做好拆线记录连接信号发生器；⑤就地给4~20mA信号，观察指令与阀位反馈一致；①按拆接线记录单恢复接线，工作完成。2）故障原因分析：由于4AC0108VL定位器连杆处螺栓松动造成指令反馈偏差,,
异常缺陷名称,2AC0108VL 故障全开，且将其置手动后调整开度无效2AC0301P0 流量超量程，电机电流最高升高至336A 左右（由270 Ａ增加至 336A )，后主控将2AC0107VL 置于手动33 ％开度，利用2AC0102VL 紧急向CEX 疏水，当前2AC0301BA 液位维持在115 ㎜左右， 2AC0301P0 流量 185m /h 左右，电机电流262 A,1 ）影响疏水箱2AC0301BA 正常疏水管线的排放.导致2AC0301BA 液位异常上升：2 ）泵出口流量和压力波动，泵电流上升，对泵运行产生不利影响,已采取的行动措施。1 ）安排现场检查确认阀门实际开度存在波动： 2 ）安排现场将2AC0108VL 破坏中性点全开，主控将2AC0108VL 切到手动控制，将阀门置手动开到100 ％开度：3 ）通过2AC0102VL 控制2AC0301BA 的液位；4 ）主控加强监视2AC0301P0 电流和流量和出口压力等参数，现场关注泵振动情况：5 ）oncall 仪控检查处理,,仪控处理反馈：1）故障描述：2AC0108VL故障全开，导致 2AC0301P0电流大幅增加（由270A增加至336A），正常疏水阀2AC0107VL全开，应急疏水阀2AC0102VL自动开启至12％。2）故障原因分析：2KCP558AR中F05BN的7通道故障。3）处理过程：①现场拆线接万用表发现DCS无信号输出；②在2KCP558AR中将现场接线脱开，测量F05BN的7通道输出电压为0V，两端对地电压为0V，说明卡件故障；③控制信号线从7通道更换至备用的8通道，并在DCS组态中做相应修改，修改后恢复正常,疏水泵再循环阀AC0108VL根据泵出口流量自动调节,
异常缺陷名称,8SEL001BA 排放期间出现一次8KRT902MA 跳闸，再次联系辐射防护人员将8KRT902MA 投入，目前排放流量为53m /h 左右,排放的废水无法检测，有放射性废水排放到环境的风险,立即停止排放，恢复打循环状态,取样管路存在异物,,8KRT902MA故障时将连锁关闭8SEL排放阀8SEL049VE,
执行1VVP001VV 主蒸汽隔离阀B 列部分关闭试验时，阀门未按照预期部分关闭,,1VVP001VV 未按照预期动作到部分关闭,"已采取的行动措施：1 ）出现异常后主控通过KIC 日志确认 1VVP004KC 的“SPECIAL”指令已执行；2 ）在讨论并分析风险后，再次点击1VVP004KC 的“SPECIAL”按钮，验证故障真实存在；3 ）点击1VVP004KC 复位”按钮将试验错油阀1VVP281DR 恢复到正常状态；4 ）点击1VVP140KC 将1VVP140VV 恢复到关闭状态；5 ）oncall 仪控专业检查和定位故障；
6 ）通过仪控人员和当班值的分析，定位到1VVP001VV 的SM7 限位故障；7 ）仪控开票对1VVP001VV 的SM7 限位进行调整：8 ）故障消除，重新执行试验，设备动作正常，试验合格。建议后续行动：1 ）后续执行主蒸汽隔离阀试验前建议增加仪控人员SM7 限位检查的相关步骤：2 ）建议仪控专业分析此次缺陷的原因，优化相关PM 项目，并于大修期间彻底处理","主蒸汽隔离阀的90 ％限位开关SM7 在主控并无显示。也无相关KS 灯，当SM7 出现问题时，无法通过主控直观定位故障，现场故障限位开关和正常限位开关的对比也不能明显看出缺陷。但仪控人员在DCS 一层和KDO 中可以检查SM7 是否为触发状态。仪控检香时发现当前主蒸汽隔离阀为全开状态，但SM7 也处于触发状态，与当前状态不符，同时通过与当班值共同进行逻辑分析SM7 限位的触发，会导致试验执行无法下发，进而导致试验无法继续执行。怀疑为A 列试验结束之后SM7 限位未正常动作有关
从以上逻辑图图1 可以看出，当SM7 触发为1 时，经过“非”门后变为0 ，1VVPO04KC 试验指令下发后与上SM7 非，导致与门总体输出变为0 ，导致试验无法继续。图2 主蒸汽隔离阀全开状态下SM7 抵住右侧与主蒸汽隔离阀阀杆相连的挡块，此时SM7 触发为0 ，当阀门向下关闭至SM7 脱开挡块后，SM7 角触发为1 。故障发生时，阀门处于全开状态，仪控检查SM7 与挡块为接触状态，但接触不充分，使得SM7 触发为1 ，对SM7 进行调整后恢复正常",仪控处理反馈：1 ）检查1VVPO01VVS M7 限位开关触发是否灵敏2 ）调整1VVPO01VVS M7 限位开关的位置：3 ）确认限位开关已恢复到正常状态：,1）主蒸汽隔离阀的90%限位开关SM7故障在KIC画面上无显示，但其状态在DCS一层可以查看。2）在执行操作过程中出现异常情况后应将系统设备至于安全状态须分析逻辑，不能盲目逆向操作,
执行2LHQ低功率试验时B1涡轮增压器未正常投入导致2LHO001GE不可用,早班执行《F02-LHO-T-001 柴油发电机组（B列）低功率试验规程》时，柴油机试验期间触发2LH0500UC故障报警，就地查看为B1涡轮增压器故障,2LH0应急柴油机B1涡轮增压器故障，故障导致B列柴油机2LHQ001GE无法达到满功率运行导致，导致2LHQ001GE不可用，产生随机第一组I0：LHP/Q1，3天内机组开始向NS/RRA模式后撤,已采取的行动措施：1）现场检查2LHQ柴油机运行无其他异常，完成低功率试验，并将设备恢复至安全状态；2）联系维修专业准备处理方案；3）联系维修支持处现场搭设脚手架；4）维修仪控准备好备件对故障电磁阀进行更换,涡轮增压器B1电磁阀密封圈漏气,②将电磁阀黄色指针置于“1”位，涡轮增压器阀杆正常动作；将电磁阀黄色指针置于“0”位，柴油机启动后无异常③工作结束，归还工作许可证。5)后续行动：1~4号机组目前均已设置2C周期电磁阀定期更换的PM项，2号机组剩余2LHP的4个电磁阀根据备件到货情况尽快提出工单进行更换,"应急柴油机进排气系统有五组涡轮增压器A1/A2/B1/B2/B3，由350UC上的电磁阀控制自动投退，A1/A2在柴油机启动时投入B1/B2/B3随柴油机功率增加自动投入。350UC为5组单独的电磁阀组成的阀组，包含5个电磁阀。A1/A2共用1个电磁阀，B1B2、B3各对应1个电磁阀，另有1个备用电磁阀。电磁阀具备手动功能，正常运行时手动旋钮置“0”位置，紧急情况下可将旋钮旋至“1”位置，手动开启电磁阀。电磁阀控制序列：1)柴油发电机组启动A1/A2电磁阀投用；2)A1/A2增压器转速升至39000r/min时，B1增压器开启「对应约600kW功率]；3)B1涡轮转速达到39000r/min时，B2增压器开启「对应约1700kW功率1；4)B2涡轮增压机平均转速达到40000r/min时，B3增压器开启[对应约2730kW功率1。柴油机低功率试验功率约2400kW,A1/A2/B1/B2投运，B3正常不会投运；5）调速器在发出B1启动命令后的5s内，如没有接收到B1涡轮增压机的转速信号，则判断B1涡轮增压机启动失败，同时启动B2涡轮",
执行2LSS系统C21信号试验时，无法触发2RPN429KA（LSS报警C21）报警,执行2LSS系统C21信号试验时，无法触发2RPN429KA（LSS报警C21）报警,无法触发2RPN429KA（LSS报警C21）报警，机组上行后，存在C21保护无法触发危及反应堆安全的风险,已采取的行动措施：1)查看KIC画面检查确认C21信号未被闭锁；2)联系仪控检查处理,LSS机柜的PLC通讯模块出现故障,仪控处理反馈：1）工作过程：①重新触发C21信号DCS通讯模块相关情况，发现并无相关异常；②检查LSS机柜发现机柜的PLC通讯模块出现故障；③对PLC通讯模块进行热插拔；④重新触发C21信号，发现KIC上能够正常触发RPN429KA报警；通知主控室工作完成；2)故障原因分析：LSS机柜的PLC通讯模块出现故障,当至少两个功率量程通道轴向功率偏差△I超出反应堆运行梯形图左、右限时（处在50%FP以下的右侧除外）或就地LSS机柜（RPN006AR）上有C21试验，将触发C21信号,
执行2LSS系统C21信号试验时，无法触发2RPN429KA（LSS报警C21）报警,执行2LSS系统C21信号试验时，无法触发2RPN429KA（LSS报警C21）报警,无法触发2RPN429KA（LSS报警C21）报警，机组上行后，存在C21保护无法触发危及反应堆安全的风险,已采取的行动措施：1）查看KIC画面检查确认C21信号未被闭锁；2）联系仪控检查处理,LSS机柜的PLC通讯模块出现故障,仪控处理反馈：1）工作过程：①重新触发C21信号DCS通讯模块相关情况，发现并无相关异常；②检查LSS机柜发现机柜的PLC通讯模块出现故障；③对PLC通讯模块进行热插拔；④重新触发C21信号，发现KIC上能够正常触发RPN429KA报警；通知主控室工作完成。2）故障原因分析：LSS机柜的PLC通讯模块出现故障,当至少两个功率量程通道轴向功率偏差△I超出反应堆运行梯形图左、右限时（处在50%FP以下的右侧除外）或就地LSS机柜(3RPN006AR)上有C21试验，将触发C21信号,
执行3CVI101P0隔离过程中高加出口溶氧升高,夜班执行隔离3PW13843（清洗3CVI102FI 密封水泵入口过滤器滤网）。隔离过程为先断开真空泵电源，再将真空泵凝汽器侧手动阀关闭，再打开排水阀疏水。现场打开疏水阀后主控发现高加出口溶氧量迅速升高，主控立即令现场重新关闭疏水阀，溶氧量下降为正常值。现场使用F 扳手重新紧固3CVI101VA ，重新打开疏水阀，高加出口溶氧不变,二回路溶氧量升高，影响对二回路水质的控制，存在潜在机组后撤风险,已采取的行动措施：主控立即令现场重新关闭疏水阀。溶氧量下降为正常值,启动阀3CVI102VA 内漏，在3CVI101VA 未关严状态下空气通过疏水阀3CVI106VD（隔离操作时被打开）、3CVI108VD（隔离操作时被打开）、3CVI101ZE、3CVI102VA、3CVI101VA 进入凝汽器，导致高加出口溶氧出现偏高,运行处理反馈：主控立即令现场重新关闭疏水阀，溶氧量下降为正常值,1）隔离较大手动阀时需用力确认阀门已关严（必要时经值长同意使用F 扳手）；2 少量空气进入凝汽器，单台真空泵运行凝汽器真空不会受影响，高加出口溶解氧会出现大幅变化,
执行8SEL排放操作投运8KRT902MA流量计时，发现取样流量低,辐射防护在投运8KRT902MA时，反馈取样流量偏低，将8KRT902MA退出运行后，发现8KRT902MD指针发生卡涩,导致8KRT902MA不可用，产生I02：KRT5，不能进行8SEL排放,已采取的行动措施：1)暂停8SEL排放，记录8KRT902MA不可产生第二组I0：KRT5；2)安排运行人员现场检查排放在线未见异常，泵运行出口压力正常；3）联系仪控检查处理,流量计浮子内部吸附大量铁屑，造成流量计卡涩,仪控处理反馈：1 ）检修措施及步骤：①由主控操作人员将8KRT902KC 、 8KRT904KC 置于TEST ”状态；②检查8KRT902MA ?流量计并清理：3 对 8KRT902MA 取样管路进行冲洗：④使用SEP 水进行验证，确认启动取样泵区域流量达到0 . 60m3 /h 以上；恢复通道至初始状态；③由运行人员在KIC 上将8KRT902KC 、8KRT904KC 置于“NOR -MAL ”位；2 ）故障原因分析：流量计浮子内部吸附大量铁屑，造成流量计卡涩,8KRT902MA 的取样流量小于1L /min 或大于15 L /min 时，将触发 8KRT902MA 监测通道故障报警。8KRT902MA 监测通道故障［包括流量异常、带有取样回路的监测通道（8KRT902MA ）泵停运、电子线路故障、失电等原因引起1 或二级报警时，联锁关闭8SEL049VE,
执行OLHS 替代1LHP 期间。主控室1LHA024KS（附加柴油机替代1LHP 成功）灯未亮,执行FQ1-LHS-C-001 1LHA 的备用电源由1LHP 切换到OLHS 操作票时，1LHA024KS（附加柴油机替代1LHP 成功）灯未亮D 牛牡1 不可用收立升笨,组IO: LHP/Q1,已采取的行动措施：oncall 电气检查处理,断路器航空插头限位开关松动，导致主控1LHA024KS 灯未亮,电气处理反馈：1 ）检修内容及步骤：①现场验证隔离边界，确认现场具备工作条件；②对1LHA003JA 开关断路器航空插头和二次回路进行检查：③确认断路器断路器航空插头限位开关松动，导致主控1LHA024KS 灯未亮； ④对限位开关进行紧固和处理；5 与主控确认恢复正常后，并进行了现场验证，确认故障消除。2 ）故障原因分析：断路器航空插头限位开关松动，导致主控1LHA024KS 灯未亮,RP 模式下，一个厂内电源不可用时，产生第一组IO ：LHP /Q1 ，要求3 天内机组开始向NS /RRA 模式后撤。注：如果附加柴油发电机替代该不可用应急柴油发电机，则事件视为第二组事件。其维修期限应遵守替代期限。如果在替代期限内不可能修复，则开始向NS /RRA 模式后撤。在机组的应急柴油发电机已完成检修工作的情况下，如果出现其他第一组事件，允许机组应急柴油发电机暂时不回接，也不后撤。但必须尽快处理相关的第一组随机不可用,
控制棒提5 步过程中，触发控制棒双保持报警,停堆试验后提升控制棒N2棒组至5步过程中，KIC中触发3RGL001KA13RGL009KA1 3RGL006KA13RGL005KA报警.控制棒双保持,导致控制棒无法操作，无法提升到5步,已采取的行动措施：1）主控暂停控制棒的操作，查看和执行报警卡，按报警卡执行故障规程IRGL001；2）安排现场检查棒控电源柜（3RGL011AR～3RGL026AR）、棒控逻辑柜（3RGL001AR）、棒位测量柜（3RGL009AR）或棒位处理柜（3RGL010AR）设备是否存在故障报警信息：3）oncall仪控检查处理,3号机组紧急停堆后，重新提棒时，N2.2-2由第2提3步时出现SC大电流过小报警，测量电流发现大电流为1.58V；检查发现SC定值卡件“定大”背后的小电路板焊接质量低，存在搭接情况,仪控处理反馈：1 ）处理措施：更换了新的SC 定值卡件，工作正常。2 ） 工作过程：①打开3RGL019AR ，出现3RGL001、007、034KA报警；②确认出现电流故障的是N2 . 2 -2 棒束；③使用万用表测量SC 线圈大电流反馈是1 . 58V；④按下PLC 复位按钮使N2 棒组控制棒落入堆底：对故障卡件进行拔插后测量SC 线圈大电流反馈仍是1 . 58V ，卡件故障；③使用SC 定值卡件备件更换故障卡件：对更换卡件的参数进行调整：8 通知主控工作完成。3 ）故障原因分析：N2 . 2 -2 棒束出现SC 大电流过小报警。4 ）后续行动：对故障卡件进行返厂分析。5 ）机组影响评估：出现控制棒双保持，影响控制棒动作,控制棒被双夹持。控制棒无法正常动作，潜在风险后果1 ）机组临界过程中出现控制棒双保持，可能导致临界失败；2 ）机组调试瞬态试验期间，如果出现控制棒双保持，可能导致机组非计划停机停堆事件。造成3RGL 系统在控制棒动棒期间多次出现双保持导致控制棒无法正常动作的原因为，在,
提升G2控制棒组时，主控出现3RAM301KA公共故障报警，现场有接地故障报警,"3: 35, 主控配合仪控人员提升控制棒组 G2 至 225 步期间, 出现卡棒, 同时出现 3RAM301KA 报警, 经现场核实为 3RAM512LA 母线接地故障, 经复归不成功, 后联系电气及仪控人员核实原因, 经仪控人员断开 G2 棒组电源, 现场复归报警消失","1) 卡件接地故障, 导致机柜上游空开 3RGL006TB、622/623JA 跳闸; 2) 导致 G2 棒组无法上升和下插","已采取的行动措施: 1) 查看和执行报警卡, 按照报警卡执行复位操作, 未能消除故障; 2) 暂停控制棒操作, 安排现场检查核实 RAM 机柜故障报警情况确认存在 3RAM512LA 接地故障; 3) 安排现场检查 G2 棒组机柜 RGL022AR/023AR 故障报警情况; 4) oncall 电气检查处理",主电源卡件内部接线老化导致接地,"仪控处理反馈: 1) 工作过程: ①仪控人员检查机柜初始状态, 确认机柜已上电且没有异常; ②在 RGL023AR 电源柜面板将开关打至“双重保持”位置; ③断开故障主电源卡件对应的 260V 空开 KS4; ④拔出故障主电源卡件, 更换备件; 闭合 260V 空开 KS4; ⑤在 RGL023AR 电源柜面板将开关打至“正常”位置, 并按故障清除; ⑥与运行确认接地报警消除, 且无其他异常报警: 工作结束, 清理现场, 归还工作许可证; 2) 故障原因分析: 主电源卡件内部接线老化导致接地",G2 棒组对应的控制机柜为 RGL022AR (G2-1 棒组)、RGL023AR(G2-2 棒组),
"机械故障), 就地为编码器 2 高报警",,"1)4LLS001AP 不可用,双机组产生I02 LLS1;2)影响F04-LLS-T-002 规程的恢复,其中4RIS136VB、3RIS136VB 保护关闭,4RCV094VP 开启无法关闭,行政隔离恢复可能导致一回路误硼化","1)已采取的行动措施:①主控查看报警卡并根据纸质报警卡进行响应,同时要求现场人员在就地控制盘上查看报警,确认就地PLC 显示编码器2 高报警;②要求核岛检查水压试验泵运行情况。其后先停运水压试验泵后要求电气现场紧急停运水压试验泵柴油机;③经运行、机械、电气、仪控、性能各部门共同检查确认:水压试验泵和柴油机运行过程中,各项参数正常,柴油机和水压试验泵可用:",,5断开4LLS408JA及409JA开关，电气配合在PLC侧拆除 4LLS401/402/406MT并回装及紧固后；③合上4LLS408JA及409JA开关，4LLS401MT显示43℃；②断开4LLS408JA及409JA开关，恢复接线(X3:11/X3:32号端子)，合上4LLS408JA及409JA开关；8运行启动 4LLS001AP未出现相应报警：工作结束，清理现场。2)故障原因分析：4LLS452KA（水压试验泵柴油发电机组机械故障报警）为冷却水温度高报警，经检查为4LLS002AR柜PLC侧接线松动导致,,
现场查看4DVC055VD 调节性能不佳且电机发热,"主控触发报警4DVC030KA“030AR就地箱故障”, 现场查看电加热器4DVC030RS未停运, 现场点温回风温度在17℃左右, 接近002XU2的定值16℃, 怀疑是周围空气温度低导致002XU2触发产生报警。但4DVC的温度为自动控制, 设定值为28℃, 和现场实际温度相差较大。检查4DVC055VD 阀杆在最下部（冷冻水流量最大位置处）, 而主控温度远低于设定温度值, 与实际情况不符, 触摸阀门电动头, 可感觉到烫手",4DVC055VD 失去调节能力将使DVC 系统部分不可用，产生I02,已采取的行动措施：1)将4DVC 切换到另一列运行以保持相关房间的温度；2)oncall 维修人员检查处理；3）现场检查4DVC055VD 状态,4DVC030AR 内湿度控制器板卡002GH 故障（板卡输出保持不变不受输入信号控制,电气处理反馈对4DVC030AR 板卡进行检查，发现湿度控制板卡损坏（ESRL15）。在领取相同型号板卡进行更换，并检查4DVC055VD 检查确认正常启动运行4DVC030AR，系统工作正常,机组上多次出现冷冻水调节阀调节性能不佳的问题，且故障原因和本次类似。所以板卡损坏可以作为此类缺陷的优先检查内容：做隔离时需要断开4DVC030AR-001Q，会产生I02,
碱罐3EAS001BA 液位计3EAS001LN 存在逐渐降低趋势，现场无明显碱泄漏情况,夜班巡检3EAS001BA 液位4 . 11m ，此前05 月15 日早班巡检为4 . 20m ， 05 月16 日早班4 . 15m ，05 月16 日中班4 . 11m ，存在逐渐降低趋势，已降到液位4 . 09m ，现场排查未发现明显漏点,导致3EAS001LN 液位显示失真，无法准确反映3EAS001BA 罐内的碱液量,已采取的行动措施1 ）安排现场对3EAS001BA 碱液回路查漏，未见异常泄漏情况：2 ）联系维修仪控检查处理，反馈运工做好补充碱液的准备,3EAS001LN 为表压仪表，仪表顶部存在一个通气孔（如图1 所示，绝压表不存在此孔），当通气孔堵塞时会对压力表测量精度产生影响。针对此次问题，经专业检查确认根本原因为仪表顶部的通气孔未打开，从而造成此次3EAS001LN 压力逐渐降低,仪控处理反馈：1 ）处理进展：经现场就地检查，仪表顶部的通气孔堵 塞，通气后仪表指针显示恢复正常：；2 ）设备可用性评价：仪表状态正常可用：3 ）处理措施：拆除3EAS001LN 通气孔橡胶塞，观察仪表读数恢复正常并稳定：4 故障原因分析：3EAS001LN 为表压仪表表，仪表顶部存在一个通气孔（如图1 所示，绝压表不存在此孔），当通气孔堵塞时会对,EAS001LN 广只显示EAS001BA 液位。不参与逻辑控制和报警,
蒸汽发生器给水流量计1ARE048MD闪发失效,2014年07月18日21时，运行人员发现1ARE060MN显示异常，随即通知仪控人员进行处理。21时30分，仪控人员到达主控，申请快速维修，与运行人员一起进行了风险分析。经值长批准后，去现场对3号蒸汽发生器的液位计1ARE060MN进行校验，校验过程中脱开1ARE060MN电缆，造成1ARE060MN超量程失效，质量位信号触发。23时23分，3号蒸汽发生器给水流量量1ARE048MD闪发失效，触发3号蒸汽发生器汽水失配信号，导致停堆信号“3号SG水位低且汽水失配”触发，控制棒落棒,,已采取的行动措施，诊断执行 I1 规程稳定机组状态建议后续行动：对于重要的仪表工作，需要提前做好风险分析,,仪控处理反馈：在进行 1ARE060MN 变送器校验的过程中，1ARE048MD 闪发性超量程失效，质量位信号闪发,ARE048MD/VVP003MD/VVP006MD/ARE045MD/VVP012MP/VVP015MP 中任意一个仪表质量位触发都将产生 3 号蒸发器汽水失配信号，如果此时 ARE057MN/ARE060MN 中一个仪表质量位触发，则将导致“3 号 SG 水位低且汽水失配”停堆信号触发，反应堆停机停堆,
蒸汽旁排阀3GCT121VV 阀杆断裂，阀芯掉落（实际开度12 % )，导致蒸汽发生器液位产生扰动,,1)3GCT121VV异常动作影响蒸汽发生器水位控制，可能导致相关RPR保护动作，存在停堆/主给水隔离风险；2）制约机组上行,已采取的行动措施，1监视3台蒸汽发生器液位，及时干预，3台蒸发器液位已恢复正常；2）安排现操检查3GCT121VV，现场实际开度12%； 3）主控立即oncall维修仪控、机械对故障阀门进行检查；4）主控密切关注3GCT121VV阀门状态，监视蒸汽发生器液位，准备干预预案，做好干预准备；5维修机械现场反馈3GCT121VV阀杆执行机构断裂，导致阀芯掉落。建议后续行动：1）当班值继续保持密切监视；2）要求维修准备检修方案,执行机构解体发现断裂面有旧伤，初步判断阀杆断裂的原因为材质问题,机械处理反馈：1 ）原因分析：执行机构解体发现断裂面有旧伤，初步判断阀杆断裂的原因为材质问题。2 ）处理过程：D 为了保证ARE 小阀控制的稳定，仪控将3GCT121VV 的全关限位强制为0 ， 3GCT109VV 送KIC 显示的全开限位强制为1 ：②在蒸汽排空后，执行隔离；3 对3GCT121VV 进行解体更换,3GCT121VV 未全关同时3GCT109VV 全开或者3GCT117VV 未全关同时3GCT105VV 全开条件不满足满足，导致ARE 小阀关小，从而SG 液位下降SG 液位低低导致反应堆停堆,
行4L 故障,中班维修电气专业执行4PW42691（更换4LLS柴油发电机后动备用蓄电池4LLS402BT）工作。根据维修电气的风险分析和之前讨论，该工作仅会导致4LLS007SY和4LLS451KA（水压试验泵柴油发电机组电气故障）的报警，不会影响小柴正常启动功能和可用性。工作负责人开工后，主控出现预期报警，但同时主控操纵员发现4LLS001AP变成洋红色且该设备KIC上的启动和停止按钮为灰色无法操作，主控无法实现其手动启动功能。发现异常后主控立即要求工作负责人停止工作并恢复初始状态，设备恢复正常,1 ）该工作导致KIC 中4LLS001AP 显示洋红色且KIC 中该设备启动和停止按钮显示灰色无法操作。导致4 号机小柴失去一种启动方式，对设备可用性产生一定影响；2 ）有潜在第二组IO 的风险，可能导致产生非预期第二组IO 。如机组IO 较多可能导致机组IO 数量超限,已采取的行动措施：1 ）立即要求维修电气停止该工作并恢复到初始状态，恢复后设备在KIC 中显示正常，启停操作按钮也显示可正常操作。设备恢复前小柴在KIC 中显示洋红色故障持续约6min ； 2 ）要求维修电气及仪控专业分析KIC 画面中导致该设备显示洋红色原因；3 ）查询技术规范并与安工讨论是否需要记录LLS1 （一台柴油发电机不可用）的第二组IO ，目前暂未定论；4 )onca11 维修仪控核实该工作导致小柴KIC 显示洋红色后是否影响小柴的应急启动和就地启动等其他启动方式的正常功能。建议后续行动：1 ）请维修电气和维修仪控专业核实并反馈该蓄电池更换工作导致KIC 中4LLS001AP 产生洋红色并在KIC 无法启停操作的原因；2 ）请设备管理核实并澄清该工作导致的现象是否会影响4 号机组小柴的可用性；3 ）经查KIC 日志，由于,"10 月份更换小柴主用蓄电池工作时出现同样现象。请运工和安工组织讨论并确定该工作是否产生小柴不可用的第二组 I0, 如确定产生 I0, 当班值补记 I0 (工作期间 4 号机组存在两个第二组 I0)。在无最终定论前, 暂不安排该蓄电池更换工作或考虑按照第二组 I0 控制开工; 4) 请维修电气和维修仪控考虑制定相应措施以避免在后续类似工作中导致同样现象发生",,1 ）更换水压试验泵应急柴油机蓄电池时，由于会拆除蓄电池的接线，会触发的“电气故障报警”，导致KIC显示洋红色，KIC无法启动，但并不会影响柴油发电机在BUP盘启动，也不会影响柴油发电机LHA/LHB母线失电、一台柴油发电机组启动失败，另一台柴油发电机启动的应急功能：2 ）针对“3/4LLS001AP 在就地故障时，主控3/4LLS001AP 出现洋红无法操作”的问题，当前已通过对3/4LLS001AP 一层数据进行修改处理。在故障出现时，3/4LLS001AP 在KIC 中的操作按钮不会出现洋红色，仍可以操作（详情请见WR/WOT00592298/01294124-0100592302/01294164-01）,
除氧器液位调节阀3CEX025VL故障Ⅰ起3号机组ADG除氧器液位大幅波动,中班3号机巡盘过程中发现3ADG除氧器水位大幅波动：液位整定值为300mm，最大一次波动范围在170~353mm之间，引起除氧器液位波动，CEX凝结水泵电流波动、出口流量和压力波动，导致3ATE多次跳闸（3ATE003PO因出口压力高跳闸）,,"a.运行人员监视除氧器液位，必要时手动干预：b.设备管理与维修尽快消除缺陷。2)24日夜班采取的行动：①加强监视凝结水泵的运行情况；②在中控室，召集运行、维修、设备管理相关人员初步讨论确定如下行动项：a.设备管理部门评估3CEX025VL阀门波动大缺陷当前情况劣化可能性（经设备管理初步评估，当前无进一步恶化趋势，今天上午给出正式评估意见）；b.运行部门做好3CEX025VL大幅波动的事故预想；c.运行部门准备隔离预案；
d ．设备管理处准备技术方案和核实备件情况：维修二处配合完成工单包、备件等的工作准备：e ．维修机械安排人员保驾．必要时配合运行人员操作3CEX025VL；③做好运行干预手段预想和准备：如果3CEX025VL 缺陷继续恶化，可通过就地破坏中性点手动控制3CEX025VL；或者将3CEX025VL 切换到3CEX011VL 供水。3)24 日早班采取的行动：D 通过3CEX011VL 开到14 . 3 ％开度，使3CEX025VL 关闭、3CEX026VL 到10 ％开度，完成处理3CEX025VL 阀门反馈信号波动的现场隔离；②发出工作许可证于：③关注和通过3CEX026VL 手动控制除氧器液位，3CEX 流量及除氧器液位稳定",3CEX025VL 阀门定位器故障导致反馈信号异常波动,仪控处理反馈：1 ）工作过程：D 检查3CEX025VL 定位器参数并做好记录：②关闭3CEX025VL 供气阀3CEX9025VA；③打开3CEX025VL 定位器、阀位反馈器盖子，拆除定位器、阀位反馈器接线并做好拆线记录；④按照技术方案拆除3CEX025VL 定位器气源管线接头并拆除定位器、阀位反馈器；按照技术方案回装3CEX025VL 定位器、阀位反馈器新备件并回装气源管线接头；③按拆线记录恢复3CEX025VL,当由于某种原因（如液位偏差大于100mm）导致3ADG002KU和3CEX025VL同时由自动切至手动后，进行切回自动时：1）通过手动控制3CEX025VL调节3ADG液位至整定值(300mm)；2）根据3CEX025VL计算出3ADG002KU输出值并在00M中输入该值；3）将3CEX025VL置于自动，然后再将3ADG002KU置于自动。说明：3CEX026VL无手动，直接通过3ADG002KU控制。3ADG002KU车输出值=0.8×3CEX025VL开度+8%（计算时以3CEX025VL开度输出值为准）,
频繁程度,,,,,,,
风险,,,,,,,
验证1ARE003KU功能时出现KIC操纵员站全部不可用,13:58，运行人员验证1ARE003KU功能，KIC操纵员站全部不可用，操纵员执行F01-OP03-AC-IKIC《KIC操纵员工作站不可用事故处理规程》规程，同时通知仪控人员进行检查处理。14:04，操纵员将KIC切换到BUP控制机组状态。14:06，KIC恢复。14:08，切回KIC控制，稳定并恢复机组状态。事件发生前，所有控制棒处于手动状态：KIC切BUP后，G/R棒自动转到自动模式（符合设计逻辑，目前已技改，见“相关知识”栏），G棒由357步自动提升到470步，R棒由198步自动下插到71步。其中G棒整定棒位设定470步是根据调试规程TP1RRC65《G棒组功率控制试验与校准》设置,KIC操纵员站失去，切至BUP控制，控制棒自动投自动，导致机组瞬态，功率扰动较大,已采取的行动措施：1)KIC操纵员站全部不可用，操纵员执行F01-OP03-AC-IKIC《KIC操纵员工作站不可用事故处理规程》规程，将操纵员将KIC切换到BUP控制机组状态；2)通知仪控检查处理故障；3)在KIC恢复后，从BUP切回KIC控制，稳定并恢复机组状态,KIC系统数据组态时将参数1ARE003KU配置成1APA003KU（正确配置应为1ARE003KU），当操作员点击1ARE003KU对象且发出SPCONTROL（设定值控制）命令时，系统实际发出的是1APA003KU对应的命令，KIC系统诊断当前操作发出的是错误命令，可能造成设备误动，所以自动停止CFR服务器,,针对该事件，KIC 可BUP 切换进行了相关技改：1)KIC/BUP 切换开关：①取消当前控制棒直接置自动的逻辑。②KIC 向BUP 切换时，切换开关逻辑生效后，向DEH 发出脉冲信号，将汽机功率保持在当前状态。,
鼓网驱动端减速机漏油,早班执行F04-CFI-T-004 旋转滤网的自动操作控制试验规程。执行过程中发现4CFI004M0 运行时漏油较少，4CFI006M0 运行时漏油较多，现场反馈是电机轴承顶盖漏油，现低速电机运行，漏油停止，4CFI006M0 运行时漏油较多,存在导致鼓网电机轴承缺油磨损的风险,已采取的行动措施：1 ）现场检查和关注电机轴承顶盖漏油情况： 2)oncal1 机械现场检查处理，机械反馈现场是电机的呼吸阀漏油呼吸阀在每次启动时都会漏油，让其再去对比4 号机组A 列高速电机油位及3 号机组的油位；3 ）机械反馈3 号机中高速电机运行时也有此现象，不影响运行当前电机油位正常,鼓形滤网驱动端，高速电机带动减速机蜗杆高速旋转，蜗轮蜗杆减速箱刚加油，在减速箱内，蜗杆高速转动使得箱体内压力增加，多余的机油,"机械处理反馈：1 ）故障现象：4 号机组鼓网驱动端减速机漏油，经现场实地考察发现，这是在加油后，在工作状态下，鼓网驱动端高速电机减速箱呼吸器处发生机油溢出。2 ）处理措施：这种“漏油”对鼓网运行无影响，鼓网可保持运行。完成在鼓网驱动端高速电机减速机油位计上作平衡点油位标记作为今后加油的上限刻度。
3 ）原因分析：鼓形滤网驱动端，高速电机带动减速机蜗杆高速旋转，蜗轮蜗杆减速箱刚加油、在减速箱内，蜗杆高速转动使得箱体内压力增加，多余的机油就会从呼吸器处被压溢出去，从而产生“漏油”，当机油溢出到一定量后，减速机内外压力达到平衡，则“漏油”现象会自然消除验证：04 月20 日（第二天）上午，经到3 、4 号机组现场实地考查，4 台鼓网运转良好，驱动端减速机已经停止“漏油”。4 号机组鼓网驱动端减速机明显是曾经“漏油”，现在不漏油。4 ）评估意见：这种“漏油”对鼓网运行无影响，鼓网可保持运行",关于鼓网无油运行的说明，鼓网运行维护手册中内容：鼓形滤网减速机无外部润滑：当减速机构失去润滑油时，可以在低速下继续保持正常运行4h 。鼓形滤网的主轴承润滑油是由位于鼓形滤网两侧的油箱提供，在油箱内安有液位开关用于测量油箱中的油位，如果油位低于25mm 则发出报警信号，并且在就地报警箱上的报警灯亮。提示工作人员向油箱中加油。当鼓形滤网的主轴承失去润滑时，可以在低速下无润滑地保持正常运行48h,
